peak_players,rating,total_reviews
90258,21592,8.254543233746457
52076,49660,43.66538586248434
35544,43275,24.16300233517878
4055,46620,6.211716187554313
96645,9827,53.726691700540805
74877,24929,16.828485467178467
31031,45806,6.1628469796839385
23286,30260,18.54305026542886
41772,42324,34.648686582524206
68086,42207,67.97281956495459
34435,29762,58.76903378840292
53627,39546,79.45916128737471
96558,41100,43.81314299661593
90608,328,64.60068566560238
48688,14996,88.14136276839581
34752,44695,96.07342030366401
40619,6015,35.71529682343521
83786,3102,90.46052156776875
5243,39868,55.4038857152612
51312,12468,7.1492873715567224
23242,6295,83.48471949248108
42570,20785,61.134672607368984
52273,16029,66.12662253274634
62928,15209,85.26482159466754
88320,22987,24.359190641790587
69875,3945,4.385045328719812
85763,48515,25.509533207502344
88608,42122,74.91579671253042
95703,21123,74.31713146871522
64023,19860,68.18420917535097
78316,3422,18.235067593563652
57751,38024,79.90070376110035
88835,33479,47.90599469430455
71866,46559,35.060503878199846
79977,11009,80.28741231415967
51931,4061,29.44384016232742
58906,17711,51.35973141722451
46909,47894,49.558345468349785
39726,41536,75.08116370809432
39109,37983,35.77946690536576
32315,6800,92.59253829036996
45637,5376,8.868636019992197
66343,14752,62.15168229225998
49702,6307,29.937792759501903
50569,40189,88.346429383824
36394,7009,22.075256593646177
48873,34895,31.1992128646572
36597,22914,74.77631136690742
91522,48919,8.351140628338172
92106,11283,21.08579758307779
19627,32411,40.275278447209395
47733,16345,81.07508939044307
46663,25291,46.943961594321976
95361,45069,18.778613168118923
42909,33477,96.98004873048116
48665,44404,40.311122358925154
14878,48976,56.45447308212063
91798,34835,36.03869577935829
57216,21476,36.840340771821374
23433,10887,17.17108875898746
53990,28409,85.99638884166042
49936,14855,34.02321280061656
51061,33634,43.923779860839566
36597,31666,32.38195950812322
19028,3895,38.58005731066575
45171,740,76.655641902068
50705,42200,35.61810449835875
60818,23166,3.4031631045700195
57931,4187,38.02723550188814
70151,13481,4.577362698482972
3473,40944,82.45663229663286
25936,31483,87.94034954390811
82096,42493,15.869550686320768
11511,28714,72.30481677193727
98453,7514,47.34939139525697
62555,18572,51.18292456929349
1314,40243,13.730244313044746
57512,25648,68.01862592446965
67333,8602,36.05666070516474
64189,33856,6.400972058906222
15630,22288,76.52945073498968
8581,23230,34.11750784419023
37592,9455,20.118457213521065
81053,35565,14.46625434169322
93650,5626,48.28507493717528
45149,34693,41.24384791010264
37071,4828,88.4127991891474
24707,46263,50.19636489802288
72804,28311,5.703688251638219
79119,815,61.87667411655752
7985,42632,40.3646478929743
14864,44858,54.01188700256603
31636,38123,42.30414536840362
41910,31950,81.55840079544777
52086,17554,94.19848759453832
52350,32031,57.88700863887834
43300,9585,40.99699132560677
98778,7115,23.292947351826715
13809,8015,70.76806670710803
32118,48812,33.14671378062124
83694,23827,50.672857176139985
31889,8085,45.968740700274815
88643,40107,79.23305313268058
61446,26694,72.8582140703188
19521,43060,7.307210266030953
62092,12873,49.98485630623254
54231,37650,1.344471968890486
45657,34634,44.46927166401913
57061,466,31.62592067063889
50486,20187,3.9979575666935627
64371,23755,51.62971155968789
30073,36080,32.16153816892096
72511,2851,22.535898826848697
77611,14921,49.395625698706056
54229,17804,64.50678279505513
3994,43208,46.74491800253663
21975,16671,10.707666562533651
24028,10023,7.701713252317254
2188,35865,20.49772549071904
68060,49764,25.768059294908035
84722,20588,67.87366503019577
30891,48701,40.49416514548908
81733,48039,38.819841301431296
7358,18511,16.7918302877122
22327,35527,5.214181932160101
41148,21217,9.021370819498275
4788,27523,50.402112440863576
56861,16580,96.08069444353134
60390,22413,73.8576868282942
46596,18001,74.73251950104031
32788,723,10.526535288599183
83315,38444,52.692441706976794
22023,32301,23.12036073314828
18608,34226,98.22540020421732
90100,11049,80.98403873878937
35174,37872,26.78687821891024
80061,6382,14.744291430915275
38048,7096,84.19147807992007
49911,25619,96.4603376914643
47782,45282,98.07243009393063
52270,45519,53.247287791320254
53552,43174,51.4135403554184
24349,15663,42.948048916825975
68466,36071,95.3617958889451
91860,44923,25.0679048664269
78234,37693,1.732853442475211
71451,39656,40.25939507530139
15113,49911,75.09868032256227
76537,35404,9.368656741693254
15251,30920,24.02536359390595
7570,23244,71.11013242776049
64308,17350,50.107864602691635
22834,21631,8.840738117261676
87912,10212,95.23298680958521
52019,36248,48.57492062840873
19060,38405,12.436676248517692
37708,25939,29.40275550022793
37063,45580,8.409910647901407
96320,13866,80.01069768650186
74067,35692,18.454015291035944
16491,32939,61.10016157767602
56333,45883,42.301568600383916
40785,16855,55.60987956155714
51411,15942,57.75137878708005
79234,1739,68.60320610222988
47696,28809,80.28344288078196
52835,43000,76.98387855318953
45847,9472,3.8473923697642247
89547,44581,56.839162607252746
90060,11902,48.96374120054658
33392,48362,19.991544475054887
79181,2781,65.51004404873314
82764,37220,28.57439365722963
7754,24510,68.52356633406852
55764,46120,10.431276225377848
54133,37862,12.572091370535242
40118,36162,53.230559637698704
19890,40798,63.193928866507235
53199,39293,48.437956593328956
32798,40733,7.803519147763302
69127,45252,8.611953290148824
79318,5505,87.1516772635411
97105,46021,77.3517728325629
26278,18916,92.96810753688632
39742,6502,21.65347025280881
99066,6618,23.948833209788198
22769,25461,16.642182853310345
96021,1142,84.3726487449858
85605,4305,26.87429591881214
52800,7078,47.72325839151525
2522,27218,62.985087215594405
93368,18339,26.524200866320278
84291,10090,16.22144619453288
19186,46199,21.845412694947004
27825,22893,45.255705153781165
34735,20149,7.012020096347283
48153,34679,12.571323955069966
16125,8936,77.64742072434852
21914,22682,73.39091265691958
39844,48107,19.104572223552687
29998,47885,27.89445332027921
2143,48433,67.42917246402945
40517,10110,40.219129468830275
97718,8520,22.58025769552504
4919,40531,35.75639943818816
31540,49967,55.220226427548724
72243,28059,49.60633382366163
69780,43826,63.62547615417645
76083,48023,6.96137151721137
3559,36845,78.17215339704927
49666,39707,41.99986365469572
45908,42912,74.79379682055442
43569,14037,1.9162537890318476
42495,42534,27.182799151319813
15227,13093,25.86055791934745
2434,38727,38.77496818886787
58097,48178,61.47598986305661
62150,39669,45.6624890447022
20172,17072,32.99819280081752
90411,32316,34.39446337724848
97593,40960,57.20748294413546
30020,16954,41.13973362064692
91765,46185,63.46298498823961
16491,4217,46.41194465828221
95133,18913,82.29172167037807
55980,18549,88.70197180835483
71402,10800,75.95841699522508
5317,49676,90.18873607260883
99409,37818,34.47392952066986
37224,36399,15.165811522646147
97976,43155,97.13083771977925
2796,8130,90.7562749699613
10213,19166,65.90017788807639
17754,13912,2.559159933485882
50714,36963,71.08695125739234
94429,4497,44.438512118160006
49722,16402,89.57677835396038
19350,10527,84.35596513381289
13289,25870,46.374139476320224
93060,27258,55.46024662336929
16796,45302,48.35179817850771
72118,41100,56.85746886130608
26001,17557,98.24557205447798
82934,39474,37.83047255178574
10529,28754,77.84516232639858
31893,21009,27.9495258296507
39855,38992,64.34543247052264
52924,24917,50.50098390287254
37151,46767,37.262640807838906
76589,21609,45.83827686018273
61410,31546,62.519990097184554
48362,26575,17.896638877761863
87412,26624,65.86350381944446
48876,48829,76.52519187900539
28395,31621,19.542378765755334
77414,31843,82.18678918929231
95214,16989,46.27146803458133
81733,46614,37.81597628106038
76746,985,26.218991227965024
51755,6108,10.358491218679655
65401,40310,15.540443803878782
73450,21851,17.211107310873096
61848,13263,51.49242111927279
85196,11081,97.95329727762538
25601,37244,76.9858777006837
29849,4793,80.59045918704274
44103,40812,18.50486797789802
68705,47100,56.25952904750146
3810,6397,8.580538395565869
68914,47995,39.019394480917086
18100,46073,94.12591553461472
20542,21338,81.71701737794463
57763,14464,72.98288204438764
40921,44696,77.44324705665085
31986,47713,10.559197677019036
84968,41051,92.78641416811945
20600,14758,26.025333072230016
92310,12972,7.523665585235918
43810,48255,68.70438288287711
83832,47988,24.880088689853235
61529,43909,62.91671195976949
70721,38383,36.58953133945955
52538,8349,49.13485702198333
87085,9175,4.188515282844095
91032,1703,30.20923870594108
33352,18294,98.78673205938202
92029,17161,30.143343670229463
41613,7687,21.942384163772264
45474,37587,24.908945453784398
9370,30757,11.639165096124067
30163,2553,83.45610946967643
33043,1277,36.11091960579337
2785,15106,44.51106521837975
87997,48259,28.780227657154892
80808,34360,72.93552364118437
15581,15113,34.53524598991837
58767,9235,16.711197013470386
4485,39091,42.36045004509623
86162,45092,23.78993958341806
8129,15002,17.89686592577034
46050,23546,33.75979817133139
70562,36332,5.234339156239114
53934,14349,78.42206843714759
54827,20474,16.827851085903863
87536,48394,61.002168028911996
8188,16468,76.13710475399154
55899,42205,10.750901567376857
26072,28160,87.55774773885578
65782,1141,74.27302566263461
93970,11771,94.23546711533629
97251,7496,47.15948122435178
82967,31644,69.1055443982478
71016,6796,88.60171092568604
77051,13435,40.11239327453401
5353,40437,11.897645734055882
23518,37812,80.1438381344146
87959,1655,16.307906109625552
21246,29668,56.16508724733689
59392,1393,6.432491443388786
36625,19588,95.41559649742308
19974,22798,59.259390205301465
52238,23155,64.72888767894595
21923,28287,25.892503798671235
68649,3245,33.72998102999187
13064,17908,77.3464352870326
16940,10024,71.99469057549152
1311,10543,74.4346289521859
60314,12899,42.85196856516612
84553,25161,79.29532084696157
10431,3107,34.39056329037984
40144,9919,82.0692182599187
27571,32520,65.02303451325989
25505,11305,26.23883498207638
53438,2403,82.46738130336324
82802,15455,69.23581178784339
40460,41679,87.36105090305949
13315,8624,32.93115952798347
27627,17714,42.2140662393102
4958,24678,73.70277556534484
87985,30958,53.126315661548006
46347,49737,92.8485018561507
47364,31457,20.21144010963667
4041,48331,55.10197469598516
17153,28786,63.46849374647474
11495,1314,32.073875329060776
24914,29713,47.55017828926788
18196,19947,12.995493575842701
88549,17034,27.10210394727729
20111,42249,13.06450004295555
18784,20559,42.72373082227635
58983,17997,61.00251541391208
92409,15599,15.219798614575076
46310,19828,29.56335319105033
22893,10664,38.08585563817557
86914,18034,37.5900335381797
55438,47982,35.209317820640656
46522,18416,72.68909462692534
60556,34012,1.3425421551750025
41792,8343,8.221919694285075
48351,27481,44.11736162240243
56746,11621,57.9818912607188
59307,45947,1.841452763968233
77022,25439,20.485054276931102
47813,39845,46.36607267107056
32756,37887,91.45167044042446
17258,13940,1.5483961632581444
8853,32399,13.633988576855664
63117,11881,27.647568054818965
54665,36974,33.8624307602076
37933,47374,39.18404437994124
74969,37698,22.023506489969076
84034,47600,17.442368520535595
61154,34560,94.6959688216911
3465,26762,81.68518015829233
26965,6223,21.91781175258834
93699,40685,87.03717183673118
49315,919,33.36211486796248
82007,44661,34.876687651239195
57430,7757,11.92095586873908
73613,35418,24.90592904910644
75481,47268,16.4410035423556
79195,22391,98.37786476214247
49134,48362,11.45077650749218
95158,24897,28.591959482835378
79936,26895,76.39036955562041
53031,9756,34.023880358174424
78325,25205,80.53854663766776
46694,36822,44.52614287271507
93130,41685,69.70446055454103
86608,7844,62.814494090255785
85363,41705,11.44899143419618
53777,29363,69.92350986717167
88307,11292,12.903282446415124
2305,11926,1.5597433530493507
20058,15643,60.26395645026252
30054,28509,38.295404106231864
24072,26067,40.29002622815518
85735,33016,43.62758319229741
27186,42652,1.8028312458713343
64085,233,9.029865154470627
68507,4671,46.019955193276424
49307,35046,80.72233610266538
77015,28033,86.0438480070569
91898,23348,77.18908157512975
95796,34519,37.68835623822425
44717,6325,29.02819939715016
48123,6649,87.08846888119457
43285,25951,1.5236920902072566
20673,29037,37.56976772456326
58014,5480,63.85767789112677
41459,3060,13.876340160093966
50381,36861,28.474776296703315
70488,20983,19.089801887793527
77008,5796,86.18846480032013
20839,31137,16.381231630454216
75001,20674,86.98209987431486
19780,12005,38.264197676459794
89625,9206,35.53828569351608
30463,32880,46.21915305905684
60751,20879,74.52301492807516
25790,16273,67.54805645957265
27312,43892,58.27581119247607
49346,820,38.2123601385915
29919,42625,86.83741770909943
69664,11435,5.136248707842107
70299,23237,35.1153507619146
98177,46837,50.477776211554506
13379,20351,1.8205210504733707
21249,11013,46.95148331402609
18293,41003,51.080800013331654
81640,30781,46.25184637973321
65496,48911,18.32885947131094
5148,34855,98.34912702950301
52939,43342,40.047785942050034
87405,17940,83.23620554726297
37482,7693,78.36869216925683
52429,32771,38.273850475049244
95405,13398,31.930015306441
63305,22050,42.15811928660603
93628,16546,55.428487980925205
50152,12306,92.77476437207007
92854,147,8.050922610059109
71580,5436,34.62613764759776
88242,16194,45.510262865979506
29338,20977,21.367377284304638
35115,38933,26.797544270877278
75572,5387,11.38685887755834
9514,2758,69.02335277866679
6794,6334,38.2124618404752
32443,20849,44.81012017922846
26334,13970,27.629168039864485
21036,10737,9.744066234352468
18121,15519,26.033143688775898
38746,3843,60.021141305027264
42566,43874,61.297827893712125
3598,35534,72.75730227155252
33841,15722,66.87998462688626
58155,39045,92.45277963565746
90521,38375,39.97410939370312
97257,41333,42.66782204250868
29243,35248,35.95216600083025
36915,43013,41.7999008806763
85124,11652,90.09194418339737
9834,3172,65.48957016748876
63242,38058,44.153950942432715
3296,7311,84.14473147219587
80524,32207,35.16983722017158
48054,14547,92.07172009868802
20376,31406,53.715714593797635
49952,36104,52.427247794011905
41041,14054,39.298875177231174
70598,25319,50.35925334219276
65733,5101,58.727657915744636
28424,38839,78.27795443795405
9909,28044,90.22306460127977
40056,5968,75.7118460766771
39736,48629,50.72824955521581
36568,1514,51.454144027882464
76324,25756,29.791253603379243
7261,10202,80.06689710393044
70196,26546,92.98417128219941
12033,49808,94.82577173668952
49289,39692,53.3346837589622
5153,2294,59.523441328925664
52715,24938,9.931082201716915
15953,23085,23.536072492625358
82239,5655,24.246896196788207
85365,34485,9.302353474813215
48095,13134,82.25817456213902
93724,36750,92.20607117648363
26331,1833,5.79380698735951
70803,30892,47.70929969865503
57097,25730,67.69431542046955
94575,29942,10.581001904552512
44464,22153,40.5516097795856
88933,44730,17.662215523665587
28297,13992,78.55908247866424
71905,24329,85.35508075137608
67202,16192,9.710177614059297
77061,21977,61.58492384612353
35240,1380,16.84737454059092
97845,19292,37.727968403727644
59648,38554,47.982763111947754
43346,5387,7.160739633477661
67803,48823,41.73454956676804
83789,8932,8.866760601955894
48963,15063,89.15949927608625
92790,12740,9.559523796280791
73747,8785,13.84448215372285
73750,31681,50.71817382162306
66976,39829,44.25087463675393
49368,17427,70.74598503699771
17380,19799,7.457668957604942
25101,8796,83.68517116747854
86339,9008,44.98287340994181
77350,29942,75.73297283278934
93292,3504,77.18175746952069
52389,48726,35.37638201850109
36110,37005,91.04237142676148
1977,19889,46.60201337351871
58712,21233,25.15583441941059
13502,41635,4.567084757965546
19853,24411,89.49334265085234
35536,13276,28.356563119585342
17046,2779,55.86028921472578
38700,8182,98.40676092861278
95410,34601,38.42017142978689
58392,29937,2.6849336026054145
64266,46675,85.08057915097997
25220,32818,44.30182701517461
73039,2736,14.305474913679483
12915,38580,90.11068278150367
38000,2336,49.55695223226885
43039,14500,9.314622669970422
41226,18654,95.17760637127972
84384,8058,29.390195117294795
41892,20816,78.85319332265009
14137,45649,7.4248861519659215
94935,4219,81.86498770955083
24475,31955,21.10713991367668
84556,27541,22.54826308493781
74480,4637,11.339957360472082
15809,43487,20.803297792897677
35709,35070,10.507608375766054
22855,13067,11.74323908077155
8783,44301,14.478154222195545
98806,43703,46.98413351891367
99629,34888,98.92492524717551
5970,19082,31.916117598827334
69000,35455,89.48422137745628
83897,8648,19.213132438222008
76088,65,7.181289498847296
40244,31875,73.10044895124669
44418,10202,47.17603118626019
5877,18333,96.59898593734943
97651,37074,15.183474691327373
50517,27171,47.94974632942561
95356,22611,66.62704326554615
35646,705,22.524257867541824
79606,25858,61.866622524897245
90968,8720,33.477739227121454
67509,22107,40.03142827061325
62142,8531,89.87319950367225
43803,11873,73.01002662895257
57230,22862,61.13991706607087
96859,48202,15.471272015841286
33936,18003,55.26638515341116
9924,35645,35.041530243641716
13973,14031,79.46231773298288
23553,2490,70.20377291129462
80273,15601,49.35944576650514
12139,15389,65.76016621686337
5489,19902,28.649527472594023
69973,4661,61.93196334277191
2675,31370,47.97400173729025
95352,42672,28.834256065063002
66793,30404,85.6657950395616
81146,16588,42.493225579790035
51505,24844,37.474325638170676
2365,30405,39.22894483152495
83741,1005,12.033020040280158
98224,35017,62.37617807847451
43768,28400,60.70100249507553
29238,3078,44.804914230413495
34723,31990,15.473186500084873
40242,47895,89.96289066455186
54252,29871,88.4181553216779
4709,38038,64.4565550523913
56429,44060,79.90885077713962
22410,11866,24.436333211400743
98368,31506,51.93476487219735
73334,15900,87.20228654489244
40475,4136,35.612182761944865
89641,24383,1.4050926152468168
29746,6108,26.14932679848888
34892,24966,83.42634329847623
93754,32017,66.4671157621816
22988,9405,57.94006335796107
31574,35278,42.93682957916713
53901,38343,1.534796455131196
38348,12444,24.36928966594207
40237,24063,9.878255439410204
80699,2555,15.263287547149607
8774,19406,92.71136301637594
50287,9788,37.68497850849076
33057,46179,96.61965394036221
6963,9242,74.19220705931768
45732,15278,12.632453971210136
97916,10207,48.87818498139814
21026,22014,43.938639831199545
17206,19797,77.77852680607538
68528,48832,71.03710547507985
73045,14790,41.38315359637871
69292,26288,85.31596844815579
67236,9396,97.36129818701355
11348,19109,53.922760908918534
54562,21311,5.468133710612298
46642,33982,16.17305725225121
41345,24517,92.73532421796195
28059,31498,2.7005717666882045
31150,32829,89.4392375939412
2022,48489,13.50800218375907
57879,11763,33.16761763913953
28144,41647,86.55549342100218
11951,35029,52.05250413098999
86639,28453,18.15826135646835
69171,19037,74.36275067147278
56227,42488,41.96313077921149
52258,22610,63.531559553797855
17317,12180,85.50800644486736
76492,21003,72.07519276377919
80473,36100,38.18978023650291
82207,27407,98.24463587288334
85106,10013,63.80490239915045
5074,41251,33.23233399205492
97282,14355,69.38991355368407
44971,43031,15.378371278001797
50903,39933,50.89338161894891
10975,18086,30.719500661854532
98082,20450,16.4251484020134
90145,27534,2.8254712770543593
34228,21764,64.00961756712155
83777,46264,64.44967623792647
97500,27309,57.97583760030232
19230,6027,33.253671579174174
53690,8267,22.71829280329176
23713,9451,1.6922313574978995
13264,32763,4.8802050109538495
6260,49115,14.432122274395226
39184,25164,68.34701325152957
48438,38772,23.497829672591788
64123,34640,98.98408213783985
41647,19801,31.099445821197364
97142,38714,70.2449008841257
3791,49483,66.30351466170296
67138,32495,78.75483537804304
53590,46027,35.08225578329886
41602,27601,27.16715500519996
13072,37785,89.61828083074035
84392,30368,43.2579471012644
62096,10946,32.185695968781474
92270,44952,68.33881603028988
85259,25717,18.87267126423899
49048,697,28.89465079096214
31454,42504,90.03126755247908
38740,4630,60.829668223492696
3305,12206,72.74192270758245
93287,42428,44.864820411175124
96204,7004,89.80337471662855
44400,16167,22.085650534327424
6038,40789,90.50636773459938
4599,27289,92.50688552576011
94607,7904,53.59560751085369
20014,46291,74.76063463156858
41509,42596,34.3836855529427
27961,5919,49.69395958110905
99098,23499,63.117682679879145
87459,35910,50.746859064810096
92115,8456,17.252514203404704
96640,20197,34.32759542096219
87448,36011,8.985977137283854
88794,18019,38.31854415248016
61355,38408,33.61481042549506
2381,25260,45.939111838777265
15630,29964,5.739542450685237
52829,46428,60.549946805744725
97355,32980,82.60041202870404
49914,41439,26.36379829292499
50207,27145,13.934726676740874
4988,10866,61.28378709639885
40406,39253,85.35956516526049
33438,9738,75.43067757374985
40672,44269,93.35429217479785
78355,30618,70.51525601016196
92039,44793,43.437592502001635
67764,46015,85.12335192513966
22669,1318,24.528443423847413
64637,29723,71.588376438851
5955,8638,93.33501721181781
84238,45786,46.075800184831515
55072,48175,67.22960330750502
17096,2731,14.500565826909051
89692,15278,72.34637953952489
93040,19560,16.340100364001877
3326,9598,30.750929593805772
18147,32739,21.08550784767999
44082,27502,66.93912362542318
41779,32762,8.887986161128389
39285,40397,62.69836769092306
77720,11550,44.95699838882123
40508,3410,97.18639370750394
75786,25935,90.73077717837569
13506,19153,72.23316712372228
96399,18534,85.36277276348582
63006,41157,31.584952476612916
5698,3993,45.38627698803518
80785,24923,17.08382541882915
39822,2669,94.84395809651916
77195,38001,80.38889951630688
98786,30444,96.9936446940006
12558,36948,34.216826009098405
76138,7113,71.75781503420875
43254,4465,21.98917824072764
56213,18647,82.79934282247652
45759,24997,85.98959409395823
95583,45836,60.23492062229896
17529,27761,47.356974611888596
24363,21517,17.324887679869065
72432,30542,89.80031201205655
39243,12107,61.37653175740282
28073,39557,41.85612992652579
29222,13084,9.851630215483729
3931,2072,56.71496369615003
84324,35276,57.961148437929076
22618,49935,66.13245875163285
57603,41396,97.76126242588391
6300,41322,7.165411236405566
61253,48058,44.122119164155094
25709,22976,17.1210000351962
92303,44216,45.06058137181424
45121,2709,76.88362995246058
14068,32988,86.34118765124607
97794,19028,69.85473106694954
92206,5071,26.76916491614936
61837,11493,65.17397544050897
34511,43192,80.7449058583669
80712,47470,55.433666793857455
28912,9348,13.360372000783322
61706,39280,28.784523735137775
82006,46341,9.635741578461204
52404,6083,64.59597054179724
54383,26697,25.884038378913438
24590,649,12.12955041290602
96074,26189,79.5638706307689
63724,40868,89.28950595814041
62414,48360,71.34201585215638
3678,41305,58.48680346332245
26909,22930,30.652304000272757
26958,26387,2.127343837963414
28556,49484,18.7177183494542
78544,17707,14.109926569072359
82293,35225,80.4462985641546
94171,15086,76.56111345543515
51261,17647,38.14390248828016
21721,28960,2.1219720155872444
73574,288,7.954651677980009
79419,2542,77.31874245636675
2085,49458,61.60838393444055
74990,8722,48.10713694039351
24927,39943,80.46538741493387
24337,30719,40.38752516240893
41263,23352,38.81655530599421
50496,31390,8.23962136454574
70979,17352,6.700195850805528
7532,33599,93.11056233497177
52811,2887,95.7114220837004
4565,20832,9.939177983350344
65749,49088,86.66711580141023
21835,48630,37.86692021785445
77980,23066,90.81656973548351
27140,37265,22.962490640270012
83548,32478,60.793234976592785
41724,35711,51.38709019220316
93881,45455,57.45290328156871
1807,33904,23.043669798383142
26872,1922,81.40266592335395
45925,48065,74.65998101018658
9341,22152,87.58612322671932
95267,41735,68.68930215213186
10997,18078,93.57905610177352
94346,9621,66.44273748734327
13029,2549,45.6513461456173
66965,36953,9.172410346713916
32238,39965,67.9866954420541
56718,891,69.112921937707
36246,35217,44.420253230470806
9739,38138,83.57196566960698
44697,11161,92.15056132742978
29144,1462,71.22700637866913
40084,21487,41.81139711184447
24225,11290,60.744683666321045
30039,16144,32.331048422628236
74026,39639,59.8383260125051
60626,27747,73.8031332864867
59182,41454,96.16176237216287
64200,21280,51.12725821060665
15328,26845,27.29117217491445
48343,32334,88.79293214906657
85939,31335,28.9437421774917
43409,30703,45.63551053862194
42564,44648,31.07658652717643
98367,39568,17.445092733450586
49915,28645,57.13931686364237
21323,32056,52.123003018025074
6106,15085,17.923557627060745
79468,49937,1.1000940139320154
39796,32461,43.55348729266952
76697,32052,28.57141420117702
68279,11872,66.07435025943391
98827,36099,28.868848517602732
45478,26632,12.5248081528159
4654,4230,19.759278601191436
71871,31905,57.868736588463655
76514,36376,86.57085706385321
57102,27114,14.878667948210943
25398,1940,94.07682266568565
51659,33562,89.60810578514608
67475,49514,51.716373091168805
98699,273,13.203010795093315
13563,44235,82.24867668993834
67314,16947,55.0852943849292
61812,42124,33.92595949767501
91221,46146,66.05347352499558
92368,39537,69.02730729803665
80947,14197,72.79976809656347
14483,22051,40.405316413743485
18927,35342,55.96564932854285
1882,35333,63.133284627096295
30896,49202,11.279582882261955
20106,14253,88.86287981171404
89847,8694,82.35151030475365
28383,5729,50.52999114385564
94852,28224,31.73884705446907
70619,23123,12.676184655835513
80663,38250,14.346232729840224
44174,23886,78.9760447947923
78890,26166,91.90360941560557
14143,10989,47.45446226426793
82821,34312,79.29261976194417
46894,43832,2.8326191622452237
84724,14755,57.976779812918785
52909,5310,50.69919850975352
69291,1417,64.30444624827602
64874,43885,59.21478566517358
89281,39171,13.596116403843782
34501,39860,35.09752019034578
92100,48233,26.216182437568914
53625,31347,66.64637615892381
23758,44387,28.813993023070363
70750,36065,73.29214142528899
62182,38114,81.53762164451256
47404,44849,83.21571526348656
56004,34353,8.095900217625715
84633,20429,4.947709513658618
38393,47860,77.85566471549312
14983,3253,14.68951651474173
16440,242,5.190279546778965
6270,45037,82.01563254269408
10804,31818,94.71748106419342
17536,17276,7.617520842909504
94493,1588,59.23827053092496
8375,43036,30.175963874337754
77436,34188,32.27867123609076
47866,30476,52.2870530640344
12815,15453,44.36586207303082
81784,35323,23.775593297312117
58991,44538,80.29949183271532
45493,14306,87.9666257211817
67404,13670,10.218461082053587
70366,26695,68.27903560987436
43867,25250,98.67431278151065
3591,33247,32.46160126610493
38422,2803,69.7796339578274
96114,25011,85.10384252235434
9128,1542,24.530444103208055
94582,32537,61.93159742888298
43773,46922,15.12760983520378
40243,42250,38.11655329971108
50523,20791,47.7229442812453
10780,5355,33.80839140297871
53770,25823,51.586649808739075
21984,35033,52.93548732089495
18202,32459,14.654891687981934
9799,34924,32.1051106925448
83546,38776,86.47417683600803
86490,7501,30.695413339532465
3981,22559,70.90307555937474
68617,49184,69.09899601829464
7402,6984,51.678779123995874
33276,47939,86.93320321629008
8011,13433,34.21476161250141
56562,41656,8.954225773131675
81733,45204,65.0574113402773
14459,35181,71.32465083298047
4568,24418,8.20611801036528
88526,798,11.550946580390924
70460,510,81.11611132281594
47001,6821,92.63729630292546
54313,8674,36.493088593427565
12297,37921,34.23656610951425
28998,40945,83.89729353198126
62599,27006,48.946979365442076
50309,17107,90.53051674381221
50250,31024,84.16280951633941
38773,22438,46.96606177608133
86133,25578,6.570893016490278
47445,18547,53.327882370270466
96290,25165,31.750977085367463
82341,1440,56.62577446544731
60250,21471,1.3795098627189326
75296,12030,4.536427675635048
91915,26549,1.8522300819750706
98968,7027,1.4435746656492774
9731,34378,31.331102475304842
22616,17429,98.15630857248252
56304,5582,41.93538502936692
62954,36673,38.29121793918917
58662,38029,77.35641835147
63515,15169,48.562114883717165
20835,16709,77.33105036836827
50735,23597,93.39581256803135
61883,42392,49.627201834270245
71900,3313,16.44896595172446
86617,22171,87.20994147490563
76916,22918,46.03474384615497
38666,10662,29.769132420838925
65884,9699,88.05824343204114
12212,23159,77.86137069001515
14043,37735,86.42342332304972
93088,29536,89.65616918131138
30680,45676,2.329933152685496
9832,12701,81.76507206701497
72694,31487,33.02035851036195
61330,30777,37.17657143717247
46527,15379,87.64174161450275
69120,36784,92.45866375154893
13915,24297,81.61599110244249
30035,29292,66.83471397082388
41356,41058,25.63256866187049
19813,6170,92.05897362287742
81703,46228,33.53013018650168
47986,38271,96.51215358612173
45243,24026,58.61360972382414
78896,19921,48.258596056874566
5231,15631,91.18141292867432
14464,27957,55.31539544445893
70313,26971,76.89616977278347
72930,24301,61.83225627997361
45955,11615,7.0645395123189445
87316,25976,58.06166245335108
57808,20851,88.84781505827918
2090,14323,35.357165846048446
22915,14607,15.59365701096536
54129,32627,33.97951479089274
80929,12116,98.23845332083361
58391,43334,3.4610118185801513
8602,49426,91.66826012610785
24227,24291,5.135003218057067
45020,51,73.32872129650757
58708,27393,14.139757952763107
66441,25942,35.70195916182667
81776,42862,53.148739382794616
65995,8581,81.3583708435704
9906,48912,34.96445498391598
56930,27793,88.51896317925659
79374,47053,84.49330279775843
12645,12541,81.86361948302229
80609,25805,1.541636222153701
48804,13298,26.61328829838751
28116,30767,22.79230479357851
45989,43527,42.75505987798751
17584,26054,86.68927283420139
82188,2225,19.691742255890187
42079,2430,23.39373461045101
38705,36443,63.078862962171584
21550,17409,79.70174448383446
42065,6030,9.43355115578758
82354,41878,36.82635181709332
69369,20825,15.873145878266003
35782,47307,56.97285001379761
7567,4770,10.699979737219039
89300,39462,4.674134554317211
87655,1799,42.726867968472945
60245,26053,16.866173043847986
17098,18878,88.21217552418076
82489,27129,45.31291423849461
69569,13666,59.05613269967546
29300,14320,77.62525540603998
2715,20745,93.15203017206764
44392,22469,64.60315702770032
22809,22360,14.773439485857198
9263,44755,14.817810618417129
76045,21761,46.1125443232462
78060,33843,8.243267016339022
51839,1083,9.008209336383848
61763,366,79.02301356423884
99168,19066,38.244083438833265
86839,6142,63.78309074111357
13434,14138,8.896994974867706
71782,5974,29.15535918637874
39765,40807,69.72796191663251
90418,27704,55.23739235321405
43026,30551,76.64415148453365
42487,20081,4.300621681322844
21599,20556,26.88206654654984
88811,49924,50.802989602541956
20392,7124,65.19522129612899
4117,17196,48.99154832753217
67623,21742,11.202625745561818
83272,8096,96.07838070270486
61689,24204,52.33335990810318
89129,14868,70.97732452673033
10695,2416,61.90227261647979
64603,41367,90.65720189829743
18945,4310,6.692065141788076
82307,16780,7.727136431515658
91401,24449,34.72919546681704
12494,30348,69.09941763247195
90935,8032,51.03598228989535
76441,11992,70.37907068646429
13053,1653,82.51801739787712
50147,43021,67.7943592655863
56081,4233,26.620383122115335
19528,8378,98.53512891315657
55102,21915,58.16277364963388
81679,7958,52.90185956622815
48046,26213,36.0468807666681
79099,38170,28.365368568939758
72304,20847,91.8451631982444
61996,13605,77.54738797433697
8002,14997,39.09015681397128
17760,32449,47.48353492471283
46805,15036,92.67027102089988
21518,28052,42.522257066344174
21756,24972,58.017113785531144
98382,6894,69.47217318064503
60681,13115,6.874935670776166
70832,49618,45.57153670415688
16210,42443,74.8013604941516
88093,2764,4.3941184000988525
53637,22581,2.991802749726906
99744,223,22.98440796953453
58888,21096,26.419137221551246
31886,27752,28.63971912041757
57126,46349,61.651913477284936
37934,19507,43.420993188767504
82308,39724,52.63733514181018
29362,32022,23.93660221815474
20984,5070,87.8211188726813
27030,18519,56.50787650049832
41862,47966,24.276621892207356
92494,33235,84.52915797169963
50929,13251,72.5250910172993
19700,14082,91.10803132601895
95723,11818,77.47970514320886
4445,14178,54.772535398067646
79754,14615,26.542944910439832
68223,18868,64.48864541778948
62726,1173,12.701134742989261
78089,3001,52.39938631077743
25185,13035,26.027103332054526
10100,18209,62.23411540732652
44095,13777,77.39622411944642
9572,44941,63.646033552061006
36865,1335,88.20431707346808
88629,22350,86.97440198066958
47690,10229,57.71559678804794
77124,4215,29.671982413278986
73246,5626,8.991247254844266
73980,36469,81.50602879260882
57493,45077,18.76143431151689
34037,17056,89.45475068646192
15953,31481,23.781158011208362
8435,8331,12.494571227701135
16330,16702,50.37054409533699
25233,22021,53.72105208524324
12814,17305,25.27665424170631
37351,22231,51.10049458718563
9028,14757,67.59248408090494
37933,41545,10.8435509456088
81802,41223,66.77294290968948
57081,37964,9.02951877620671
32706,19293,84.73097634703471
4811,49547,26.29820900960688
67610,47861,27.517744117133883
11615,15640,48.91518803027605
29461,32451,55.6874486592011
67613,22038,86.21855110565593
96026,38481,98.79558658454101
33226,28951,36.33712819090355
69355,18948,32.434780374030794
49468,22856,64.4595673402006
40077,6209,47.490377735711725
6618,18783,59.45199053922748
83767,4293,83.80672593941523
44230,19895,88.58944654861888
58541,8294,87.67856726808563
78377,39828,3.417581565634178
65225,26946,57.9403300607175
3119,20466,35.26581196074969
25595,20223,84.29157205117978
32674,4644,98.40706789991798
76406,37738,2.5974711752726423
65502,35133,37.20186263086362
73124,32389,61.08490380160718
19952,36970,93.21793043964036
15530,36888,82.34562327380917
12493,46933,65.50865448722041
34901,5052,74.86655626617379
49098,3668,88.48845617309001
82915,12578,91.46394315473695
92854,22213,82.37555876507881
68924,2908,26.26753429970018
25780,18417,11.27624363883687
84939,25668,64.42034420717933
23431,19787,22.1003748816631
30424,48168,55.14021107795284
69447,25198,58.8308712197416
33510,11132,20.8298527785225
92165,18953,40.15941736246175
36272,25230,70.84949029653727
35184,5754,92.77578710404835
55321,48557,19.088664525169236
17136,27646,34.6710807582611
50277,11005,40.345694289570524
90703,16421,25.432581875716608
53752,32022,19.05486993667254
5678,352,16.237847015291138
36982,13808,89.95499756310919
97584,49953,52.00399596471243
94747,14317,64.46634945275026
14948,24231,14.669162111838041
44678,39608,22.894390391016223
9346,8475,58.99253089094811
99203,49520,94.43478455765734
76231,34521,15.966243678164439
58341,15788,75.96609107033733
79146,26860,3.8746072623757133
44739,32598,79.55027443227604
54059,24184,18.151647694886677
17779,579,14.41094427545724
97951,30007,38.49405283104558
75409,5028,85.10967827149614
73463,7635,85.80263066877559
21633,11452,40.73439964675924
15278,1500,67.34007676106556
1759,17638,16.88607573283585
56384,18519,80.1366278165041
43284,16035,93.6170132980089
5461,49777,98.70951359533947
35792,37747,24.311208837107568
1325,39177,49.30732183176573
87375,31179,64.51627347052417
75931,49493,25.91445121135658
63828,32545,5.7912588342881826
16611,48046,47.9826574239428
29522,14048,69.93570478414242
20713,38564,94.25219058802863
58875,48742,74.50773076294053
5628,2260,61.937665721474886
93649,13818,49.36767287717082
33940,24301,35.933216146023824
85793,2900,40.94358551063352
31079,5494,92.39056862662196
72695,9492,41.046872011857786
95607,17415,67.74262813653226
11474,38768,46.20928492493397
96902,11635,37.21288791441827
49635,8323,13.35767535396503
3567,24148,83.61587688761622
99512,13904,47.28387955680993
90698,33564,29.625097307472245
91986,7779,45.155081295233195
71429,15029,80.6437075833252
48931,37884,24.861351552009026
20475,24605,3.3891155449071064
2499,42986,26.544563679021024
99776,23955,24.794770159288024
82591,27776,92.0849186141052
7492,650,80.02026863926321
89530,5138,62.989229224781575
8174,6922,54.937141978288196
32896,44782,23.370560517214248
46605,46763,67.10094498575114
34497,159,83.60879211452355
10788,41436,98.80741444508556
69692,49315,81.7606626495369
29484,36683,21.50386337116524
18666,1654,11.657358711840278
24028,18448,48.51006384214491
64277,36114,5.902245690774877
29039,22763,19.252993332757924
10421,49313,94.3827283049189
46510,8631,14.722524921211058
69241,889,4.551401356175827
24444,42682,44.21317771105849
58932,7774,9.732456662105545
40674,44458,19.59288299375623
80661,26401,2.03956513835495
83769,9737,39.927229887150396
58290,35383,79.24842880661389
36116,25562,53.20242728671912
97271,25063,39.4619249576082
74253,24107,32.591579708539626
72024,15562,75.8823356797874
24117,36541,45.73592900753761
24194,42481,63.059462187247995
77549,18074,49.415920628648614
71876,5651,40.5254317405362
71457,48758,20.831813956139666
56737,13398,14.322379677739113
95387,33451,61.89620147396718
66447,38614,23.280820254179332
82558,22929,44.4951164114972
95396,3341,87.07822644233538
70970,12509,4.723362671481141
60752,26856,35.701618333643545
10147,1932,9.067661996669134
37078,36788,83.7114590800557
13986,35427,68.9054398211432
17526,40731,32.687150482419625
99894,48362,19.14794419505851
94363,10431,67.67678901984998
88490,17702,28.70031705090962
37365,42964,80.10198947374987
22896,7040,57.50924407121529
40695,186,82.00413988731006
9586,24875,87.31115523411484
91691,15452,82.58163425426356
53315,8715,61.25480673758151
27965,33983,88.55476645090518
90943,6555,50.35213856059235
61596,46681,16.47265980325482
93690,46495,55.92138126414054
77225,42585,27.931809746363626
89720,45455,31.53260879017837
28694,10377,84.2042416175985
32264,41114,52.187027450230026
73046,48172,28.415489299549776
94212,43418,16.66146614792988
20442,27540,57.40228438200198
16904,32613,11.867801959143357
63970,261,45.11427524105664
11291,29897,80.34206814998834
97277,48240,64.48059842787143
59729,9077,89.48856810029713
34124,38884,30.500787346535414
43486,44785,71.28656867636708
98475,13577,76.78060275115548
73440,19576,11.735080436236151
15168,6616,67.29461932980362
93508,23210,15.865471074823319
99614,15367,34.61234035436924
27378,25403,72.9401191866394
54547,25933,25.746485268964893
32000,13745,57.76415967327518
32959,9224,60.836254361232854
89195,33169,56.481317779830015
4833,43956,36.57931515559663
13545,29655,82.01589509326793
55460,7197,82.25317246464004
91802,2851,80.41212815279899
12633,9175,6.9740417386084275
32315,16201,5.317243841457789
54849,34341,88.36003568729471
90012,32754,72.28161473009033
84539,7446,90.72650858090417
57816,19063,28.289620372612703
98963,8891,19.878166979595214
40408,9861,53.767024976472605
72318,25837,42.43511819011163
2147,49425,80.95370882550522
85217,28290,65.98730177219056
88546,41241,72.90980946478602
26545,6800,70.14977809732042
49780,32044,57.537463051945934
49364,10285,78.84263974507606
47894,46069,20.915812784397424
94779,49941,57.278088790732085
51380,5048,56.21810807234505
89736,44554,71.39522712980308
33627,34968,30.049983541702037
3831,40674,83.73569470195528
51387,38261,65.69019884530286
40910,15155,20.152689183253433
93408,1327,85.39023251708905
13393,20410,87.38069243993083
20109,4191,87.48446751730648
36901,796,31.29320079631802
73277,7739,4.6669342610450615
97062,44728,30.603651704112195
14613,67,21.814864279714968
58634,9956,18.816463505477678
17918,26618,28.47579587823755
2312,12806,68.43298997538712
23380,34086,39.37915002915637
54553,25456,55.5088346147105
84009,30918,49.3935111800307
5398,47280,37.14506365302518
65369,6338,40.869091893908504
62018,18089,82.96911268603691
39633,18328,30.21840096988064
45921,27243,75.08292571876167
92543,1316,16.007674283642483
14757,33594,34.11146193565445
24031,45696,88.65103661391923
1313,41036,89.18971629477532
72864,22076,30.865396325627323
81659,41357,77.85407677049105
93379,40380,23.744304176361393
8538,13633,75.17591911931355
57331,17787,15.258124493564699
75569,6719,67.34671344837528
87691,11362,12.056016090667779
24794,45103,68.00609760220787
2070,28714,92.83374019858545
18621,48042,37.59668148520565
68483,5826,91.0318917069118
48464,16672,97.47569664866214
19223,18257,66.90831457333908
63544,7202,91.33101630003505
18027,13231,81.92718078745524
4198,24184,12.018639004516608
8645,21180,37.925438485138415
75730,46633,20.43401398498166
97240,33165,87.14164696105122
74336,33630,77.62093823905491
84239,22522,5.390069505020435
90656,46367,33.15096179971819
68800,7340,66.36941664586047
28854,33607,11.406000615985223
52387,27502,58.76627251900498
15250,11829,40.33089186030156
34027,9980,25.959197036312244
86357,337,17.254762171378363
25028,9236,15.123082976057468
40825,28899,3.7483482709278233
24942,3344,59.156359300064345
67220,39711,54.650082455174626
93607,19990,43.82930844435536
66848,47414,2.6247654820046176
74336,31894,38.03336093633638
67455,20414,15.199850461156387
72669,31072,70.72881196654824
84747,38138,16.759890592121288
70597,47969,48.94333443977056
5662,20649,80.46439807184693
76525,4827,6.245995122542394
34635,17004,1.2242343245873362
51113,24370,57.64913850396051
68475,41961,47.498011499793805
86193,27705,83.53694980410731
55312,44629,31.79412062304957
74231,44505,48.194573117809696
72994,38638,56.94797152841458
12858,15312,3.7563376635926202
10654,33535,65.20151598884416
85278,31233,81.13774817165175
67157,46273,69.26249127263691
79311,35869,90.70608935134008
44559,7899,65.97151670691848
78286,20306,10.069329043520291
46186,49032,51.672280300349634
96599,6813,4.949586772283185
10557,31542,74.98723149542356
31010,3582,85.58381869505335
31856,50,75.11281916239463
89173,42099,28.54133178392688
57021,43618,85.63556908115234
64455,37322,53.72610696649356
67340,28846,62.36970534571884
22721,38207,79.13461708648423
97600,42117,33.322643486518935
32483,31146,7.307569025700227
31407,16541,13.396707790085106
90779,23955,67.75811257265016
82589,10846,44.61865246615116
86856,29000,85.81232865400781
20998,19658,91.91473936313199
77776,24809,19.722731318301552
69325,47505,85.45859374674411
5359,12665,44.59997263862757
24727,13101,17.821308404395584
41400,30564,87.33255296858736
56747,19350,38.09932091012989
65807,5406,47.02163749724869
29489,17621,38.886758953993876
28474,39509,6.414719280288115
5329,6020,77.2836806028609
52333,47182,67.70320594429941
24081,25606,72.53468516870447
49497,48047,59.62054276715964
48644,14160,36.46884267247427
43728,46273,41.13368648478539
52660,13473,59.84442627132279
7336,14338,45.560962345937924
33020,22295,58.737473859506245
1595,41597,26.93656625853491
37322,28706,27.891580400208845
57954,45383,75.02264744233509
45443,9190,93.28705689496778
89679,27998,2.524386114211123
48834,13167,5.965483631287753
74687,30485,46.04652272165666
73809,18421,27.90094292159058
21469,43517,2.891266487536438
51836,23933,1.2058207928159788
60639,12787,76.354009058185
86627,26454,34.76358780695755
48255,37287,98.19612528479514
20787,38581,67.79744242918714
58439,35592,34.236537359520774
49966,4355,88.94708586776434
4041,26238,84.60331535530997
55078,35952,33.07088760421186
17755,13985,50.86142334145273
44116,2418,17.558654875770365
3996,40109,2.058219896427989
75501,34289,58.54779323340914
73997,10797,31.94435551394969
67595,26664,24.287592035457205
62146,20481,74.86319314739796
98660,20562,65.19862971131326
72930,41607,79.12892694530505
66043,30566,59.74830468265638
96024,15527,45.44772106016424
79348,18600,54.63184480961655
93146,4884,22.946306362303933
50050,46344,32.54657521392414
3485,26194,6.24645425260001
11591,9587,41.70425556435067
55991,25162,33.54518266351194
40927,24333,5.833519085348751
11368,13653,87.92439541221138
76713,49955,18.773575572380857
89703,30741,32.210168388432
65356,34067,26.70967556399875
33317,33458,56.09548659363211
34834,43677,54.51899258261517
81031,11787,84.21811134505639
51688,22576,52.04659060377871
6797,45532,80.29201198086494
12674,32091,82.59358513619563
50100,10241,43.30687455691047
31664,38705,47.14096769861343
37728,37594,47.38023167615518
49948,21711,81.0962823188249
34767,49231,75.38722646902693
58802,35734,76.5601388650599
12095,46794,63.911032067923266
93760,36574,64.67981487789706
8071,2061,47.703161107436486
31868,20798,92.09901468993209
90163,16622,70.5237919253118
76685,30160,65.67102415287802
42084,32461,20.79933522681395
49107,22644,34.70403234195697
52744,12140,69.34942768909059
37349,25614,89.20271044429667
86449,10141,93.16903632367394
72162,38782,17.032910431986
64577,38768,63.77173906617805
38728,15556,16.156310529115643
5818,4624,85.4468088619976
72983,36732,78.57405571786772
79606,38941,94.51498196019533
25445,6445,85.2871521339833
23634,13618,97.02232587509374
11858,21648,94.7268179000459
63736,20597,80.38945454870965
89280,24031,26.331004224907883
61822,30816,8.890655475945984
52201,23531,30.154852252986018
11625,18111,77.68637544224103
67468,46672,5.787818417082423
35381,3663,39.27967307814747
73875,16556,7.086610347612444
73588,7578,17.67465827889464
88612,20451,67.01764709471834
66064,23786,95.8138020744442
49950,48364,95.11461371365392
10353,37909,70.23817979576832
42716,11318,49.6644046504967
15455,14155,4.369151249073585
98430,18437,4.727268623918269
32216,29982,65.03987634657351
80206,31900,7.1183212283456605
17418,2192,22.971710208946796
47529,6889,69.7033348767144
39592,427,37.10520271239454
90896,41477,18.114370139745432
83196,35547,54.40882836682832
70638,18955,88.31579549030732
39076,10713,19.16619598885095
46329,30168,42.72357271394269
13795,12456,77.38541594875758
62596,5739,72.39176959085596
62893,4214,66.14132646440234
27513,10567,36.89901628032324
66726,41894,77.98717056984093
96116,14096,77.41418340158988
93602,268,31.113089327124275
55227,23169,11.21128695462945
61022,2737,23.765744815001746
72405,1632,1.731944527517827
85718,8545,96.99173109404155
21015,781,24.27895103544105
75236,37117,11.699179031504507
88946,3654,86.29441528955057
28927,3126,52.74137195877654
27159,30407,17.895654397995813
82077,2613,1.01785127668237
9558,48478,28.262299826744513
9644,23143,45.657203668142074
64025,44140,18.5055487245349
27017,12025,58.44046455033709
94387,43630,65.98374683658314
16948,1940,49.36118372098145
29141,22082,9.354808613165924
91549,47337,45.25334914390331
99333,41954,78.20130917549523
37618,15176,40.253445224650434
16399,45236,41.624062830762355
8331,4547,68.7988972213103
16785,44606,17.77320295971112
44045,6084,59.98236162262232
99986,2965,77.2718317761124
95616,15054,22.066542165974578
27890,428,78.32015309650987
4441,6279,57.7123933907468
48735,14594,69.98743969379906
25092,5267,85.38295894595292
30907,44084,83.6998088159948
74621,17788,48.32932687667218
23436,47147,31.90199155445087
61615,4138,22.44297608958791
99648,555,33.67169716154532
85882,20130,83.67648200458984
61648,44206,2.016565830768243
39212,17380,90.55376010313292
25145,5060,48.953018524417494
78347,27583,12.565713167613088
72996,27655,3.486507062693101
54138,9029,77.54244896124335
21648,101,49.12618384603139
3720,2719,96.50492224398474
86884,28830,51.49437490009155
3658,13085,82.61930230368823
92500,16240,21.591209525552326
44045,30064,31.320186055554835
8281,9813,80.39673366568755
14299,32716,77.44240510468978
1069,45018,50.09115933137985
11012,13839,47.815977361593276
60497,1548,45.469070145700464
99937,48003,23.02328202696024
39697,44836,55.663543178774844
41482,2763,41.45941692939114
47192,11363,80.16240249438854
58644,18273,38.223358737216316
35396,29369,3.7931929428563693
15232,17342,33.79023222631154
87328,565,87.30093486308792
64195,33762,91.29381417776345
19651,18185,15.812407240025347
65630,9903,49.62483239272389
9247,42497,45.37029157709254
41324,11763,69.40363438847237
18444,17784,83.62380253559446
66831,43886,57.25812525345355
25205,27773,28.203398964723053
31497,19200,17.8524576352667
72612,19052,85.58978915974009
5667,31340,25.575262911537077
3750,35491,24.62606238877921
18353,49728,13.26828456346147
62715,39708,58.54637323414329
76472,20657,9.321502933943023
60796,19271,45.499888050107316
62023,823,18.260265097858387
55210,23701,34.62238212572563
30037,44036,35.70334566322057
84099,8917,96.41488505347174
90667,49643,11.972532074589177
83594,17605,85.46716488521405
15064,28937,37.286124778844304
67220,5600,58.52634579560767
81591,16483,74.02187845207159
16815,35351,97.15729746763587
62974,10947,29.19455639778067
33855,3836,36.09970446596378
7636,12960,54.83005907629732
90301,30221,97.38535623965417
18210,16116,25.496106657940246
87318,29664,8.921002747801392
81014,22531,68.51835819799862
11110,34348,40.503283268436014
46128,13862,11.228964896746847
37654,17142,34.31973216908375
66096,43511,57.95436977547978
57858,22200,92.59899803775845
31805,8653,54.27784518607129
90702,16355,84.3273195300728
80090,34619,15.442523148435583
85750,19016,87.98503671146428
15284,19236,22.971193634743294
84351,5474,12.263156851197508
93242,23861,43.58297885923485
96414,37207,97.47708741091729
89047,13546,59.95240653040878
6336,46766,32.4067726059766
73678,17704,70.08479112910217
38513,2919,95.34690032977095
92630,21867,37.75151587932074
66505,40298,74.98593434293818
3946,13035,51.4742312710159
81466,1381,97.6845726269842
71850,28417,30.514871748612727
70934,1781,91.69657152229888
32424,37696,63.22390809779996
21180,7590,74.45839170951068
46841,11776,37.21847826435252
93579,36180,15.613395046783737
92058,3059,45.76104304992029
16653,20171,58.09221567239358
92232,16890,2.8445131451897403
69537,41045,25.52910894315628
43011,39806,87.4073388503357
78768,4888,93.34250745576179
11342,16714,48.37363926529565
4332,31472,45.487864990209125
35371,44551,19.124357216933916
86474,25820,31.031742082685163
80478,15327,37.85713924036195
59594,18036,9.233646855380083
89462,14098,26.144803268669047
24534,26361,88.96777405030521
27156,33836,86.9438334298799
84567,19054,52.082905374681594
8036,7577,75.20235532250543
51771,8658,63.92543899710314
21489,35544,24.387936105165
44504,17483,83.4816055469378
62991,30268,31.299713829238737
68887,29631,97.9594591576829
90409,39077,11.780481501193918
77626,39086,32.9282159201981
61570,22762,64.26792968937846
40423,4628,42.41169858278464
66662,46573,37.70693294053418
90220,49442,5.7286125905196466
18783,849,60.97534096299808
6709,32418,50.31176200292934
64687,13784,21.505321639055254
32096,31909,84.94504873809761
26455,27374,32.12943100186724
97301,23739,29.341080832195797
87215,42238,35.96269996651922
39408,8719,22.980685159777263
76107,35230,21.60225097113896
98497,40036,6.1531281343170265
68100,42301,4.938656467331548
2746,20467,12.567965212957198
32349,38350,9.48438677595279
55939,47995,81.0737996964963
15474,14709,63.63716298784172
9373,34662,62.61472638856996
75612,1400,65.90636271183382
64628,48651,82.69013987009768
79760,39960,33.367357273632116
41130,29922,13.891325317118524
90912,28398,98.50485555412703
21191,31976,94.43299584760409
5007,38298,10.745547103321073
9433,44083,40.079037019638285
6435,49518,65.66086883133947
10628,20624,61.28966754085803
63243,7677,14.863805802949742
49804,39713,24.112555792748186
86728,41664,40.68787550140464
88902,13908,59.697681251726266
74572,2906,94.9175907529645
59692,8628,58.261944919383026
66788,27461,48.142869519320406
81103,45791,27.05032729538723
69915,48300,22.11548629219041
43930,31742,1.6545038397192637
19035,30140,51.583257246276055
21287,6507,75.0333394463443
96189,23423,88.94075425910022
94443,8582,84.91066623062366
22680,11176,40.65737972191769
9883,38921,46.620156222771776
23778,23469,31.62262960032199
40737,28895,35.55544457996119
39254,31021,86.12033654273284
6712,22413,12.41129740363559
11730,25041,21.202511555388092
70296,23648,39.25734028818344
75711,10281,95.96561381115728
5910,34466,68.63772490076548
36157,46633,36.45122093487376
38301,44934,4.5612722554188885
95141,16625,61.14866711289044
22758,4331,80.55282835074601
81322,5016,11.181991789520481
74842,9593,28.377873122330733
19353,31727,27.316539716246993
19992,48652,80.93535391446568
41866,36419,53.5352699984874
39243,27856,37.10097756455972
9850,33979,32.042237196017645
97280,37231,90.90784935542808
61159,13957,18.652622046265435
71836,5327,26.269742112984652
85892,41914,12.813056503327887
41061,45273,71.6188549568911
97109,40926,90.33833937025443
97913,43486,11.139872369500496
69675,15243,10.651561936417872
86139,1677,22.102885722075275
77546,14238,70.01363409132179
13652,42551,59.55636655753925
36618,24234,1.9166167849754083
41807,24661,12.37807928320011
16759,47210,2.9610984830852742
24345,47105,35.914154362320474
42780,3526,61.77816865516942
58531,49713,91.09292218614637
82648,21824,15.585756233907603
59992,19449,40.87629288143564
11871,15752,39.148014704767796
92215,7904,76.71417314952339
65527,17404,57.768910325955915
80961,2841,9.136024841159852
50522,14970,32.099716398029145
24664,24005,72.48322565923387
32632,696,88.54190920118937
76783,26437,98.86872461649747
97051,40078,23.705033222973764
66107,38774,4.424680384237016
26251,3134,6.64974649497854
31630,5813,32.61051051042808
18090,47858,41.03379792113807
48048,39972,55.52543522740059
30295,7171,49.746938279053886
86462,3579,57.87309547663122
47971,40535,29.178786929143808
89127,45696,61.74154035035108
51222,2235,35.84468303046355
5464,29825,87.33908410621372
72265,29848,67.94987577735468
83026,46909,22.071012337508844
60954,47771,52.507848324473095
62983,11387,90.49266934016353
44856,36945,45.199429258015876
85935,22591,69.38501656776901
46174,23244,6.8187692281880725
73301,38185,31.174099688398364
24015,6801,92.16578491715092
54794,39440,75.63182433150001
10361,33502,39.40599498009719
30384,44848,24.58838921192384
47568,35779,2.8878102696322827
55247,16113,21.834381351110682
68201,31868,63.796037786252974
94669,1035,39.55352031782601
79984,20040,28.934070656655706
64292,19290,16.904432642302563
71677,43145,7.278504404576737
32251,36297,18.467255290978162
94578,24886,83.97462400346875
33186,14697,43.75087819807091
78305,13860,2.4252803317113054
53690,21294,25.346267406675214
36570,26071,33.43798466258381
73860,9730,40.287837682243925
91457,26550,89.02756244352447
44987,1558,35.619767825892175
23199,3046,59.70467447786624
65405,25470,42.146434952868105
5431,9394,68.11553874263085
39164,25875,11.585952365400447
31129,15355,3.790746008062454
61689,26662,73.63079314650786
98785,4287,74.43396842070825
55690,36849,48.06767955619723
10729,18180,73.36495787623309
41410,41048,46.724997156230394
16019,37433,36.79121524436817
29834,14917,20.913407312374716
32205,40845,98.54899877169522
4698,15351,21.766140098465044
18636,4940,30.533513237948306
22677,47100,88.47688625465
29395,30181,37.805445995303884
97109,36957,98.92364019783957
2770,13161,91.59201282922297
34935,44561,67.33809438023255
46681,2979,53.56772714740772
59238,46159,38.533743830085996
7824,16270,9.408665148425147
23472,44893,17.00825636772439
59746,47417,28.730587760325488
40564,47105,97.33973473041422
10505,40244,80.46022509804098
15865,32278,27.208745400903766
31480,1088,38.11813551086386
85407,662,21.926919370126683
4992,32265,95.1740669565686
61028,25954,21.596825793336112
70378,42303,73.59811037375027
30503,33429,68.26733415109707
70649,39175,67.34857687584399
17720,42223,18.752052250975108
99820,19927,25.838758697211
38889,24865,51.06759976862721
17898,49684,73.62371489327583
23079,38009,98.77271690786976
77459,39502,69.03045591933737
32886,2973,24.517611226165737
11583,30876,76.31495033026239
69031,2287,41.23242241281977
60128,1244,41.53872633913266
12874,44558,53.39664238145026
65996,2907,45.144911144748924
7633,5411,92.14836103796752
88744,26723,23.448131171550788
37580,7983,87.29789546074429
50607,13976,59.1606533795519
27685,34291,68.226378374387
86886,11119,13.644500297627236
22416,36933,44.95119206310755
77024,47799,21.538095529369734
39164,16306,34.859690698745055
87328,32973,89.04873506808175
7404,366,79.6910940559997
54205,26171,76.72679574052955
98609,17546,76.2469818550076
21894,30812,34.292684801303224
72683,3494,42.55926125983717
99302,29180,58.95793290495666
37051,11512,73.2038701245474
40242,39730,96.58802678851113
76596,31199,74.42178487555529
27034,5937,8.952468006521727
9290,5018,46.98346871715914
72344,16116,40.964059115088496
82095,12360,13.845795008248293
31120,45769,75.99914701973742
23995,16558,49.58708982544556
66538,2276,70.87571750274175
22557,31542,8.31899401619236
27647,33684,24.246248894491078
63390,19634,80.54240947794064
41022,45082,60.658169643570325
19094,17116,55.52072026395095
55426,27411,79.24440747968252
27122,44548,90.9464943273293
34823,31030,27.855514800828775
91015,332,86.45387902704515
13857,39886,24.782013000883865
29774,45785,19.751024766381647
88898,31772,52.88006705634835
18498,36868,3.126788019719399
41506,29369,45.027534793644854
6699,37121,61.071034573878066
2851,28870,19.88065093237989
33161,34046,10.783485104026006
41380,15443,11.922083053019357
90505,44946,15.999187725439189
4656,47884,96.1976493992201
98096,39199,60.725646049578266
1849,35751,29.28396072024871
12576,36897,33.25100279273248
94691,22851,1.5054353322458063
1336,5609,39.01520010385505
37122,3252,59.11113772886403
2516,8239,76.88560149030707
52904,18337,93.10380848848665
32225,34561,18.10208464717483
96651,26064,22.323972616503816
92390,4644,25.415317775912655
17441,47861,11.11503621784464
78039,30376,86.99240149496036
72613,28461,88.26034996255731
8394,31477,2.1422856449412655
50579,22954,78.43148456939342
84625,31273,86.25398033777303
9170,40975,91.6985425210123
93233,38743,15.706362880993469
42244,36610,8.557259530750814
63132,23104,85.37938500216536
14059,48294,70.14621977660417
38453,42895,44.2447025147501
5343,34451,83.06374363477015
56880,10956,3.143724457889329
44426,24632,59.117067192057654
32845,31446,95.1443287058294
43345,46445,9.92434832577885
35924,27967,5.327565703231558
95272,29097,94.7354462773115
93445,8516,8.251906018590358
88264,1884,92.49254669037343
4919,47426,73.18139978373902
51457,21697,47.56284120111595
36240,15178,21.178943210460474
63914,21369,65.51996876316204
14851,18443,88.21699561429952
59179,20896,4.776282119263171
44323,19760,73.29763808628248
10893,17116,72.53210419382343
69359,4733,21.544262293897543
2477,22414,4.083910243491031
64383,18868,13.479331722900575
84531,19084,44.47440553099918
35119,34209,89.22422307063056
10903,30131,60.448204407568646
62596,32218,51.499465967379685
82872,48472,36.2466103943878
63933,41240,33.70983535804608
85225,20350,70.85706768148383
4523,3970,78.95439369975746
32661,22647,43.51101399499482
89196,36158,76.27342186246615
40916,13496,64.2960712170711
27336,22708,89.0290105693414
57528,2298,68.52982551985686
63792,49219,80.02356901493538
59816,27338,9.38218757536772
57008,28875,98.75330704264366
66062,48550,26.54186373645451
18132,3204,85.75725229393619
24364,35862,76.85691909009843
4661,16038,39.33197963799979
30771,15258,17.476243372173734
50803,8844,74.70119759290077
62264,17456,96.36602279910912
37016,8358,56.06277933726911
48464,12135,30.474101729220223
80317,826,65.70892917373513
74173,2960,81.70701711930343
80302,30898,31.261379614420093
71260,23391,81.31973137903537
32842,17782,20.63708116011948
23915,4405,63.422336916556375
97527,13902,90.93085015952829
27672,15309,64.0571804033984
26893,12262,83.95013189761583
65421,48575,82.40707092099707
75071,843,25.09680056467135
35825,26974,57.53368539613952
30016,45681,46.804841858106094
85407,38758,17.885236242782184
41811,29114,12.204460485850623
93698,23701,73.75254903155046
57130,47443,51.226560460171974
20430,1661,24.246329706214592
79994,22435,53.73499086240635
66272,10540,91.47572340206908
13557,32624,65.03299047774883
15204,12463,45.60644908184237
76327,28143,28.77804801038496
81605,39264,6.111934710813198
7304,30749,6.953356480411044
48891,8076,35.21123000750838
68866,24435,13.557260219401508
60831,44088,87.4092126243864
38014,27341,45.66335398570122
8548,38654,14.341846798701745
25389,22049,43.22934186177733
75788,26595,30.62050908950488
72084,23808,1.497001891308876
81913,4816,11.703447401553225
30318,12588,42.81987832332058
51679,24268,83.1439182856437
5728,45222,20.16438217409778
17407,18462,6.6259411158860715
84336,20901,55.41504688498921
20322,43529,3.9526999402141523
81427,736,41.04667858196689
11622,38850,67.0796937465208
91770,30412,21.870807416570383
53452,34073,78.3966677092585
51791,10053,54.968247264672094
90041,46924,67.1762263207865
81585,15287,65.81480519960377
61488,26859,66.48264188967357
60059,27528,85.84656838020645
77981,44479,18.64507758884037
23411,48350,73.5892834804543
80191,11284,39.68513540241925
31356,47837,20.64181067225511
69996,15982,78.04063642993121
62590,18095,71.11006279299907
76457,24987,38.544520534593595
42247,17472,66.72575438299836
59940,12214,19.912481155430395
29711,32742,57.29081318937903
89200,1929,67.5592990487667
20715,33571,87.30501566618425
88563,18689,39.603978309327594
85860,35418,56.849765009984324
14514,9172,78.59959354240827
71704,5366,42.232397400752085
76435,43336,41.12552901324091
92852,22508,65.80183661472782
63376,39879,24.845606108710967
91054,6046,8.213669492571361
6286,33206,63.557460667399795
70008,48657,7.191693192954085
22507,46399,87.95048052755182
81804,14958,81.38637038935566
42990,3732,80.58252324691685
55730,18114,86.42116151645098
32978,21330,91.64400098580694
98108,4671,94.93199185789346
14626,13428,41.95356478058073
75059,15038,74.58596985289334
20438,8209,84.52181536650109
62312,22032,80.79252525874782
87966,10132,26.182825060844277
39092,22905,60.66695502080901
88344,28423,39.246391154451544
86257,48216,59.11924824493268
58303,43261,50.42786149673997
9281,5947,43.75148962837703
55192,36933,17.063363695996202
29089,20739,85.17306549166162
36467,8869,66.35229326967276
32926,19390,89.8889510557017
80242,13471,87.78456405141822
96196,24022,87.51349630382806
46086,31696,58.92011699030557
6407,36262,64.1410207179791
54741,46492,53.55297315132785
64994,26085,97.16619136016249
2226,24370,60.52108003364525
6082,39574,87.85015028278477
77075,22244,4.06399146640862
10502,35098,48.798646849024074
72845,15922,44.12729556138294
69917,12439,49.786023108134295
12151,33432,54.185499490833344
72842,11363,4.444845917931777
66588,25449,31.822832947077664
28307,14010,12.550921901338123
72670,38706,65.80708124114834
96173,2094,52.413526599926044
59917,11684,25.89714931304292
49115,31460,8.99934358295703
78260,40334,63.06405727563344
67395,28557,6.314823875653073
49080,20906,75.81672927809194
8235,7628,96.27319844555814
70625,43708,12.625402417509154
25737,47325,85.84231954361302
64290,47688,62.43163842359413
50081,20591,32.49275294066973
86948,27501,96.68351356429491
15938,48546,28.47660332346415
4751,33482,67.60043519533903
79375,22442,96.79142591718619
75139,48567,60.96299984683627
98659,44040,8.464549075887485
87643,46243,88.93601331554919
51674,25257,43.625468294253174
79360,4357,82.27924135730804
88333,38386,78.8144657321443
4895,21147,70.68981580664911
87370,27098,90.1718353158082
36327,6980,23.511443249868066
60140,14025,22.097676543763615
54685,36416,23.940516639477018
90813,25756,61.9503829198562
45364,607,80.50393618567027
69608,48655,21.622686080523227
43967,22073,25.056449878635856
60197,38625,47.183490860845524
79469,10978,25.12611130753321
99875,25253,28.418018662777406
40402,31654,26.71333504369374
42437,33000,46.38965396387278
45672,38652,38.709236593196735
27829,6935,50.64152046759903
74914,42306,78.7796526722287
44936,363,54.065059600447235
14538,49783,91.08645666316873
30640,2668,93.00475613051262
31137,40131,40.26460053611669
29586,15897,29.05959555007616
86273,44986,8.880277490129533
31884,28005,81.72751650356345
31467,20471,64.95758093968182
14141,41083,90.5346956048388
25124,16028,42.063345587228454
77266,49459,73.66172542391551
68379,37201,93.89770471744298
14165,2849,15.934500017594628
34468,3269,38.69350423605071
14252,31220,92.37590952464328
66895,10016,30.226096119159475
50869,42093,61.671981205546544
27791,3607,78.43771456340762
5408,15456,5.164867437561836
1551,45169,52.97188388995235
27529,44501,76.22134525606252
99486,1753,80.95512911969638
96780,20064,16.269764801579473
7872,30501,16.21264627488616
21527,45193,7.101455862207468
63023,23001,30.732874442495568
52496,14597,24.030532048589443
11713,27967,43.758530225648414
12717,39022,81.33173908910115
46661,16152,43.90258746879413
70759,18495,71.40921212722695
85162,41063,22.226123487072368
1676,14449,10.250229658622066
12155,45854,63.946350404542784
91618,30279,91.31486264683345
75683,32425,46.734902928814215
81169,6240,7.3527176601429325
37935,25888,3.3274221770851575
78911,45673,54.17258531862727
37940,2877,39.82904911382413
50845,28974,98.37185534606814
96925,16425,81.81357171815898
75172,2076,48.11852868818405
67460,23623,1.2924901351749174
42321,48638,95.30947091379917
16374,5810,54.79220738864227
35878,19701,13.117622133678907
41769,23870,23.094925711193365
18170,45380,35.12675452561742
92246,38188,75.20062068242376
40950,39561,52.23313257544169
6271,20108,7.695086725573578
63067,1948,40.29861603426234
79362,6401,13.67848684278917
44694,5294,86.1130182223639
13886,48920,92.4016954485819
2740,39117,15.506870437077994
49189,41932,22.486425172315847
22685,39556,66.7282984918468
38953,40138,11.86739563755369
12370,43413,43.55819265730827
17407,38755,46.03329916262971
29405,16506,2.8935616832143065
99638,37688,87.93825683725322
6752,14963,89.01002768440271
30624,26777,16.44105133512067
29400,35342,26.968234099108063
73073,27677,95.08458159886418
17454,24217,69.87138735978507
18126,9028,53.12870701938412
57777,37857,91.55563577444846
23496,16691,13.096680965537896
26904,1744,81.9745221015619
93848,14339,82.18710652491909
71072,2696,96.25460899058639
90984,30969,44.75362783430544
53897,41199,56.27478634533851
12225,28849,40.03543254111429
6181,24294,94.27968937320767
93232,22405,55.11606939568264
9681,47601,76.37387232633773
66072,298,62.78714685670488
14843,48908,22.861364814166855
35848,29009,31.95846586605451
60471,20090,29.473630929583614
61049,16572,42.82524719166761
71109,14802,61.99687389653247
20411,26953,42.11621152231695
92066,2089,90.55259824377917
85917,46299,17.748718986027143
11116,34956,4.689440903710685
44054,30247,23.36463455395704
54620,22861,63.806547185211826
17211,9471,56.115158319017205
93479,47054,82.14194467080844
4793,39822,93.04998100312189
65758,10104,37.26577970208204
12611,6690,36.1920794667683
9431,44081,21.83195971867849
62237,12454,84.00148753799049
90232,32099,37.47795318560036
67582,25671,82.19470861016794
95263,15515,86.62637303357089
86795,25908,78.66562630042984
67365,8035,9.686168183402348
42975,19151,57.444722349239434
70764,36938,66.96477572078024
24529,23827,18.54741446016675
58458,1229,85.97349660151835
83482,41664,28.979691181052907
10755,8485,36.714334373008754
68623,1658,34.69426218337989
18758,19756,27.479563583465715
85603,13666,56.802295654407544
31755,40071,47.831223309059105
92344,2400,20.645415152785247
69297,24393,14.560274412824395
77563,27202,60.264202502869615
73169,31125,59.15181339756714
64194,39917,16.822075748986755
20454,11385,21.001455246133332
15772,49625,51.252286154930125
57885,14088,42.1468182168521
63380,43936,12.946660841124942
33125,11327,92.62948693821981
37570,46912,47.66780988771623
50640,45555,71.53012463841006
54823,48677,39.03723822053673
14337,48133,39.412403028178744
17321,4631,76.86433913662098
5803,17702,9.94369753259075
5416,42436,89.94542002618086
17507,5275,16.57371576959633
83522,28614,14.810407756468512
7583,26445,14.506926176612032
16203,10987,15.805449058914785
29696,46142,75.72229895464977
1251,39926,77.49604050387543
20199,3549,66.31320434120057
93722,9813,5.828897824495244
88156,37006,46.25671013245114
51155,21288,43.05434132886293
47305,10999,53.67713327062558
75927,47362,29.400691779486504
89336,3565,43.22575379810497
57665,16997,25.316261343445333
42654,34150,32.03085628843612
57000,33067,11.145185761783893
8367,43740,92.47958929634518
87995,25025,37.106381004962074
81145,35323,36.382815254430774
63140,31892,98.02475225354576
77824,49800,71.12488976283632
34531,46946,68.44339047666983
38975,39724,13.851598690411326
49897,34897,25.431377660126472
34963,6987,29.32810043544013
86660,37209,20.476311328789993
62216,26373,61.911359214312775
67237,7458,57.27601625127924
82170,328,96.88734701904909
41636,12473,8.012186054182788
15729,12014,11.649843500924618
21972,17664,76.00077399004661
9368,19927,37.244731263535904
58886,6576,5.9100272653208235
90555,2253,11.666928110628405
42425,18418,78.95016455288608
13069,42560,28.505993892333976
42747,34244,16.896187973721517
5615,28349,44.68264191351977
30207,29725,70.77048316859052
96962,10424,60.48821401157177
64699,5705,6.532346819690922
35246,35053,46.347034309027876
31425,39400,37.483845634597415
50051,658,69.75008154759523
11584,32684,35.1258123435068
56887,1860,21.76601148908605
1993,4391,14.34841693988986
19189,47567,76.89120685527942
92822,38793,58.081611030695946
93442,32458,84.04876789269697
97827,7851,69.10458137857327
67253,26678,75.99854839719094
14074,10001,66.34018979230419
69414,18971,20.539313645045354
88626,39106,75.06211618687445
91101,43538,31.55271386629789
30427,12834,96.24901537203102
43591,34302,5.644104400474073
62333,32732,15.711115111991708
49458,21212,20.01434548046258
2156,28575,15.0505974856256
54048,29670,10.123264998811099
66563,18681,82.70569043539713
8366,38337,54.127919401247816
12563,48160,56.68326473976475
49299,43424,23.45239878380785
88871,33875,86.90076063312111
77696,32009,41.414334741759895
34803,18795,15.378314170435356
35806,39717,59.53926451786634
96576,15353,38.023659262116105
34390,16319,21.451925523183203
75209,4115,61.246128551616074
5745,37896,39.01902706646867
2409,38575,60.92011837117051
54926,23687,27.227095307983912
89807,11502,85.34740659406953
54769,32107,6.725386635285678
43534,19559,38.271541417338696
86376,22745,93.6529545623922
18168,30735,81.9065235778156
77335,18143,66.11121308825426
33774,9776,1.750804182450974
36180,26813,75.55496291824531
46434,24460,46.259398235431334
37563,2448,80.24949246188996
72336,6326,91.58693497544046
25266,21945,60.65189083152726
44268,11957,92.36680362323335
6659,18192,45.63255647133408
96002,3921,82.23325284193938
84670,6380,34.518975670006746
81092,39908,6.77219640346759
35218,32917,38.713764220662426
61895,6466,9.71258091081438
94206,30989,14.158806404247867
55700,19030,59.84196238310305
3666,5294,94.39537393767057
9304,25389,95.77131595329622
7619,35324,98.62663334871641
21499,44589,41.07596214798534
80265,46729,79.95489284787934
59944,26562,66.60357608999543
76984,23366,21.002740335700285
75429,10072,49.5572945060316
55623,37041,52.69005702596835
74610,1155,37.86854510128046
28707,28757,52.95879198224143
61421,957,79.78960543366958
81920,47427,60.40865714503944
26328,29080,76.32589556517085
7804,7423,56.97646027879913
91965,16249,61.10519288979097
81196,6465,89.77907382409144
17580,6252,92.79602011041506
69662,24155,53.70154069351117
13610,16600,69.2312693798789
85154,18945,64.08544627949487
21095,32371,67.72941813062845
47552,38881,19.56128917796715
76351,32956,71.076602723759
91544,45137,46.540477807094526
54317,49927,37.04089350596384
9422,24452,95.54059247202736
45691,4642,91.45891491440426
32862,31267,82.55992363538104
77693,15354,59.869682167836885
15900,30556,73.81379777341658
84854,32990,69.70026895316072
17998,25726,23.497375821065134
46062,29504,54.69614283896193
46449,25643,36.14431728201367
20099,2904,28.473831838144356
23783,39326,4.794501441934742
10059,42957,60.02164048437668
98306,22910,20.968727924163346
82026,47902,68.12904531677374
21523,26498,32.41249316528156
35843,39462,52.713210503235345
20775,28395,38.645474764702485
52933,27707,17.2469702230559
60825,9729,51.09238283351552
33707,18953,56.625947650408605
27730,17189,93.88569411290317
79023,38880,62.12939508730187
13662,107,9.995283963951348
72172,25728,82.44478147156792
12040,49262,29.211356738121488
74527,45337,1.5872740521082045
78538,43757,48.165844040045435
89498,14088,91.38604109515055
57863,8274,60.38643868256815
55970,7571,67.45521135631395
20835,47331,59.20391328641548
67037,34613,61.908988754793505
38621,11550,91.25378935917384
17825,5522,30.455600114336857
48156,3170,22.436396537345164
40478,10923,9.46839569104431
75207,6846,53.64476852408534
14150,21644,2.5395490419657554
47893,5737,42.46555532652307
62727,30462,49.66209323279152
19206,19192,31.982574618567966
2889,35220,71.44352550585496
83359,11922,64.28453625419186
90512,16550,65.00587377492074
94156,33458,49.9201433805128
15723,43613,70.4168053111184
39441,17977,61.40524050528511
33385,30640,93.8768211737782
54828,8280,24.51056413813937
89234,44184,31.064665998035363
28955,30725,2.6360798903605263
86233,15649,96.51281219670544
11960,12773,26.897556171253765
61403,22256,6.327645641847334
6173,8060,44.19513453998884
87436,15305,29.173803817002288
8304,24639,97.61877057717379
18839,46612,6.191179401500413
86076,17111,38.285513424094326
71421,5180,45.34131721749449
99906,36667,77.8667788595316
52229,21491,67.83874454373807
66561,26167,4.142967540655153
56868,48468,28.417474221352208
71404,35095,69.67548903586037
56289,48881,60.367496817157345
89789,9176,91.18926869510774
9559,40621,40.57109212538256
50832,28811,26.175540651870218
65814,46533,34.24508334579902
9821,46963,63.032457589409944
10115,26980,39.01385269300915
34005,1387,67.30679317658426
58824,5159,31.371354560382496
20212,16765,18.815769299295198
34423,23164,87.43743881198169
40318,1622,21.159988514444116
31578,17298,37.576153474153614
11690,24901,9.27064921317342
42517,15458,65.01125252651113
50582,36851,71.8158120369635
3031,11515,46.142537017723754
45837,7297,86.41830862469098
76761,16185,87.60030620314423
78332,34462,78.69927684054471
67792,41889,97.86793699450011
12727,47500,9.323806344299534
99824,18314,70.62765816023668
35369,23940,18.584682687494606
39828,850,82.52079001215122
34050,9996,47.09415479476739
74691,25477,22.576210733148443
82797,490,49.01552510294647
10106,21167,44.42541681308495
21491,33963,73.80298165938872
37507,24418,42.2704040667304
72864,45302,13.011966167841205
42545,18373,56.12144530008229
22416,8492,7.756346576856499
95819,40418,56.07430104190873
53619,14809,54.647308087803744
93036,26858,95.80031349999356
79327,25799,54.050954050594015
32092,34022,45.9424320311814
97274,20327,35.289015427361086
61934,20504,38.529195591865374
65646,19491,74.02640106794651
25420,27069,35.24269172019312
41583,20345,48.451322166569675
79145,17664,73.40007571345822
28727,502,54.29092962954087
19891,47438,93.22062288768547
97226,30682,3.419962887396991
7417,10845,30.34399158196025
95750,5460,71.74263473715772
66150,36360,21.89067296418607
50258,9359,87.33432223994416
52260,27891,17.36172767263002
56730,14978,34.623072056986885
70198,14773,73.2973628908726
76682,8233,44.89470354174962
22599,14539,33.02858746222773
14562,24408,38.71813290757657
15955,32817,77.2539491466308
16534,49118,88.98951481638383
65581,26710,52.8252675445441
63165,13192,3.5598187100530096
95480,41998,34.80388349010897
49235,32602,1.5235866633460766
8776,25032,12.493633956425574
73386,12382,76.86417310352195
27030,15184,49.78311530373743
55494,42730,26.464286335576933
74444,29770,86.39454238552713
36102,42519,5.804399101085848
86582,47397,42.1085994916625
3734,46928,78.65553462915521
8735,41612,86.80658442116795
91868,18301,81.41162195357226
79010,47242,86.45515001406267
43921,12641,42.691545788285964
14041,43983,63.00334757412897
80522,26112,87.9807758615754
81581,33366,80.37682962994147
67158,20664,23.101802049198284
78528,4642,17.52110300643856
61368,20913,21.437692739967424
47389,13002,66.12667090004972
73239,23045,92.58622771714718
96439,31857,54.31622566034422
23406,8206,94.0500866851516
59945,46645,10.110100500766189
60749,388,59.80744275942176
34884,13398,5.909423423091905
83163,7799,7.62272570665281
60719,2742,56.66855102271144
29119,1906,53.799775140176095
98606,40600,39.990463801225474
22605,22888,37.04448026968041
81345,41594,3.608185840754084
58944,27568,24.30628450500675
98423,29124,58.0890934521913
80445,45201,94.20729207341377
1678,6389,33.14407253658061
47218,42324,70.2834449356517
59656,24314,97.12874437803535
92691,47624,76.93407032661094
60538,7559,36.125850965640474
90908,21074,80.24934431399197
78442,49214,42.549264934756565
59771,6605,75.48860770903835
38610,42894,2.4277442779608256
14565,44036,23.381356975002582
56842,33893,20.760974348742376
90734,48396,53.918783396192644
42276,4028,69.02817967089456
60078,16391,86.9255047763663
88969,26925,76.60315114068649
79794,30273,93.16143190425707
32290,40447,84.71133461356168
86981,34860,47.786087876666556
53433,23378,3.6437191935811457
31833,36215,96.40846615751288
22146,10908,67.02103808719693
16619,21197,2.970612201416747
63996,10130,54.84415882138761
87653,11484,95.80053091280712
59942,34448,16.84080580608502
45044,17411,15.522140215533042
97126,4555,87.86582233540447
64503,26003,11.920718173137455
81542,23049,42.07958991867688
81706,21748,37.69017326346026
34292,22595,52.30331193819747
41518,10221,28.25757082573177
21901,41515,35.80502882179781
37870,12338,40.866155163617684
21883,5329,22.23366617045797
33298,35747,58.871635288997375
48981,15939,6.715532281388402
34596,6886,54.49107366266707
83563,31650,62.950185012169115
10300,1789,96.63602071395391
92265,30783,56.91527489825313
25230,44510,79.87245343861643
49697,22864,3.972988061840001
58762,49316,54.85605467442347
15030,10013,11.163752438400703
35646,39548,8.021853882481162
47831,48639,3.017867443678788
25187,12368,18.88082651373451
45207,2204,2.869247620971251
54644,13393,50.5762900590258
71175,44742,47.73844145473104
47396,38428,11.760220023916366
77442,44046,64.79523235080836
83722,16137,24.772575500808347
83673,3408,42.39010079254705
17580,46988,67.39404812860028
23410,37447,90.40435049261376
95472,22475,24.122739378761665
36437,25533,1.4583663182739888
16885,2521,4.673896531768577
33694,42883,16.695923999703975
21201,37042,10.648803731775686
85233,14834,88.53538206244176
62100,41707,51.985273034795426
35765,39881,35.28572030280514
84477,10521,69.14173293575205
96451,44700,36.05714572412557
54947,40671,84.99117124081232
78287,29581,58.17976660982165
24654,45419,50.65022100863495
8216,13078,13.09875712711309
55279,19382,35.92292725115039
49962,44576,46.62879413113528
9037,33698,60.35177383785224
29229,48646,96.28881307289832
31812,12702,7.522841861733281
9074,258,22.4849179313316
97037,40453,35.4683021823718
57772,21009,98.54335584683913
13980,1627,38.330170230491035
63666,49527,78.72613563578504
38307,5408,67.39813821234529
75197,46825,38.98738402523806
98838,36015,38.43333290414901
26148,12415,2.8551327823814177
85851,45658,77.82669594053255
99856,6165,21.2061501126319
23441,49901,45.14579583840215
33569,23568,4.0041582461704035
63389,38780,50.54880689453662
54121,28820,26.192320173165875
78508,22363,18.026280158462207
93309,32221,60.84299893152636
38332,10438,23.818952303002344
80925,33070,26.94546954941705
83741,21258,88.15522560564573
96361,45592,85.41070348428137
18883,32525,48.44942331288367
95528,46108,79.95474914117999
11566,30434,63.0844815734476
24908,43327,71.06760500520761
43771,2006,66.36055228322769
24331,10454,76.57119221610488
39614,978,42.891168479870124
82926,26910,80.20453284614815
76510,36457,29.31097424973499
94215,27104,73.4102263098701
17873,18554,89.10908102457353
59522,42841,31.60889465360828
8055,24796,74.35454853386098
22736,30759,84.9294042581068
96791,553,59.44100886237983
69350,3160,81.8256933225967
53565,15597,19.814673249481356
72740,3974,54.74135916057353
97121,37214,42.08100836060487
66484,10160,22.028805137732636
80773,24370,7.901750624278319
6555,17031,44.266218603022985
88962,11735,46.72429240846246
42336,37513,71.74498822417824
46349,34171,19.977476852670517
50555,43338,98.14395088460384
17888,38702,12.221326980624363
76653,19982,59.55572501581134
87525,9374,54.325312917399465
27657,2245,85.54469191528769
71118,27415,21.585995896883006
45459,26304,11.361941323655392
93758,38630,83.8055975446192
70094,11079,47.60340951084157
33562,25362,84.65840917551265
99350,22989,68.07548231307165
66108,37287,34.51416340332642
77402,3798,3.581065381589532
60496,19175,30.72546774306002
81476,48728,89.2055969905503
45643,32740,61.07834722359905
12395,33397,93.66746360303868
51463,31778,41.76158303821806
74152,3062,5.924080755520173
97059,44703,85.87316913728912
45593,14486,58.163823105006635
32538,6886,87.07374953366748
91434,21644,20.706247587210825
20811,39809,42.842714412136196
3379,44874,32.14392397085032
34360,23614,72.24604274694593
16783,49019,94.14376999723778
50089,39792,64.17500865963825
23479,36193,86.31359274450746
76895,8055,78.515752639619
39838,12318,68.22687654908606
14863,21208,39.36803901431217
33562,23071,83.5155540187823
38774,9688,68.38226611139757
86164,23809,53.20369826406888
54967,26454,95.29903633811084
2499,11196,43.71605328118782
34018,44832,70.78809154904717
1924,46036,62.099835397134186
99479,22533,14.264723327056508
36688,1713,3.496990341719772
61908,10834,70.49587619850125
42692,5542,44.24099915428383
51607,7133,23.68701885798131
48421,34339,25.932049695108454
78124,45724,67.99187026303272
12946,11608,54.381779817937215
94862,46558,30.245336860674257
79140,20751,73.89337079812157
85666,41058,83.37503216392369
74692,45200,35.075557605693845
58703,26500,27.028321733426655
36032,648,78.78745862588408
72373,4464,68.98273155184978
76031,18082,31.66892022387448
74260,7722,5.043706168342855
2886,8575,6.666022157313373
35756,48734,43.92638079023695
84421,49798,38.741631855535346
36758,97,48.22759290913902
52070,11382,10.295221891862337
40571,29007,39.689498526378266
46132,37795,55.95617330705955
22132,47668,63.89493838716034
97802,49322,29.075632115013192
7214,14342,91.65742233380557
16310,13808,28.74017910129166
74096,17016,30.876148622448504
4242,46687,96.66651589263027
39021,26506,31.51255866402168
79997,49385,25.136407465954985
84571,6006,97.28675704155783
58347,1730,78.67439979078698
44915,32994,66.63082246984983
73183,4228,92.54490838161183
74458,37411,27.20930832939212
83681,2663,52.708290143225796
91361,46341,32.94907482644787
22649,5112,1.2784015612269468
22330,17882,85.2224960067615
54764,2919,86.98979077045699
15314,9884,69.8213193476196
93167,33211,66.81158831625478
91014,42262,65.9613141374283
66674,3583,10.749434819476
25774,1319,9.12844797754894
14297,23518,93.56715355770008
45853,12464,92.91013810386141
44242,16884,96.11289637742182
20745,19179,36.39882390994239
68477,25497,90.45260909018396
96224,30576,6.25068806837235
79920,27033,72.19987092066236
44617,10549,10.037686702703379
92455,5081,6.896487350518422
86988,14659,59.8582812275705
44651,5612,64.82034259476782
84624,24968,38.764140000768435
98463,38114,17.996922334262432
61139,39262,48.53315365484219
17301,13458,24.7368628977646
59089,44793,42.166160084911766
39076,9483,8.702503937355875
7820,21066,59.310658449754605
17997,2152,59.59909558699054
47898,3660,13.038512869735383
39715,42611,51.561722928180046
27844,47746,92.68092904183528
65684,23026,58.00601727806619
18979,26596,1.926273423499172
17513,41871,75.87112996516605
42415,34477,62.65309816931873
39785,1680,48.035836207291744
8481,7851,51.45356552365156
78837,39251,14.547400313517798
67749,13193,93.18596681250979
89045,39954,51.47639633389737
76790,6233,94.79493252908382
8556,19777,18.05819962149362
60773,3527,14.43700939194421
17935,35441,51.04464005268048
54723,18329,44.60474797579955
68518,31734,10.385810870508925
70371,37270,11.316267533819007
12428,48283,34.2859685762095
41410,29706,4.8633857636562805
78631,19361,69.46835835301022
91238,45170,6.601876181182187
11547,24157,65.62872086422288
72819,35809,91.37260490435523
92754,27994,66.21419868438615
59621,17348,74.29418717947809
90777,16787,81.04394380951096
83728,48188,81.8660362774563
81689,40828,62.77541983832184
43729,18400,20.74782858477551
58647,8292,33.10208720717884
32014,42376,3.0173505480588996
79731,3310,24.201113878168016
29384,45876,21.258805589018774
3690,34507,2.3183096778128585
77807,34626,32.52215238680245
78227,23238,31.44877855205718
6188,5148,63.31677589949713
38818,32972,20.547009866805432
56961,34455,61.14472424713815
28716,45236,76.86192036207329
3535,11014,22.987603765827306
7265,33753,1.8491855388727372
84575,13446,89.15275423788438
10918,38985,10.708941204092255
58900,29365,40.72489449608812
10244,8639,86.1407785094364
20762,23731,8.235043761894174
17962,36857,75.23590860278891
57902,34391,25.065810116423922
20049,2301,62.42645957025583
82505,34780,4.266719078214466
27470,33785,74.25949274348118
29648,37059,90.97640047350967
52834,10983,64.7693804992291
40104,36082,86.77398900770045
62002,14045,24.212790536396845
8366,32295,41.85259668315598
72757,40136,47.33544653878568
93226,49224,87.79678641729168
59017,6578,6.533897010786006
66904,1615,9.976227257548132
52292,22748,3.8917850666489526
36894,44644,91.79538741240336
89876,3046,61.343959936847604
54013,480,31.40440563998904
92203,36392,41.58619551284349
14187,35673,40.159320494547956
95989,15080,64.71315630159668
67629,14845,29.853925266238363
97322,5539,19.73161969010876
52044,24856,64.47241895581124
43018,42344,67.18544360764831
79599,29560,26.165439792217658
66149,43319,56.83188086692884
20388,39684,19.859681457540074
48933,14448,78.58881635054921
71381,43211,70.02854649548122
52236,9865,22.51072730649291
73455,882,55.56058797138834
81149,14739,54.0514643720604
49846,40090,96.87056073215541
40552,11918,9.398697097118525
9416,24630,84.09652669195289
14593,16283,88.10451865402783
36099,12488,86.40757479164147
51450,21808,83.73646794860386
39920,415,40.17854993008405
56388,29802,45.182352914708154
9652,33198,90.3227624433205
55387,17857,61.40256315962671
63035,44450,59.58488472791199
92063,8589,18.94709951861951
97553,31362,96.31887906400074
68118,19966,78.93884130432268
16236,7547,52.693835705139136
81339,2426,48.91095760825631
55818,18377,17.399500080265028
89288,23209,88.45598548253997
70930,42168,81.69256736898987
28956,33760,50.98458994569016
77700,37547,12.405398874266915
21201,29187,39.057940482181166
13539,25010,25.306403521632166
96773,18967,4.599965406252277
85898,19560,9.79734707063817
12515,26008,22.749710326987167
35052,47477,88.66206378270785
78933,27405,64.29877200347926
4918,6211,71.68215835955125
22000,18334,42.469000775175594
42745,19868,6.850069044420033
7162,18774,47.3492155594179
91713,37953,8.783218745274652
52963,34236,29.11246647680462
85217,29148,7.900227854788819
27613,19327,32.143568485003286
2190,37739,12.54509408303375
51075,8711,54.55279452000807
71477,46264,23.891247328165147
77652,14136,42.563640600214335
88393,2282,34.50354734475383
34995,2852,2.446170230533615
3320,20022,16.13539300396745
34610,19269,18.029103791823648
57527,26685,62.04818988473777
60337,1369,24.915279313980736
45083,15212,75.15081907483146
78424,30010,40.44976620911653
34245,39710,96.80931109343892
86936,46056,78.83433506318265
6690,4657,23.17810500930228
72753,39028,95.38513191514882
3410,44123,39.59096312909767
48736,40988,3.1407042194230277
19581,31138,92.4794875382872
39293,15047,35.461158753706705
84411,26369,71.69612503714188
94086,45030,98.79127751196837
14542,42952,45.61347343474763
18986,19950,15.23483174558263
60665,37725,3.4314495092169954
6745,39422,5.033695751557893
96179,38257,84.22488161621258
54097,28181,23.940591099474464
16347,33603,97.17473301668612
3241,36158,11.972375331352591
44330,18418,32.011419091501836
29228,27890,28.00113170325834
63927,1388,3.063554714755443
62330,36303,18.530255157531904
75301,17542,27.912548305831887
37972,19966,41.98747917231949
6172,24358,53.912382298999596
11844,13180,68.32786358493696
31268,24356,82.87040925148065
8335,578,90.16244512115222
28915,32904,75.61310742886533
2753,49449,91.76473509038003
90300,19348,92.65178834224857
34785,34113,47.98579405999056
83278,4854,42.11624849520705
4461,21328,16.022546656110546
33298,12047,88.80727684643006
11018,42223,56.639814080400015
2229,45534,38.207066073017934
51699,4697,18.27045649873189
64071,26309,78.1401676362222
65992,5888,17.775628677894197
37483,8599,86.59763550280711
31104,49279,36.01387044222832
15341,46416,58.27256671246214
2235,43674,57.5369815951265
82617,32139,9.587538470464484
64975,45785,23.44162618685448
73318,30529,20.5353302301861
81162,43949,26.196402032117764
14600,40259,46.86215486918648
92510,15867,64.85001187287642
96739,33031,85.38742059495505
58864,10632,85.32005141502005
84807,46928,73.6039922575076
76101,479,20.012708811548052
18025,20913,77.92126970394536
18785,21999,28.291160947367807
40709,4514,35.438868339663216
50415,41089,63.98683623037273
65794,38105,20.504563501785363
31416,6986,4.619009919263639
67095,43911,52.99843884799609
49665,3180,2.4263811484591447
58581,1138,46.64119420553167
50296,14032,10.344830738138207
30592,37172,61.943027389022916
65878,27698,12.051106309496
41399,21554,72.48672574965191
92332,28603,79.1463908343591
34506,22716,63.180687687543205
54603,10294,60.075374076399896
19043,43191,7.63374572738817
22462,34084,30.067201645073308
20681,5593,16.586049705419555
81665,37423,9.305509963232417
11939,25139,34.47816259870792
1329,29629,53.13329353582325
60877,39219,65.4396329754429
42546,15268,91.04169053359551
54345,1272,57.885695760195695
16220,27570,85.81910894592838
55482,2821,67.48460600670072
10689,38858,12.719521082178634
21366,42317,66.72865221187676
47842,20447,12.973545622669345
9644,850,72.17426572123716
12594,41484,92.1770669550221
17113,40968,48.26723164672805
73296,34347,1.0807506043181334
59306,31594,95.96124180468358
90644,44725,4.957165486363398
70951,14723,20.076921203273763
73798,15289,13.966278249404656
45393,26731,5.176876926263057
41969,39693,87.44337804995529
95717,12809,28.244354999724152
53836,6830,23.759259557285485
9136,9213,91.55385554404343
44840,9950,17.096206839138247
72930,6791,6.916093349879885
58699,42237,48.01062141161553
40602,9775,21.857268332424955
27253,40613,78.13749090432836
40934,35627,96.86836852661773
81057,41999,85.41529774585669
92441,45589,51.95532493553473
75188,21630,73.37957769046241
50439,18608,45.5039112058545
25575,19005,16.31556462456396
60180,8975,60.57048178236404
38598,31700,81.99109774822533
43765,44141,11.773686144154848
79420,27016,5.54780933527088
52925,41009,47.432536159165636
94154,47314,23.194515335723704
7460,17882,15.536232435115087
36781,3666,44.4379820510473
79424,12082,83.92360484876231
15439,32196,49.73710830711369
49169,45754,85.27478172408716
15173,24883,97.64668326123028
43320,12450,95.82394438685856
33648,10389,21.92466288776561
52784,27273,59.60239996878627
80161,25765,61.36058068031008
40661,43287,29.10311515087284
81878,10127,44.38320779709231
33355,19370,75.9814958868786
22091,35727,1.0899760577166435
66552,37011,73.25663608099025
60618,27416,81.67318252821813
51228,4453,18.918097022938383
28670,36231,8.383246050804471
14893,12691,24.719301272337177
76351,16003,28.172324102729146
81276,19715,39.08089343891737
41673,33980,55.1814827529558
88476,15750,78.99784590604123
10107,33706,22.55032163437016
6449,17242,23.193440698005322
31571,14850,43.540938880891105
36904,32416,93.62966615457715
76342,49959,33.613389696961846
27022,24358,49.71885038059131
58571,36346,13.256681840138661
67991,40154,90.0832113182951
67447,42288,38.97758407118052
75419,47199,92.22282177375328
31590,48948,63.08916134451083
60932,41348,85.40867027256571
25622,44293,87.79996542109913
97822,19909,94.57377814944395
75342,38483,87.57445811804546
83558,6995,91.48928981247036
17333,48854,10.486063660058079
27247,38742,54.67175940674504
73588,45196,91.77419138731561
80114,14315,26.579860336832443
3219,16873,72.03570840194915
31424,22803,41.419689132523565
80290,21767,85.30851095769629
56394,31625,16.92035460284581
93294,17972,47.78563697334581
56379,9870,97.15866725826028
91013,10072,94.78624374005832
67649,14175,84.47868929167134
39103,1965,43.92739221471717
8157,49581,47.34873113097639
33384,45604,60.35062557263827
66120,43131,7.185405678073133
8750,31130,87.39617322031461
62130,12941,5.0095222947776845
50602,13406,24.846506067364107
69667,17069,61.17179770540965
68179,8148,81.89741317600817
98269,18357,51.5362916183757
6892,38970,6.024204403581277
35566,27019,79.94400183387253
40841,25567,56.23725207424499
55543,36213,8.017908598071287
20087,12279,77.88897358234244
30200,33099,60.30912285103011
24857,18733,40.57738602273165
51764,9093,75.29387846589054
43893,14148,49.14359736209317
94505,7921,59.27448686733867
60800,6393,33.725773098033365
4710,32722,37.234328897936145
5581,724,41.948355165894405
52495,49822,67.36583228744064
62592,32097,43.40956986750885
84955,5837,7.374820051002324
73368,9127,83.37798528646572
64735,32428,89.14712673602993
58921,12015,79.30506893624249
26790,46184,15.377559045686052
78802,34830,86.38133110367554
96976,6149,14.50785347956117
9603,6395,51.60760257800373
29096,7643,18.156637635192613
61043,42743,24.069348791914603
94033,43230,10.45675848980476
58141,36497,58.10094532272519
73760,41227,60.63060601449468
34914,31362,10.669290844969403
84185,46953,77.71830455622427
68419,17882,59.136903060657154
81328,4171,29.658608641542177
4082,26509,69.74440112397374
62033,15135,10.083677394134575
24807,49141,22.463958072983687
90487,8857,44.70542004241822
78262,15873,59.85681626184254
67687,22327,97.7489871476172
75803,22764,39.59030434090032
68006,41340,15.022107528306917
18788,28649,94.25391902873956
35228,5865,34.74938374058399
31469,42014,56.8147920513044
91698,40912,64.24292811095651
98016,34771,18.561625149625414
89554,2642,48.23164153496618
17892,2650,88.30368496338491
75079,10912,30.114752486257835
72475,18517,76.49806962550524
89691,5953,32.24709046852466
99303,18185,16.348791877280128
26860,25737,16.638871329068262
34783,31344,59.5073642704412
16963,45535,20.723300782873018
6070,46451,4.167531883461266
16223,19041,11.993280911816136
47871,25127,95.89107125170707
30747,12445,80.65862549425373
40340,16283,53.71985480222616
80209,48089,60.03089731402067
81495,3626,96.79960973510853
78261,19455,48.505532288303016
66917,8202,97.73796839403236
57877,16357,88.64839579856135
40705,39583,64.87533455572711
37621,3252,77.7832984659496
2156,12179,90.30002750039516
80963,14105,45.81836216779815
34733,32793,79.8258554335125
93830,41330,62.55244561715997
84878,37715,52.578871465928614
20907,23476,14.035598257145125
93808,45095,76.16900529354736
98199,31092,57.952906366261345
69785,11612,13.65756221121147
54033,7061,39.79478075251444
49231,20928,4.928807458361721
92057,4077,27.398461963294917
15512,24028,41.33407939206275
39806,12714,56.83354676151707
66535,19854,11.136714729869928
74030,7347,49.31578007520049
22077,17766,25.31140276877049
25478,2383,66.64509410005942
9256,24285,24.659769608601238
19098,26430,48.56122901979042
32419,32555,16.411813765267787
7577,31334,35.37190870682501
15715,18847,76.53026435295747
67213,42720,79.46791201715504
11007,12854,34.66111580152985
90732,4216,46.26810830022336
54663,22118,47.564322121832966
6610,7857,27.1199104914473
94328,26010,10.080435942415683
36282,31952,11.308957353338341
14836,45129,64.70770237181175
35223,22717,91.03063246203584
59865,40572,1.3038372503562843
57746,462,67.99614203203524
10862,38898,94.25435086120531
20826,26879,66.66144800100709
99304,22767,75.12421007195195
45688,23174,54.29285641458187
14057,16182,33.94126634776283
28673,19974,9.23515929884916
62126,35585,55.33545489778661
92873,46710,48.93999300480031
57815,9355,27.114913923588986
32260,11371,17.3138921053866
88378,32652,12.134174265613098
39345,35130,11.834067464074906
86683,19562,30.766860833216963
69348,651,94.44502658313243
27071,32486,95.80771227068193
54018,2563,88.05037364016574
25165,43317,59.90750784394304
71674,31851,45.67071288356076
29877,24584,59.7489307032266
35058,29161,88.59039987655999
55473,21928,23.68051796998543
16872,39488,39.91777077936401
87876,895,79.86535947422595
12496,44423,25.92910366955189
59486,40327,96.90348589718897
81630,40148,74.48976630881077
97130,28450,9.405780365203391
57959,41148,14.392017802417307
41558,2601,66.78551916140788
2514,6414,7.73058680328819
38107,13464,56.864346331430134
19697,21684,29.93422335320063
27853,24050,84.64555734919585
15715,2490,75.52878925514912
88467,4463,78.68902748852231
14968,10926,60.73471507170899
57629,36984,5.691140920378807
63637,37669,62.21151286081987
87009,45104,61.97819609176652
37207,45837,79.05711363619255
92112,29213,23.256286325026963
86170,33350,6.84415660664351
5290,13518,44.68112528782982
13315,18947,15.663158574664847
52277,37846,32.54177364951792
25968,14381,58.504913756555496
77782,27782,37.437339724563756
6116,48498,87.41227952751923
22881,43312,54.06699792423082
55509,11756,95.1649308876058
45148,34283,85.59596519846161
88427,23683,22.465789807118355
7824,43601,12.314615349611394
69173,8297,49.75301992927708
92876,10099,71.41542312621158
42359,13244,80.79428359517637
18557,10382,16.741297201694266
96052,36701,52.84432446093624
98212,16174,75.94095895583224
61028,40906,92.96094586475517
19899,7387,6.104798070348791
42680,33476,70.70548040250493
51169,29766,49.43161877240163
25485,32613,66.45551050156048
10901,41368,95.7259212304208
57084,40314,61.63597047988752
58939,24650,90.3572910087804
90670,8533,43.73047322134049
62594,12673,87.53005589335736
43159,43987,95.02377908053236
71992,2745,30.141211141450633
73765,33845,51.8392121122654
72172,25238,26.65085528620508
81142,26067,43.39768831199278
67341,25109,82.81349089247612
38544,5630,89.83434283117552
42812,36016,22.225410225916892
67997,33835,85.53656481417045
60079,44246,22.653885426959835
46158,36821,29.30094505570241
21872,20319,16.756547170636075
61363,31639,63.13798218632431
62802,14101,39.92044834068995
76314,20878,11.955694935440453
25241,34832,82.15575398158224
81949,12862,50.32166062644596
44249,33104,96.35891250156764
59131,10975,22.745848155679873
85155,14514,91.64431914880346
78242,33298,47.43549683232311
65866,33520,36.13390639110521
97945,4138,76.65596832863883
82098,39962,54.187050658505896
18751,1497,12.787159904596004
32399,35727,76.61829603550368
47712,22297,98.7500894871103
59094,28164,90.33208795549925
99097,29632,81.41128309095018
30590,27055,56.1412893564896
43643,33661,84.6028693735109
83568,47099,36.93781564285249
43944,9373,15.530002114137222
73996,44976,56.45647997577946
16959,4756,5.861890581515664
62610,28295,86.3164466795609
66072,39914,45.25268689052311
94045,26017,20.554875467847612
16349,45302,75.02360530096654
68045,18432,47.67157821872993
26030,36122,36.17631442208506
85156,48752,37.22941045812675
71729,22808,71.32271271603486
82627,9965,11.29006707216976
98949,15219,64.5427001314503
95760,4195,30.228375657467595
26737,1803,64.15223199502464
11770,28668,8.957545961535587
90132,48328,37.462370228453715
3886,47607,82.89840509351912
68911,33801,17.617945258866136
43158,33050,14.121202632653954
90230,33312,14.369575272370149
55682,37655,48.59145289874692
86106,33278,73.01578586755757
49108,12362,57.728666506369166
3553,36335,47.47860539699131
57615,11386,81.20425927163949
77666,38838,70.8994981060158
97739,21816,36.05559301224535
95858,31375,52.04215792440067
92273,19763,21.58508269467101
40816,41151,11.094914950446515
15580,49181,85.37456010427522
89124,49046,82.27458584236153
53102,8977,48.68818031896369
14304,21255,54.63105227821522
75383,43776,36.41385702388402
22263,30418,57.598591445309054
3616,16093,1.7392288498366777
87789,36120,55.85276388304272
47657,47844,32.75861750891403
98560,45503,8.505742290668453
70545,36684,82.74005710471587
39659,15010,50.53072434398404
12613,28137,43.837430601259165
20872,26349,30.25547423261405
44338,15190,39.84711082973101
60571,6307,23.44241441716989
7851,13683,21.321924896070108
40452,19742,46.69911199939575
64033,21101,89.79901954643063
25051,16647,61.69305919572498
88822,29740,32.18857290661297
93428,47228,27.714075097953728
48407,21174,56.07383505998452
29546,46799,8.084683201350426
18073,21265,11.418524557988063
74779,153,98.09958003785849
67969,36273,66.61958953165384
8717,45793,45.92401548109201
75882,19880,20.506276788536027
64415,36698,22.417246619457984
87162,43904,9.912884089021231
78199,1505,72.1042549302438
8119,32291,4.570235032301762
6452,47577,47.314595443233976
10291,28990,68.01307979392658
9290,3272,69.56184737595504
95209,37511,81.52726164104392
59378,22702,86.99713383761996
87102,25573,22.866036225769523
17983,48479,39.766646310508754
69539,4348,14.976574164994593
49969,20886,9.856265016138353
20150,2972,54.19657985314971
42936,18320,46.43888988421008
44454,21094,19.46968397459854
48888,46120,93.4125613446541
8137,15128,28.399791387556988
55398,15997,67.0684495101339
22357,15161,1.4923111927066908
42916,11792,40.98300669719742
34965,9549,92.18345967472337
22661,37344,93.52191669789306
38789,18085,82.59054779176665
82527,17084,7.9867779723515655
69832,10009,48.19218232911151
97344,20110,87.47243213692761
36149,44392,50.052948211089536
78567,46146,43.85582133262224
7945,36650,53.46036512153708
43741,41486,75.10444303022453
40260,4249,93.12778535403666
14499,20749,94.52043114507545
13125,37442,20.78632818423716
6221,19023,79.32417404659734
73180,42229,9.589837607622144
5328,49758,82.28110881656869
44119,9417,76.0369512471457
96300,10050,66.98093340104899
39041,223,79.5766789516013
72890,7782,23.804280717764026
91589,35160,18.66046401285344
26528,5784,75.13131828289134
64986,41083,78.67944416695917
35427,40085,73.78826109286925
12818,45698,14.715964758410271
97054,8107,33.49760521858463
88480,39292,25.895951350607188
43285,5525,84.88302922060772
97272,2096,3.4198950893217517
12284,26119,40.73632942878286
45077,120,80.66148977594482
71672,29500,30.459440631942307
69336,11951,45.408103039083315
88344,10113,12.371748922624231
58464,6536,13.776471695453068
98654,5631,19.90483490577996
75123,34479,66.05735408802221
30832,5650,49.190190102184275
94062,48448,55.58884563318293
61624,42609,59.39479737159175
98104,30334,86.5636222139482
96262,18156,24.24953488426677
49481,32368,2.5888327895296506
62531,16441,51.55937830866073
36104,47088,22.146331385865977
33390,37292,22.210432413302673
13423,38923,88.82179779509694
16363,31635,84.28621380687603
79425,28213,87.06314972542222
48890,7123,18.864182593995128
8447,27631,91.4116147697103
56367,9640,64.78873481505761
57103,6803,12.963922817469438
93025,37760,28.550998407852287
48452,40974,97.84519045637869
81440,6435,86.69377343661631
63527,21846,54.71191089987231
97472,47211,88.2817896774147
24419,35367,43.96968738816131
32895,40234,52.234323015676
17147,44866,91.89261053391533
12717,12803,55.77673316737315
98972,30551,5.01512907609435
84018,139,77.63865865224086
84106,3962,75.46840031941126
46664,6758,72.6458861100351
86485,43033,74.023894599062
65795,35728,76.45880922634095
76983,15679,44.252792216312066
52781,28718,43.86954858713919
84538,29399,57.87161046458928
94633,18177,54.78806623438951
2619,34847,40.872359166443225
98442,13478,10.054005548162557
16930,30165,19.165574623909944
46074,9503,69.0801449441761
62652,36869,62.31332759047501
54183,15578,92.21317949846247
40600,35470,71.09596888955458
25929,42285,11.664704276428232
32771,37771,60.03129300581808
19885,26327,28.314695241372462
40099,7199,26.604980438052117
33821,29616,31.50303245859696
62629,12100,90.63588568820111
34779,23648,35.71487074824667
28182,47322,20.206165145039574
13743,46556,13.00034436168406
67418,4557,73.48541660766253
13040,24697,29.492337213441175
42436,23559,44.31388602443646
88932,2437,90.42806843762389
91567,15948,46.765272794886506
73926,47785,77.66004367157879
9680,36794,37.74963481030037
83965,36829,80.19548816381727
22217,6244,89.37896100719242
55768,22872,7.976760654938944
93959,10881,80.47300298545552
66368,3060,55.98946880465867
96418,11358,46.43211871428796
87482,27762,39.387893972684644
21761,36659,21.640364365687688
34885,32569,58.65292812334251
11916,11603,2.3555579608622432
1357,3886,88.2325243119561
45424,18251,27.307068026882064
99972,31554,46.23711212434349
58183,48460,74.86531779633572
21370,32556,29.128902146760975
10617,32986,66.76210897492783
68068,2111,41.16092986274431
52400,26883,34.14697896219256
15723,32253,59.28017221272665
78281,3262,12.62113066135489
8760,5775,7.593866637408613
34916,33639,94.27783341549869
25322,26289,40.93940907642325
25024,41584,49.27319628936693
28493,14146,95.07277302294258
26932,14341,54.07282157244838
58844,6408,47.644893985743316
64161,26103,66.53284090005343
37390,2393,21.1563577750521
88963,10490,16.07599614819392
38706,31506,53.72506530254913
14755,1912,11.560098686675769
39053,38939,53.99754621935483
63140,41611,96.59133041994986
27713,41268,48.515372254190595
7326,43466,90.48031684844057
1041,3861,5.240789593570501
42697,2218,37.62095152224893
75809,45177,82.97756506229508
66789,38495,43.61774057894155
11049,7184,78.01987237079952
86839,48367,11.468753026421963
30289,48758,30.42308352016409
93747,26334,22.133891516762752
21286,482,34.1937796558417
51531,47090,97.57167520902829
56785,11765,38.037624076556405
34607,20572,13.31721175033332
96628,46736,50.12907589825645
27023,7961,87.48283063805529
95249,18078,69.24558661304675
18071,23222,35.010937461861225
51579,21981,61.90838546854031
47505,44321,8.569703823883252
89647,21093,59.47629119694836
23734,26872,44.53814169074715
9481,33018,16.166288999750748
5563,39097,4.877620118825602
58662,23150,37.433876764887835
8842,34877,2.1381722006000405
3699,25445,78.85912071617265
80653,46591,94.65433101721912
75909,29408,76.95311176108255
31919,47536,22.132433827198998
83507,13011,68.16747006315305
94379,14629,41.421653282221335
77416,5200,71.32159879331964
67890,12518,14.5628438943834
88545,37606,51.498214391781055
99124,19101,43.99935855122948
53770,35197,30.20825266819848
12246,12242,6.5681862621033655
28303,42076,32.64930070340484
92661,1244,11.96138632828226
66014,25006,23.14886896781274
61847,13472,81.11648253187535
88787,34292,48.7353314189791
56113,3021,96.0755597481146
90770,27306,68.77957064909839
22751,7611,77.59779905359142
51361,7731,35.749106129430146
87184,18619,80.26517187421705
97505,32420,19.434840237797047
10735,33038,86.58382523459873
4120,9857,82.8300866000851
38432,17040,5.493677344948558
19864,33338,44.884336178664
1560,11010,46.316202806427896
9319,36888,56.710186954330474
3111,33077,92.60609515708353
86371,43491,84.42897226630095
40869,34756,11.39873732862531
93780,45957,23.555036626736737
14884,19084,9.665306630314253
43979,17696,93.83495525921072
50833,34953,20.758444930035786
44709,36930,21.636729044127073
24403,20148,25.3676152866678
57559,42789,38.67483557590915
96671,22974,90.90366734685385
45881,23913,81.97646496926832
32641,10049,55.546893269887754
33266,45278,20.8646733369292
62012,10516,71.63246086033136
8664,33894,41.02439748185902
94909,12774,75.58153506445815
17834,37140,44.31721022214597
92976,30356,42.149078279540525
73587,38628,53.32952394683715
26466,18439,78.00453698847221
58951,34616,78.02223228104992
95984,12196,46.53482189561529
16273,20283,75.71921086177596
81804,19066,67.98768535788693
99707,33552,58.287520289230514
90340,17276,4.948623527403525
17608,31278,11.653009972264455
29910,45275,84.49803934091526
43656,1395,98.11211895384139
32802,41869,51.467978722121444
84810,8449,16.30300075447485
30064,1718,50.146209302274904
78050,18703,38.057645595787925
99878,3390,14.96112187933747
81635,42366,61.40578771877077
81407,23424,93.56937570800854
15609,7735,10.6826841096513
93775,15340,46.52040319604184
11298,49180,18.225740290609686
63828,19482,23.35549275205425
52880,49808,54.62862464490747
7834,45484,52.74421754534304
71065,38013,67.31843077323921
65600,45073,72.37457572285362
58837,41867,39.674310561929616
78900,11432,58.24073011493197
11162,20171,92.03114405571642
37085,30245,29.772392016302405
62575,43395,38.42331940196784
69043,44025,10.351929046872545
87102,12236,57.97432958824659
14402,42860,47.85317144863374
5783,12482,10.698851850780889
90667,29718,81.37590634251582
25417,24297,28.520702751636666
98623,28299,80.97268334364165
95632,18383,20.88317633436475
9317,49780,15.844106904969374
98059,26633,73.69191552082967
56932,2490,66.83613861922977
8966,11147,55.042238232625984
58675,4387,26.061000409790285
87733,23870,2.0369105079429453
85180,31040,53.20819235455563
59784,31917,96.38567251664678
97095,22378,34.08150523111209
86179,25963,81.74348534459621
54369,47510,75.00343127791852
85326,39810,36.349735817509426
44355,2174,12.269018280607945
88358,41448,71.22699029929242
81720,9877,29.490094663582088
38298,45250,22.850645818696204
1425,14237,71.35211442630877
91106,47430,85.51657367102851
88627,9870,52.93514291238762
35868,16084,12.015796415156933
54322,14941,90.93000944800384
40848,5134,4.560309884784884
12946,24621,32.57664622503371
11799,5159,17.238875201213883
96318,5176,62.83771521079447
50400,37298,65.31655644184953
62339,8434,84.07483195379677
44537,39972,30.747683458428586
58578,48189,73.75563566626332
26252,19785,24.769793960493132
89258,4056,73.36954488429377
73694,49857,27.935997001168836
23444,44011,74.23805129322713
91515,15887,18.42638423426374
23335,24159,11.098614862933236
75555,49097,78.9735689954759
87015,2935,44.333088589721704
54266,16847,55.45037501881806
85642,40585,29.747910360950627
87869,879,90.69210238479188
28884,10653,18.976049547793586
53575,33518,77.09040865066957
94901,16409,10.696510477151099
67372,25108,17.73552958455042
97961,34126,19.032694806536796
39989,30893,91.81151969183746
7852,26765,39.42889081014813
41770,36544,25.568805918843086
64126,2688,5.77682737966502
56141,10526,55.76153103596525
59623,35420,10.08330875286993
82728,20038,11.102906881133697
71717,17017,25.665859146227625
18249,27254,47.37990140767654
71337,31811,15.096861514914183
26595,23200,98.09796429512828
99653,9021,94.32587778538588
98771,47163,21.553018430657602
53821,26310,7.729850801619149
27205,12036,94.85007481237325
12960,22764,55.55445328922822
67086,12719,7.78130325241985
53325,44390,19.666841501391396
29545,43173,60.41168198403444
47831,24708,78.33764248413615
92676,33541,51.7763659443182
33898,1390,2.2197455094677605
10765,5247,20.711718997189664
75589,8016,79.99522811969925
84915,22804,82.46365505736576
14748,30922,60.85858882156146
37223,7216,25.220137749552922
3596,12793,7.556152510938061
20677,14811,83.78326296517375
67412,45046,41.175215022575735
37490,36007,38.84973964960015
10204,29105,94.15708902618378
87496,8327,29.847964828202368
12677,37938,44.39435172921507
96807,20493,35.71463463071503
91741,41157,18.907683219978697
33767,15483,91.99992329792113
63380,17048,12.897648844880491
53190,33313,26.567574053615505
76222,1137,70.6955084642729
1264,12662,3.240181124587582
46086,46179,17.178556190800652
30227,8725,65.50927236274275
26697,6074,47.57510956820996
74132,1239,70.56743028125862
76853,29242,17.495509274121556
17853,3181,81.66232949529777
13423,46413,98.08230205036091
23080,17269,6.686806070252577
12328,415,87.47060751842963
15944,13564,11.312961053382365
67880,48104,79.68713458370775
97244,39864,17.098992972718207
57625,24800,64.6039250541634
73212,9584,86.95773318076601
90479,27878,54.316811587062155
28858,48487,7.653230999358633
91458,43903,66.40814232046718
19619,15142,74.50754835558209
8655,31856,30.54580310122696
57021,15008,3.30349248413153
88986,21630,1.3939368257198828
81669,34262,5.891990190855666
12123,49726,32.924968348677545
50242,21882,16.233165733972957
35504,16526,36.24660366625601
37112,7381,27.26469590255432
56244,34295,13.918343365909113
35207,25810,18.233953740351165
90026,20964,42.52425270393766
41657,24577,76.8567829279965
77199,11891,91.22090571864968
39092,18822,1.1841428598487187
14288,44179,77.9503439949442
63352,22262,32.25891056868087
95961,25901,26.486528356523007
30055,45622,12.416720002989537
1878,34937,24.256135067136437
71435,25785,63.938274140164225
73381,46506,98.57717141045582
64986,43364,95.74092384186085
92949,32746,91.65649229130557
49854,6860,71.75950148745692
26446,20167,46.16586776029712
67040,14814,75.74489457201487
55442,20262,45.511725493576876
1961,21582,3.1453826363236144
43520,38132,26.86312284240681
43196,24805,70.95227176444081
46176,14465,62.30497741902861
8161,42210,9.037588899767343
86315,23693,40.64388085157963
97855,5389,73.59057073136104
62753,1855,92.98224840636917
95892,20116,71.56134929557517
41826,10809,85.2269899846663
90130,32882,41.6028906332644
6186,37111,47.62672846075348
6666,38679,49.69629486643735
34509,18930,95.91867750782677
19508,47601,4.2767724619617935
80153,20587,28.626841200343502
79159,30207,35.190617581201074
99231,4255,77.6438574833964
41706,42733,21.970803823560132
84670,10300,79.66494987856183
46598,47424,25.455312012466113
59124,26542,80.10373503794186
8496,17191,27.011446337228705
53814,8454,61.665964294171324
35167,890,72.78228107820789
68644,22023,36.38778958083006
78133,9473,92.39604541472482
13863,20965,87.62706707130462
95703,1357,98.77753581691854
83893,34004,54.54273568158356
61907,867,26.76009633787188
19464,20469,68.55199706749679
13193,631,6.269759076161063
32773,35765,26.651161223594812
84024,32853,17.28613911435496
64960,1124,55.76416770801715
24816,33395,86.50893228711502
24795,240,73.59435524162396
20004,24935,64.86356399735362
72073,16297,33.94375361035498
65284,36052,49.72168801856776
69714,24240,4.323246816682037
47407,15484,71.45993851089733
76917,8383,91.21049731641703
45691,28992,92.75331294023135
62233,47796,33.364542523603106
55650,14131,38.23687354009331
79745,12504,67.06421928927921
16483,38719,71.79677635643914
9443,29189,20.6602487640939
29636,48194,66.62108295623894
88258,37568,16.74873667199981
65893,24771,40.29781609893005
10943,38237,66.72445130616164
7108,22133,13.102307652398485
48926,19025,21.434604932839385
52882,25342,47.59431336882447
11190,17919,62.70385918382164
96416,1685,66.9036177468477
51813,14953,5.933997498536826
63578,18746,65.96835469386599
46189,49824,12.901174191537848
7290,89,54.18982872653812
91617,18376,14.35458754115165
50408,39298,16.947476455719578
57686,35061,48.10082384829606
34743,11780,23.27711570634872
8911,24227,95.08001004021389
73329,28498,31.623285178773365
11908,4079,24.71711245151557
10183,29158,39.52336933222041
4289,5741,96.31769464928898
80613,34347,49.861232170283245
63288,1909,46.68042794787584
78989,37088,43.352703062789864
86504,12433,24.10167212380819
29288,14412,65.52898954089963
46363,11625,70.95772798458663
45546,6424,70.52589247260565
20681,25293,91.27920314797895
58281,18457,96.7317289887851
23538,25490,53.07128197110696
9418,9756,34.89542065097842
9175,19287,2.657889921805751
5615,17160,14.130232153558667
71598,9228,45.12308849119231
20767,14841,31.84797458081304
97817,41679,19.44819079565246
62075,40276,1.4426070524106602
99155,24073,13.270887075516104
47286,44122,61.34640302743188
71480,9203,95.84697728734496
69674,43938,77.59395407021522
93784,7587,82.34525525955694
73285,22060,81.44683038114516
64123,12408,70.59528237571077
8715,5501,68.2930651316619
66609,36801,74.12151638734538
28151,38319,87.77681612420801
37784,6063,84.21941915386547
17856,6340,77.49141849166264
17067,6482,94.01543039569607
92755,27630,3.6086628282592406
7782,9650,82.758988515233
3246,9273,25.25830768938245
85506,3571,63.800308880507394
98997,20754,20.566486967950667
87371,1342,61.0801565197001
66474,16221,25.017476833224475
96437,48149,83.52410328429669
78830,38975,20.83112566338006
29955,36547,60.20513299769742
40641,5602,40.19874817322529
29778,3040,43.606159381645504
50302,23285,38.48245735835266
8659,16163,2.7781268869336144
31362,22138,59.24656047570789
76248,41780,66.68461719677742
57379,33220,58.60927066320492
70570,13635,75.47346636614094
75644,43347,25.003533917473096
46443,35023,9.73214544790717
1500,7332,25.400899520493276
45604,20439,39.82598399299103
96196,3347,26.36465807209772
69067,314,13.394165617950748
22197,865,88.83474272168378
16776,39607,64.32142288913286
31309,28277,96.20689555832053
22644,21161,19.62845462075507
20959,21508,16.436820871936092
73932,32869,88.87548445501697
70236,48627,96.44674315714252
72077,43815,21.02363247978758
44154,30801,1.942441947773709
40363,12531,14.512994092987435
3290,6536,96.27794895960969
46683,21316,35.85955371673598
91034,28042,72.05320222014866
26847,32446,44.223183877659665
40114,16110,72.85029603969733
26897,35052,16.262103214221234
84763,11473,17.96904533437611
90693,26011,74.68695883869678
39458,30449,59.52594782317166
59448,49933,7.305810268442086
90932,39036,40.001157824995325
99200,17249,44.76781061225817
14316,32804,31.485260443124925
45651,44052,6.119685795880116
65715,47618,39.04358497440554
37111,22794,52.815087388829824
76736,35575,41.94461914203807
27963,21666,52.27694150233513
93677,922,64.93888471099524
96424,40082,25.68650734138485
61360,12047,76.0065612421952
61766,24335,18.414187305954734
14096,21935,24.638551490763167
4194,2575,45.4132389051895
13960,7480,30.482515573705008
28266,20195,24.955083268051386
39685,37086,85.19881830273235
27462,41069,58.28463463015579
54250,43255,91.10650358967783
77432,45896,80.63464638052196
2015,5717,38.3935102657756
49774,44810,42.01905571995699
9254,31194,94.45908861515112
45693,8487,88.90593438868618
21390,33200,10.695172811216125
77079,5491,82.38257390073355
71024,23520,7.976704652979604
47806,30699,88.89377363523084
28986,9707,81.686702975207
46792,12776,78.80677905802314
22264,29830,18.272921935865515
12122,25297,80.27081354571284
46950,25011,39.90542915039724
65097,19989,8.54583360065078
25683,37129,29.704511909928772
62215,9794,53.75693450984066
59389,40465,71.28877100609482
87040,15274,75.65405974263189
40338,25174,96.15149012983426
70874,10695,50.276311500553625
90769,32463,68.48625598772938
40212,35278,97.98842441543776
98924,37889,74.40493238074262
27151,20920,80.40467978922601
73871,2009,88.59770629732158
17065,10909,71.48803572580141
69551,29070,31.0186023234535
36804,31649,71.85827571726863
48719,35112,20.006501873182547
33714,10885,59.82973777654031
97784,43589,41.54651954937005
62844,31498,31.517429835734248
10577,21463,78.48558938795166
19306,4630,20.19716891582263
79941,26969,51.51315178770669
2775,37273,75.7972347829965
84163,20621,29.494661865264735
77591,43128,4.129090252360509
88433,46653,10.215328330095263
73394,30047,60.368868171229465
50123,7044,9.108595190575663
72052,20903,47.33892449694445
9418,4072,80.34244017084414
23767,27510,19.74766694755635
93853,741,55.05210129543895
76586,41264,73.20264406902588
68964,34479,84.9106893912491
27573,39899,84.03377699983737
57061,42734,61.91479903395365
8607,21562,42.726815189982815
72211,17303,80.7232886709953
34223,15309,79.33426171480214
81326,11910,57.56758292410818
19415,33308,39.05299440569271
40604,40572,1.220189380530762
20305,8140,20.326562636521885
56445,15909,41.86061026518262
2155,26173,80.97813447504983
63737,9321,95.0056428420761
30231,31580,20.083846309956435
19666,22033,79.25211104840643
90050,12212,21.785080106312634
48974,1229,91.35199735747872
53749,49286,5.100121783625523
82690,393,23.09720874292643
93878,19038,48.22087583518945
60097,8006,75.13722699440025
46472,4458,28.965718962374567
55032,37573,86.10291023371852
76655,32658,4.353781177876944
93499,10925,53.63687801721753
66651,39386,65.07044846294711
67497,1830,23.04578274242031
17596,43114,18.05402694202732
84785,22738,14.51528328194693
11545,31987,53.40259209147818
67922,14994,11.970129304228422
5773,34024,89.18912279295462
72418,13666,75.26475090775727
71708,19004,15.912043013405373
80444,23247,15.03735740060019
99130,5237,29.981232519693474
62803,34576,37.62851062353657
40232,25115,91.96563775277632
17582,20808,50.7145072004046
42136,34135,34.9682893482214
82545,31173,28.34169647393931
28879,41115,74.19630855461985
85002,13606,46.02493779318922
20222,22451,47.36783541373032
31914,40368,63.30666640897006
66775,13684,56.92882090773
18275,9503,51.770227612521595
55746,32554,5.521667565280762
70380,18492,58.888302492006666
34282,35615,47.88824861720128
27573,21511,5.862471685748483
62738,12749,41.176594429800886
20420,32983,49.06380747254049
73631,21059,85.71494880863311
54138,30038,96.35081739110932
68746,40559,67.6833246876786
97679,40635,41.98438875601058
93085,27903,92.97865336461717
81664,36647,27.999250717821514
87063,33831,37.471750115763314
52047,11389,65.03715123635344
15042,16608,63.10753920403988
57065,17209,26.59461715819486
59743,6598,18.21638287494579
22808,6845,14.105800761320124
30833,36709,43.803048979499735
61390,12053,94.38422857283815
15930,30611,10.67241754818708
46844,15660,21.151920508392852
79884,39159,48.36574916452587
86719,37057,82.14229778673739
27266,46714,50.205927640481335
77163,3889,64.58063236507417
6788,23825,92.24037401560376
35938,44631,96.07876818265595
1065,24728,64.62215688523945
28988,43021,94.22801755766625
21305,8035,58.57781588631832
86307,12923,4.865763321740653
8013,29810,62.990506314161735
21841,4640,48.80647391226723
26444,3937,95.86160275761345
39370,3901,46.29370691379447
44176,30559,25.41074354983624
40244,22028,88.60510267310495
80960,14981,44.02860187113747
79229,25535,64.10528768689606
20308,47018,14.744475217784148
7330,49513,12.331249963924643
22420,48016,70.20180478365194
13461,34490,4.1967891471702545
98418,48145,20.633668154073717
9563,19077,26.371700527568947
5978,19073,24.800704233516697
71233,29634,26.649379736811188
14813,36574,79.108304255457
57905,29050,42.70357548322959
12746,49322,85.8636053550944
63412,45263,17.5475641160241
29322,2944,98.94372147658086
3181,48339,32.74191050852505
68037,43382,5.359276741964164
35848,23382,34.685379403229334
11387,37989,43.94973136576326
24925,21754,91.93501268779066
55644,13043,44.57702751052483
74182,7560,78.13942044154521
5431,48459,83.85090594247505
74863,33290,84.84335959560029
35458,39821,87.14467419794673
68899,29949,6.331305081235056
61261,9679,65.46104618351661
79818,3903,75.70829342349793
92041,26542,15.34192115115305
29828,19183,23.728037444247747
22312,12378,1.684980108522198
98180,192,86.76615755021406
80226,38449,88.36103835275412
30847,44417,97.72199696534804
43935,43789,21.30149974499877
21059,19116,31.514590198318842
37412,41328,9.022047802250798
11740,46994,37.9345061823551
95998,11947,81.69002646883557
63158,41990,22.999211656302172
24138,41250,13.10617558715947
39666,37486,43.28364392920364
75198,19986,74.6978146527908
32294,8016,17.362832900487458
18477,44169,19.749031447910134
22304,14881,17.767050861178564
2687,6225,34.15416859386532
27243,26364,23.854158716479073
37133,49709,76.21425954057814
53283,11992,62.27497897663194
31456,44966,27.415216895819462
94433,2820,52.5895945513475
61286,31562,40.84414782464739
74967,31194,51.191020632338635
6704,48438,41.3522704671073
98592,22650,10.186482807131062
51643,45023,80.53828647577706
66307,32246,10.004897064468302
19345,45512,79.48731765072205
10760,49182,55.43719249242289
29942,25635,77.55760626700716
38383,4636,59.949332679663264
81974,39293,83.08433209103595
19839,40256,63.011320397337215
68479,46392,36.915848300953854
42936,23046,49.31460481659783
33855,22780,97.96039598960911
81716,12484,78.96500890300175
99534,37439,19.17160326812184
22915,32860,46.3013369065727
31119,38808,23.405767063033956
67260,3462,4.151382574868892
20051,29892,61.21302549357625
35502,28266,62.3403890482445
24492,14141,22.259441443302293
40800,18592,21.690527243998083
38635,27513,40.71292123430394
58433,5849,44.26934533569794
73151,1963,9.595090337343521
89426,46298,96.34673660639105
84707,40411,38.95163951038523
71391,28953,48.21032103910755
75873,37613,39.49704361653462
42006,4260,84.81912346044679
89696,39261,69.24719333458717
12073,25096,25.372612175002025
88022,21479,28.645213373212304
79206,49665,57.83520650460434
88625,20826,22.75575241912165
72047,4172,19.75978747397045
60757,42118,87.79090915525309
73059,29876,94.01499896601139
3907,21944,25.887898445491338
59656,40942,60.78125622163205
27699,49632,30.946076398243278
20462,16812,44.96839085071735
65531,17162,49.852038088238764
3221,13596,8.229387089824982
14737,4277,55.238759994945994
94930,5807,87.72520118246248
37096,38597,26.423100493245823
58970,18681,12.024434624361882
49992,29908,32.000839523773486
46066,23022,86.94819110813955
86533,13761,86.93316906206815
12960,18787,21.610839029573935
23057,6795,87.2020151363455
43984,19452,90.79936330381183
28872,37954,9.710831700453728
68963,7139,51.72703901233195
57138,37723,62.84155097379139
58419,48000,16.898675188370586
32730,22106,9.711587652925349
68367,30467,61.06423946167508
25198,49816,86.53671616602394
33524,2810,37.267909164149955
21740,18610,92.56479294658705
19881,418,43.01438545300203
8597,29683,88.55281285097713
19265,26872,28.682100170020068
26541,12552,85.52799158633752
40308,22753,51.74674198405827
48109,27857,29.274689179356315
90431,7851,93.99914571147046
16105,9031,9.318758194921132
23436,26675,61.08061168984051
95925,3155,48.64288474023568
56278,18542,98.98330633718258
91554,40850,92.13100393938946
17378,44514,17.491602348930357
41931,30519,31.743682384772868
97386,21465,77.84692690730083
75175,7176,14.727359092603319
8700,32484,6.0458639828192595
93242,36971,66.99820163367852
91849,37944,51.08523752879639
26998,14354,26.430077528387848
97388,11180,62.30694461265051
73349,18660,37.5628561234073
4750,11634,11.393144454298097
87376,27964,33.62943678305157
19635,30026,70.77850538097678
64717,23172,40.65545169522806
2386,1886,19.869483462029596
34732,44798,33.6342900743442
7397,5615,56.67023954961947
11909,19560,4.598669267905637
22791,16747,20.76272865696433
64844,43435,70.98007894908791
15169,5535,78.12470440506682
52717,28300,89.78351896568418
20126,24237,61.66065763926051
58161,26557,43.16783148377953
56655,17009,73.82503225589362
17918,17274,91.19079497018653
46938,32526,46.00362922776235
20312,4855,89.26900708138137
64373,1308,49.4502284480115
42566,45827,15.820459648348244
43815,26087,70.21898374608337
96463,35530,48.25444436832733
12969,18657,6.07354061810319
80513,44104,57.18630502543759
46732,15297,17.367935995070773
5563,31105,46.2988641379718
44378,39620,2.6210122363930113
17485,10393,46.76052512370708
10140,6415,35.520348162646755
69067,9081,76.05746377759246
22216,30039,43.999353462379645
46046,25072,79.00464493010271
99442,4589,93.06818121531737
42988,13974,57.60268346123064
65501,14502,74.64907164418268
42605,8667,20.523230072243464
32475,26866,78.16081979867488
87800,17980,44.24219061678917
13082,6287,40.378704919061654
21245,49905,44.098342647873494
94302,26706,37.953524966002966
99001,8901,67.21503503168579
54548,42292,59.24851619104129
6055,23420,36.1723612759056
5035,7747,52.63721093791537
76148,31383,52.94174114789028
6918,6116,4.910526456564468
63947,15606,88.35664493714722
14209,895,29.825461580741226
23450,22063,12.072802438244622
12177,26364,60.0367463643626
65950,13209,97.39036922191761
94336,28041,19.17435077215646
90006,8081,26.956739396224602
70541,12393,82.78375661164908
31469,780,9.376069579881614
26024,22194,69.48936191378445
96399,32296,74.87053159025885
94166,720,56.16739292511917
94688,22382,73.46662738132979
20316,44639,38.44149014244848
8157,23792,44.69982257730536
87534,13951,30.449093119917613
79247,31899,16.30924644617424
86553,20155,78.0030035364485
40853,31288,44.68546864748752
16940,17249,5.866761716042575
81332,37366,24.80341524269273
53568,25899,52.43545099357388
7586,6902,80.73198758995585
72470,33663,10.866038459182569
88839,34870,5.521365542093346
87226,48746,26.92190980902198
70051,15425,9.707214441953596
76009,18818,55.68255730379456
61371,23917,69.69939086008593
4566,32762,80.26241337723042
67958,37047,33.06494979027473
25880,43507,9.274561025358897
5824,3561,88.6892474230655
45903,31690,26.590014392587726
7756,39809,57.97575559565211
42955,38204,17.162419462844
62660,31667,37.61099666039596
46373,42477,10.590506613281343
84936,35329,44.50644264091331
46447,22472,41.28103544829782
47916,22127,90.02125339591473
28813,19231,40.86111093627849
38124,20827,32.50911145319296
61117,3056,82.7959351173014
12986,32394,53.527254913780865
50618,15876,39.275417443152335
6621,12339,69.18965878663886
6158,36084,38.90975346367917
53876,8709,1.8084897894679355
51055,14884,96.64952967669655
83098,15245,81.1600361690099
95449,10179,65.6499080920395
79825,23641,38.593783276071
92036,18379,86.54203474200929
82163,27171,33.95521406528777
73554,32636,22.37809400444033
12221,20327,29.086248986830988
66133,372,30.3348138403393
60345,19448,96.86252691452569
92590,44504,94.05084723540749
7453,4322,67.90356999458211
31491,44352,24.60846126220716
20207,38202,78.22785879215647
28195,30318,56.322921990327245
57891,36641,13.888830295293392
13871,34851,15.108518431251715
95926,38721,21.78187088968329
47128,14490,96.99414232440932
75000,11338,91.25316320393254
13687,27225,89.12624968260526
62220,40781,79.09276645584822
86574,34760,78.9120555369333
34777,7730,66.92373062869747
63647,14118,32.2917585756823
87280,31742,49.87217747576036
15414,13808,18.683316869008458
67162,23408,12.485922093989748
72117,9207,27.927337044145148
88369,4785,88.50504857295539
5673,26196,38.81641837379478
39988,24975,13.568167904692382
52150,29856,52.50506643929912
70273,23745,31.644553200363983
93223,32777,88.40669877252972
1741,9018,45.93250562392153
16591,24992,59.51092414208786
89992,9346,22.599816770346276
16289,1697,93.9875385201271
69594,15240,66.53357805307344
11863,15787,86.90085263123348
32498,25900,90.31771781572075
8965,33791,21.025267052716195
13860,9218,17.023193647654253
66746,24469,8.93446198552719
63189,3471,9.461215167498933
98631,23422,90.42982634063381
60097,42509,31.427224377352083
79992,10587,86.40095553232031
23656,10908,66.84874776736335
40864,44702,72.56948567398028
10822,28230,35.40455912380643
10303,33622,35.0625373851591
10016,35308,23.629936873225464
20467,34117,9.600538943366278
76893,40701,22.08015428828836
63094,27040,78.78338258697515
25493,35246,72.50779195113884
66047,11677,12.760880249240369
66455,11554,89.52884393351411
10080,32981,33.131682825812824
77112,35212,58.16123256281242
94906,3441,31.13845045089225
97483,1509,71.99008837995441
88485,8602,38.986628452623464
8881,19542,21.13998226330875
38060,38006,45.08344590587643
99609,831,49.70650244842754
69174,21542,87.83453089828996
30455,26727,8.63250857388283
99168,41458,52.41929624892374
41307,18885,98.7535625032264
56085,12020,17.579737367589907
51798,19842,52.04518037481497
72387,24026,47.92437617821375
72722,25487,8.18666424542457
48788,4220,87.94613728474829
60576,38625,36.663660169153545
46482,23476,70.54497886124553
81075,8025,93.09451136004554
70100,19475,72.62969329050397
94145,9428,33.348977078440306
74134,12419,80.42663300945975
92350,17447,38.33189324280489
85119,4730,70.07536522815722
88785,12743,90.76040967958629
60147,37833,62.28598731398886
99730,26191,78.11965829166054
62351,43953,74.73568289124518
57646,20864,34.91386683743937
82365,44407,55.68858099479621
79642,36498,86.68537406067043
77589,18489,41.663720803321745
86504,21877,87.63433998381961
81954,35156,82.64382397081691
65148,17238,65.4057060996303
72485,35824,48.21770750567799
21278,19111,22.961720081626034
60424,44370,95.777069581526
44255,23985,81.8569476436923
26083,24705,69.19029146361805
3481,47810,27.93850300407367
49709,16302,52.76265521452604
76529,38627,46.07998769001405
46143,2868,7.1633838459325325
98688,42045,26.599780297186932
84873,22474,12.513521260070316
62891,23194,72.7156190406044
18138,40086,62.05003891508074
94068,7649,62.15048091062647
42547,14686,59.07343923228615
44206,35686,74.43922483205016
68601,44931,58.88404322501165
70101,14943,69.03770689550309
72526,4584,91.9048543575129
90582,5779,78.5288936827897
72873,17663,68.28852917999627
27414,12487,7.080459728481021
25291,1319,18.759830550364896
31164,30806,87.16993097729917
18955,43860,47.582634955733916
61107,12951,95.223249724279
74831,33763,26.581694625033307
51333,30523,76.00612335219714
24228,10990,19.146242766727095
9620,4194,44.46804577028469
47913,15766,66.57746515718087
13640,17820,71.42861771804917
87728,35852,98.15369474197664
86351,14969,47.56787141622046
54458,12261,50.21583540932233
10948,11956,87.3761969538897
35629,40019,95.01900876406106
64584,12422,29.102893618222986
81050,34504,59.05590301771139
5450,32799,45.96964488099619
89646,10452,71.28360965084218
3221,18384,73.26701110457756
95944,29570,18.880804594408254
7158,33570,29.632821889118723
79968,3331,36.09268936177523
58360,17186,51.42349573618408
67151,16960,10.481053934881313
67903,18326,1.4706404916561546
55731,22877,67.30757645658669
80809,20424,93.17474506579282
49720,6007,63.001406704487636
89143,15105,73.99504189371264
95282,49017,16.531714246458783
19741,1105,45.71850793591942
3123,46716,4.402505140132014
57723,5067,15.11911066886419
78037,42379,46.91109867443443
62481,20986,28.666755768182753
36624,33690,21.41942502012634
18400,26430,78.6093574806107
96751,37014,31.097634504698284
2028,40176,91.9059790854245
64669,13700,16.163351057232774
31984,47430,38.32027893977947
2525,33357,5.63735766641783
71990,19588,15.232617379703942
33353,30556,57.37548907691071
44046,33173,8.310611911977967
51962,48876,50.88248949483705
94538,13961,8.687484383594763
26689,2651,32.01633554761092
30918,17653,60.201213217793175
26861,695,13.105452913423301
39905,23514,77.98810818130177
22165,13242,68.27085010753795
49294,35517,85.86241749783507
66858,17887,19.672012981619122
59644,35104,53.979668175752366
95579,16836,44.34794579018476
79063,35963,51.56712718380789
75733,3937,71.05361155175689
3922,49442,69.81087416640818
80850,46239,97.88672808738009
52212,27802,34.33305263059237
59554,46739,85.96461910112104
22417,44112,68.76435246401482
2351,3136,66.53692919216626
53135,751,17.938800485432136
94213,45066,25.15332046449488
42813,37649,52.3993573841504
98315,1346,36.324872071558225
63596,44559,94.19721401836418
62139,20761,45.18806598947618
94668,24435,4.719485776920967
55073,28012,17.99758882347141
36219,24656,10.310763567497686
54510,42613,89.45863643095743
96134,3437,55.2227605876957
54702,41311,57.94027428240859
66010,41351,98.74917213165735
29469,48086,41.22234361986849
15886,15187,75.72177970735699
19344,20773,69.55813419988822
73602,18019,85.09941728923012
14552,20921,66.3632999786202
67351,34268,36.060877837193274
10369,17547,95.87172478046529
36883,43413,60.71495392988446
74826,11204,49.55933272130316
98457,32188,52.9479970947778
2965,22920,66.90902416094347
92518,23918,13.380380533504184
18447,39214,2.387058500197769
31173,32353,6.239652998196525
87937,4098,86.38587481425411
90773,43000,64.45326963345765
78311,21094,64.48515253341819
60898,14465,2.7966275285017943
95354,5389,98.41895815623171
46089,12582,94.11202401021653
9758,5133,89.45654332023557
36848,29690,6.082379506557169
78346,27621,57.53003185676812
84091,21779,31.729790387275493
59126,42765,67.91759967281729
19644,27760,51.94023852714709
79540,30901,48.96954341970025
37213,1336,64.79103099150686
32166,22880,67.18884067665472
56391,45307,13.494991441992198
45461,46951,85.3570108922687
17455,27588,77.80787869464321
12791,8089,8.963579076067532
6781,35178,47.224118505020485
62371,36606,17.350500143438374
66290,20715,31.812857329811774
57536,48211,48.82957334259486
18982,33612,32.9277780375798
25718,32624,61.94461855148879
43686,22629,14.901106489409505
48033,38635,60.21470831273483
86891,42368,20.863467151025304
63871,34835,79.46568110333045
77942,20221,97.67781235151084
7211,7756,61.509088219992755
85726,28770,86.67600424064965
95122,29495,61.625555288133235
61610,8050,93.9802653942273
4619,46761,71.62038869639302
34822,30946,77.29039293786747
72206,28913,33.345304250866036
88232,24058,30.24423199689316
19910,32250,95.6313676664409
33232,16285,85.31154931482094
64064,20065,78.71484875500485
29617,3413,16.611679378018643
97596,2504,56.47131547315631
9531,13829,85.73562830287887
69236,14037,42.70056670726337
28065,49546,28.145588245542232
90403,412,38.206989572639856
31510,2177,32.24663967006913
96400,34359,74.24770981782049
99641,32888,94.06440875628759
52096,46136,88.94897147915091
23300,48786,94.62456774284743
95001,34287,72.68728539332699
83368,17778,26.37667065543553
46688,23715,58.279983977029715
15437,41344,77.83249964925047
69041,47658,51.63528531631877
35853,1916,32.0419608981574
65313,10233,81.78581707544502
92325,32106,89.07552973313777
77230,43611,28.44032356870971
26245,44206,15.910835726680709
88258,2306,92.36639276833328
32667,37092,1.0262866785209075
98733,6631,44.26694731850454
69330,37715,6.478629933712398
3995,32107,38.25998414684933
9296,13316,42.941282990777346
45479,148,42.67908156548271
71847,32220,87.50912440301387
54940,3348,77.58782088710564
32214,28176,33.74176130525782
68899,48681,43.66437037508177
99699,6533,63.61338364255085
52676,6079,22.619201058861357
78267,36482,58.304613755293694
14562,48767,96.41008000635347
76731,30815,81.08334284292573
79001,41380,9.831627760379119
50007,28514,41.2756221580065
44664,47321,17.95268670112679
21824,6258,16.240804247552383
50817,17713,91.50831928071119
27947,15464,27.530693148748437
76889,30670,54.28296964936677
21384,44963,57.027409364798494
31087,7243,24.25592842178965
51183,22358,70.17879442443822
19360,20447,25.455637334411033
90288,47451,13.1079346511337
38782,382,71.67359150208608
87235,7903,2.4921532332739793
20586,15189,10.579139767331123
69355,11986,60.44628987558786
85490,13131,4.065748319952801
93080,10904,19.761768637904527
56414,3252,5.398800228325681
25872,11873,64.41184670739632
84496,33571,50.288558651816
12769,10021,2.1197732942937515
77810,19650,23.835914876142528
27491,25244,11.295815759326636
64665,34894,2.5088509382848905
26069,8182,45.93949894567835
84613,39211,41.670727798673234
54881,38119,30.714038916355417
34341,19190,83.61909900001879
58960,43544,75.36371033213457
98851,27605,79.45029057915369
41658,3934,65.94090041470874
43747,42898,71.80050576153467
26225,37825,30.017747762294874
47472,38406,48.61739928621642
25309,18311,45.267328504225304
43424,36362,64.9530187326119
12354,31919,12.39775858661155
30091,10614,36.519752475865964
38634,48619,19.317528754393372
73634,8304,49.83876981028411
10339,40379,22.307245458900628
26237,33542,87.75085114680333
96521,30552,74.60587407275014
4724,22350,76.87617965094351
51784,21623,65.40271848881794
75511,1155,82.9173818528454
32631,35643,44.51078178602293
69288,28549,60.398290663413555
63005,46565,69.6271803931291
91488,915,44.84268041148653
25609,9619,4.611821310222544
38719,39646,56.435021475457255
6340,16960,57.710918123764756
58727,33066,88.36490824120976
42171,28151,25.927023986239593
31819,8546,64.32777888220727
95363,2540,18.060522378212465
8840,34660,68.85791358903867
85309,17162,76.32094889120171
77678,20947,87.48262580202011
78744,19610,7.647147220972333
2172,35813,75.50870843185331
31974,20677,34.58543095144669
11234,6574,2.3719218144044474
6583,36880,50.59929497286298
27313,12546,7.478940641976429
49406,17686,92.99220995134695
68985,19250,53.12346427960478
54730,37866,26.803946045267082
29838,5923,30.194681817355733
71177,36845,60.565357048144364
15353,42103,30.692852188464833
64705,18045,45.28337404518614
88983,44338,94.48854824943146
43087,775,92.80532222862863
13115,10553,57.99254429548582
69432,2391,9.635877199656857
89808,28380,3.1751094737078347
55149,49971,1.6750866021339155
34278,48952,77.94010582810287
35684,13440,90.51304624903621
49453,47630,6.124820834961579
90497,30175,88.20980368886693
52047,17729,51.031631299774574
54999,4653,89.6159272134023
43328,46084,60.051663254180355
21026,12406,25.95478737579134
65855,12052,49.30869926239255
54346,25863,31.143937515871986
93895,34764,78.34354387274004
65759,42468,58.93705654782045
40503,26042,3.8642120930638555
60569,31441,12.91972308100788
25701,43984,24.500937147578806
24018,25031,10.85995368394166
74363,45404,35.26595163813163
5936,40553,34.72094296964483
25344,30705,45.36262089650376
54730,20505,30.018346729344735
21720,22298,25.33137094615067
68830,43089,22.92111844114731
32058,30335,66.1685051749372
95561,7061,91.0405803388171
76787,1553,75.81139321783917
12862,40449,92.61889066427653
30048,12375,20.864193955821644
66192,45648,64.65134241469843
84596,16466,56.04028313846475
17126,19626,34.07449533700267
46136,49627,10.18410181753258
70446,12667,97.4896938794745
18752,16768,7.680774433853607
63634,9478,74.56510613879975
55380,11306,16.975025931951457
73432,22326,17.340978778471207
69323,27638,85.06619506742962
31817,31631,18.169764932320845
34044,31888,25.797999005497125
9176,36498,3.094621771020785
51466,40914,91.45108717861834
15405,16852,66.15546495625689
14157,12846,93.8942937702978
77396,24883,85.77274348211279
39516,6938,65.19730126819098
6391,5159,2.7602346070518777
31131,22763,40.528168454752546
45480,27857,23.864179839501404
24746,22808,50.793691224423064
4735,6031,34.35769605162889
72816,43776,88.25635530792401
94518,27919,68.92117148735477
41197,23138,4.333256169717636
87766,43243,75.91158928359154
89030,47142,46.48697044912511
46590,40127,67.6414871743929
69471,20535,34.3400050661422
70844,6300,45.09302522724876
97034,37243,88.68786157689351
74149,28645,53.557840825113125
6931,44473,88.4423460152039
84121,11092,68.92211564951498
62337,27541,90.70700003581344
89018,19654,26.389753103876867
27457,39789,11.955030514451446
1754,2993,4.8149842080337795
1412,12333,73.65298892773026
94775,36493,45.377476743032744
11974,21682,80.5791093496668
39625,40123,37.01978519489862
72054,19886,8.568642340042246
41977,47435,92.39816348734033
84704,33634,87.03839187677531
77451,44297,5.4917995827005655
57988,20659,96.55001868325897
96970,48159,96.05099807985897
21516,28647,83.5435463065558
84684,2519,25.192372100762356
60060,38894,73.04313519496662
60728,16567,9.705956908871453
34291,2939,28.462734598937075
8701,7586,78.13764054112677
85345,28338,66.98500370938399
71356,16224,29.851789023248248
70165,47761,36.59973044662621
20370,8401,65.01501706341912
61339,43871,63.073853313858784
44390,8212,94.95470154918594
37301,3290,36.03263766671579
47288,11265,62.6296793794664
66509,2663,54.38579549595705
44233,3686,50.76897773800679
79553,27188,24.05267226908853
87038,11390,93.09753095875269
24985,19800,62.60737831178935
21587,10143,25.652269486445967
86465,25155,46.53582103140042
95537,7118,84.8009577723773
34223,49464,73.0184526757124
57254,17631,90.58447154904042
24342,6998,72.04486238163449
73573,22825,37.09776783309486
98473,13713,14.675157334751727
73487,27347,80.68319754735558
36232,39381,68.51183177910082
44694,31987,98.37188283030054
42593,40661,10.716483851317744
9538,49566,6.762868753578266
17150,2525,48.13793710489563
65888,3163,77.09419260957378
28099,16683,83.12023897331346
94546,9403,93.34080512884312
35114,22763,36.102199306817
22995,22984,40.74967366603022
85191,40745,79.12387395079544
93065,9359,54.13944631705797
96858,5810,75.32971321298653
98460,27257,32.45877614623405
6104,49630,61.55043818604543
34588,29616,46.80502581114592
51900,17785,80.94071370116485
42097,7675,80.3962917676427
46560,20138,18.299194108894646
59231,24813,44.61787694593074
74925,12283,34.87918576929355
17132,34059,21.135742348710178
24828,31244,1.921209090915412
62372,3802,45.05936109502716
64099,9859,83.842264310119
41579,13982,8.469650507322598
88129,1984,11.557286507234668
40469,30089,71.36014225916695
81080,14825,81.53395770438846
47559,46532,47.74244590170877
77062,3318,52.70627089106335
29074,28073,17.62087363803563
99855,8229,87.04435581510586
86739,30229,11.132531485738495
2426,27940,42.00494828251178
94554,27110,94.13722715499057
62664,4680,55.11200144163511
77192,43702,97.70435303800681
69784,16869,57.434921346902016
93494,11531,82.67741588518813
24194,20003,86.78569350546809
84313,18766,68.3158074697387
56248,22144,62.93655490254955
87051,11366,85.15603514251094
35319,45868,96.58244736303813
44505,36660,37.29677866370791
46956,23692,15.58853954974964
69766,35514,27.58377158566926
85990,25554,9.124448106157422
87909,34243,85.58876062821665
79929,47174,28.39105712316831
49696,39729,72.83991396556675
20722,6529,6.121359671673512
90065,3982,97.36545026702734
18473,15781,46.54026878299797
45529,11031,43.13982123175756
39064,18032,12.227319410566695
40659,9179,4.477794330027615
47817,3671,74.33881265294355
84511,16016,52.16773706820475
33418,36706,80.22973700932391
3027,42509,13.507309530875622
27980,17614,88.2880624927468
24832,43890,41.390849635768646
52209,27599,13.115831549351299
42894,2825,12.361799419727026
36073,12367,63.97548169284678
7337,5860,70.412932471792
2809,25518,41.81742459222446
97804,20448,20.02560859795725
26623,9310,68.88577746047363
68514,21244,73.1034037092104
42483,27905,38.02520461981435
14609,35618,69.18913027254091
99280,13099,83.03067968381457
17464,30295,44.78261043653761
68012,40903,12.958532464076054
49731,5016,55.32824419583714
97737,34759,14.26750269546589
18285,24943,98.33144532574849
41543,17939,12.100037498721191
86121,13982,64.96210367541534
35817,5701,97.76450210927108
47649,41365,81.35308769099068
32486,28770,39.04434490790825
15279,13026,10.522318558958373
31068,14723,48.30832018964518
14575,41864,46.90569312198767
23561,2550,83.87235258514637
90977,36109,84.08693013591392
79816,41135,74.67367988277155
29214,32935,35.603888880842256
73149,31619,40.124862268096564
25945,14773,50.275560174169954
83076,46903,20.774459868455228
12921,35326,8.928335124687987
64496,7498,96.62100400409375
44607,48719,80.81161356682907
33785,26266,20.407483964891608
30879,32253,19.068788296924264
28998,33761,65.33649338560751
97846,44349,6.837587224887761
5404,40806,97.3300192130753
50625,12485,23.1880594296431
71382,42819,5.04286473406413
65081,18553,51.200307278877794
51575,11230,80.18109953719721
70495,45994,4.569100571346615
50938,42941,75.06615646032138
73060,48863,3.8830863611153994
18667,31225,36.24421777389589
35675,33542,56.47942635397401
59248,9255,13.54437449035497
94907,39528,32.67571877177848
59829,35743,70.46899841038689
83675,36783,7.933474717017608
82917,15313,22.232999124012448
56956,18152,45.591790605892164
65605,19420,27.07234364048528
33626,25355,57.53333884962245
72861,23645,60.310583656023574
30297,9895,51.29610796619335
55658,11268,47.323614752099715
72033,8233,67.02941636156945
9606,20205,84.39046642648964
34041,45204,57.35443270387173
40297,45561,88.41974509913064
81456,6836,33.14949993552135
32221,30722,19.094259719867367
17772,37402,75.97539562117117
68432,13090,71.30836175734197
82225,40336,78.1157225978063
72254,3561,24.189143762008836
58346,35889,58.99134375926986
75588,8572,21.44354018331346
56723,10194,5.119435764655302
30140,17569,11.166716699827576
75521,30258,9.153665316730434
80166,35690,30.624492020077536
61761,3466,1.550945963959221
40724,41000,59.71420138907426
93563,40844,25.320244081927108
38897,12503,10.055866294750569
65700,37749,56.02142866152476
58529,20363,8.406370501265297
38873,37018,22.263591256101506
25254,36221,74.89663394852288
46541,39148,73.56053602697868
78909,17625,88.40549934152725
90534,599,88.26362883169563
21562,14641,1.9212556933474945
54706,30032,24.3368419597423
18147,14641,86.59943265561593
6566,33133,49.073410279875944
89417,13596,21.211588778636344
30414,49327,70.00039204045197
27504,15032,55.147923597340885
15686,33268,85.1820758256439
66511,37029,79.8720206127311
66898,5915,64.6589837818307
35165,36610,70.61783649395609
18279,28716,6.1766977971218635
96322,26230,21.252211936296142
1204,48397,66.05524672516972
24844,2349,53.428935817221124
80825,39049,83.59991855454922
2717,12913,6.620762492264215
55674,34050,62.55507194307
43020,5271,1.4476331311043975
22592,20808,65.61420438440148
76899,37423,6.170638914695694
32014,10517,67.27070720955261
49534,9334,21.453550178197855
13838,1996,49.61177186301757
65426,24115,57.601935296745054
61348,21374,76.38234857286395
75305,2737,91.01566743232414
70632,37179,8.771623974108689
94866,14576,60.85588576818728
20441,22977,40.41410308724034
19838,40460,54.64432890418191
98386,48419,13.383224488985647
17064,40288,23.582976702257454
49365,7864,17.651383763406987
24815,19301,67.97004585662849
68546,42950,73.08098528845497
6118,19631,26.47783326368841
80710,23987,4.230902832947211
89791,44412,48.85922192534916
23384,37967,49.739849831268344
64617,7942,2.906206682505778
18250,37585,25.752842506974538
12876,20095,54.07707670799402
37821,32717,75.83120025742878
50677,30351,24.684224793175407
99593,26318,67.70218416607358
84384,37749,2.073432917817348
19344,24305,49.15890430110032
65464,9206,44.01138879884829
29905,35808,2.3258497543008985
62801,17390,77.39605362593359
78500,3493,55.07691848678863
31979,48664,90.39375672541173
5157,26704,94.09678001388528
6782,48752,23.48228321197255
27136,29586,71.15215538799626
7656,49735,74.45678038986519
37677,29952,62.195653065282016
62396,23943,21.249878408183232
73459,25515,46.7519303223429
99735,5668,46.544114093785524
30227,43320,93.11102426482526
46148,29907,72.87756147205191
18348,33767,58.335587889806064
41220,14224,61.73233852034609
19161,4862,65.02517707173719
50725,45950,50.19333917261089
47233,336,72.45804125894823
43861,25394,80.3567109976032
89072,14955,90.1773895016372
99970,49757,44.19864658463765
42131,17512,64.10169282141901
54500,31171,54.20120739521757
41181,8975,4.071985666533622
27394,38307,52.65996194607039
36273,16603,85.6443454032291
76264,13610,89.53113483208081
4914,21708,57.34071345946147
94951,48434,11.717099654495145
18081,34732,58.668673476965076
61674,24097,25.380989671224167
66619,24081,5.958708652819774
41926,17535,49.222488649822836
84901,22367,34.16154869614685
66295,9950,37.50654605441262
75208,37046,44.15212953329048
34438,40894,81.02713162499
10390,44832,78.57702274006395
99712,23185,83.0304195477924
17262,24168,90.36634594003291
71689,33026,39.15503415939059
41498,11681,77.76843093171817
61275,18462,17.92911128375334
20534,5064,10.935564316301333
37922,42223,68.85470623877183
19902,37886,58.583745803442014
58330,10557,44.30729414891293
67224,45832,65.50134804216684
75000,28932,74.95005740650322
8257,41559,16.651393500695658
93626,8102,6.505867011019287
71922,47171,67.87280135724747
59447,13619,12.521115954611417
21542,1104,89.40535695493061
37293,14208,59.24730422533989
63449,6979,41.872766288002666
30113,46351,51.02526652697075
59309,17620,35.310281342048974
42791,4647,25.51536013355886
88541,41571,50.683905622634356
96683,20814,1.3512567394807806
5930,35147,74.2116918370078
43472,2346,97.77839949394
23782,38812,2.2626853929418083
40587,15124,45.81408298438703
59226,9943,98.63624086769319
4054,48507,34.52806261221251
19858,45568,60.84000940731164
13698,7187,88.35066867157099
98084,48040,74.58401961784044
79231,5721,75.77763841148303
73578,6607,74.11421515616108
80873,37949,43.96878683302976
35595,1281,3.5186214669539195
75158,18163,25.866353976670247
79602,13765,28.737094871637236
99488,31774,53.94221365650742
50170,19547,34.47946893103318
50125,26395,61.89672134999678
35461,45507,3.3067542190884147
78927,45887,31.169222837862847
56259,32845,48.19632654211726
1862,7373,41.492781625100825
14816,44097,43.44566231384185
11258,40248,96.64675265885901
18816,15396,69.30227151826617
44778,33158,14.808066965230797
99500,13815,13.171513751489627
75279,8871,5.646978526861272
56689,33707,30.544782428371967
22245,17968,79.81387522029986
80019,42137,30.73036730477921
75899,8381,87.06179669444958
63799,29866,17.4920656144706
77737,33894,76.50556421147257
68321,6760,96.0581368862219
37834,43992,11.074261277554747
69088,44629,15.139655226946921
78700,16716,19.099009751085354
86070,11114,3.156965171176872
82659,31579,84.51262047534277
96778,5767,45.700309073894104
19935,34961,59.55293466780874
51206,13170,27.987275273377666
75781,47127,97.8240376490344
49162,46689,29.157107779219558
54464,24302,78.68097318343476
16341,32658,57.956558917001274
96187,17882,59.80936365763794
59975,30124,76.0986631039277
74356,13018,12.541971336923822
51989,21775,47.35251321378557
67267,43682,7.389364737141824
59938,49986,77.83103335535569
41235,19326,29.040287149307176
14618,34043,31.141520879818763
15832,27002,6.4132626631842164
96107,31616,45.54041397051293
83297,8343,82.0512915506249
63851,18332,7.212293674642674
36937,42561,38.44692295581281
7919,1549,78.81560517462907
13856,28886,93.681144559201
25522,18878,9.806365277198145
52954,10072,29.349297964265254
66765,36359,93.80777251655955
35110,19797,22.312820097987583
12002,16535,64.49644249674415
47871,7957,32.61958076400223
25807,25505,12.231472729621004
16333,22855,76.66264366347045
26460,46535,74.78487722172267
42983,25359,8.259311117886188
92837,22408,78.34945660374771
14935,30945,98.58895963652061
87625,43596,57.18751957216654
70288,40000,70.59606302046669
3332,41368,88.29699559356754
42463,12721,5.659058243274906
47458,14293,1.502877985477225
31554,4694,30.66928605928069
54364,24644,84.53226588415131
92319,5802,73.88287969502056
59537,43492,6.305042444576637
26482,18225,97.6794013132202
16982,19408,19.559088261837992
56107,1346,68.73844610505084
95904,7027,61.79920040253724
52860,23948,86.35494008581963
74902,25857,36.40411335071093
93451,47250,30.137216711757045
7992,11245,70.40941785482376
55405,5022,17.89359894376543
69527,20999,3.4156628945259375
4873,44970,36.48191512032163
24107,24955,59.56838546904201
12662,6628,82.68178407993159
80151,15853,9.258811889779658
33616,8711,97.77400020697368
35214,19776,23.86947816125958
66320,1730,88.89239558313764
48120,45734,44.56137942865728
44073,8941,27.41421690500817
14754,18836,96.41346807226174
26206,42854,8.901412991299962
71006,6501,2.3886586586285463
44703,22454,80.69311215316546
48873,11522,79.17573661359963
50888,24043,88.88284546830361
99696,621,96.31153507520727
45854,29153,54.44082644429054
68287,48613,42.14968264202496
64651,6355,48.35789911922386
28370,7179,44.617645810159026
81233,30621,93.40467183587874
58180,21536,71.16156219752115
21314,16035,67.17537983751787
4897,24275,77.89297368432958
57296,47809,23.182152900513472
9872,38106,27.14656215655139
18896,45684,89.65079778892397
82998,2772,24.4183076449971
36579,18706,72.69860517897061
39184,19925,98.92728389167945
59413,46783,41.834250633181725
84207,40379,48.1571584506408
39445,6298,11.96155275682407
52870,1916,87.36753400074423
66269,1329,32.88423213780601
41556,43037,79.13527502458236
89635,21347,32.236085029490255
68700,31290,78.16207791535551
8375,33053,7.722303867212606
72606,29791,75.82814054636708
45069,13083,59.64176372308821
81322,7647,64.6747194778329
76255,11251,18.287391782235265
3642,11226,20.501013131733863
35115,3375,33.35215982187732
56656,20750,72.98271121256023
1726,10423,69.82567529513771
32976,48392,11.637865907708635
84187,27682,30.77147958558951
69548,40337,50.74564396634504
46552,44801,55.54098797503578
96902,22370,84.16606512835351
36967,21822,71.2310544520012
62752,27363,56.52259912004847
72970,6693,91.413667586284
67934,23593,5.4143558046499205
74532,7816,59.71943571195262
85192,2322,79.92895876098503
1940,12748,22.61030873442396
71208,14635,71.69047744914721
66543,29178,57.67600838568928
10284,12865,94.54407250179727
61199,9090,88.2054979383396
88682,48216,46.87919624740389
87538,3021,71.76436933050672
62175,36592,71.9857616560712
73275,2442,61.470076563914915
55988,36313,36.53857234552928
19195,11474,18.579017720880543
18352,28526,36.09857478682137
42089,9493,80.01908228595688
77431,1561,33.79812573306881
58191,17734,35.23147882033575
9874,20440,51.77237063017313
38098,23507,83.45676386131187
66953,10594,5.098068343351534
94677,6932,54.048533090683165
79046,8250,71.00904949941891
91936,46183,75.99022006136236
17896,29796,73.15133634269226
4631,44632,89.37142606971057
27410,6613,5.984633339733718
6742,12655,17.216125382935687
72154,47089,90.17518134905006
68297,48479,58.795316660420845
74135,29290,62.07468743686617
40447,37635,45.814487875301424
25071,45393,48.35404987408506
80914,49053,17.700097083998724
99095,38503,11.44005572191699
83682,43982,66.70995722695925
85097,39353,27.067488308392686
75908,43513,75.5206246071724
81542,49864,44.515728057247514
8849,36275,23.098798453824735
36702,9610,18.670393050228263
87284,46290,60.45003081886601
17837,22440,29.03130473525167
99075,24711,32.21759477777737
71450,47478,62.651870487741974
20725,481,61.37262888996452
50140,14008,63.031409396869634
94664,24631,49.242761335228906
32472,43077,72.58053648340335
17875,11429,93.87180933602896
24798,46087,55.82337610159735
81740,20737,64.1162228368197
38951,16310,51.36752148374398
60335,45033,70.95067465021073
96967,37365,30.74064132596351
20173,39219,74.56635437295343
22277,37706,34.84902653248818
37744,27293,3.354640105411254
54750,2006,42.32328764938888
4493,27269,19.98306397747245
32599,19046,93.7086131653444
73091,37675,76.45741782710027
80919,23601,37.33768613421496
12505,36586,73.47661334466116
86666,49856,42.70016480645962
79527,45680,96.53020711589889
55178,28177,40.04351019455812
91444,8408,15.067474900124001
79078,12618,44.528698807163615
14458,4420,65.24122256489365
59869,912,70.41823687919046
52625,29527,12.824556735489375
47586,48219,1.881170691887379
81584,25858,53.35523552846776
60746,29117,26.141312522729816
12937,42742,86.20691388685081
25486,28439,59.93152244104569
99947,2419,26.599344541948707
7221,3518,28.634461079697775
95541,8576,95.86789545160408
93703,43436,18.21071520545796
74512,46187,18.786509695687243
28525,27970,42.59306911923102
63137,6397,40.957402410347946
94022,42015,33.60533436174034
19124,15993,57.002668677308
33165,40283,18.427758241246085
46240,49645,68.9497098795078
43492,46428,76.05483780167782
51362,23835,34.868154194335176
92939,13564,90.56265270478703
23393,28157,7.045491107105546
90734,36742,94.92961773599872
94207,17829,48.845450463935634
87949,12453,53.735111310371884
51150,48206,64.76400516685948
76979,37995,40.35650854306436
45245,5744,31.760447390293766
26247,16911,80.1092909146926
53298,45409,48.389778179312856
61867,21767,95.292308473009
71288,20200,17.422394910499754
26982,43458,37.061560674464054
22075,3416,48.82509332201636
99340,30678,12.572504444560087
84755,46028,67.06383630275856
58557,18917,45.4420288381356
15774,3046,23.347858666007692
82982,24592,96.6165843775176
79915,1489,95.0571602541116
40307,1160,29.916612068284174
81809,39843,47.38873664891855
80667,48341,46.05539868303461
93777,46542,89.03003784184936
99639,45976,86.7688120441624
65913,2324,65.3111971433676
33287,3863,71.12678014376183
54545,10468,31.369948064918844
78993,41522,17.401523042854667
20617,6708,57.912008798992126
31623,17370,61.804750960390855
77978,15761,91.11985427727784
66305,38416,16.856753534257873
61322,337,93.58424252938197
66897,34422,34.26691633457897
70560,16440,78.40574911978388
54098,49339,47.45242257009846
97344,20179,1.5498065982925806
4540,24359,30.979954641479175
59969,10533,98.89837056709528
81002,27077,26.45746015466232
31294,26787,67.56603987272108
7895,37870,37.70777984078212
94431,36583,42.392660972412166
26664,9762,15.340137403873246
35579,32678,96.11564452232888
29786,15078,96.87507383602617
37829,15691,2.0756678513868296
62442,12763,82.38645038794196
72004,5676,68.70723098890858
98374,29007,62.156738264090045
99376,27861,2.562771322845954
70238,22015,21.621067791338344
74151,18345,70.12114770414524
71846,774,70.80345509002711
13616,42952,86.63585490548296
92097,34784,86.83425303125334
87469,9280,10.207141603312705
95541,16926,83.32507476603023
75851,29050,38.024866567313516
59903,48994,23.05130111623355
50925,26370,61.56991112442468
11906,14532,39.7213598432092
17004,34050,83.78023904297471
7413,37306,35.26708641198084
41906,21028,41.22555045410211
50081,4043,30.13608252385501
76145,29214,95.70158503933442
46946,20276,61.74152218348348
62163,24603,74.98336995399468
67374,12325,91.5748703877252
92972,8588,18.526003306307846
68261,29012,7.969020833489858
78693,34546,13.277227880167013
11726,39295,54.38506091377253
49672,38360,38.49239364201006
70965,2165,72.57493204492272
59214,3661,29.19474920546835
18609,28049,66.81954926188459
63340,1512,25.42466298264609
80655,49372,67.45696625775932
63223,7510,77.91861757185256
12310,1486,83.36196293085904
10699,33755,7.007320526985374
73823,22298,19.302999365356502
23714,1518,28.628977850097865
21298,37724,49.32440488896701
85073,37232,49.05931426866227
13238,43815,79.924408923372
86703,43686,6.290886840329155
20088,26902,9.483574198203273
4578,25096,65.76672609137856
43571,48631,14.102840587649935
7797,17884,8.722812628487878
10549,41113,3.2292780869770015
59653,24175,92.46296740220392
97346,9169,42.39498083237749
92202,41465,63.28882452503227
89947,31225,3.9069434107068988
26445,46580,8.142298170218066
55489,24481,53.536808685107914
65510,43334,1.4605746487524673
67895,36443,11.205961220755226
38873,48824,34.517131307529745
50074,2508,12.709491710420222
57102,29402,86.23400055028196
10441,5915,69.31630207057994
8532,29858,52.67411104956551
98282,14149,27.021340595273145
51036,224,23.1849760016759
94435,34894,1.280495152129935
20764,471,70.3134031693672
3470,11307,52.78268117723007
9117,45184,27.324851429771645
25550,40220,39.631103856054004
37529,41543,95.16493150003984
56204,36135,22.368520050634697
83891,49103,16.02701670594766
65113,18707,75.56511350466785
69634,34535,82.04359660465552
51120,22481,32.76292078156948
49289,34929,41.838894055018045
91182,2368,35.91089946113393
91785,16279,22.131977654771866
34841,15864,31.62256586822424
4927,30028,61.04748868415597
22296,34722,8.614605875275156
30323,27888,62.53138181020886
46527,21254,55.425049180313536
67760,8478,59.248651928068675
55241,33526,42.31909360727889
45924,22291,33.223865527961365
71884,3347,70.43778674904956
72606,24531,4.144091270882418
50700,31215,24.13063672871314
67189,38276,71.1696601009008
43938,385,52.947999753381524
42058,49459,78.00449928278009
43575,35055,98.29439468621477
43262,17680,6.209380507077819
43560,17320,12.84418246629891
76666,29748,62.21137285499761
78640,13588,73.69416134183108
82894,30081,1.6896768403258262
71127,27574,26.41216505722108
90070,43739,60.95499940126882
30103,13063,44.89925052507178
43391,2766,70.73614848430955
30535,14004,22.250306123132454
90096,3545,70.78777822093377
44087,38959,31.80775152745665
44535,22075,3.213328374860472
90848,24978,46.16119087197285
71328,1936,63.374655174448684
83147,39351,51.66062824704192
82768,902,14.823708712507363
17968,17303,5.40755927494715
80841,38156,36.884515411473835
55048,31220,86.03361179490437
52015,7273,31.890608276363977
59449,39468,28.037038956911985
32542,31484,29.492265890818395
26317,924,63.75987126802782
41221,38254,41.6862598772582
72283,261,53.11310873732045
55831,19938,11.688377260837811
58231,24649,61.661462521308316
94207,39893,56.60166583550596
21904,14432,48.303691310726684
36433,4937,48.35729602383608
78482,10033,13.914700811224652
82971,1637,70.70531841093727
63527,3832,49.618510329432986
56784,45813,89.55688306349342
26545,38247,22.510750164742902
67123,7041,92.56355727509543
75609,49870,49.75081720524878
41656,40488,94.88627899696952
86360,9308,3.5988858678732036
2807,21727,69.31353833474972
49349,39747,10.697601414747822
56583,41660,15.838841088041473
24882,30822,78.00446023167319
31028,11557,34.07861018206544
34908,20541,46.790439667045455
38813,29913,61.10340451589333
5962,28791,7.073144768424717
68281,1037,25.278342611279278
50181,14610,40.24159956439286
79809,11979,27.875980123620224
19245,1848,33.01789741045322
47056,3082,67.99272608735296
34488,47593,79.58136123397696
58365,21712,49.838548975351635
66112,46662,97.04315964282037
12330,25906,27.104706497630893
79316,42022,47.25247505903528
63565,33962,9.414877052593997
6696,31854,39.089454805581845
42939,13095,1.4791426589452756
29958,9696,35.010521458883545
23006,33611,45.500196213338306
87723,10633,4.727176755805745
15169,9403,86.25688435620066
50913,23444,90.5821143674846
27938,32286,95.0300506214346
25765,27905,1.7702495987520068
75742,46860,56.78636875890142
3559,29433,25.90467590304458
68225,40523,9.426176237902894
78069,42927,20.781066093899
1600,42390,64.34769393121732
8397,20806,5.961392983724929
59793,32832,14.600179875822146
28336,12139,28.856275901306812
85260,47137,33.404463798462054
24925,20072,87.48031476459478
63750,38526,44.90035538432971
45735,24793,93.18824576051924
46842,35525,48.90889336014102
20121,2736,1.3003982353187713
57326,45517,73.10633888784572
89257,13275,78.39827611861463
13063,16240,84.7221964627035
18194,14558,50.32717908716612
49333,1615,43.0460072645371
85557,47497,2.2348094056343326
25919,40726,75.16182353430214
27482,45926,94.01934598384798
86254,14293,80.25620318738375
99272,4316,69.97557506870459
63303,40419,29.877686365277018
56200,21649,46.10676869632501
68894,36153,3.249190174953813
64773,44951,30.443408927628255
31934,6907,4.133602431012679
48223,33821,2.2138730519605856
21444,28497,84.89683363373547
82042,45430,47.46229049504614
26992,10561,28.250705051365067
86484,11955,73.49435543476531
69898,33427,15.109064175929703
4398,25503,74.84763718740497
98829,45373,65.2043490677489
70830,35214,69.08512428587765
55087,36357,49.48554830798236
31383,33577,75.12208905501471
6682,27407,42.04108499330034
21654,14867,86.57157947438904
79771,10921,27.649351655441397
68563,44467,33.74237985216603
7211,43589,59.27252535605704
63780,887,22.800205213111635
43855,37490,24.44901075119815
63085,19803,1.1245659112577284
59576,9312,86.91605327080624
75773,43029,42.032159272115194
42838,37166,90.61971623309654
74600,10913,96.63773887975692
54920,26187,74.770154673863
2481,25852,27.349179587453712
92447,22339,96.25105892659103
61370,34953,48.6077759787158
12543,17392,6.4842692947793275
31332,40665,98.98698602253279
71910,17002,75.73576190332918
11396,43784,92.62107029945076
85896,26417,82.97543015776711
73186,42901,89.74809933013849
24338,20708,5.72975073323525
70257,13425,26.723127784238788
77039,40766,55.884492609733385
42175,24963,94.74082706692721
24084,43551,72.5421709068915
33013,12165,54.81579881537132
14590,40039,65.97291360100203
55597,18641,15.731322410497809
53000,31022,41.003300859774605
26372,14121,71.11708580505088
11531,35905,4.200000349457577
56633,31212,27.94856385218784
94225,9313,18.379533166521142
33177,15161,88.24346067362524
31072,4033,88.43036806207532
90314,5637,14.17274532190587
40838,49695,98.55336359657498
39492,9392,44.55403521224413
15683,17482,30.400680380595304
84806,26223,2.1593050256512534
97319,11880,56.70328961636394
60718,12571,90.84164655431572
14092,28208,64.85186844372032
11056,45762,59.41900993817379
71758,23608,22.59211614730816
28351,8684,17.297505712752443
14862,24610,85.93218725553194
52982,31958,73.20967706550908
99381,15082,40.13732106497782
24634,5109,91.98820462002008
84732,2533,79.57699450561744
99274,22567,86.64476685961408
90516,28281,45.5584721794841
18481,1275,34.74958600923291
38806,44723,78.97047834763941
34352,8489,64.87894377080386
36448,39234,82.83599373606539
3254,12733,89.8510052159273
18455,31189,88.02371909812024
17187,16039,18.96946341067742
12359,19117,1.4249362565664219
97545,16491,96.11882210144397
73674,47379,43.741060264994736
15833,6670,21.69566756375529
45165,38162,65.10056494377505
97950,24916,4.421064660384806
6922,26446,46.637360600591016
12586,35563,20.01075636025268
16558,41091,88.53095216502778
75009,25799,57.42189377492892
44288,4419,73.76049747773178
32438,23639,4.805939984802743
62451,32528,37.64962944136894
84306,24832,44.709864886470065
94836,26270,74.02638415649106
48470,12456,96.37431842426975
98845,36399,21.18160403049762
2175,28519,1.712026063543635
73048,17476,27.979418729620182
26297,16837,79.1286623556873
98515,1233,2.0090968535744866
58215,15764,92.8415718896667
51524,27917,19.22918061732342
68249,10018,81.45473524281795
97531,44072,96.64384163395394
13152,10369,7.378873565577755
9857,20372,38.808546323210415
52111,39673,68.60712383177888
20257,16224,32.287478558803
61325,38915,7.889159768658723
81889,5859,31.958749639068973
3348,43024,39.199859603343114
11824,36023,76.63667911620271
43953,9964,38.40160740417544
81614,21629,17.40984925581256
94212,22415,31.99592937010504
49547,15866,54.998322800733334
10030,17899,87.60527239724377
25704,6581,71.43313104461718
24316,48067,9.60885099120634
43582,1700,94.84317510644455
92478,29334,74.21202939887223
8937,35912,38.95262011533215
96264,22148,42.66237405072945
72917,20219,30.663047357471573
62422,45150,71.75372176725027
20830,24210,70.74625684873266
11941,35471,47.64869127455768
78444,8815,51.13753132538574
1922,24528,20.8269231424162
70158,11721,20.94859322349486
56679,36297,39.190280447039974
14136,29465,46.77265176493468
5332,21864,52.84645036091753
94160,14773,44.98497744131121
46987,11675,26.744295851483383
40942,44755,39.944301401464855
64921,30155,40.877818881091734
37290,8687,87.42849695717291
68127,20732,95.85156787329095
5890,26998,66.41989464465216
56298,13403,55.02635851210207
68321,43970,15.591969310537564
18752,4666,87.85262338916323
9667,33446,84.60101438529801
25733,48768,16.037253816903885
70947,26125,80.59423245060758
14554,16431,52.538284084316466
92226,29550,81.3445434923913
80219,33987,46.71176259252403
9748,4290,66.82385042141051
3695,34778,17.860661377941007
34737,131,61.555414253044525
21031,8954,95.91517584904636
2015,23290,21.233190261665335
55177,18082,41.038437206605735
97133,18625,59.45207165630495
15932,24921,82.25290073573368
51968,46576,69.0193607790466
25830,40958,74.39274268450721
33254,13347,81.63753195600425
6989,3850,59.87485360416188
26805,31089,37.88072818371583
85978,10407,16.448932358066592
69185,42544,17.305531715368648
26963,33399,18.808835404566036
81297,44066,24.60588659279913
9309,35235,34.487278351209525
67834,45869,19.829605181797106
72839,9142,53.514351740778615
77504,12698,31.072838937143388
12374,4764,24.083105075618384
98993,2173,33.03229837384305
36023,22719,71.9788276234295
60462,6717,85.58043606167668
60975,1963,68.17368397773474
98380,28808,32.941707285264556
20932,33908,1.8687956543982114
47229,29047,36.22994477664233
65448,37957,34.48210537845291
36771,12697,82.69326801589318
54580,30219,68.99001736771108
63660,40917,68.34844847274584
52871,2077,58.51462658980553
44333,24058,29.93518760890301
28734,19359,14.104083455889093
14074,35872,3.2569361677516255
62399,41020,30.9903981005027
71304,14375,83.15355180597582
95069,33220,27.313489600880377
64650,28657,86.59355012473874
35762,12778,1.4996092593557946
60603,22858,8.42217236879101
31431,48610,59.66525402591952
66365,16206,72.82073588385816
41216,7292,17.67436162074192
52296,9509,39.687268053857366
95070,6727,9.386353364605554
76807,17868,24.289897796310292
87392,12219,4.871475502360859
60050,49607,20.726090284381723
43536,27624,71.01133949574289
73447,39270,82.90662889886893
22340,34321,3.3180261316745967
47295,23792,9.23578588163556
73239,34921,2.765410797597519
51214,15504,49.5307957213409
33995,43166,43.98726674604024
73560,3657,24.80798039292225
12530,21632,56.448740030012495
1389,17786,12.71577339451069
23895,31984,42.80564909501777
24915,36422,12.861687342924611
15749,6076,93.64984484179104
31326,5218,65.04849498059528
85840,6679,58.35840770641181
77615,45806,88.40873987603175
38968,37150,11.899742010063248
67892,47856,67.27081055448808
18283,43054,95.09229452032717
80037,45865,70.48102194496829
81925,33628,23.357009966416562
6724,28655,3.9378716671234315
32139,29285,14.452783942941874
65832,3097,43.95674342360432
57021,43157,56.53673899908015
96886,10868,22.597669972797775
44440,23825,94.77957634673348
36853,4709,30.18152624451728
31034,4012,78.06746892866006
5567,25451,51.94491598264752
8937,8869,66.56281829163942
20602,21682,34.328157168134155
55515,42560,38.555478517434594
20593,39179,1.6905336973778047
96651,26134,25.118560135208973
66504,20118,73.38364653463165
16217,44107,4.274036294458049
9283,35604,37.21748606467336
58900,36099,47.505148103584055
59431,18093,90.20051730794717
37264,15756,85.78770849181613
10649,17184,83.25088459987776
29798,12004,80.95798071100569
20198,22823,69.62727386180063
17095,39409,60.462146103270825
58368,14475,65.59123730722445
2972,9849,3.3952359275331965
35638,14549,60.33231598572979
18669,5077,65.39645897797116
59862,17872,32.35422293955974
53094,30444,39.02811158999053
76299,7383,71.43229166441145
66915,18854,92.91592623698725
68714,35560,23.957966228378364
76191,13179,28.412342062453796
29182,24901,17.94981999759712
13398,12999,98.47912116722074
58484,49516,60.56543659551218
91690,12907,97.01903659905182
52074,49118,2.448267945886844
4953,40901,71.9157401386051
18449,12131,91.62509128456314
86842,33755,29.412322667412646
92285,31819,39.32463533329894
89305,20154,98.74826147400057
97199,14045,1.104358568998866
6792,29275,19.5926563254786
26828,14517,31.784642600169164
90843,16117,96.67228691560605
59613,14020,84.67663449663218
19599,20447,71.20648271451267
94804,44553,53.5822129001662
56007,29902,79.95857933379754
85525,39648,28.269056998603315
76896,10923,62.53003681782808
72357,21914,66.31866100916868
59549,5834,28.06565213283192
94877,39536,41.16933715066475
96402,42421,16.97204864922365
47070,31288,8.590433624675548
36041,3131,78.8436279078542
31448,6620,53.26897654810388
55346,12544,30.600970006359393
20967,48839,55.011854387202675
82751,4621,54.07825784747345
92589,29841,11.747373444632542
21716,8628,48.131604755042076
18884,38501,77.44008350728404
6727,38884,92.89707648169173
83392,12219,88.03467050521408
93019,10997,44.130387313822794
10123,44074,1.3652294928707822
75217,38213,74.80357533883526
59291,10402,36.54803399640836
21852,41929,3.501281555526261
67009,29561,87.78780042425527
11225,43116,61.54900027767605
34041,18749,74.51811810062706
94161,39374,44.11578275095859
20103,8489,11.829920758701116
73957,31041,80.18267328723796
28835,9325,35.17653979706728
94960,26301,30.156211700029786
74397,27638,95.18291557685677
26723,24506,79.3025896368338
15684,47765,17.39395613987946
85011,47916,68.2773466199979
70392,38360,94.78396469618248
3872,16561,58.84664026497006
38935,25728,40.66177318313164
36132,8764,70.78193070000192
56701,49923,86.7651606586349
50568,17541,76.24039560161275
32732,11653,10.241480805606246
45124,31699,41.57482287661795
5011,38471,61.91015451062622
99579,7196,85.03185144825234
52415,41789,28.92886386871696
4034,46081,47.54543533701585
80806,14119,78.69479005115134
95133,9275,23.20391247471121
28736,41890,92.60439648428714
53848,4356,53.20782630341289
47712,10443,87.6072079975358
67017,14015,43.22493863235782
48255,5902,95.936516170173
40370,45173,80.27820471357708
36338,38291,86.111323850532
68539,12661,57.49143446954864
35589,42048,96.15591195184143
75708,8988,49.49492155435013
82061,9666,61.2953187271777
81438,29051,29.1711981505427
97419,24310,13.065981281557898
75411,45674,8.376668211710474
95204,27395,58.63556510482468
42093,47479,10.99886690740771
72347,30632,89.7374890243493
11690,27158,44.800268288081064
43871,25975,23.793461936566313
96685,16979,13.303730801072366
9226,29401,89.53500849728337
60084,5320,44.98073439957949
94624,40843,2.9808111274917453
89396,32178,79.96572955385791
8483,5090,9.131750559119638
57968,35079,57.10212397146655
90697,1715,44.58636108997
59911,32627,51.64727524066567
8367,12731,28.253706879707693
61506,49014,50.99763733069969
7952,19674,8.840309925633775
84271,34216,11.743651076298015
18203,48246,67.74677676406722
6631,29903,38.6242069217949
53368,44714,64.93335372399184
98926,27666,36.683485307926645
84993,8362,45.284091528316665
31731,10330,49.957168095587434
35814,45192,66.26371634351722
16259,48282,92.67317688777406
37036,11720,24.60841387807145
67038,25818,31.383171252189268
87798,35906,46.38603017764127
83080,15198,81.82839350618966
48099,22482,17.68621075234415
40282,32247,31.681868427026437
81119,42486,46.479885747702895
45741,6432,22.89790281712781
34499,15186,47.23176053127413
51552,11360,71.56594209542376
7458,8128,75.10539324738568
52715,43101,12.179489639776307
83804,28305,18.805826914051043
22341,27869,4.871296101257238
76895,49794,89.00941313630577
13642,15605,92.77456360757523
10525,9065,16.06979495971039
68359,9688,29.52971262949524
96484,39913,63.23422614103463
96959,15925,64.62767454644683
80365,3818,90.47975070570631
95273,41739,1.418080900553936
53788,21747,35.55787621132294
8696,36945,52.18864861755149
16575,3269,95.06905272872267
97995,29460,87.84219227602236
88275,11061,79.3844834459279
90028,30328,86.53452138675948
30409,29818,17.138489935543276
43616,31130,58.50096049331369
34523,47642,64.48132175671222
7338,36614,13.858811227070142
81031,47266,77.92898609694008
51365,2508,3.7269789413221295
44251,47095,94.32007784615905
42477,30104,16.774805636873083
21621,24143,18.003819231503282
61857,47482,53.55699847706685
26161,6191,49.80221781679506
87918,14688,53.147358663793916
91360,22729,75.37005323678328
42831,12215,97.98988284666848
11262,18873,25.534398253171723
51104,17001,74.93941263288782
19456,3498,81.52357121224912
82294,10305,32.13438729454953
5149,17309,81.76955274917218
52811,20831,3.2114227404055953
33464,28916,61.1482486415458
27857,38055,5.711962099711798
10653,42330,41.554806921418205
78411,14708,18.62137012087721
2945,43648,10.419170764401251
37166,1825,1.387574026471916
9061,30545,27.86139572576308
92579,22991,37.70919939328202
14520,23913,11.40544279552429
85535,48003,70.27376226591113
18185,49034,65.36242330599717
88403,8175,23.468767521640594
59874,40778,56.96206749464976
98208,41274,30.510757701271647
94702,3676,61.71661961722654
72780,41313,26.24892477895906
27903,1399,73.31108737851241
3585,12704,90.44237381755397
21934,6985,19.629258015013612
90045,7963,90.63940663068492
66035,36670,87.35914928132301
81193,8868,62.097159654205065
77548,21858,48.47023907334607
96367,9715,48.26495377859161
48902,14280,18.01315816901818
34037,15626,4.420625945233924
14927,37101,42.45213624970433
72875,819,56.085724102474515
90938,7254,74.62739770810983
24602,33340,69.45226412072209
97499,27937,95.26348373684709
10831,25755,71.35994552851831
40612,7747,65.15876498090584
50783,32080,49.89516171298948
73332,15629,5.773543105356308
13254,24585,1.500847261633589
30147,39663,77.80816125268268
28606,6932,33.20000071744063
66308,19768,95.57409605857544
37282,28939,52.69677519892037
60187,18584,13.609764270385506
69090,20567,62.12813977565619
9191,1401,30.677740874953724
40717,9753,96.60149585699062
13074,42108,78.11298110283639
12725,1179,60.14086832020982
51250,35522,5.119388933952486
84383,12498,51.529569317201876
60958,15424,7.501397249151941
56765,961,47.283652966575204
8544,11584,81.86430693471944
68805,18288,29.200422184708785
26724,32169,57.30256892728133
37808,12025,30.033746234585266
90785,18971,28.595446762216696
82796,44914,5.940627341487045
28015,317,63.59503032163383
57354,28785,94.33097994081196
44274,16242,4.680240283381633
30135,49261,72.19045814373462
58039,15965,2.5867843658499865
64482,15513,81.68419275800147
84081,17627,23.1562637787774
15599,32460,74.87770911634932
73708,20015,5.458532470396373
7406,41064,55.02300533407721
82909,2963,58.06287632301251
98487,30698,49.60768462918381
84071,49130,86.99184059519177
86804,36549,6.182049163942196
67289,102,28.092154653610713
32807,6444,92.17118537940078
88042,28203,80.99754891788946
94259,1247,53.84908923078885
35929,14261,92.83686285891802
89258,32864,89.51688619472942
86966,1604,66.28049663120883
15481,2384,20.161824078516208
58538,49594,87.33003199583843
69086,49547,43.109875613937184
34646,26872,90.4381690514466
43283,6699,78.46956849056828
44180,36087,57.91921357761665
27317,27970,32.89171264431783
16854,46132,54.97676659286163
18224,12223,3.1089839914303785
4752,10086,41.60183484687931
53367,6907,37.94939079099763
57513,12934,72.70688428514649
30001,14930,93.40796872987727
68498,32141,19.583960419612602
57648,24737,69.95395700482273
92702,11236,13.073139848158307
97546,4211,63.45441473642114
51575,44606,26.977126903180263
56009,35465,71.7597516597998
86588,36375,67.44751548615129
17214,1585,72.31060060835632
1426,48449,34.04430925184543
69634,12039,80.68941085872913
35397,12833,84.50117623674518
55761,12506,93.06020064078632
8783,12689,76.40527079408517
73176,1146,14.316321103422762
95962,49970,7.011927047670849
39723,14967,8.079075631079828
9870,20868,73.29551143367061
77524,32963,40.383746817346506
78038,40851,66.311001500568
96552,25230,8.884705443662828
23709,42418,22.994838969672873
74856,36874,79.25653587126324
81976,47616,60.75463204698171
20221,49914,65.2982289509656
80885,44489,54.7643385117659
12122,1955,26.33125684740607
42148,6601,80.69921863735222
82391,43875,22.194783817327593
97432,41881,73.51790839903279
63531,1890,72.05224288805472
72696,22540,87.55374685219509
80713,13455,48.93069572553039
81720,22683,84.52930528801082
71406,16769,75.28114348713694
5398,49985,85.30140329148189
5440,3986,84.13958185054913
29510,47625,95.56859711396338
58746,44003,22.442173823380422
13777,32323,88.14692708752528
54008,42408,36.50170996103191
77373,31686,9.754632344179004
40709,47873,70.91235444171798
35330,10788,4.0664598064027775
32227,4913,70.95414597741429
7951,25087,35.70082209261569
93723,23021,19.31671422367521
33573,19621,79.24232934351396
31813,2179,10.480650235688284
64045,15724,37.14845281137148
1836,29724,40.491222647691984
77102,8920,12.68482701514689
64881,29760,17.992593178299494
84974,38938,11.352706014421297
43915,17407,57.840502486109976
48533,5500,9.71175903433358
20732,30098,47.1548938617887
11799,8646,98.02641052490783
88394,26104,36.32548533949768
17018,17698,40.866889804310794
45359,26811,74.0882962561497
23489,8610,90.71491027407728
27112,36100,3.660396355068603
54778,38578,6.4075368934679044
43269,4506,80.25144704532414
55768,9056,95.11741914395573
20099,6900,40.0408011616583
24300,31754,25.183561547544333
59058,33668,37.85695241523971
53820,14469,12.24716957450651
33474,35495,58.03277664957312
96599,31240,79.49116492148985
59816,6727,54.08049048549822
40952,23389,17.12972148018343
33809,6268,33.39555267100737
61992,37586,31.787373280998686
95831,1645,59.00332096931143
54712,33638,52.02162899671008
76829,47780,55.1884033313345
2533,11332,36.39130846935201
39069,13475,81.76742132898363
32565,32851,29.884691539025617
14641,11577,19.78463086857084
63552,7443,67.23545350195477
6279,23779,27.858018115644317
37342,40693,34.72045006427269
53933,24746,51.571524345155716
97313,14865,72.55972171679709
45925,9483,14.0117931089577
45603,21635,40.96725175745689
48430,40403,70.37493450404762
26123,22364,88.7949990757393
76296,6228,11.378073532890511
39259,17801,5.802008544734834
37713,8168,30.37478816013949
27668,42339,59.27746005337115
52908,7569,38.88836191278806
26872,42887,32.506051295852146
54974,38377,58.82995382627896
67447,1038,9.464366313767037
30769,30258,63.31474971743092
58428,4693,16.63970192915062
57993,3295,14.966846776584003
7561,49549,75.66346862869514
44510,20977,95.86474263090768
64744,30164,19.41946667356196
42336,5342,79.51792992579564
33356,45332,85.765774498887
81698,12164,13.824781920324002
5937,16993,34.976046897987146
77981,35446,63.314812971101034
44615,8878,29.54611262701257
12421,4304,59.84261258626022
61767,6924,89.3005925793203
17431,3189,57.52155682335572
10672,29535,85.08200879011578
60816,4876,18.655830667752834
65611,23346,91.4407601300481
98980,35661,7.292727822577273
68772,23144,96.87036408435021
99221,48504,97.83627682871025
87328,43308,22.325103120935445
95824,12361,87.85315148045318
1594,38782,68.07929540145244
2327,13137,41.003733911454546
20853,28704,70.46369554566769
73816,44619,71.7247872736404
85578,15472,74.0531090867134
99454,16104,96.83772904711485
24234,41367,15.85402069163627
14208,20629,19.17365781183676
21642,39983,15.075292100020414
86866,6452,37.33487660619223
29847,12165,12.780619201489513
55478,13187,73.70888003326084
19081,41152,22.861718023744064
62500,49684,59.5540725921048
74473,5712,93.75162698906819
3081,41864,96.22543739743853
47855,5457,7.064653020199396
52890,12452,82.15550043221867
43906,36658,73.80459015474369
9803,265,91.21350304492552
45624,30117,1.2484005890465473
33875,2238,60.95278811110116
52858,14207,32.321111683953305
16285,3387,54.06758590603676
26748,29014,54.8112525464783
50098,41700,30.221774922095374
11783,24264,24.910289044755743
40658,34166,62.421326956662746
12880,25365,83.79084012522675
18245,34758,87.45191250351083
56562,24694,48.361515680350884
41907,38161,64.53206525887751
22093,31448,35.327414777099456
56942,23117,25.172427015153122
50188,4562,42.721970854103
23830,45812,56.6870951505631
56587,23187,83.834530335123
46641,35894,76.20967048842243
57940,21100,18.274689686357895
42783,26411,81.11260907947427
52581,26167,79.09371478896762
82450,28731,83.34415344631627
45978,41292,79.34019579267999
27745,24084,53.99326727704717
97605,13247,19.77089473791338
88024,8714,8.434985517424442
69786,17006,80.73547112529964
50982,36387,31.46186882687637
64473,20582,9.555940973056932
19760,11496,67.5203085234746
1672,33863,64.42832163628148
58857,22763,90.5523188365699
28735,33081,71.5925987308214
20557,33477,24.021097030107793
98877,47826,33.95161544920177
15457,18559,29.547775507554157
30134,37561,41.23034523761315
78414,26551,8.140398365447277
98833,25096,10.527203159592336
62991,2526,47.11963369285559
36531,31616,20.543932880195793
63774,6755,24.032261351017077
82838,20125,25.8990610123768
41224,41442,42.232399319536576
60551,29640,74.81882739210037
56235,26222,93.7097897705223
54672,30308,85.88055365117559
92951,16045,90.45270464407226
24377,40210,26.433654522530716
42246,24126,31.308087694524588
76971,39502,11.943447138180458
58880,14950,29.748729420846782
28903,2761,49.30865657822306
98494,24399,14.857731821408532
20271,45731,94.16835617153122
75652,10067,35.684191786262986
70045,6413,19.058620626642856
34139,1335,15.154144936031125
77326,2221,55.733500575014226
16986,45454,22.90424038984174
17738,10588,30.386600250571313
20740,37419,22.609999374811185
6560,40870,59.02616127454158
4790,40324,58.89475132467693
12968,23395,26.71511196964727
35628,45205,73.80108269647627
61782,24258,16.373942270323013
54114,27438,84.05757552510664
41526,29389,62.55328749925481
30009,29043,22.8142364872389
59602,25323,57.40697550549904
62730,49683,86.80662375405389
24744,40308,44.17203279113508
79668,29226,76.03475255092835
2267,11763,26.278067814367652
68951,49655,18.884681239346797
34689,7266,18.247101869893193
82506,31693,35.26241349875306
9062,27549,81.55682179645332
62200,31239,26.29446360090928
43646,2457,8.142660359034432
42211,21844,16.472429390428477
6647,49299,84.94416174526563
10814,40432,47.91815424732574
44233,49560,77.8905257517999
38154,35306,24.40299125936522
36040,29625,91.26724945586733
23300,24329,9.3408649904055
67472,12716,6.617831052646876
74383,12402,89.46622850815393
75204,12995,57.18382744038417
47833,1748,5.392589118706835
46446,40027,85.43436275805533
53571,15797,24.928861685194054
21880,36849,96.62181571397497
11384,46833,81.07600118329144
8412,6066,98.01611521968479
97479,13075,91.45955862396325
27842,41886,5.177861460558898
93716,17518,35.755071327752276
26959,42958,84.37008537887674
68330,25117,93.7733631427792
6477,27551,62.37323753413409
82200,15683,35.22299073236254
72678,12628,31.826264674905524
65045,44579,70.16493561330182
11117,29315,62.842270558764916
25523,34223,12.071168613368199
28379,11787,85.63725758211898
33183,30935,1.7713477875985981
96569,22654,46.25122372244153
12093,11953,84.43065019689156
5664,45561,86.43972179825627
85518,29601,91.62873225385134
61715,2100,58.53060888452086
15116,22726,32.746319406529125
36040,14488,72.37106898175968
87833,1998,36.52803902648449
76197,18993,66.94964024188035
95312,40442,22.28993073282704
41556,9677,28.242580374845435
82617,44910,98.53074036539066
39757,42963,11.821770001679887
48363,42970,18.190423001031558
48636,32419,49.158030351994945
20834,34554,45.73211890329823
90345,9412,58.65549084257807
50449,21063,16.411875663273374
62389,4297,39.468057823242724
50660,20721,97.57547521532175
90865,14507,33.6221567829229
21723,3793,42.09718856922764
52419,41394,57.187281257240365
79817,32293,45.29048847573758
19980,32591,98.14172082364472
14329,34253,50.53922074521469
93430,31950,59.80118426608904
99341,5495,85.57050589020645
14977,8377,69.46145225683172
31636,25430,51.85837793578533
83685,17669,27.447970775878613
77682,38703,9.433152766563593
43306,41360,95.74414377417742
80003,5506,48.41868782368329
36248,46042,4.807575894563089
21283,19784,91.31405756413581
54582,47254,91.86634358644008
76358,16015,93.46499534756167
75343,24926,39.74609385055087
15056,27092,53.24422757592503
63089,25304,94.39885513918362
44678,28413,42.16699671728563
24921,34641,77.2640379700455
30053,19778,54.69653265672617
49693,39048,10.316044187087785
89372,26782,19.845835269098398
62444,528,27.99640536738031
1158,11403,38.893170193040326
55321,23679,98.36315756429211
98136,10095,97.07980950846171
18636,20065,94.47387013548041
42582,29310,71.80298806313537
86650,39878,35.630865018627496
53365,47094,42.53910244568177
99331,29721,11.54803205116208
13875,32553,26.029899808172456
69824,30660,55.45480822683708
79650,28397,77.71498961229935
89190,41947,11.371169875328729
71846,31711,34.35611985177896
12361,22013,15.872014147413115
32847,6028,85.89193528605225
71785,387,77.22233890742778
15561,17235,12.88650345705096
86219,20312,16.4607238703733
57912,6634,65.08647538062625
61961,12930,46.39176576538349
83818,29555,61.48007573708241
37180,1063,42.65916462903753
90948,28449,87.60054978088259
77891,35515,43.27595657573064
44690,16188,49.05431547339229
44894,31971,20.477500650845556
87434,1120,60.01065459251758
48153,29551,77.6968286627433
78377,13718,97.98914148942694
32627,8840,35.18949683142508
18592,23854,87.54343597511
44610,20996,2.668731441002589
36495,10710,17.97901749247901
7437,5196,22.94418444509181
32224,16581,37.32276325600854
29741,49050,91.55710253942183
84006,33414,1.9532597530318923
11463,49951,42.35450795277533
17445,14440,14.237037091428526
32886,22845,78.55377634327392
71221,34407,14.385796775935795
19902,35350,37.16870834425318
14467,2660,89.72116790079984
99966,24227,7.403401916375802
25189,13236,42.95331115691008
33185,18922,88.16151040731442
16558,18069,24.459985309385488
5566,47298,39.325684325153254
5291,27757,73.25564513080901
13440,11262,72.39146282716106
29386,23949,77.86137850649172
4221,13388,54.51710661758485
36621,49629,17.897768058365266
81051,3421,87.69692096085015
50364,32649,84.53023925426905
9066,8753,18.038410273327464
50317,17746,10.70497280826224
74605,9646,51.608433249178574
59230,7606,13.931999169115647
93040,36329,90.90322316367468
52464,49394,54.24557230908745
6706,13955,31.202657437773333
76303,38981,44.74312146721092
90163,32429,91.69347550047866
55604,8664,39.172846114676354
43262,4516,25.266558372430744
77971,26675,93.93537023182144
88875,15255,51.954139456197616
81252,14126,65.86751774526236
72092,9102,29.52591283188316
13661,30978,93.64049423213895
89458,13086,95.89523463798925
20157,18538,21.081099222089144
65286,9846,95.79865184560501
6999,14649,70.06780985094728
3233,3811,98.39939644070455
68904,13182,38.018581911606134
81186,32721,60.076893107333404
41624,45654,91.96492040084554
40867,25860,90.40551002314584
46164,38656,91.068626737831
95432,37271,1.536476988369026
50028,3339,54.36982090824529
22999,20655,50.10251704518856
83119,49591,82.74799837027584
9906,42825,23.238121765130447
32833,21347,32.87920884436939
21744,45641,36.71107002273488
65733,46545,53.57404656187485
56546,44125,85.27436190182553
16882,17877,94.42238833976072
59771,28244,13.599883904264095
41806,38713,15.000465923618998
77165,9416,61.95678738710425
41254,3903,38.18213011057378
4998,22052,83.58591242750708
58780,5019,76.62614731507554
66034,29521,85.92955042630295
44472,39587,33.46929674593604
1989,16023,73.441997592281
92196,29095,31.508212556031115
78561,16889,97.1567078961345
61561,25730,25.106288572505605
11820,41159,1.4378277389677478
72420,43148,43.60735626962751
73403,34315,29.69425558960706
51541,25825,59.46051890306661
20519,43832,39.723929213555614
68503,23033,51.7576127362253
45033,5563,12.70912862671976
59313,14177,10.261492311628315
65675,36637,59.942976405948315
64975,35280,7.173353618495545
13319,7264,55.02443683305782
17159,11539,67.2212406570085
76733,39896,14.969783424821227
2851,1123,50.546736349361424
12187,16182,18.004678737124095
70400,12119,2.8943651554782304
97908,11637,8.891018527700554
55945,29034,66.09962100180283
1596,39796,30.551724009146927
30633,2172,65.45534240592012
63353,965,40.11415469351601
62139,22314,43.86797767688134
1897,13206,86.6800691822559
90240,21476,32.6614895315325
81397,12042,59.19098003250969
48038,24860,30.958143610269392
25302,26498,18.41654513073171
10371,43859,60.56904020224009
3230,37768,91.92592423549938
92653,9158,98.92843550914269
52546,36346,91.55412010898236
9524,48983,44.142717530157746
49414,35256,76.90928508730705
79916,26256,11.218647746072495
88534,1032,19.039155237393473
86385,41410,83.55334713825648
21936,5787,36.99193824266101
30624,30103,12.156558571602726
55067,28358,58.53372349838193
43207,29607,22.483045858611845
19251,33690,28.449253690833395
61454,7523,64.16801726635853
44607,48720,82.42545523996132
23095,45474,86.11384582060398
91479,37989,2.4802392165852476
83021,23599,34.18548515404822
91576,11238,43.107597873038415
50267,26060,92.40452437809148
9794,47013,88.84547772355334
58214,47006,27.161122923217356
16120,21922,68.30222389545757
7466,41998,81.38659089236953
53889,43461,28.529134904808902
61451,17233,52.76561424913384
66324,43921,38.77174092881905
69574,22303,97.91637443164788
65818,46675,70.23331247751136
93522,19700,10.222028984281291
63965,45228,52.25338036502655
28815,1320,54.42226562842713
32998,26246,91.62563009418712
40326,36915,5.049330610920264
17393,35389,74.27825529141599
36848,28441,48.697910087352696
2599,25168,6.827827405151733
80650,29008,87.02275026692286
37980,47297,32.62191303374861
22678,33511,34.71126641390251
17933,43671,54.60499938710039
25616,10652,71.0197226363832
59172,14258,38.21899194124781
32248,48592,28.482971350191093
32428,12176,83.03012844313992
39739,41077,15.422713564160832
93611,25399,70.0901097258407
66112,8795,49.04412909887499
76291,1646,84.41954910464653
27662,48603,12.94175617959402
65639,32146,50.43890898011773
77833,40244,65.75328175856396
25373,1590,2.371444780929897
34532,47090,95.35241471941272
31838,35904,4.44724530088848
64604,32899,89.21957302072161
63016,17946,49.672546729771796
21594,22072,19.173783858818098
94387,27588,87.11462823098879
2952,48137,1.0291344211880407
40751,24718,4.303426069772537
61377,34143,19.393392280248765
98197,7972,2.9856943477568176
48334,15528,44.17264398778408
83828,13260,9.586481895655787
99411,4920,71.14010468160397
79986,10220,82.34587638227241
72627,1200,75.09009057317056
14850,18820,30.575668726865988
15374,15705,73.20502360706328
97183,1814,8.318501617181012
97673,10173,26.11515688473644
45408,41297,72.98151472289182
53559,32226,66.9369520152056
6694,27715,84.7548540962677
20158,24990,59.905503663128265
75342,35376,53.6554381095082
77116,47650,82.08936653326464
30774,28396,58.45587783030127
6103,22118,31.323250405036937
53846,40391,83.30301608714066
16859,713,34.2842710220504
7572,5560,98.28113328366679
58040,30114,56.25209959937363
24438,40118,17.176683032219415
75363,47392,7.965802074350939
8863,47184,93.1094934959845
12595,23512,25.734032790300866
75433,26173,71.58094827968037
36634,23829,36.78722726184163
54330,7981,20.09281324026011
34404,43553,25.994285944259435
75828,2837,79.40119993834753
55823,11899,74.09022784315648
23016,11107,7.392161105997378
83845,40357,14.835845870691164
20842,6724,73.92371506786691
29834,28871,27.75233508485903
51068,6105,96.25424556241732
32362,32440,58.29305937457509
65800,7670,61.03779432361062
12581,10300,55.583214650045704
46263,33700,3.7750357057068595
98679,26618,43.13076733930022
83657,15212,43.535312489051854
26981,48879,7.502054601994399
70749,10978,16.090444273118493
85975,6340,9.331614003910326
48299,22188,77.19400555498197
46960,42392,18.28257545106608
74359,7739,70.64801803763946
99994,20515,75.29191896194443
8910,46271,63.98148059695068
7682,31803,21.49447227406002
54886,33566,66.28660774631841
34462,21628,12.399330232681127
39563,30900,40.84288003414781
57317,40004,57.706078734128575
22951,15906,33.19974671209528
77986,45915,7.749363353349639
94842,4022,17.25272633593593
99648,2018,67.18576111679009
8945,7184,83.18032833383762
62638,44674,37.43697623092392
57260,39848,96.88620810504365
11593,49525,80.51498008750656
17356,15524,40.440205654297365
40937,9503,78.50623768891589
88310,45712,90.85005974470722
59463,46133,4.888473095996499
63509,21370,5.708494201657103
24982,15577,6.473144347844616
29990,45628,79.18624050940468
29721,8145,15.453332642008967
3731,12401,87.67745619866302
46187,42503,11.828794685631541
91595,9720,26.756742981767278
32129,9166,39.329591819233784
95628,46072,80.18577272043063
64362,45612,16.989033856376107
6094,36330,30.598725176571975
86157,29132,86.10187618762355
10260,47964,68.50384149367645
15924,29936,14.22436828443357
39221,19398,36.50528291729964
77156,18867,43.156378768657035
32330,2486,43.81918395470456
43519,44554,79.33957348524902
93553,23497,56.870446771467826
96770,32522,30.87458485846795
27540,27557,35.020598978686664
15671,36175,27.776018500661923
27654,8182,97.27835033345445
82946,20342,68.60660438689989
6360,22715,70.00795357185835
71496,7770,45.665410397002894
27678,22324,64.80381657092357
60048,26698,49.57472277587535
81277,34832,20.296436850432706
82568,26339,62.88067945741526
22180,14218,60.335337683087666
72720,20931,14.338951051647632
46025,25896,51.3382435519233
28787,30360,63.91781899534245
92453,25021,21.496259687354648
23245,3732,93.18306755456274
40178,25211,33.482981923072295
12476,43493,53.71989440254569
54845,13457,70.84356190779242
10851,35745,76.41456420531054
1798,36703,90.35710738449087
74190,40606,89.19415350364253
94591,42163,91.22186237006427
69322,27474,84.05701491151301
81069,35511,32.851686336938705
56801,19764,67.90586905981756
71582,46276,54.6633390839104
98095,29428,18.752935415179902
28032,47041,95.90354448439385
9930,40069,16.1061151201202
67861,35329,72.45919259755291
53398,48840,5.843529924218426
53886,28825,94.16114723762094
15819,48232,93.94959764210876
15427,38022,50.64284190695613
81274,19200,4.456493417330002
55043,38375,15.506498258727015
37404,4137,36.212006541058855
51327,48066,3.8592441639381736
12396,35622,34.09831877834632
13616,48497,27.41277268354249
91257,47179,6.3516720548546095
29399,3479,94.45306629081931
57027,4702,86.65723789803435
9789,5565,67.9818501744705
42688,49295,36.818735325200194
90998,16448,72.35682477255185
56797,16913,83.34564347122465
4747,4377,35.55721824528343
10368,19479,16.114306908082376
21185,6108,62.92597142183892
85447,12311,1.8353525515279776
92220,20022,52.25541853833758
60751,30099,87.19857133558814
16094,12301,62.408676233636065
90602,35377,79.55457265241229
70360,42841,22.635192952126427
61543,33453,45.9398596797054
99912,16298,9.629806915006178
99238,9308,77.15304277502855
58718,13337,49.44688847853461
70299,27960,59.837262521393015
98900,41322,87.29899348163322
80939,1778,3.892333992227157
30453,18280,73.98277675044636
48342,32330,28.217122308646765
93774,2746,32.41323084525415
55037,42244,58.23567624219646
38927,36208,84.2598280333138
90908,27671,87.77198151227009
55186,8044,11.884550202494049
95931,42684,78.90974023889282
73956,31689,46.236168552281164
53609,5905,70.39228687774109
4427,17660,49.11877483680107
19860,8872,73.39170708256212
83255,46494,92.7567938869772
85993,3728,6.893420836486524
8814,35559,13.879659148825814
67656,8884,3.689441876603306
28207,39661,24.825644523411853
19208,32199,48.48638549330999
41070,18411,55.34990200606109
22371,19627,80.33788368414471
48710,34984,94.19673780998524
26068,40716,17.7696646742015
6012,44477,30.21598218590482
76935,34696,37.26194671570343
83917,35940,53.60084381409914
76558,11444,65.85218419890508
19546,3559,64.50156691984621
99747,36255,6.2742237338460445
35950,25555,66.90660816556779
11402,44223,27.69581261589791
80392,8417,72.43157033376502
69027,12763,54.283671105981384
46769,21548,76.06520324289635
77602,37346,37.19076695604222
65926,25364,50.502379302392555
18296,48254,79.90307255406017
19170,35596,44.78025844993367
36090,11290,94.29672567286742
41798,16578,98.30841971043995
59195,28820,42.17373681547381
50381,40786,45.827925067876926
34669,25665,35.89327768100741
72857,3787,15.611940128284235
34159,4501,54.60616312134944
58847,28667,67.20619447798101
3316,27244,18.48362115986306
43041,8487,34.54375619265817
58479,32761,80.79305399561898
34010,3731,75.03407280939686
48847,14313,98.95038589565134
43159,44487,18.328442111413782
28110,25949,7.279547190867833
69260,30849,81.33694728127085
3927,44297,22.886919625287707
22786,1065,98.41856071630167
24169,33787,12.837426118223398
96839,49251,66.16390595297868
98100,18518,82.70194374643333
33062,5748,17.972015166785642
98247,12962,76.07120973547684
23222,20087,81.98590687874037
57567,27351,21.922758778283253
10720,17345,54.72651628613285
84866,43789,3.358858380296394
82380,25441,22.64389986930859
19742,5640,48.31732663937775
22995,28307,63.131720512162396
52697,27852,32.78294759727147
49058,30174,43.8889443174465
77650,39741,42.33760117226292
98273,12713,25.01759321237779
82215,40817,41.11630924992903
13641,22475,90.00747846892838
72893,12512,73.78918253352579
80326,17267,43.51026869137261
59805,3675,48.8488260507284
44783,21902,29.845458957885512
78696,290,79.75900395099708
2727,5839,28.044267110803894
8951,34920,30.232455980309336
51018,24588,71.55499802071398
97293,49489,23.89301150212806
8616,13542,37.41983399596602
7692,5295,49.513276734554346
20823,41360,18.13125853829313
5195,26003,48.72117418786916
92488,8770,21.179848763016928
36463,1977,15.10364423843577
40894,34028,24.090032072695948
26540,32598,11.81458627307089
27254,23128,18.61264499209728
23103,32389,40.35253360561525
52332,30432,81.88317024845271
73264,41870,69.5533491197297
93904,38595,30.277067573164658
30266,18488,6.756521496795039
58182,28613,74.91528652411134
32010,45981,41.23470985779242
5392,2818,22.703521906078638
95104,39153,40.719053894903894
66019,17332,66.06370858243257
43175,25027,2.9945863971992965
34989,20284,63.627589899658595
7573,48824,34.37719371353923
90993,2315,42.94152229215916
7163,44702,27.419131605241624
62477,1902,88.52339256620616
18873,8765,3.894106385153233
19501,32052,78.23381112232919
32690,13148,36.3744209902946
8475,6726,62.60256667686572
74587,15343,40.76866884498629
36437,489,18.47748975154691
98769,21836,62.821186546756785
64123,42114,6.911270792683098
86933,45729,93.16496809461506
96978,24586,72.43305333287302
10728,49456,71.39195628007042
79184,8582,70.56992945380281
57435,45363,45.256278580964526
81591,20195,52.52703508077694
46185,19310,87.67305171811061
80477,2798,64.58418449849641
16680,30176,91.9283220447823
72261,47244,20.08858143967356
72462,6931,63.112287905764944
45695,2796,61.18880738316226
16710,13572,38.05279018393403
58451,1644,87.77083021657187
4720,39923,75.46777954373111
96684,27974,74.26231768179385
27546,14102,91.76646373702265
42812,41264,35.56012972152242
66111,9731,21.389819750722584
7778,26724,35.106389528000804
75581,21668,5.360497882424278
36575,8527,11.353315231713777
49845,30166,79.93184680753284
52881,20054,34.605424068544075
93882,4099,29.06349377944367
36262,18468,2.9719235721765975
43085,20903,36.44688726712315
81529,30310,25.073154213432367
88922,6134,51.461939304706156
8435,22583,5.2607611255961055
96267,35749,65.6578766474508
38336,19260,98.32079984500109
72467,17162,41.99185904195397
51538,9916,84.3758840516295
6814,18674,26.939720157651706
99011,47141,98.0085240730701
22849,32438,19.79573760046365
88157,35964,51.87999535737855
35455,18764,23.221551169606652
13100,17758,47.06555394008371
56587,3603,11.240455601216789
97442,10321,56.43134818045654
45154,35054,68.6594663135643
57980,3883,9.87072541926575
80318,42873,46.285797898933026
92124,22251,74.0196251503548
32486,7995,16.581076287029113
88066,32982,51.013588882907975
37946,11284,23.522987768887326
87021,21283,86.2009699677325
24358,19367,41.97942218872472
36056,12704,18.216101974157766
94205,48307,58.1081972340435
29927,28487,81.43680093644943
3181,20809,5.625027576541586
35184,40284,56.92715658033787
6352,48309,75.4107026110458
56666,49485,84.53964951217662
20895,1061,77.16866799281522
36859,29865,82.99081034995393
92198,21458,45.22815748949672
98259,18213,76.4008918178806
63997,39190,81.85636368105358
77475,42226,90.35347705728171
40368,36307,89.42647348210694
41058,37960,23.30400677558278
56026,47090,33.38220697147442
6940,29952,80.7178880901645
3390,21183,58.87828882871652
31209,14489,69.11477333126065
44355,9785,89.32929113504258
20098,25309,35.80760194928207
32460,39711,78.73770526898608
96987,3952,6.23738256326888
90027,27035,58.13688412064423
91205,9114,57.138197806932794
41949,49329,84.63264785772292
53507,4996,77.97366006327236
51271,11279,12.477576313513364
90651,37235,92.31222935586956
60047,9217,43.997154080066075
82079,36287,59.24819077275089
19181,36509,45.81557291244737
16080,13519,48.57034694690016
13894,1166,31.049934089634018
24069,6531,80.3294474533195
73135,6070,1.5158854079442396
1522,12143,21.436748395065543
86113,40116,29.618201700797997
99155,25307,25.311920941539675
67216,17262,70.56327430587484
69639,39917,97.03309351260714
57378,30435,39.93339576385772
37119,15685,56.325365921238244
42970,23234,20.649534835822763
29003,2077,57.62284193355413
23834,45286,2.655478325733659
52204,3051,14.622982078025595
7823,49321,32.17106725083522
34532,38174,90.63993496463105
61344,31929,32.90024047692141
36139,23318,52.97282450473649
42468,43912,55.4754077285248
83332,24350,56.98104505321862
68413,45538,35.13126315824604
52615,24420,71.75950270942447
8411,27661,74.7537503376014
85187,45364,83.62260514323941
52893,15358,60.43109883115651
45939,42588,74.85308504815555
76550,15615,46.3198390519773
83053,30684,83.84321962199922
81126,4097,24.570477080526942
79947,7521,4.8296009699255675
72216,37020,54.44245630155781
32114,40264,21.489664517801703
40940,44444,47.90695003910294
65810,19398,60.658940901228824
68007,37157,87.589488293666
83251,11182,72.42573238400118
39600,47683,27.52399328653976
59590,909,4.999421623969089
70326,5668,1.4107975104838377
33362,5594,39.19791495163436
4401,5827,92.25386168932998
43774,22603,62.683681904482796
68540,22942,72.99965167972067
98783,39913,43.50010460641286
20361,31922,15.98200103269213
9688,10701,35.97868315464718
83995,4235,21.36145010341158
5202,45794,59.436989264695825
4341,45118,87.59741833538092
53437,47111,72.24252025270707
75839,45670,44.829866128770355
85681,10376,29.868835228439487
33024,13686,68.23808180667143
81094,49408,78.27452482037197
43520,45653,81.20743598976519
71169,40783,63.88934352602091
77867,39988,40.25616159522561
22735,11864,65.24362939162347
51357,22898,93.18348536797484
92493,38770,48.37049883625726
17368,49659,95.00046584879925
71100,15152,20.932405621018383
36449,20077,86.5485916911333
75856,49114,9.25099226610764
74107,27730,77.70450794025345
62944,9258,18.465236283800504
78703,31498,47.36201677332618
70437,49951,30.56740746751213
47586,43231,57.62785768224504
28136,10404,32.17040627880374
92869,18041,65.75560413319383
76462,43226,98.86199453813222
49581,39037,97.76102964066813
60656,38109,33.0674027109338
59168,48854,77.13090809580628
5177,35984,65.06726167138235
15930,36258,36.840430109472116
62897,4892,90.64609463698939
9450,7695,49.16026985341
46162,16360,15.295440800218696
72135,28690,18.588763929115757
92997,39473,79.6023197926128
14140,5065,16.716357405123777
67827,31768,78.35652511021219
67476,17470,81.25253413328095
36260,3696,59.382672193257555
61750,30707,13.84589154075709
21159,30692,79.96889350309432
87017,6763,73.15028922855514
10698,42256,35.928981173330854
1069,35154,69.38647933672081
33402,36882,76.43249232925122
74579,31830,12.76114363909182
42393,34816,20.450519327122578
35489,39458,39.40011106232295
30725,31361,17.546816817430898
20561,5143,59.68317939290602
6123,2718,57.55887880432396
34946,40082,90.50422946527395
55457,49142,26.50446363306577
96557,17554,18.748636842580503
64064,24599,5.243049857622511
11017,46622,51.93080147709147
3504,48572,1.1754729444717795
73403,17108,82.86849398418104
95216,21128,43.82008742046662
79791,14148,48.642276232493465
66228,15807,74.22036393146193
84785,16146,54.41536758254721
1581,12400,54.780847679072494
89019,1694,56.63585809224599
43723,21679,12.91880154023226
72259,28681,76.85447230876272
23253,26934,27.978316054870614
87569,11022,19.064786670335486
59773,47498,84.07624028295076
94295,44639,68.56587418094459
50049,25317,75.81164299614736
43730,15531,88.85023120149545
15968,38140,43.798056909968146
7735,9831,83.95836937126747
53769,17555,1.302886990209665
92815,31500,45.95507789698556
52263,37460,76.8982797057129
8486,15294,52.2113283790403
82951,30251,57.25005529401043
31276,3375,8.933004754335636
91016,33086,6.803868838977823
68570,48031,24.320647007320115
71346,17167,21.85307474797451
35485,36714,53.79831947302386
93322,14712,70.63973890090591
7232,43156,51.36187513733458
27559,31915,92.32764316859587
59980,29101,12.883424064481137
99877,33452,88.58755463775387
72628,46184,25.73877441719602
59119,40494,31.461765743961326
2675,7320,93.54361268358404
77406,27575,1.2500769059458658
50151,9448,75.29678699900812
96736,7984,37.5928903095237
1845,37129,43.97026263971735
12326,19337,84.51858020732396
17500,41764,16.601896874653335
98278,44653,81.37730671194238
71565,13868,61.35383607114084
75065,34028,76.42091387642708
73724,23020,72.8879934145891
28829,26721,65.76145120773239
58751,45047,68.22289886086669
81086,2021,92.00075014272107
45326,27642,1.915845072964981
48410,40436,45.30471053868326
30737,47675,59.34018338573373
39422,19478,98.67980765179126
74765,13850,84.9265877770977
18536,18036,88.2146126494709
35129,39033,4.325778084121676
50450,10129,45.63621592500024
41945,44127,5.185811541175201
4289,44339,89.98895418764792
95674,25076,41.134778144901745
87279,40542,72.3131426469385
73362,9108,70.25897410791094
39829,43475,16.826458457542763
34849,16442,4.708883930348902
74281,11704,83.5255799689154
52519,42077,44.412927265858926
43579,9336,30.16503007306457
7029,16487,34.02647991126572
5454,39213,92.8620476793554
33898,117,54.89071428755414
62529,39280,32.98315570446152
49939,22384,16.503837784277042
40003,29510,55.575392565353354
52884,9246,97.3350908100659
92198,19650,96.16955114808742
97663,6332,50.7243599126133
13723,7838,12.438257473689934
99199,46558,68.04772797684478
59478,32945,88.19383133505703
18302,29538,93.88660471807344
29345,37227,53.915660139860655
61158,26084,14.98926154247345
91274,29343,79.54279462205744
93572,46474,34.00358665098767
92474,38778,31.636479010107866
74093,35761,50.4307161856232
11171,24919,24.336616663512995
99639,46043,89.99246709833943
25931,8353,3.604392827595632
31975,39321,66.3510439634624
78062,8844,59.563549369252804
66548,34486,49.28937659409294
9575,20620,34.712528698040295
47905,38223,56.00742561238023
17350,17525,56.43561173591492
22678,18253,33.37679107022357
65702,20827,37.418252430858736
65532,4388,68.12945828962792
58156,15850,20.54355998349954
43380,38497,60.719716323268095
11510,32205,67.51863780932254
97876,38274,78.73320604156326
52594,38643,58.26066417648468
62408,12045,9.929783307784968
22663,38895,95.67439955824388
78249,23061,19.6228286397743
59930,16478,63.29728402816864
84545,20778,95.33346296686139
9233,44472,80.83455502453344
32763,19270,79.25277957505921
35881,13832,77.63999700684576
76776,30465,62.90367023192506
88295,11547,89.06002517375285
70992,33903,56.80734202521455
90782,31660,54.589477115824785
13762,9486,43.67444748697871
57235,42509,81.88027564368517
3153,2535,34.075500808582646
50434,25903,38.25611435774755
40378,22697,10.715121117171131
68011,47178,32.59556254656162
22322,38682,65.30364541912726
44907,11029,78.29298198975577
69137,16054,55.37383965971067
12301,19828,12.995372560029132
60050,34017,28.56713935043912
1151,31900,15.181520684987609
37429,40085,45.82700383138108
29778,24425,6.0940944988394135
20253,9445,14.99304123284331
16898,26000,66.08525929704855
50929,16492,13.29804930039888
55172,46309,27.353580835573638
76500,75,42.060395467928636
71192,37792,11.027282214392338
42997,12698,2.189917952511416
10061,33082,69.99393244372109
46769,37491,96.56478039620072
37815,13793,88.04739585840906
84559,34220,91.28788315475705
91277,4912,52.90564607753587
51948,35089,46.78615818969517
84582,10589,10.273823803158553
46851,34373,76.53915043665657
90200,22300,44.51993651498229
31611,41792,39.434903058913264
52770,10849,66.78405975006372
76336,13827,71.42141075234396
10021,17406,51.17920397179944
39553,45527,18.00879370195499
12336,37443,97.7057065062033
53932,14978,6.942701851504538
59593,47188,37.09590011527155
98851,39092,20.440878917407076
2558,24920,59.171693092949404
6014,35875,32.7335461489202
55667,38749,69.11762903302245
29192,31878,13.354777532342293
79898,22311,10.31494380619249
19698,1854,88.23389412388558
99594,34498,73.68850798227946
16629,5105,97.27386666863619
26210,13561,48.41811002040572
54066,34310,43.70722991483111
5860,14458,48.369519766874156
5905,44479,37.981417532049235
60049,12323,97.55160987407764
90195,26205,76.64920163779817
44334,11724,50.840022870241995
54958,39167,44.173012653660976
22485,33341,38.287776971034496
7455,45576,65.41622779743383
58586,25921,98.33002940964536
95223,18422,94.4189096293714
25044,11951,65.71530994432658
10673,35467,77.7701914389289
25034,32825,77.83605685961653
5092,40896,78.42002813621066
41597,18924,95.51160685517902
90328,2949,86.05113983166831
17889,26154,83.70892467695272
42303,43042,96.67734691426034
40131,23811,87.47675052208429
61706,12839,5.159957158516842
21100,23375,80.04377102928356
24398,7953,45.62437376391231
83346,31380,80.38252308014056
86234,44026,17.34693038074537
82665,11622,34.02132178481842
95801,44784,35.852439260114544
75522,19907,70.01344907986376
55299,6033,64.05983733104908
93349,42885,26.559703401086498
42388,12837,7.7343898670012425
26895,9094,7.537476712319476
89225,27597,16.500753995076394
86736,8961,35.94363916284315
42734,221,43.507893206568674
52602,19963,29.111970959669822
11618,48713,16.80906655658491
23886,40115,57.73764735136906
77264,13322,52.00733009714288
26738,10722,73.05232027054288
81317,26230,56.90533483587521
32346,41260,59.845561267340216
36488,7144,35.45766210921517
93710,9923,77.75514486449333
71026,49738,94.26561750018665
76892,7459,90.47022236710602
38092,49918,36.5212548921193
82546,46723,10.244237307928678
1227,18190,46.430773561891115
89898,6550,27.845527807220474
26029,38417,35.55220714287703
7150,41156,20.81125650089986
70271,31653,95.23674798483205
13704,22047,68.04365419816585
77671,14155,58.93338720348699
59633,11776,76.66744582015458
45649,27029,48.204887391411155
29486,16119,47.988144181302665
16947,14037,8.809198115170917
20924,41022,7.637418350652332
62584,24860,5.83177733101765
79857,49954,96.83927219093516
18377,49484,7.995927479862725
31601,38665,81.98177405457336
55508,6367,69.43906036338898
93359,40314,31.816962240217265
83035,17498,85.40809170461566
61782,244,13.197505235987162
36540,4113,17.929877045161952
27007,45778,59.68420067446132
95040,33342,60.30010593888283
27795,27620,61.77657227994613
58642,28363,43.520183642503824
74856,24171,96.68073076081092
14907,26440,69.0337479338198
32449,47222,20.10972031443988
79818,11695,57.50714198833643
83212,4171,53.233292419571555
21027,3884,94.34411008900594
79956,17751,48.434952642936715
42360,4441,44.14157411505461
67649,41650,83.29630350721571
96224,49182,68.35625625685262
19104,45437,11.640419725649007
78037,1329,26.27386398467562
69459,29656,93.4061414440871
3194,39758,25.259062054647604
52803,30449,20.100233442805536
14490,15299,39.310844291939276
5737,35849,42.039160782880245
59068,25875,42.63049544839262
82728,47949,12.936920470966355
84825,10398,24.196458747525384
43832,46557,6.824953128130202
23983,34178,3.8934955727716702
34986,7697,93.58528352029033
51758,16921,89.86393669271601
81331,12053,81.54522042429181
23463,16868,81.18120578442587
72486,45579,96.27031589910771
81747,2081,40.046284040518266
86398,39678,58.56836130967566
89090,35767,34.58727686113974
62725,35585,1.1103938259430737
19217,36636,5.316157201845458
69777,47474,40.93674383569665
66500,26010,59.33872031673918
54508,44124,82.55135172559667
53988,31443,16.318615427033343
7340,7059,26.473558269212184
70689,4365,97.86933998444631
21906,31035,3.1114531928810676
37043,41245,59.83306991300203
61459,20386,88.96477892284948
52960,20412,4.525720245230916
81428,8977,79.22088005385156
86144,6969,65.49778059426511
43197,9159,9.280064115064095
6793,894,27.690836572329264
68201,3925,7.488899787225765
17563,36388,85.75486690809349
37631,35998,26.664083301300682
19411,12522,34.89715180140992
43618,2845,25.234130901972996
64687,41407,17.73592316169848
60886,3371,40.62267890203186
4401,27008,2.0347058666317626
30673,42966,14.436873906911327
78476,48850,83.10970834488309
77134,4364,67.03495740732603
95745,21476,87.22998868318398
53845,11654,70.01371282364116
46727,18973,20.396239784872048
4372,42965,12.975655170434306
43323,32423,47.65486900108747
51867,4149,85.1647967180424
86647,13496,65.67098876487877
65121,34805,6.024516560840991
44408,27691,82.18943758824147
87828,22896,52.07396461685578
30918,4759,32.36646074246305
98822,30782,73.0359352616874
11864,17946,85.10316083302075
88691,35461,9.495231785385602
15804,23359,3.4400296950167917
2501,16592,41.31939387589086
49682,10673,5.7599395978256
90946,49552,88.13990692391157
4600,10210,65.09951796947173
25689,4655,70.53094262882884
45972,37946,89.6520943755319
90581,11256,35.98558832688034
73474,24968,60.27838894655089
22004,15594,95.74877470982184
46070,2536,51.85076068636325
1158,7938,83.48497807727108
42081,22188,66.50996789391536
17793,10406,24.569049669164503
71933,47345,11.767433373921175
54452,42600,92.07890400816687
75807,28032,77.36788347539394
6951,36163,95.74842286232132
70551,17552,35.97246163772532
70837,11607,41.23058899372421
79012,28069,52.87017349450723
91872,21104,80.76336938375593
31642,22829,89.88740230873651
18819,9369,49.358763838704704
2159,41882,71.71696415963348
25682,21873,5.375456282516109
12365,7545,76.56058835340295
72427,22370,92.10564668909036
47598,11799,59.762732884718694
97006,12535,84.22132291926529
22193,47386,70.66896375663116
21509,38963,56.413679879441816
69201,2525,25.894479280198787
19031,30724,87.09688687950127
70157,5310,51.754167866961254
99848,6547,38.97985415441631
62454,33702,79.65680098898606
54691,39280,57.81210517028049
74377,48373,33.80821206084266
19312,17564,69.16126335842202
25864,24889,45.392018392264994
98280,31507,91.69457863287276
62212,30017,88.10315275822465
89359,6678,43.21571455006602
13818,30634,29.04304518812406
13319,46456,32.94229621460049
91336,48338,74.9488119616354
63683,11887,61.677608702746795
22193,30621,60.066211422817034
32552,42471,97.12968023645232
33689,33560,26.81549365862343
42304,14343,78.58628547189964
46903,3762,81.01719564485973
72630,2295,46.65130384698075
4090,22462,19.04256062078811
47460,24537,52.86812313883692
26747,19421,15.755356635046061
64682,46519,74.02246735156278
39030,21489,82.9997920450632
43894,48374,27.1044050246791
77570,31486,44.09419491013633
17248,30111,57.02773961304035
19756,35638,33.89748112688316
43747,13496,18.40075475179708
85321,39245,28.58382608068433
11947,17788,29.45720271129517
15306,37883,30.3605145498608
42324,10593,1.2545111365604986
20018,18403,69.29219029220492
32840,1012,39.17177873485912
92363,2102,69.65866476416613
36463,23924,2.9996074939294264
34932,29565,3.111288528709723
26242,40913,30.27125741556359
74465,41789,60.78894505963558
27716,49745,71.5983747141336
54718,6385,45.19990391611311
50160,26371,16.33879640916423
64335,6011,68.64307108577111
55146,36830,60.634468522767506
20697,40531,57.75363988182295
90985,8153,97.88513512146297
65047,3905,93.713208359067
62174,22188,96.06961909350069
12704,38268,72.16813179126042
96896,7289,7.119473985259684
16505,17961,6.65785907811285
74265,48709,44.46827932197684
45767,8693,31.676146826360284
67211,38596,16.0726743294261
47485,43589,38.66001607992754
71026,46538,74.87333756872117
41770,29156,19.274450152179504
17990,41898,43.97351218996076
40216,26948,44.219032836565425
68557,39159,68.87356215321562
82175,31690,70.2161084215639
65495,2368,47.22527072008204
58931,5245,20.941819966337697
34742,743,7.847839412644616
1484,44512,20.816243860022574
57669,39747,97.56246367792502
20252,20897,2.949576495144278
41621,24042,97.5525984985974
2214,38795,35.745726664822335
22071,49984,5.161330598906176
53109,47672,85.55015490697703
61920,36399,74.12262972524363
75756,22134,51.7252861908466
7501,22084,30.335866990281758
73614,46013,98.03817945169337
66316,28784,45.47153563767362
71033,27645,18.527175143095974
70877,36642,38.965220620337476
50119,49587,63.221527269451116
45048,2667,62.839764457097885
3781,36250,70.29074539667391
82490,2778,42.876993332470796
77594,43403,47.5902662516371
17952,47791,55.60715001913397
4383,35086,12.946333143417968
72261,24674,90.63500139489862
61823,43314,84.59493559829372
13542,11000,47.607322255443684
22625,15774,73.21904395970132
94958,45955,4.386433295063938
95124,17540,7.707487670964092
47468,28836,8.354121929956047
55719,12149,89.25153074671597
75181,27215,27.86742122697312
68002,15717,7.323613890490249
82146,48334,2.6194832228513065
81192,2180,95.9196471406939
95957,2863,12.189010633415673
70162,16941,62.739292634784114
70223,23745,52.533712672071026
46801,16596,96.2201799992726
58759,6318,85.53122676898376
85545,48485,44.71924425672432
95979,35444,36.88407479427973
46447,28483,57.32314289089363
46538,16351,19.185139308007177
14985,31587,1.3063108236683272
78306,41054,64.04050557066586
81972,41471,64.76461252231628
49512,36597,12.248257386163544
10526,1768,97.55770945662626
1632,7737,20.603676404388835
3782,13482,10.990633829670118
30522,34832,25.65391396629453
33997,11935,56.94327812611334
6201,48221,44.84292067906738
32977,42098,14.826279868414012
18451,37672,50.23669816954579
74007,7651,26.646426909288387
4550,20610,57.900621319198116
1547,15590,75.15855500726191
78582,44027,16.411283616031298
43332,9441,50.77043117533548
45921,29320,85.16524620545277
25885,3302,74.9781501359285
89203,17590,44.36165309320472
93607,38976,75.72114501691703
54086,42274,38.4475260192992
37352,10451,29.567372586537246
62882,43796,20.762417708300813
95195,26265,92.92091328095596
35586,7659,50.419674271927086
34889,26239,43.68721921341609
10524,10678,56.05668562716264
91205,411,37.9418551825733
36914,20180,61.00509452430848
26426,49518,89.0971973024797
17928,49650,20.029380024311166
5265,31361,20.297697358208804
69134,23520,15.2379426575289
65454,8935,63.412026987031
81504,23910,49.77924375865019
37599,32963,2.1778590917908867
41226,36247,44.79027684178682
92008,3209,97.53527894442156
69839,8547,28.018717491071158
14659,20482,40.738622794921596
23020,30461,71.19564459415908
69148,48073,3.9228089735080696
68922,33927,68.75444950471184
14903,678,1.673963512831393
31618,46737,21.562273365022737
59089,17880,54.241502877474005
96596,34042,12.425892894048577
34053,27778,48.027414611059164
6742,40915,48.374973708924955
47150,39356,45.91951192313842
50625,45907,57.85413675737514
80004,20924,89.6029989427487
28602,38826,65.1599344475358
27942,40404,90.46053629611995
62729,18040,28.933759298021258
21988,24397,20.88537395221999
81163,5604,34.84183354685409
76990,20931,24.105111126322598
92735,46735,35.71356902388471
36504,49199,47.532362346735674
11939,12426,41.44462299577571
15307,24111,35.86436296314861
36635,19207,6.7450331250870015
9428,25048,69.64441463559893
38161,36953,26.9104605057054
77768,42227,47.43983532594637
62952,41378,97.22904635418709
99596,1178,68.33158522221201
36759,5714,4.718235701674998
51351,6322,5.888339205214305
33666,35514,67.31242094339035
67680,39428,32.12318171101428
81155,42304,66.1688148911689
17513,12466,21.05278333966805
16488,9082,66.0678547472476
91149,44840,64.38633234979989
18461,24398,49.46546108797176
89576,34601,96.88611392070209
62614,39021,15.618042254773234
13136,12388,38.52566892171566
46233,4106,91.24869784954416
99425,41160,58.07512812566999
98543,26451,94.94667324092684
27685,17828,90.86288182923798
76085,22120,91.45367431693424
24815,25400,1.895675185278592
65226,45360,29.439694954477368
91361,9566,37.297077695128216
20661,40825,76.41053689815689
15259,36455,39.00667326808249
8017,34111,30.532243240500794
10344,18000,46.76632350642668
23729,3556,52.1562300042475
53339,12181,78.93034346550259
22823,16379,54.88277916172959
47560,36637,4.467704166288268
81254,23433,61.6103495420231
45528,42090,41.912537392271304
23367,30832,25.615901159135067
39278,40833,1.274847627744105
3690,33232,47.95665448961471
34886,22935,62.75584506613521
15768,47675,14.148389129447992
21489,28477,31.724500648087925
13136,14265,97.25939521735472
66696,7878,46.76073866285744
30705,45055,56.90891120042565
1174,36388,11.321100782303601
74597,42910,71.67154287860893
18991,14166,81.74937048974412
24937,30453,14.298507713020875
28381,10997,30.446846893564146
24331,34034,45.69811577389088
20765,10856,78.9860317280441
9932,42958,95.22415272740113
24067,24542,55.681291755711534
87270,37501,88.56074325049808
96175,22628,86.39270668270682
62024,27021,42.17632109596766
93684,40513,2.439929300268224
45976,15335,79.14255153318305
24671,19579,85.92459191757442
34051,6671,4.81679262356517
68876,49310,14.326551550233056
7148,3594,62.2766552428459
72596,49089,55.1494471692992
83029,28448,65.95289594132196
94573,36803,4.1005405816368246
60547,49230,24.296753651282344
24013,43468,33.40060794488499
52201,17746,67.18787080522873
18534,25291,61.13182572346574
47959,47143,14.424929926898887
83166,40230,53.71820171260455
37222,1041,88.67749729419126
25624,28889,94.18283005275559
6850,33109,97.24443533301661
99527,37264,48.497768026451155
54477,45512,33.18867982217348
66145,289,74.72083461457036
42453,25576,92.44856274381438
39100,38612,14.258588998589161
46029,12732,19.476566449800544
3622,22056,28.71321458927931
84665,25897,21.764278519332755
85106,14029,44.655658417207334
12849,38163,62.829660825924016
17772,7209,2.653423534828611
62485,6229,9.391379903751076
67496,24695,12.17213045301644
99655,7252,40.71594023131783
92234,9315,61.47894628209379
50295,22217,44.43715997207032
32365,37981,10.033320219549667
61774,20464,32.430118652939626
9094,35207,92.84022182678926
85901,22175,35.30984351843711
35229,27320,50.725308437362365
91823,5617,25.47999369932769
71236,32232,58.928592200429826
47196,930,46.90919420772976
63655,8976,87.62054335384504
14117,31972,50.745516257971694
43358,13426,45.93276509602991
30824,13029,77.16120331118417
37117,16352,1.8419003272805834
60430,550,60.768264735307476
45571,29442,29.07396616077179
35223,5065,60.07743123201311
16464,1289,68.27533973959106
32457,44905,2.1104097557422388
69977,44313,48.171073024664615
1823,17558,85.45174655295571
66083,13598,40.925404275299606
28812,44183,21.719794495866193
29828,46377,57.2341680923515
92106,31274,76.25471437974608
45249,30731,20.030395935750388
87602,45544,83.91751901870104
34739,16744,16.787402566779562
2633,1590,73.7287892847652
53349,32034,4.322101086977559
18033,14248,8.109146664385074
30044,36959,78.79710240985374
25430,25496,97.44239183918754
4414,42817,22.392565264211203
62841,9026,86.89908540636112
98402,15231,95.47917956433172
34331,26444,21.733794177617245
54233,29276,14.430498487176129
35726,49963,96.84574098549392
48000,40390,77.30846923843197
1971,38578,41.77504634460197
79638,15861,73.41425907400738
62768,26986,79.84326441447978
46593,34654,21.962346586610945
60641,10379,49.9178762471504
60052,49714,15.221525468686522
36815,22853,80.40360079945643
85312,37073,18.331379814336405
32724,1685,35.49287579528163
16213,20298,22.900535771923874
27833,44150,70.76775053083155
45041,25571,96.5401890116215
15761,29303,53.56627968642889
71660,22883,82.36253942300469
55899,40400,52.87653777893882
5329,4489,24.711276687162226
50047,8667,18.989692241448523
67260,659,49.07353301465886
61985,26909,34.262006106773285
36876,11445,41.58161658525006
33880,39406,74.47452300113244
74958,29177,43.576750787736266
30574,48502,81.33649670339781
53064,45858,94.1557192888378
45057,4167,51.99100857456738
91535,40094,13.602929495455516
66672,4250,75.69082896678921
92518,17726,24.923953591192273
4791,44205,82.2957012574579
86346,5046,71.59963690657253
89971,36493,83.80218649165245
40889,10759,95.26662478093192
66489,40267,45.597758222604895
90159,22375,61.1356862057521
36849,40002,15.08810919749369
60478,39127,20.556227517192074
61435,33886,95.69273907878734
13021,42343,24.05015736825159
87446,42366,65.19047235911545
72692,41336,36.391718532397306
36974,8830,12.027391463044271
24570,41117,54.74364796700102
70306,2730,20.091610577253206
21266,42080,3.0070850990104514
55877,39943,17.084497471694778
67997,42902,29.060171491458263
22179,17652,78.17767454022754
16037,30840,93.60067149501941
27650,46756,16.811434435280486
37202,45223,77.13815596795367
86669,7873,81.442364972542
60125,23529,73.75858301390572
5608,17285,67.99057302544202
31842,4487,28.736217680105835
96580,49915,78.69819672642511
8130,20849,18.114370937610072
8870,49126,82.20973777186533
10112,3536,69.9918320116918
23346,49867,14.456918943074687
27294,22938,10.835306027155383
92209,18438,59.93829342096038
44927,17769,31.610485873554403
13672,32189,86.77609246203663
31828,25345,30.461380770157383
65050,22371,17.501573529953802
68745,27518,1.081838059855638
43006,5332,37.35500398984261
98142,18326,31.9762338280243
22267,46951,29.540735953993813
93265,11231,54.705189843895674
29078,37725,31.038950835396484
24122,46030,66.38978038996889
35707,46372,29.54518027269326
82268,24130,94.87365749222803
53101,6239,28.98284998854888
45687,35647,85.76891083496622
27009,1409,41.43390752269282
99000,858,98.63457077766262
33415,23279,58.45811261117979
90921,44463,34.82948885633811
89776,6692,73.42375094047586
74757,43514,52.04950311290596
35239,44202,57.70640837347198
67720,20056,53.51626883584549
27809,29187,90.73468301916705
76088,33638,98.81697944519426
83609,17359,88.62110364876209
38967,37502,75.61504877692518
49583,23104,21.367036197108614
6040,13262,11.094823917579241
49893,34410,17.954872295471183
11764,46468,16.606022971031884
95069,38663,72.93669880497552
4651,6256,63.928540580452356
24130,30905,50.42049094797804
45364,10460,72.07197896456495
88993,11869,34.894471245545425
58155,26115,37.151305139850116
26665,20111,2.47290456578382
9535,11116,71.58310911191651
67761,27986,17.484568249033376
42738,18148,63.83160627206378
30077,20742,39.67276416378718
47857,46459,50.68076178420464
58556,28848,40.511373150322754
26261,9300,27.288073184173445
10928,34160,64.69058872760638
99222,3986,78.86433370698416
74929,48675,68.8043117132861
21719,27820,95.75101861150871
65820,16412,51.878687900985945
56890,21226,61.10839580396011
24477,39551,29.963479617203518
76593,45460,29.37469205225306
53933,18145,64.1606570500305
79683,7101,64.58702939864901
73617,48599,98.53219628120189
96251,9236,65.94819230785046
3246,35754,52.96404437580812
38302,35942,70.5461142968303
56648,12971,28.243741251711025
26632,2192,31.301062500761752
73995,40922,17.811561740767413
72351,35173,45.57634559262069
64952,8046,17.246141067254342
37393,31321,54.90630037475847
34594,7027,7.541307396607582
35780,30093,22.07990327508793
90463,21299,36.522083521445865
30725,5128,49.054316805264286
33394,41694,58.72404938459906
4143,23059,75.7275204199756
20818,41762,19.869078062238394
85285,11617,51.73143881696659
58544,3750,95.52597471087435
45143,49673,2.5602063871525993
77077,37003,54.89786030110545
29212,24193,80.73019377428628
81240,9196,45.15546778940439
21002,10619,66.68596893136458
46440,17966,8.499715367485823
73455,35065,90.25495486236223
26097,40309,86.72399018789868
76074,6816,10.296274945758356
55209,7646,7.455668137410241
47894,20317,79.22490359694264
96682,12581,32.02294928467505
84902,20717,16.383809509569843
99447,18472,70.4545895487513
61485,18715,86.96313623377398
12272,10115,35.28293918791605
71843,16521,92.33448235574049
94699,46454,13.061446174996739
59961,31800,77.41788918496368
70921,2566,61.58696276245399
2810,34608,18.594519740892864
69620,6575,53.82051739183629
10505,46732,98.93820264261804
82406,48181,54.38522338427974
7303,29448,29.369084221595454
65570,36350,94.5250113721403
5633,14100,22.441864476544044
97239,15265,41.07270460244509
65055,13750,92.30928538932936
98541,13203,92.92805456717122
16345,17639,31.910023317317933
93564,37829,55.709014092974
53269,20808,25.81590152460824
90808,21548,32.75912763846946
14326,5668,85.34590277376428
43854,24772,26.383304750568293
75924,657,74.3449647260824
92006,2020,84.07270809049267
10441,23629,55.941638067682995
45171,41177,66.90580851682611
28969,18232,98.15120593219909
29477,26006,65.85259150198321
15715,49209,64.60455574099626
91726,43579,90.08956799423414
77924,28270,38.93812101737842
92472,5461,7.601323566375139
13646,35019,36.06297611279525
37500,10087,24.127150910974937
44068,27264,9.078238463360247
82529,5583,76.17027911789805
95278,13064,58.27730105288407
58550,45055,6.632507287251513
68117,10784,35.3197611626241
12580,16534,39.09327331605695
33026,26455,14.986134636732451
23373,15224,56.91886845167618
14326,48844,64.06533385566799
87480,10820,94.91930583092255
1628,32519,93.74802490448084
83522,36783,49.720937540933875
49772,19369,48.38288684628845
26433,4359,24.55099387762505
70216,39491,73.90827520232249
70119,18377,7.064487697463993
13489,39333,90.12006846584366
77214,2912,67.93911284566059
66072,6286,16.739168580133786
90007,28556,45.52296300897061
92516,38312,27.095766444356727
72369,17342,3.069841802886866
84770,22462,40.23008950291514
7937,21171,57.913834738208
86351,48333,29.369576826055116
66554,42328,81.48943889591943
62181,46587,24.52099280650417
13392,30443,75.2835713794942
49896,7795,72.29971984830475
9069,41685,18.742687460009765
47550,7261,48.83275865049301
85610,33506,75.41987784661396
93872,37444,33.46413873981981
69006,48435,6.676979562334497
22954,9389,71.25735197376545
85287,44247,9.038694831693181
21673,44277,35.97146037668198
32526,48481,26.45775487667094
75242,24970,3.2562053315404134
14989,14669,84.69587299956683
88692,39966,15.735144648043173
30995,42664,79.27449792033524
60002,31465,72.37447055921643
70816,14553,74.06012739215414
97315,46399,16.423942625368696
57374,48701,9.267688245498032
6341,2503,28.62694528198645
28543,4555,1.7047186469404136
16603,8038,45.860319647010684
36720,3073,47.91148568537706
9784,38802,24.494824260779744
21836,26363,88.25706634865227
68275,20801,93.54725412744901
19859,3289,49.14949228180356
46286,9440,72.89819649031813
54012,35311,19.532043482412586
30670,26070,75.69110186548976
11507,1828,16.557829059035413
28780,4442,94.32767095029139
8188,19998,78.07628466223072
67546,11308,81.75863317146857
4333,12014,17.002667969694812
39382,23515,67.78492107015244
11913,45936,98.87779351606744
65023,47642,70.02751111404811
71049,36445,27.942111265289324
89945,32569,98.89954049879923
60006,29695,2.321338169384572
86991,4375,96.37999434417213
16325,18721,22.53849382804688
55378,18426,23.890955338559394
36611,30945,56.783724916432384
11704,28678,59.77267510827079
53164,47962,81.08536472356644
68748,40190,26.950187552030297
74784,18445,57.46254399944708
38405,10797,83.76888882690535
62656,38999,75.92728552347737
88874,29381,46.90197614205464
27437,34886,92.06877240847892
10614,21193,71.3728436982419
81197,44617,4.675772499764002
21695,23049,40.01935718291216
89536,45383,89.15279808588882
32973,10257,22.626613730836787
87578,13283,44.97921766163974
52674,27366,80.78591950440051
72547,36662,18.51380713763372
86892,36776,40.45127697030617
77513,37593,26.019546799778066
11273,26247,92.55462008721075
89327,36793,54.324836569611634
24421,40705,22.62385912681835
57221,21338,10.544878752451204
19628,21902,97.16503475275107
11643,19754,50.99417766528372
42848,43732,21.64601295664038
39693,12291,71.37200365734496
26570,30359,23.762526801258122
79852,22424,30.70263043740254
98057,36456,69.96973844653179
35128,30710,40.74619019420592
68066,16775,66.56864325255894
37319,6543,47.24866373124811
66240,2560,36.44368380007701
39420,38642,93.55245244458294
20582,43617,98.5646170010172
68772,20764,96.63159172120743
13020,10996,97.76464190413549
94264,20806,8.999108055540717
82528,47703,21.465463622603533
76548,7335,85.576029616805
17994,14790,2.6119816740894137
38717,48019,30.06389458699687
38355,2234,35.42379606891859
44736,45584,75.90904498813121
82734,34616,18.40496648086758
60424,35272,11.409641398769175
73388,23790,90.49657692102788
73846,35914,74.23504976605021
96348,37857,15.399786028382998
35379,10743,59.16834371589506
38317,36153,49.658625153723484
1533,28961,95.36778654385606
46531,2537,39.9325860817373
35440,20478,20.655289595035836
38725,49906,25.146843339564544
20141,39914,52.50279759012078
72544,28485,19.615183738600606
29717,1566,89.53015624757145
21931,29120,43.98890790888103
32264,24346,21.68645069697274
32583,33952,4.241972603923712
55121,29377,37.996587338910295
57488,6971,84.03935680978982
75562,34651,29.308766328839535
57940,43154,67.66636578573853
16180,44129,31.19320754379489
21628,17077,71.01445671902265
41593,8905,5.7877357255913235
53349,28589,4.966297940703756
48094,1654,51.32545972773314
49533,32800,89.2637324587059
13887,33136,45.69262278166681
94502,47105,94.66053902572473
26107,48262,65.57065037272201
97205,46615,10.292101348325527
35566,41478,32.33065206866708
74567,31121,52.206048248092834
5875,10356,58.279531252451534
64604,6943,96.15500079001413
43668,43592,55.23388578454586
34260,19947,34.24898363496936
76756,11765,10.612737448033148
7646,39195,98.21009401410424
7938,19953,65.66792015145505
34690,36673,19.00010164019234
4061,8525,64.51331054586123
24824,30895,16.09111672835737
5788,47031,24.44327348763414
81356,22110,77.3597069262205
20275,49641,83.72190003086037
42425,32705,60.89305174462312
48040,46059,8.907943776873992
38312,5791,34.40320020271223
28263,49649,76.57088722354243
22806,18616,45.35208117199784
80772,34719,37.18525001776612
52980,46542,92.61134100642089
45336,15508,42.38782831999882
19112,36689,38.69879106075277
42415,40911,53.11966711339637
65834,36584,10.62918631870039
65531,39558,38.03906650331007
14510,9810,32.66392419120536
61959,30335,55.23994293813729
57480,6822,43.66364716773252
40088,22965,17.26071171380353
67388,5435,65.23166763693239
98117,758,5.752475263639533
77404,24490,55.67966392345
18696,9101,33.61374003823049
2283,43756,56.90496369259149
40327,35167,10.247410691608966
32052,38358,87.45742774796814
25098,38074,36.230476291537016
21299,19589,8.67638178237901
18124,46397,22.769594310724145
39464,16740,50.35181868152212
78178,36154,10.961983718968316
60531,9666,18.41694524634906
37937,5770,6.6962185195890545
13150,43120,22.92108292358646
2509,30635,54.39872458752464
23952,18584,39.68693863142286
43754,13861,94.14372154766463
35068,37610,75.30333606786776
34827,49604,18.510758919517293
53603,1626,66.98041519521021
6464,7602,84.08521030813614
92555,32853,93.28733252572628
62345,5349,8.112363817004763
38942,30242,40.41208718140032
79069,47278,68.09107867867523
38086,20965,3.409422005497288
81050,39359,62.23862356690026
4415,25518,10.978483228423432
46141,20296,68.79117436503972
38729,30768,68.51652091973733
69013,17899,73.1784971525862
42787,28848,1.0400624037526291
31658,5113,28.21295761246198
57858,48020,7.898916464597544
14660,25474,69.34458937050302
76927,30300,31.040316501810224
57613,26913,5.23276933421634
51224,22907,16.638922211768197
83319,18990,68.58873119212043
17843,30078,89.5750186843664
71072,2707,96.79443556335308
30395,5477,62.265183803907796
71308,17765,60.62682323320769
9359,41980,31.957775268184385
99557,18273,80.36558314724765
27980,48815,68.41099344164508
63383,35777,73.48503114520679
20310,1217,27.704404610701012
86324,13646,15.250835440972063
88470,16307,56.335571448861586
3516,13108,66.49392051655232
90798,32057,12.464215840655143
48805,44992,74.18077158144459
98619,17233,67.93916573790496
37115,33615,38.083326437750664
23895,13873,19.196460544838477
85737,34147,85.46222137487999
33204,23145,79.4358256998002
6715,27057,31.207278238092595
84910,20404,59.58307518399006
44892,43313,69.81984773791618
18296,32878,5.566479105512557
79471,49141,17.466367349646838
63557,25761,67.69914494854454
20403,42488,73.95008180372011
78646,33750,51.12217509971542
10183,44649,56.11407511846011
61899,46269,52.086245533285876
8935,12041,75.80754467081006
35371,4650,33.916118086765096
71690,11825,16.735886229658757
68585,14165,29.035622976517093
71258,13930,87.44767130968843
44405,29454,70.7091188636461
90110,12538,48.37200084228646
94282,31076,50.5770308534067
90107,172,46.45028713432424
29445,7200,19.69332763902663
99358,43287,19.00113906728822
37078,37526,32.77805697011732
64429,9963,11.41407351180349
67400,29929,2.983558322289956
96062,34368,80.77271441576913
97880,31026,52.78833254933486
92558,10218,98.83900051894594
21216,48668,59.69069497910906
86396,24830,30.379678477446255
68555,17507,38.104331195968996
34833,27998,73.31896550837115
39841,49305,34.233251620042886
38003,24866,26.809304888724398
38533,30696,53.00414400129943
84876,5115,12.4234304722261
56774,21848,94.62557912490252
62629,1234,46.90317091769253
35720,26433,5.79466386906773
2071,20332,29.8753452656941
81108,21714,69.02660024359986
7527,34241,60.14579053292282
18009,32474,83.85106825185412
48148,4177,84.07197757595192
70621,32330,11.325459001302148
66086,48753,13.803171639086314
23010,33558,58.08645142783809
16029,23503,17.185931521324978
66255,8758,83.40098165854592
37496,1181,77.82374455996785
33569,31031,23.468377149515916
32695,41558,91.85401577471161
7547,2564,52.830917409595415
14817,5429,73.24321236385495
16963,29390,75.41388544526401
73931,28045,14.971945700862545
8432,29643,55.45963453018662
86425,936,35.86167297332354
83832,33026,15.147588472297429
48178,4707,80.47112704149166
21871,23021,69.96668423135887
30253,12300,96.26648791530903
33428,1152,36.1767048319551
98632,814,75.47490402643983
14952,40839,41.13705924976977
53614,49055,86.1842814145946
87934,18652,88.4108376086545
90586,17943,49.18770411520376
13959,41365,83.42502306090536
29673,32783,75.34729614763638
74338,7061,90.82792519031923
97711,501,22.157134176360533
18308,8617,35.567493398433434
22386,49861,49.21345608058608
56351,36836,36.74078632751262
1394,38425,79.9769498914334
82197,35011,70.04996787992287
5844,4749,18.661523702445425
22847,10296,27.991236527390917
53196,48081,87.03696280949777
11901,4011,58.13250473117105
12245,28110,78.28225755004321
69469,13319,64.07344111565536
37900,8641,33.06147545985212
50736,2636,6.821186189310386
37464,47579,46.99462904850822
64315,8959,33.68293955592513
60387,30033,22.2832245245528
90956,37790,10.519012139470496
78274,31655,92.95188747105492
33196,14557,78.62742529647613
18993,2352,85.12352986254605
13513,19703,26.559670170360647
22435,28726,27.84472046656964
11804,1441,11.836666966027389
89380,2516,91.98082415283528
32119,23871,69.95318624644867
34295,6702,79.12727041533219
26500,23719,87.05932529714433
96776,43658,10.62487942679151
29821,30960,62.00626468973649
98988,6356,82.17392655454206
79348,28803,13.766768954046345
69712,23772,30.98838680636352
6186,47326,12.745225163090511
39452,5220,95.10151241884621
39372,7338,38.42248425607625
20806,37060,5.435944452241829
50698,10904,43.88172926162232
86194,12168,45.75338892572865
68275,9792,54.02025289542637
94993,1856,56.682679140674985
48856,16496,94.69680592556004
19119,46203,41.86745611411368
83606,957,60.009422185747106
38703,6531,94.30795578816556
82564,29059,55.82206807665315
69238,41450,68.70560834375837
86306,31280,35.19865181826881
74954,1026,72.34619377403008
99480,13615,11.63535202463502
34806,48707,16.185930777179706
7604,43097,15.107536598981978
68032,26513,26.171178460599627
1879,19548,78.53798328788733
90736,38889,19.736685322005588
99700,42268,62.9485159567316
40477,26295,12.24571101519288
91582,20944,60.245712667835434
63705,6410,67.46373622799351
79156,3441,1.0676548273009243
45769,31826,68.26952058940405
8574,8366,87.73287841104673
2960,32488,70.14412077506542
99278,31896,68.97642265899215
95112,30203,93.67035624578801
48864,37673,48.83024142481068
27473,21167,96.71534381789729
87584,42623,11.418114399172772
77255,16288,27.389272905757707
52423,40733,36.8571961079405
12597,5823,71.6287574510066
39280,39867,19.021184026611675
6140,47095,20.07584013728839
77987,11339,75.0724171024656
72707,25278,70.41223222472661
28380,36163,93.7371122553034
12451,42648,34.183168713585424
25915,26604,66.09006529358605
20816,29241,67.18957713933176
99646,38075,44.84161570071791
77044,23851,66.57993400937586
75873,30259,80.07193437729387
97252,18069,53.22969196691885
15360,12210,97.97050026413666
36315,20783,11.33043528459537
54109,1864,8.116586170438055
64906,38076,73.77499742506632
79287,6293,66.6464180859237
87148,11580,64.87004114151227
86208,6188,61.85475550200233
26813,4112,84.07820751670903
45827,22185,92.15519674353119
61696,10671,52.76558558499463
23543,17049,27.746295382941877
37540,36737,10.38663014983501
46861,45111,96.54269231359244
59132,10055,52.23730109939401
54984,46703,12.991390733272056
76379,41032,50.76997208068686
43759,18952,59.27034814607755
41042,17033,92.43536935711185
50358,26819,30.17514082139558
96985,8602,90.1547053316421
99280,32637,85.47949963758418
58291,30631,55.54219820165203
96168,44754,98.09244558324943
95839,40396,84.5428723364207
53072,27179,11.75168102982339
52048,42755,67.54289272049097
26146,26079,57.604032607135565
36296,43551,14.963064955901526
51724,7371,71.24316335628906
25849,48099,66.49186295470994
40320,23112,54.20003251217423
52995,30521,41.67487277790127
49107,25921,49.80453066520354
39635,13754,83.57585516550529
64215,38538,60.50478718396061
94551,5012,14.428462098920198
76279,9873,89.884049050429
31670,42612,85.29507642227117
89125,26264,78.9486786935949
91344,45750,81.66935546452027
24865,23206,93.01166935625652
79144,10550,50.20765110177122
1320,19864,4.609578729322788
92625,45009,90.3925255003501
79333,3503,36.43452803043521
11249,20614,71.07240015882587
62554,1685,18.494828893222714
19115,17111,56.377183620998046
44881,46344,17.31027189072134
10454,25931,77.39198407251853
94139,45136,76.21898300674063
18406,41319,44.141767233226155
22560,14665,43.65495848846431
54376,28767,26.913543358512868
58479,7304,77.22367844981139
69097,8428,7.68465648975519
37255,45217,36.3097095161008
73637,24739,9.457143127126276
83445,11757,76.87531048627311
67279,41172,68.90586276129456
24003,28140,66.4322003907024
58289,25898,72.9086571237827
97385,927,31.819870577494957
97893,18837,75.76497106542068
33050,15414,50.26700820425168
41920,21668,61.253644593217835
66958,44289,55.511205951032814
37548,31302,25.324062210340845
52975,38487,64.06583467297963
40435,33677,74.86264627318724
93595,39101,86.64220218536595
83771,48273,90.13139836862217
19785,21319,95.48873709058462
6778,25588,9.487146052307526
12189,17275,93.44826113308838
68351,19163,83.35298387206025
11479,42210,28.145342272719002
41498,35255,41.50956781803464
72020,40437,73.27867304371468
87983,48070,63.30100005810305
61671,37332,93.75202017606564
37050,2376,21.69741929213901
30101,46269,59.28676721845751
41172,27429,89.42233429230396
4300,32495,9.892718453150081
90442,9805,1.5903384997017818
62222,17440,72.36801840962755
93779,48347,24.230803556376628
80873,10104,78.35856232725155
47253,32869,89.82352278778605
65051,33816,56.42514458781542
44059,21864,89.24687454790087
89945,8427,71.29845598637158
21725,4542,10.082809737918074
3263,47295,37.366800057576405
39662,45057,28.68734254050708
74013,21661,7.673586119952997
2893,11918,37.62462116122242
76499,7680,96.86524307214403
50496,35529,70.25689614155283
94452,24569,21.060426007774534
25014,9521,42.73311149051277
77684,497,65.56543894729639
15851,43802,63.84005811543945
96938,43411,55.5253214455672
62778,305,50.57607995075281
3749,43282,86.91347949443454
92542,21114,41.03436394890713
50295,33439,37.51994489045427
51713,38122,73.60344236673238
52001,4780,71.47321925312889
71841,28171,16.515299554100864
17619,43762,49.077641920873695
9191,27168,33.61223194808974
97665,31426,57.294417703043834
71584,10695,78.72563160968407
22034,23610,10.187913557618774
69788,47232,61.72099084659496
85879,17736,29.49394622723906
83399,16634,76.11962616360329
31369,44324,63.33021481742376
97018,45415,70.1881004680336
49759,13712,44.576441404874636
71439,41798,37.34120174718351
92113,43558,59.85053821725027
39701,37512,79.31846088080394
94563,46150,46.2194569328732
12102,17347,46.53589746417982
44203,8687,47.56369924305452
52017,20738,48.199701550987186
75081,48314,24.46330373011778
78131,30374,59.63230369481607
43780,405,59.457659117722216
92445,28446,63.41320578092851
98201,9153,40.92289411494996
48523,22791,37.30105759014439
38697,20263,7.343407415754611
37466,6204,24.912208689820044
22347,27467,5.632694479818871
8275,43971,43.11973797223341
32183,4587,95.84610970879307
18746,49480,75.45737135098473
31675,34649,86.65426590290605
57519,4837,97.84713882048123
97980,22475,46.13500131604944
65226,20623,88.9685020292725
65982,41738,53.57235413169792
58196,41710,20.873997594656373
32731,24037,89.76429046981426
41971,43105,32.381148927698675
50086,3927,33.93531521898704
37394,32433,48.46913123090964
22134,20356,98.27701750897728
25575,33131,68.78913453540129
45844,42473,98.51910587546391
21005,47801,92.94304894516944
81629,44339,25.78651388264162
12533,4515,12.961282759719698
10540,20855,55.288832692404824
6686,25838,56.40666425243242
97862,11741,59.95742778448157
73044,23952,73.6818565431178
71657,40468,55.574014683419726
41951,7513,93.90477540068758
9313,35185,36.493234054844415
53721,29429,38.40995926285298
72153,46636,72.3340805541906
5956,11998,40.252912247964325
9498,25215,32.22788417577347
41654,20242,81.64651482935736
96671,18351,90.07947729650527
87066,33172,38.195969854070675
79200,33835,20.389846188673467
79819,24688,9.397998812977907
27392,22321,15.290238309813327
58062,32929,88.08594116471231
95002,41501,94.31712951598757
69636,40847,80.83988965991955
61084,11118,52.48358697202929
54154,29268,28.40664681686789
29554,6620,39.71298952373108
50056,33109,9.518957223467217
98412,16069,93.04489755893097
78711,33596,83.88567608841393
80361,21307,11.796779676767656
45466,883,30.470028904937948
25750,81,50.32600219347525
73909,33114,68.65931246820021
15065,18492,64.60413905414524
69184,31309,37.37847130884096
84687,42585,90.21116787725485
1010,4952,50.31494822412946
64256,13380,78.06533785712386
97467,48280,40.420139142473914
7859,43178,57.192931678749964
4232,10672,56.77982522132742
67143,1397,15.316670288601864
29318,5478,77.69520170324063
18680,35012,95.3223397539253
38159,11702,14.451189020862204
48106,32205,79.20336804505753
81925,31740,33.555483285679436
85837,48858,69.19057438938357
32736,18013,20.020206000560055
68525,11469,64.41529065249057
62849,36690,80.96863610454398
22032,44769,13.671354227775595
2937,19555,80.28272705752661
45906,19262,79.62957129970066
55184,27473,25.646116611375692
72358,22628,70.25089868763129
36625,28034,21.619956335968205
25495,16377,9.274068871890904
57069,10213,40.29899352914314
5963,34435,16.373873019534212
3552,38565,82.40519471453445
9380,40106,81.0040560181568
55248,29977,27.691746004734853
47328,31815,81.70466562790247
31309,13203,86.6469736881996
75158,14171,46.654920358343844
37303,23254,34.73203689291467
61356,8369,80.20432558977559
35585,4626,34.30677548532501
54354,3169,24.86638955579967
19090,7456,50.63646915811954
68816,28449,34.32807290047081
64484,13551,33.1713313132909
65161,33394,51.66866950887527
40796,4247,65.81949083166978
24365,48913,23.385405923941455
35878,22129,32.39079771889513
79315,33177,77.00391205546102
20823,25484,76.56684800671366
45037,1574,6.217024933307842
44387,11576,54.15182398743728
69479,42012,68.654025151148
7936,32074,50.381658269655624
53784,15750,58.477674433104575
7837,4562,12.918047500135854
24535,45804,33.29178503907613
63603,13546,88.31805456504298
77619,48550,5.323549965060793
29813,7364,44.04359065640947
58335,40786,36.66765977725469
34306,10900,50.420823733823305
8618,48238,12.607624451715425
54483,36974,29.6424162376578
48288,30660,54.620617555439786
78531,41692,96.67979678772785
88977,12876,85.13004786842406
36260,47569,34.00868062531001
22002,9846,48.1576036130947
27473,2298,13.328469922747274
85273,4723,30.91624747241306
83428,40120,90.75261129837702
33866,49189,23.250665930088207
76118,1279,28.386327424021328
46507,727,30.337113155857292
52663,44597,83.48997821173474
39897,31187,56.50386556963794
90695,18545,32.482793383037574
37822,29873,77.63563837450884
47030,24398,93.07314241418752
27001,21723,15.834334881414923
48834,32990,94.03921674784124
27965,38976,35.74100913641663
12938,27694,56.66416815774287
63390,11861,5.399855734573492
5818,25298,74.87237057570492
38943,30959,89.47220656616456
42280,43122,47.01781372394691
26452,34678,87.14601383882862
55361,28520,58.550027892566256
30507,6837,85.92318996416967
30109,32593,30.874798987091317
22921,3308,2.4204853450547867
79085,15412,64.367051045832
1419,25339,49.2491222575562
48034,39179,56.313412204894746
12433,22071,65.706737025429
98592,33626,20.681029717031294
85549,48696,25.798764073096077
39871,12311,62.72705443205799
64546,45035,34.40135752879007
46531,7366,36.55322466263444
52167,17649,59.58613753656242
7003,7602,37.592707180330514
58451,21978,5.269484268921613
48810,2309,14.511313487717292
3541,25837,8.17113178290506
10238,9306,7.11668373517721
77149,32070,4.262349955456833
13639,36786,82.76831231514277
8900,46927,84.39182412997617
77881,45285,20.06866970819489
89623,44716,11.664099086391554
51061,740,14.665122692584747
34434,16852,68.17240244087364
9245,28618,32.174753347694036
68693,48641,59.65574184510447
20576,28623,5.493691521919862
23575,42113,27.967531745824026
15007,24135,66.09846818271282
46280,20272,64.18448925637145
37827,112,20.31669495536001
64574,9932,30.828796825743908
62950,15237,65.12912856221725
58968,31316,43.65009702858978
91234,33501,36.61482425783494
10182,4778,45.43051536896658
28118,29700,43.37896112520736
54285,1346,56.5898113265692
8824,5261,70.0079235312984
18885,49169,29.82109229367153
46858,9540,61.590814110324324
73195,16057,7.948313910250842
46020,18858,6.2368291069338175
87952,12923,65.95624145225104
94074,17709,18.49949638339205
91057,31458,36.168276582335196
72723,18530,49.958827018328
65996,24111,57.103029682429266
28376,11529,24.556997123893776
51360,20624,34.479144315501436
78237,33568,9.617345252909914
73049,28529,36.307610372409655
15145,17844,13.025934834914176
6903,1280,22.10111064110274
71629,44711,78.37316324310818
82463,30887,52.130937157835326
86721,35820,18.203910359203988
77095,24509,79.50142966029273
90541,1486,21.124498767193494
18041,5298,83.69358649000844
88446,42825,47.39828711331524
84184,29053,64.70572593995377
66742,14209,44.16821428854569
34116,19181,89.19523073781275
61393,24770,91.05723635897274
18335,12843,92.00958658529137
83182,29082,34.34296407718076
30707,32271,52.094436043953294
76812,28098,81.20374357265223
26845,19202,14.273842995710488
84728,11163,62.629291583966996
97717,9423,54.514956255224675
12512,1680,38.64474340435209
95056,27710,66.38722601758347
28805,21625,86.55467013140074
75702,43016,32.05417315483786
6968,32193,81.22940965271918
63225,6399,15.01354109820547
37731,46616,98.65843193606342
19013,40261,2.4600468988651514
63993,33544,44.55189331908064
41600,848,37.00916565901746
30733,6939,95.27870154051509
23427,39362,47.98055236988973
45088,29663,6.475212375637579
18732,45852,18.97611184693471
60605,2413,42.47225363757735
3748,10309,55.70398837013381
86037,31818,65.58085608756748
12926,36163,19.40465103930295
29344,9168,29.982417928738545
20847,26505,39.589104950518404
40878,11490,66.2577858168763
56008,13306,58.75894420527368
8575,6378,49.72004633260003
8186,49888,76.03693811653389
76096,577,17.388930746077786
58987,30818,31.918473288554214
45971,40038,88.2905284919639
4451,13041,34.50349304390079
53756,28298,27.230719100129352
9963,14364,2.5007358259197128
6838,7887,37.92745253270468
28980,38174,45.31649475372675
53284,18711,55.48788914740488
84842,29013,36.37049896824256
25033,41121,87.42424230085473
97688,46646,66.1717844030254
37257,37782,28.181368767719405
1829,25410,68.21763563100376
60379,44328,89.98178441745812
75874,22466,51.42713226425728
7884,1197,42.66357742473592
62158,43967,46.44576687212737
40814,27292,82.55410847508428
95595,43123,2.9647418663548333
29800,39487,56.209119460351864
98486,2020,80.4287132757852
84937,14422,7.385095102548448
48914,33654,73.28973778507425
90849,23702,86.48413888095044
25351,3568,36.16445861241762
10028,8215,43.52298548028745
97419,5641,37.12160690425177
73131,42153,3.228883639635002
60571,22564,37.66631502022736
25700,39637,70.72006344754206
93194,28279,33.252864157618966
3386,32916,35.08010790797772
44111,29648,48.1141366838912
97676,11681,18.343403489170058
15978,49628,4.6625924744763525
23432,18101,64.79771702821091
85637,42102,5.149916537043821
33359,3201,38.82344962337696
19316,45531,70.48922206632575
73949,11859,87.6455887718929
33637,17003,89.29996668636603
4339,42872,25.13399319113249
66128,18212,41.77096375939098
80673,7130,46.84563794199852
21475,33945,26.529228112304175
76693,1804,97.97866910892472
11830,7930,12.067710830077356
57652,6681,65.27480139440912
50082,18430,12.239205732365756
46175,1649,28.9315862681362
82872,30689,61.00703454650682
56553,5535,96.18188320940877
26013,10931,19.129103063395952
77731,37466,5.935405562110005
50264,22622,91.76140933133941
54912,27294,88.30267229706958
57545,46120,19.839670254713894
30806,16451,7.559105522203552
61523,677,94.11768618599635
98335,26041,96.56746513632334
10988,28320,94.38109897434745
70144,49129,22.411676342695817
58206,35412,77.4836237745248
70193,1063,14.889924880495258
22484,24065,28.367290235653606
32662,5202,40.251797769307885
88229,22246,6.462636684458289
63581,12027,64.7696297189436
57400,35978,89.60043640075409
35433,5115,48.98190488408543
95015,13799,2.0498325880151698
8986,2032,41.88052107802042
36251,47676,46.39046607643966
54508,20943,48.294961976929045
5447,19263,78.14794073849589
11072,28567,18.111939263094317
57728,35440,27.101509412569754
17526,24305,60.14109648997278
18109,34394,72.1752857013338
94466,36437,46.49166157249554
24027,19852,18.948541539262084
57674,48490,70.65625239190443
95582,21338,81.7760947023303
40123,41942,23.155478603925236
24563,25821,56.86059550322523
10887,13712,91.82355906565063
87430,6838,17.950797398818928
25235,48589,54.066946091193536
17658,36228,45.48078399088851
23172,46699,71.9790036670762
29676,40677,48.56907391209528
99312,28630,60.53780938973947
87383,41091,55.15306180966786
41212,42265,73.45510758874606
7935,34435,89.93437762639807
44854,21879,5.246181361218993
93619,7264,69.17788693929093
18619,47610,62.53075742521943
10885,6565,90.82662542572062
74599,31823,85.51328262149512
98360,28215,12.425030849383425
23204,4318,79.47048209967465
9040,25547,38.31500511895994
85457,23024,36.417356632103875
76125,22068,72.06993656713
29602,46887,16.889081542706656
28658,14672,88.60809452701052
58250,1307,44.6237420407358
48565,33700,59.30279940561352
6876,22938,20.95074866378984
9111,23718,84.02380024233975
13373,20166,27.004076258237166
48643,48784,76.88541357736493
61306,42207,57.89732460851454
18175,49893,3.1114772550602683
81604,4709,10.963381753392998
94278,3389,8.868205150113337
82653,8361,78.56968715850972
18876,21109,53.21379618332294
62132,43865,57.4753759743467
94442,2940,10.006783236820262
80802,46358,13.724455242472533
1098,8778,2.0652230813530856
98641,26580,46.41137101679681
8588,43963,79.45978126550716
60588,8038,42.209009026249554
25913,15100,6.5282992926004395
89663,42664,31.263549580781717
38340,40539,30.455264763520578
14146,49715,6.8213591671655145
8770,48343,40.87150492917461
20189,20058,30.395493803835624
41055,41902,35.964548189231586
74467,25461,8.905932047500261
62724,13156,86.55059028385435
67822,23766,44.80961931594368
55770,43098,8.373809306708614
71357,15230,37.38954118525436
43136,20500,42.35947634888998
88319,10590,53.72348543244335
23985,37863,13.459989474507113
19693,28822,40.649652119217066
40948,23148,12.786758591381423
77614,4748,39.737114554412145
16912,3745,43.018420357049656
45622,35301,96.42979473796042
16484,21433,88.2362449598628
18614,23000,12.278576545471466
99517,43472,8.009809268545258
80273,45552,19.035480050647283
48902,46440,73.7428315648796
82175,1943,53.2447352029189
78474,20487,76.2765679983046
22279,41086,60.74321203248096
75914,30663,19.227294669636652
46783,24091,40.819541739535715
54283,48176,32.30915608536793
40580,18535,62.87690374297359
81576,43782,13.682861784004455
41788,38140,95.80156642192324
74195,49218,79.4309339313181
17754,42107,85.92744203458888
55541,43047,39.0107694536622
81269,24102,92.42494388590617
7766,21639,25.999792167701553
39801,43084,36.181567774959014
24669,41320,2.1057552737311673
20075,41476,25.762402885568747
54539,32344,73.5076324526933
53869,45319,4.505692616454444
41632,4845,36.69254580518597
50923,26090,28.928996377946056
96383,37697,37.83634840365724
98077,46321,49.49878602770551
9187,5407,77.57486511237329
84536,30910,20.11492980598279
18225,42703,32.410467922671515
2390,47582,30.360912805395017
39267,39506,18.82418701259282
49134,28761,70.3037257079319
48953,20727,31.05042556691846
78429,4313,69.11144197658108
34597,49968,72.28404580301525
56898,2421,19.14040368032657
17400,43297,32.282346269428004
17700,42787,54.55217267834595
57887,15259,61.67935097576444
52328,38860,88.30438900605974
33337,26401,13.333711143919126
24055,8493,73.69549381827353
45414,3239,19.956337515178866
6592,12929,74.01104797163104
56714,36790,64.68136019243806
29191,42540,79.6809462243901
50585,21038,24.50530646961434
26041,11294,67.23434646656432
48642,22613,95.73895823240396
73037,10888,13.417708631183144
16311,20608,27.763612786395292
28715,35306,59.2965052322407
61974,24758,62.58189617566366
92415,41655,46.72349820200287
19288,24541,25.44042753134046
1831,2380,70.88660229611564
10113,34798,28.137463185512964
35720,20567,96.2527326768887
98811,39443,83.66273816447638
68167,16193,97.75792995951008
19224,39006,62.18633398831809
82302,20249,20.630271361858807
24407,20788,61.53232531716339
96715,46808,23.993688474013837
58307,39002,7.778598959288409
44906,16290,22.405535864141473
52009,13976,19.117274439334672
83073,3930,30.31634586173557
89410,48849,39.27280535260184
69743,27271,33.32646458138446
64507,38653,32.284257242660146
70885,16270,49.60122680360941
30816,32001,75.99517214891955
91841,43113,16.032199447512983
90583,22257,39.21239867444253
19959,23089,29.634711216139806
6266,5748,77.0203062525235
89199,37557,15.403695194835526
59760,25080,38.708511876133436
96887,28997,19.713459093768662
88901,8231,37.12883409642841
83037,49192,64.62779539123672
11149,19018,48.490684417183054
49342,44230,94.26035282054835
60998,38091,23.72173673309455
29478,11629,93.57354539467764
83544,49324,86.70396210377514
25216,24854,98.6229822801754
70280,3637,47.59261428834881
46176,15608,85.36046249895763
93044,35764,76.7434268777286
84209,8722,86.28721737342838
84758,5732,76.20473462505313
48972,48886,80.3098409419778
60339,6187,39.75702584191454
67631,16504,62.8301824494586
68672,22713,26.55621583054411
90003,11385,41.24768530246248
53638,48035,57.5782741196971
85000,30043,73.36189390171384
43106,2713,53.70092630862291
12512,49249,4.095029387558647
9525,22500,45.4061621555645
26956,43016,17.558968576395106
68120,13328,3.1190816439212505
90425,32490,65.09181409447874
19640,34622,70.35522350456644
28550,35415,68.68335291311342
2530,34310,56.03597479035198
17290,41356,76.81712178890876
93775,32418,65.52332030950983
91096,26080,98.00676835005564
93137,32175,52.70813953092382
17300,38129,59.99036802473077
18108,9382,55.639254399823244
55465,11756,24.97530506350009
41594,40585,89.53991013530822
13015,42784,45.51495135774258
74959,11232,98.24688362705788
95793,840,55.050756576655395
35232,40017,68.35189281936171
33417,1024,67.14103114603462
79021,39387,1.0900473951092977
91025,28301,49.58782603452102
84422,25844,3.0101195800113154
32604,49061,1.8849876957633307
47215,26273,38.055392495826005
61921,1584,19.68305046851237
66580,48169,72.08143950840729
52794,29274,89.21885555402704
46743,31783,26.075582274821258
24878,22724,92.46622142040752
92909,43968,23.153477827902872
29753,9582,16.221368633261886
61683,22482,40.598309427900816
28267,43049,64.83847149796573
62037,18179,73.58096362624467
98117,10884,10.909543259707359
74762,41231,62.051637206074446
3596,2398,19.249647932961416
5506,30349,62.03857754662443
96830,7588,87.48038939111005
89147,32447,42.851039078664535
66852,34811,15.314311710304652
37464,26923,18.316161078363734
58673,45459,44.72685190122336
16436,16012,72.1064669880544
5140,26353,83.58688043694401
42570,44535,11.818647210366358
99993,41851,45.849281057760805
91207,22424,50.95573570297671
99319,16326,44.327618893966395
3963,12552,42.79783571975295
13154,38087,40.27696029040255
84561,25223,26.168119888006537
10229,28249,97.775563043614
71966,15829,74.103175748419
3606,10089,26.595418983613495
63179,47403,46.106133136260524
24098,4563,40.36047548130114
93369,36963,97.76398142399248
68842,12655,49.80553269624266
2427,20680,86.86143359659759
88541,44484,74.82197399117797
34207,33866,11.174866355866314
94322,9141,3.896298210440458
41478,25034,43.87790612480654
21454,41910,1.7472117562258944
5330,45158,92.78329669029328
57839,31790,16.93665699329971
6281,11227,59.8053294420658
71209,26404,14.001768474983361
14469,8278,23.93348648711588
35995,35712,31.513333708852738
92786,49296,78.91579409954588
43377,36320,50.48459522167274
23905,35904,53.255357821959585
60899,24539,26.798829379658333
69132,27554,56.08748248842697
95176,27928,46.81204769442631
87088,7797,15.970180014694987
32172,30625,50.58166988241421
7623,4398,31.625328279880584
40273,34391,49.562614411971076
45655,2731,66.83955106877531
2117,13158,44.62329660073534
76633,43032,84.7197982623715
30347,15167,61.536985552056635
52001,45103,18.200666914501006
86531,28925,47.63583672609862
56079,31561,60.591119751907
13696,22766,33.056108755394156
41279,18964,13.860928538050777
48873,10312,43.138802855828004
81223,31393,93.42013010182085
99623,16853,19.65536583337595
97731,36111,51.85385686980722
32306,23500,5.500912765394512
44805,1777,10.311970787105446
95728,20421,8.438032404921067
9211,5875,63.14332200918167
32651,44934,39.316481539642254
75568,35188,88.17358623386033
20482,41918,24.698104585488004
43250,24162,43.865170562744225
53707,45173,68.83160953820645
97487,14516,45.88826283535081
77140,43005,23.94919166072341
54251,10472,8.100605768138227
94709,45129,32.551314279507785
39745,12663,13.781975557800495
90616,4819,16.640833384084154
93985,35333,29.190063562710478
51165,13759,67.71484887421734
71916,17854,1.7782870461162095
65123,19794,28.866157210410357
40206,31015,8.014850797746874
91890,10725,16.01123766643152
29027,39188,61.86639672633632
50208,14424,67.65330023061584
15253,4586,93.91349575181509
58150,42399,84.71396498945369
25441,37807,15.065818328290263
75852,15637,25.69922850501986
56043,256,56.658371841534134
22783,41816,84.79367801795827
92860,30651,5.160141290690199
60908,40347,85.1123122781403
83145,30741,48.55724831791057
90041,32263,21.213067756113016
43865,24754,63.76262613653809
53491,31933,5.705324600867913
88417,618,1.3748446614830552
66607,33881,80.79614867821766
71516,23977,2.136069515869805
92147,28772,82.82897057552553
42398,16596,43.903033433561674
21103,40007,90.35108800728197
52359,9432,11.514704566264653
6600,33970,74.42579833137275
10199,4984,42.019153455033475
15233,3004,12.092307342777978
55234,20878,96.2776239947676
59104,18924,34.338890344751846
12027,38796,42.35344404540611
58082,31664,39.14371779172318
63045,11240,14.775843585927383
14624,36686,63.27562327841504
95647,21771,49.452719196687774
37718,31320,56.00664566912766
34248,28111,14.567947123064437
90870,14088,84.15799271989587
75946,7258,83.71192699486257
22722,3987,75.3384039017602
6727,45020,30.05128505531188
91988,8758,77.50207374833526
16272,36650,34.34246095210173
19300,14618,95.24196323364647
23043,46088,49.5915640043477
49153,23295,83.7761247940615
33462,38145,5.446788921385
22898,32746,53.08677475624912
20904,4343,48.199359791691165
42603,19935,96.27636018209527
13039,27604,80.17723809197972
42352,22043,8.798175698942027
22725,6359,94.76526863056695
23162,12451,53.4040821299217
5312,36492,70.74055643312008
3178,49305,10.18884085067123
44078,2295,95.31188503923362
28273,27968,58.32270947120368
88973,16850,54.26347798499438
22456,21747,82.63569584870673
45682,21322,78.93291360858463
90725,27209,66.6452711763609
82634,21255,68.00619680374889
32149,48256,24.928428322578135
52485,5596,62.50785761035969
28778,47946,37.682454777781224
36505,8547,35.42039793667111
3175,45537,73.25282130762217
66778,17090,80.26722518418376
5074,29539,13.427551991501952
71931,18899,77.420337135094
11147,45438,42.49359742620431
95045,393,84.2707419616446
30742,8354,17.103285562447322
40723,22716,68.77451818815561
44136,17083,13.852938510980014
97659,8612,57.17117623125101
21749,18640,66.25789396899978
60071,27535,92.73047407414812
37876,16730,86.17898983761931
49061,2758,2.9711208450436892
34306,30231,61.39828639562038
19648,12693,9.090933860155765
73202,27006,10.81339092679353
78331,1097,88.76802893806267
87685,48876,93.4763088057648
16492,45560,30.086164179917233
79840,11081,81.88248146529936
68491,8740,73.56973760037202
96971,18708,70.9450024300344
95524,22017,27.42449169912709
76706,43643,30.29142545179861
67036,14165,50.23214361495254
13119,41402,36.542537223833776
36569,31010,8.87697318803702
19020,46224,38.948330408465154
79150,13459,38.22747669293533
4741,5481,89.34737169908188
3501,46712,66.4367140443724
19791,31135,95.75012605754281
27921,16786,88.9189216389482
27977,21728,39.665954688711615
92882,5738,12.938597539194912
82294,2694,83.76984863692654
15839,33005,19.603388719455786
78525,38242,64.66959184873933
70726,19551,65.89090366889782
11618,12032,42.25237519316472
44486,43053,40.20249897129124
63427,35630,37.22974584127704
75904,12760,61.97649144014806
64753,43989,7.271198718602033
84087,5165,1.2362789808385677
6826,48074,80.03730912049042
95890,8912,77.47893423502708
52866,2760,63.87417921166251
43142,7490,16.754388646527744
38367,21776,57.565903531027786
24540,2377,66.1412794565952
62703,16049,90.96784964078974
55300,25436,67.7375823583157
68805,27459,66.09452144871999
34083,35699,19.861723942142618
66599,23517,11.252048164941428
24012,1018,93.5435954792117
58503,5475,83.21525258776536
48567,46070,27.435865572051235
1449,3356,50.48483241919539
9123,48886,93.29663042864362
73922,45545,81.64610940731211
4439,45292,63.63651165005497
19226,11036,33.490072563722066
75712,25298,17.8020535981029
17863,15743,56.657778322390705
53847,197,1.3228165273615347
40335,31582,4.457592446713301
13876,32067,5.089151165503127
84045,49648,84.01520733591177
18491,9179,96.13109286803869
84637,49460,37.219571517661926
89306,11064,69.16153737619751
3081,37408,32.633267675282454
94284,39053,80.52235046893966
69087,48643,21.111852447524953
54636,25912,57.00067986601718
57007,21546,12.968087313424649
84022,11259,97.49974622234521
11015,33896,59.13083195521521
54313,31889,74.10993489857825
77620,38113,12.144623754503058
98155,13907,98.38627876340585
78047,49114,68.62235740663871
92337,19518,24.6219632632895
80128,36049,93.7233043616428
54463,32111,43.84423166309389
48983,12987,34.32384107524635
21308,41019,81.64280157360812
59229,1742,5.716260189145141
69838,43303,11.816548778852336
34132,26127,78.77799299902694
33217,7606,18.736808240941134
10710,43422,44.596445255896285
1644,29558,64.79069881914971
48761,20085,21.086167999081148
70398,42943,90.26871859668111
25033,12726,74.6318649900749
53530,34709,9.682666229671069
29546,30520,63.88377421109668
1830,2025,82.09205577384648
86348,13805,75.68293982874333
89056,18850,39.81634885473512
59533,17749,39.11409431259682
99217,40855,66.63852149877866
9514,28085,57.826368637778074
49862,32267,27.752184114659034
40686,38336,77.13389551996734
18643,31152,65.90089056067386
52973,13361,97.70035044312992
78003,27753,8.17997916802894
83498,8481,65.04106168462192
63774,22224,49.76332797582174
5964,31116,66.67006392683572
70505,43044,90.39922817751439
25265,21109,65.44887418601839
94359,6191,98.13707354273777
37045,29171,4.117764448994981
94234,40452,41.01264331440192
68885,2907,14.752349698305984
10710,33016,8.757341659086348
51843,5187,48.48822149188301
71787,18012,52.17604519202301
91713,30639,93.56987545660265
4717,8604,67.46895923237534
23052,15205,85.48346452722076
57018,19248,2.7134978165485046
16207,34534,79.8888741856477
30033,48136,85.57760672229391
1331,34900,51.902862432660356
87319,18810,12.41160663592546
98845,20879,43.6409599100099
79801,10556,44.27845049124494
14263,31709,96.52247553494595
18613,2661,36.9472170883497
73019,33504,61.21489227407332
48227,41026,84.21678662582738
7188,49717,10.345244271727971
20360,47102,39.397412507854845
19517,40359,43.848681018317826
69266,46730,87.91712709537107
39799,21317,18.86406123659375
28386,7292,15.451743888021397
77738,46546,94.2376610919216
83952,15968,47.996772445003494
7572,43341,42.25022617557768
5608,27253,76.05939243606642
66889,33975,42.16304098656383
1416,2557,10.874870937746614
73580,10537,57.21216691435944
50943,9348,81.61720506651079
66136,23100,8.036826029818211
18161,26417,29.398423020539806
74413,1544,65.6724056688164
95731,19975,89.46582222276292
70880,7450,4.9998632342041756
25039,6775,14.051561294073643
18182,3078,1.8728132114925715
82157,24793,12.951286874386057
63825,14929,16.949021862761448
20119,27734,41.99694361703457
64628,41487,64.9438559643578
9665,10188,91.02793798473587
68689,4774,1.0051075851506936
92060,27595,26.41432900354007
30404,21950,43.77102246725842
27835,4125,90.0762021481659
78754,22458,96.91093720682099
97524,44805,10.043184500368373
46070,10982,95.73680564094445
18251,8314,86.43696597251146
51756,23462,66.45681778250038
42215,11628,31.625296221214246
25557,46541,63.62137524228382
97455,39175,45.26196864339188
90027,36009,29.76984455980141
2754,38481,77.77858259702235
69984,41021,10.820538561763756
24637,13428,48.595957605348445
67063,7309,69.77047495262197
8198,35128,21.394369469427016
86316,41558,39.72490215743651
64780,18777,40.84194759329773
55346,40545,75.5149525648984
34532,44946,74.10104990005054
96800,35101,70.24189594157227
71398,22172,51.72652870995762
58939,44224,60.61154442404476
28077,36429,9.328797923307997
91554,33912,97.27959100233025
50762,42642,53.180736438694694
84346,28757,68.84486694785274
3037,13646,23.25448380651665
27155,24799,49.212468020101966
96642,15480,61.124428945474044
35840,25106,65.11474253058748
75143,47347,6.2996184798583155
20192,19690,64.70370556539791
60237,10290,70.6449625801926
48670,19036,95.29051758010986
49826,40376,18.239780483003177
1853,22544,8.78453126403639
37896,42878,2.614621416716978
40354,21764,7.278184080479733
19542,40248,33.115740361199244
5829,21843,47.62284814755032
17216,2158,58.212509782077795
22061,20780,5.450704758112444
51196,8694,20.427874815473317
11326,25518,4.208995932089949
13578,38081,94.1091637036075
5677,49396,29.574241146972444
54309,9019,89.79220341625918
58723,29008,3.4448742874171643
94357,27679,34.20165681823597
29616,26749,51.88121597702638
29145,20775,93.14661822393285
50519,37980,35.13640842267738
21074,27771,61.59896790565723
95292,14415,59.794055157810554
53177,21177,44.42054918365731
92289,37066,21.908809164497978
95873,6102,10.14611267252166
51490,41024,39.43808533886078
8848,31829,54.16131688540329
28549,22752,62.87661967677825
40503,6520,88.13383126327983
76627,12397,55.43638545459367
52727,45568,2.9144844767310554
3825,46099,16.185034955593352
24398,19512,55.645229113148964
21532,11870,57.14962569779229
53400,4593,54.274257363104596
21598,2235,2.5566715400641753
11032,4277,95.98088772020319
85684,26160,94.56512646656084
89431,11621,97.28818952777263
81323,8224,64.7133367798431
43024,21784,76.76791295845732
95003,39570,50.83632145480824
83279,21404,26.188807310685075
68758,35447,43.27756623875714
38966,34398,87.31277487228508
98897,47026,8.672027122157472
64231,34174,30.076786644104946
94597,28891,44.879527887621
77261,38789,12.321410215361775
46884,922,8.412681924442055
81404,48743,68.5876387614595
87709,3788,89.23491626634846
53326,13246,14.045836586472372
16374,11956,63.68626655132509
11528,34929,45.880304642237746
58621,10899,89.15486069546851
49535,29953,19.834326306852798
79029,32370,24.038832188138358
70651,1600,31.942721628736347
78554,23204,1.5206153663770892
60777,27757,50.22317540541205
57639,42985,54.045651776169976
53210,6613,39.70426984463224
26109,4844,30.364506042929005
76860,27134,87.84103312453861
83884,30493,39.30588745833249
40286,37683,48.99089741396187
30523,33278,39.19624926098382
67383,36355,75.99232333445708
66738,32499,25.90293679247945
96588,20249,35.819258318556116
17017,106,80.40885630619825
23832,30733,22.656115660728506
50331,18449,93.94930915439693
48089,33008,60.54200129858335
99111,9173,50.716509786612484
54075,35921,47.68620318226538
39126,2579,32.67163874622265
50186,14025,82.19146524726601
68526,31882,16.937785905526287
30962,37344,91.47370164667655
79037,36604,33.96928003642017
93311,42941,79.10575837875068
56878,39124,4.46034834045291
76102,17973,4.30170675848493
96453,40782,77.19922233325414
73401,4334,37.952504465997905
75258,38301,37.257417729993
12640,18988,73.92944906681463
53908,1305,96.44031664600897
54110,45775,9.763641736871845
81909,25300,73.95688756227571
74736,26484,58.58252893058812
3438,28845,29.179343450668576
44352,10476,65.52817694492202
13786,35250,74.58803929157685
1865,866,81.32027573540714
78326,47086,39.640133231363635
66032,34529,42.85469551209292
77565,13433,49.56409121941566
12365,45590,38.74658981660632
63391,39027,77.1166758819994
75628,4634,39.071444108821275
53014,3485,94.1854416889031
43167,21761,85.62359293227297
75444,37899,71.52946049898577
15838,49492,41.40294270290931
93549,46291,85.67842428578973
2376,3397,51.31779801787121
8088,10705,30.598196510062984
58304,36877,87.47165158168166
28610,46095,57.46166744466357
97126,5633,94.70135712141462
55207,8344,87.71112186195124
83674,43821,76.25719195049979
48984,15306,25.23221052969481
50419,46808,17.41957663624101
82920,34497,85.98246144630004
8956,40284,80.48685096681251
64508,41204,37.09319155964587
42103,43532,94.51352483390993
17524,14381,50.72919523618695
93691,34789,17.24965268230417
70220,43270,28.647490029423636
25760,13495,98.23522674022392
9666,33308,65.12052519793896
76269,14453,76.12596510490327
65568,290,87.18525496254223
24382,627,28.044397658137278
69546,45696,3.041293787368315
89731,38918,30.523245783705274
88511,44311,5.3928041340890935
33115,37454,67.71395762857615
75991,32239,57.89275444513726
48971,20846,13.918409518502026
47288,2769,53.45232033996789
94656,18705,76.05702112963714
47002,23357,38.64986136152478
46672,19639,73.56509570120659
34213,19378,83.443290458818
34455,22126,38.88366480810323
23165,22117,30.30959529830589
65985,34673,9.46893083165144
98054,9113,60.101744649681045
77363,2447,95.12381267094179
54494,16116,22.971267057698117
44903,29265,42.693775057029235
23559,6252,83.52223120900082
30767,6927,80.41646401644422
56114,4527,62.01967184513223
64838,32091,70.3037549816984
52678,12528,20.0585818092548
21648,25227,40.78387156827457
93524,33308,64.02777884106095
50681,34820,2.818193049633055
1508,17408,7.926818978069216
10577,16153,90.33635091726043
51654,40536,42.38201777749066
82972,2264,48.83611057760024
91911,27984,75.21728152165588
12298,19278,12.639118503042505
87232,4697,28.742343826543344
77673,25627,3.9985786051309393
47204,10751,73.72136838747208
64073,6419,78.29639906939333
15941,39732,68.78548893269885
24141,16614,47.13150537981118
4175,3310,85.26920260914324
60893,22525,19.62673307049476
3512,13211,12.094875241970852
79742,27607,62.41720543130423
94743,33409,34.64958875675781
8671,47072,36.64610642319879
3552,12214,72.7602408770218
23771,19992,48.78780124975517
86962,12201,98.43683782733369
17990,42807,59.894212635997604
13946,23764,66.06248737726202
68615,27020,56.89935028467916
31079,13562,54.13690987032311
17290,22731,23.85849491504873
96369,39570,56.152513407989694
13533,15387,21.52136411115103
76723,26372,4.760345621059238
84397,34622,2.8103941573736444
85937,25495,96.07918869892441
29725,4337,83.67371552232218
38979,48667,35.705188298759886
89856,47843,78.14403131982627
89186,21453,30.7718066313575
7362,33610,70.6600993205487
76313,42646,60.1314868143184
9475,23156,67.4292090969241
85061,14086,55.02102568748932
29042,26463,11.508407243098151
28763,20238,24.757335356238737
36425,42948,75.57422095136903
48243,17184,68.32453586416008
19725,43210,64.75651070617445
13873,25493,93.38281770755799
7142,34834,46.29218515321118
83594,12930,4.378664896898212
16981,24270,19.081472200139412
66555,40207,64.04547219029061
36132,18138,27.2726474117193
73609,19745,74.33481308653525
84945,33618,11.04420539638435
63241,41627,57.05314426234201
50363,42894,5.88823097588846
18016,41861,35.41690648817532
89666,20117,15.83636764313637
60473,8920,73.07655840681358
64341,13514,39.20450912989269
15809,42240,65.58780817070091
99156,33767,81.24655491468637
75390,21130,32.97319937780951
77594,21619,19.936619238074886
88173,33700,63.66433002874606
38591,27918,10.862258684612137
54108,10699,13.379558992898133
11381,40095,59.929457409951375
20745,19100,74.1968353565936
2314,12345,96.8494857581041
44974,9528,28.461360778705522
80535,39358,50.49028547645503
61449,7418,96.1032341204243
32514,46867,53.51506439700467
78727,1513,16.902098110879688
79947,26560,45.918714386337925
98024,27269,12.937990557120077
32480,3515,88.00499376076908
13398,42743,49.564912520599634
86082,39530,27.194259911058175
35972,32093,7.074096763234073
85692,21488,55.45821162610627
79206,12244,40.74945949951316
99945,42253,51.9389940125936
67153,32419,41.64815955070029
40644,35499,45.326358703247365
28937,30554,95.678445317093
71172,18332,19.770224292305876
88000,35751,17.10127049242481
74933,15018,37.175829856761595
71443,31430,5.30802580602511
13968,9537,84.00030697942992
20417,6290,35.38469000147979
27034,22598,94.47386630900344
30325,13705,11.433321386208195
10844,24174,57.68024618074321
24159,7690,12.597419254106287
28091,20098,79.93869358301374
71163,23834,47.919260496723936
83060,43410,73.33508585177952
65169,39654,48.998868801099746
16625,7903,50.74605636909602
99616,5638,19.6951384850981
87653,27552,19.638075625483886
97711,45306,42.868309359209405
7988,37253,39.51989995814961
18467,27210,68.34973417247318
2578,15628,8.507282940109121
8496,15157,48.687661221851194
76569,18344,72.97264280687658
62650,16578,35.69395468740644
86324,35874,30.113557654132343
38112,26704,86.41775762259635
19358,47342,53.59084294043562
36812,48709,6.787488963420549
22711,34728,57.53427225271039
98217,10659,39.1342708117072
41896,11857,92.17046839208132
2762,24192,95.85475272218328
97056,26452,75.21461363687018
82163,48621,8.774015027725934
96185,31309,56.460003115256434
87484,16722,20.99894382274901
44242,30130,95.75093656682631
25356,10054,86.72312714042822
67112,28476,92.97280246485118
36093,48659,36.83403646162877
53720,20016,25.003523639401955
1152,11945,54.55325795171637
96936,35422,26.15655331443213
45284,13482,39.598692677388826
57935,6916,96.82604940460189
89261,44083,79.11962078797204
49461,7876,44.12981217100232
10434,40311,3.21486261826297
12897,10664,82.7604590769851
20008,24344,78.59856724879268
21290,21840,39.00630599033342
27500,32562,55.03817748617086
58342,36985,3.8441458744072285
53426,37529,39.83116002317267
59262,1281,11.789906924354256
33336,24504,27.31669707204844
27582,14952,47.965298422959144
21407,19720,17.438356184705178
12046,36933,41.57417096501101
52372,7224,43.64181719404742
91088,28702,21.385096890734708
16154,45547,63.602612299362164
35284,48472,60.55992460423767
54375,39977,69.07351584273188
85874,22061,83.12593002305888
4089,49871,38.53073302273129
97513,47575,31.010247267931618
21593,10651,38.28803404399306
39950,46238,51.577903415728706
12311,38954,88.05578282278717
87299,12378,24.88602609957903
67241,42661,5.134400558213435
37403,8142,65.74437982439659
28411,40099,70.68692880482789
37392,36099,39.362680549314504
1411,25684,6.672768926683293
29772,39483,58.24098907204263
17102,19861,25.395668330423742
34410,22128,37.76329220840326
88107,46593,38.871008492821595
27018,41103,62.03967775150833
56920,40749,7.008182254326855
78088,33211,98.94807023905533
66600,30518,89.2134631053457
72301,41206,89.67417374884617
60857,17572,14.693596298969227
15665,39069,59.4363755844598
35005,6746,18.991256170884025
22221,32064,33.2216587572535
13033,14938,11.212515454162975
64437,5556,1.1651079363308392
85447,33978,36.96454007427989
43667,49287,79.8629782729752
23243,42935,28.49358583916231
2816,46277,42.961713517559446
32067,8100,35.83009724198813
30302,39520,23.224688485739552
79557,29689,13.384684540873074
16443,34717,81.25672065607743
28378,34132,76.33277778932273
10451,17987,9.632616214884465
79983,45738,26.023267166195176
53137,554,11.337285863745715
46263,4438,80.22709475096094
13645,605,72.34759541621217
18901,26566,30.74448336625936
44236,9712,84.96381640002473
9630,29702,71.97907288801595
15333,38334,6.2869469359216845
65009,33116,51.139599410124426
83413,45159,97.53641852701277
61770,1609,23.606828262627666
9263,5395,52.616633433694446
37050,3398,58.28417608774912
33405,26369,44.47811002945436
95243,41993,67.98624746276083
40799,11920,73.5704237627238
53562,34976,51.446131408651674
56262,24371,29.229523496739183
7246,48087,97.33972035472591
91566,47764,36.87702707625814
69931,29227,69.3182209979789
51054,47883,1.493904021863505
38639,24846,36.59871252726579
59716,44598,37.28503731514352
63033,27085,73.81328716939315
89844,23109,64.91719782264215
93802,35584,19.986221085848122
31713,16801,80.68148756621144
24948,10662,61.50394155981017
25829,24926,14.435022804099402
54203,24267,7.435935836807491
95340,18895,27.340773996709068
93428,26429,37.54801652668375
32011,33878,91.92442756118128
60334,30179,85.48253091436027
66882,12363,35.09288754339421
65787,36903,3.058909971203447
8308,18295,41.33857025805663
58750,24433,26.354912994866023
52925,12190,22.046824552345306
32152,32388,31.704335742327334
95796,35839,31.273809216416904
42928,13022,43.112453147535696
31745,15277,41.081283284466004
62969,34621,89.511966051063
10909,733,4.8366039630148645
31626,31354,8.056553045043106
77661,46299,28.348803441433116
96111,16396,26.36621478727298
80853,40545,29.331131587701858
72402,18225,3.121167657598004
80650,6551,94.01615398016702
72242,211,75.99963727911309
4855,24070,30.04614941526508
3264,17505,52.78916298208941
8739,13305,75.62384894081158
18858,38235,65.54650811744847
92367,7036,36.117207573307596
98015,23500,88.68633633731724
70207,24219,50.955526192558885
57089,35008,38.65647237243749
54648,3665,31.45649024575744
58850,21705,61.18967293738612
55472,25159,90.85450893644303
62317,11431,93.9627359452301
6562,31622,50.48911376674479
65344,2200,77.78472760985797
4565,44155,56.40848508405074
50149,12466,57.68007519882033
72900,702,70.31264827187725
92632,16900,83.99877146357727
30369,13375,53.093772728887835
73502,8983,85.88151888141374
41012,25507,96.3397679070668
88766,40526,21.46855555932667
84820,3194,61.83487052485883
28127,847,5.610230860356401
90288,28881,87.78181757255783
73051,15248,62.983221082797364
70664,11125,66.14069853853424
8449,32147,87.98801763460126
24393,29471,34.61787347274944
67459,17859,84.01588493275564
14055,12266,32.04836494578886
10147,37076,1.405942825208914
21936,2104,36.775514131599024
84621,16293,15.292679996876462
22760,18104,27.257241647568694
48715,29467,86.25471060549629
34736,34877,62.74536656578817
53835,27693,44.24156556014513
41800,44335,22.271057937470044
51901,26116,12.605234838487897
35076,41874,3.908936682426549
72093,4791,27.669768562368372
10621,20263,43.0828356262078
22882,44556,21.815554075940696
68978,36545,55.507068086763084
53740,27147,77.14404630374145
16953,3400,68.11851870620433
68569,10852,66.05689647683344
28729,3218,51.71471813818669
86246,42301,6.752934608340387
1769,17219,97.39649995889654
17487,6966,83.61302641979543
61678,24795,91.95183727393693
39133,7640,71.96053160083348
54134,49955,98.08647629075057
38678,2856,5.711530813490013
90299,30538,15.057775875184754
68467,24381,74.24119335328805
67560,33135,84.0999794442959
46054,16734,22.306326730246077
59183,40667,89.10948066908762
3789,22396,33.551858477920995
12188,36758,27.34061277198843
65482,24299,34.10115068413986
57119,36661,21.419546742258408
15423,18497,27.517839001680432
94530,38298,73.33978097102283
63022,26016,82.35607948230809
57199,8853,19.35311092223433
49838,15653,92.67844839264481
27353,17952,3.354806897011888
28370,36708,97.19010968872564
74734,20173,36.172990543973306
7610,37406,59.7000251694133
2253,31821,39.98756995191644
85476,14742,32.51964305715974
48914,19194,84.12660319714296
1076,25097,43.53782017984546
73058,26477,71.4167476887682
69861,16575,66.03712743912465
49555,9524,91.05752312813232
40875,27910,80.23115315616248
41269,1312,22.215700974151538
37416,13710,81.18312296535917
43316,14475,38.556684936291184
14999,28034,67.27834114090047
37189,6914,84.71229925107535
51718,47381,98.13144447627008
43157,25119,68.15950960609764
46646,22372,69.48177674984909
14286,15709,7.1096796973985885
89078,6553,49.50724844645513
31407,23911,44.04322987129508
7035,43695,55.59124853906474
20945,5135,42.57513926488794
54856,6602,86.64736122938453
20332,8187,93.23940819258983
17522,49499,29.581399926279875
7703,49901,63.44562873581604
1958,32304,80.5399551953764
41908,44632,51.4044517243674
56027,46214,84.12440495733841
61528,13829,9.995331309176423
16199,10666,50.479464257457934
90281,5668,7.140815488280406
92688,41963,79.00658353462356
54247,44620,40.45743035661319
6507,10262,34.07414527383305
99948,30123,74.87095453078038
28490,900,66.5679590059578
69739,36917,95.0228585074415
58398,42897,59.474824143489116
66323,46708,98.70412715848978
99926,23336,80.20427303058061
91218,19390,23.660841409720895
2136,13017,88.44617109332336
75932,41409,18.489842137208086
25905,33228,69.41678635692634
77256,17177,13.301751085177159
29886,21489,66.68783102517429
99376,30303,52.5038949780908
47762,43435,10.382932970746243
84651,45768,11.810432051451837
87945,4746,60.25079628575908
11894,25002,27.46606085248021
41984,42958,52.13180453094976
51646,5692,71.83649267898353
51730,3105,20.682475817058794
8438,44179,70.85483059222456
20702,10518,95.36128869381115
74211,9560,42.365904278479036
6277,4993,29.55991032575201
9957,1833,12.309815761257683
85437,29058,32.858097298082924
88233,38706,63.294584805358305
63688,10779,75.02249060355709
27032,2539,10.672757696757168
49819,13045,1.1055010604913016
71320,39955,72.56309932693728
90133,11356,6.881159381425674
43332,41741,24.409076947632204
78552,45374,27.634451201994477
28517,29247,57.45686949216668
47073,34106,53.57497921089451
23108,16685,21.54870149844032
70178,21825,48.07957064687988
85264,20809,35.508711226903316
49329,37592,34.1792362364035
54280,47302,95.66739392005047
1320,6274,95.54216812298777
12729,34001,30.198199449731398
77182,13953,9.71579897519121
57884,18790,63.391062636613455
41005,43149,1.3550903824819396
33271,36788,37.46904200529775
36004,17182,13.611494843871897
68100,44656,28.59104450051511
76400,7065,90.42764927880756
11150,32292,2.5791249791577107
74210,30743,62.582376569718306
28205,17471,75.47420990536013
34835,39171,85.0225992484223
53682,49475,37.21191121142493
76325,7597,88.12673670532519
26608,13117,6.614618415218426
59604,28789,52.56661117304575
81671,29612,5.405411863913506
21524,2900,60.361062027665255
31731,28070,25.240654536327217
83205,567,15.946517590512611
84751,21542,88.58093763332748
10532,4525,38.88726633607371
31607,47165,77.56697718465755
71912,41388,67.80565152237233
44615,15990,11.079783398187525
79305,21507,38.389558235068215
63152,49078,66.8192882496855
7564,44847,43.50805248363052
66117,12819,62.72451303079945
15307,25280,98.60476443397272
37492,1536,23.110121410888386
69854,42011,33.377400091842475
32268,34678,12.020518513189536
86054,29887,8.78996692016695
30882,33043,26.04405196021734
45317,19305,39.76752581864825
53280,8502,83.07567693169554
70236,21360,83.61382158281698
58833,4693,74.19038572781565
55144,958,18.924727523028032
51099,13332,57.26628644952934
84251,12580,64.68141151769187
6478,11002,77.88285310384903
27961,34299,27.439862014112208
43575,15150,45.20878358102158
40619,8829,30.309849514162625
76017,11891,63.77256067091094
80422,30345,62.24025055677799
42323,20141,98.29031345996768
39404,31186,92.7955891407928
91531,25765,45.02984513658165
42013,4613,66.07688659438381
94129,3320,78.80532648384077
77779,21981,62.32561837917074
88248,5692,52.38601916744043
61451,26358,6.799819158158684
15456,4341,71.25711531192262
36804,6050,76.97501324162694
92042,35020,91.96456155317249
52101,23995,10.145815214875002
83644,915,77.91906191882677
49421,40140,22.792275430649905
60633,35719,77.28081587795884
95164,1415,53.96364731509577
54013,26407,41.63039734608809
88955,4401,95.29867893921481
41752,21428,84.54466906880609
49093,22335,7.761353157157918
64544,8041,65.66318299645802
71611,26535,55.701259559700006
42384,45821,32.56238602959949
45747,38739,92.109741619503
83589,32084,83.79066351922664
43815,33574,44.94575612768466
9356,6716,18.048079631591104
11111,25624,5.594305477790005
1042,30756,74.47447419692486
95798,32661,76.5845649995016
65194,19712,89.31435715801558
49193,3531,93.29709871535063
1547,18932,92.1764802188244
87859,42328,85.4603861156542
76941,16703,74.34426242937953
36897,48809,46.48663538912906
23488,9325,65.3095450082812
88865,20522,81.62809154070038
69102,2663,93.87712184581771
49892,8968,92.24725038526171
45011,6594,10.303436166573896
97391,31118,84.03596041261972
53526,22944,7.714178695480302
90297,3082,74.89601084564183
47191,35875,78.5561774950187
80311,34132,48.00814849339916
9673,19951,5.354394374151888
5583,40379,94.89505158070467
63700,30803,40.340143617729645
45384,39122,2.833807424262
92088,45267,57.22097821541811
15616,48157,75.1169172487613
63649,22745,66.47746429247127
38208,7816,23.897374006843602
36549,34907,16.153899252426395
80687,36783,10.430819052114494
74860,23728,80.9625803133079
92323,43586,36.797987017673094
28434,20348,53.129220777649536
21029,30023,93.98826059889274
43175,11534,2.65084078948695
53129,8962,30.50838378824692
10205,29920,78.74811656391088
67911,24689,59.7711819706416
36359,9943,86.99868993149593
16027,27047,43.6172892315286
37729,10684,59.44665625409003
98962,20764,40.844265430270625
3302,17239,58.26919468408616
81034,41902,29.262350676675645
81416,33905,96.90814954370074
20953,48311,48.85513508557563
74415,40625,45.03931700546066
15454,34395,52.484040771578506
98820,7713,29.30048673532474
96435,14852,21.03265251354079
14246,48535,11.606298093013171
9979,5068,70.98868877053215
97248,10330,95.74896485799806
77704,12019,81.38115410052293
91962,16757,6.7848947818982
70629,32175,51.28296594571654
8250,27385,50.76000117150689
40996,17919,25.317793150942528
33116,13454,48.171197560569716
37539,32569,82.69347895050255
47566,33043,85.9936165393768
26911,46095,64.30321183120893
60398,22322,25.412140168449195
42030,42882,86.63676278586641
30755,38839,33.227755352766415
63913,36402,23.334673755987353
55297,29732,81.62590606897945
25814,21125,25.117040855608707
18019,18481,67.63340423459593
42951,9390,29.973425782454598
15944,19064,64.63508074091303
20947,32819,65.46688073397651
95141,1121,3.7139047219721752
9659,37086,45.40702995632996
7578,31998,13.017192969392406
16778,6602,14.142788189709329
18326,10026,92.5743476314854
59065,25844,60.99672516322766
22826,13729,2.0662345627634022
87429,17187,73.30376166218848
77459,8726,34.019470724229855
60660,33858,90.28046524197426
45002,14468,53.5517570572315
17202,41159,93.43559772719321
11333,4796,80.20569312431175
64480,9270,65.51690029937751
83703,7046,56.91980906696258
7164,27145,39.26959506047257
82131,16411,43.11428401951853
13158,49791,68.29230867194741
93029,43023,66.68408495920741
18171,49572,74.5010612562473
78997,6273,28.203231994153885
48458,32020,93.14295634939074
41327,4486,5.185845577772118
6248,43030,33.537477889912246
37943,1582,81.28850723929733
21437,25333,53.76279592111854
31855,36631,11.312076863579144
47228,21986,75.95231333543232
78426,4928,56.16885586899548
3847,852,76.88015873473337
51030,9903,23.47975292087221
18935,16549,68.46337818282774
17374,39761,23.344064978412305
73970,11194,6.6441458348684606
87158,7893,91.33590811553373
90640,19986,13.859703839348873
75357,25745,65.62484597592672
92509,30601,29.285876497983754
72212,42795,55.84825220954741
14555,4001,81.0133021308104
12942,44481,8.735736186321898
58597,30557,55.518290004721464
96834,7367,1.266653273496131
68900,35546,29.251355500562084
74502,43523,3.7263249569154473
53224,33294,1.0445640763919404
90220,7887,68.93038279669302
27308,45111,39.90411205065912
43939,7940,57.03611309637284
16157,24208,66.47881618669004
57225,26996,76.80922924562385
17056,1397,52.871185260381495
69554,39775,38.55525691040935
8028,21845,73.6893218349255
30451,39083,40.45822459668143
9243,45868,21.36228544037341
70476,13285,98.15873417632997
76081,3242,32.700542912929365
31921,13475,68.24606153577368
37146,33828,51.4811634497312
38894,26839,16.82966615624762
67981,20074,65.52726868122187
64594,32001,27.2299330883151
27852,25740,38.3612867743857
52064,23820,93.06096307676438
63161,1260,65.78312355769395
63793,19996,80.58977938536748
41051,365,65.1906748158685
81065,46518,57.94901151720642
22372,25094,24.816381141921013
30769,22904,95.77289230092437
23817,34514,40.05249355821647
55125,9618,10.186514518300907
35361,45600,31.222861774813115
38281,736,64.22751272798085
98373,29307,8.42661755680695
12718,42438,81.97500580352212
35201,32766,35.82922537723722
21082,45369,29.20383468993746
72342,17853,5.835592676486028
57524,21493,37.82297613939901
39136,45083,18.094530693067103
13474,22527,75.98901034698804
77185,28164,48.080721387911446
42291,21220,14.241381103269793
58768,40766,62.51000305492946
17297,14231,55.86651656548174
93109,13792,40.11303546798621
1373,16223,47.53659330153882
82551,38417,23.893645850710783
74781,29686,45.026981768143926
70375,45946,44.109319331095996
96369,47804,47.607079974931274
88494,22232,63.6434684022205
22661,34341,9.463372014537702
27734,48645,27.502919019953172
20046,12285,81.92622781674577
81295,1974,28.444675604337196
89867,14074,51.95762129748769
20867,35671,53.65366556059359
87061,22733,74.97964801859378
72905,7613,98.47880028059468
27820,15972,78.39587542834164
35778,32619,17.743839929159513
82295,47898,58.7500668356094
66811,28281,29.162307326281162
27974,48939,36.668955396562716
48589,49239,98.71174120483737
20028,48867,82.68434256219692
5778,39546,58.458361238450216
88147,30801,57.407042645994046
11493,23177,52.707407624682894
62408,15548,7.5877455273045875
64675,25900,84.82544635170376
94813,20006,81.8598954267667
78988,48648,25.829788440330862
2400,45352,8.046239104651338
38921,12068,49.46889866903588
14541,44680,37.290394201191546
37595,27644,47.68630109414441
35505,37659,29.555180972667504
20445,2970,47.48776070154203
54219,17880,55.47398916375318
56112,49852,66.51248241939224
54215,7202,69.76106419754333
43605,22706,71.20707389605894
24004,6575,93.08482669412996
77731,47056,87.9376229096689
35274,33004,60.62884232530222
38274,43300,27.590630126924637
28659,30600,18.688011956352646
39111,27639,60.29246203623599
75223,22797,90.69598490000213
73046,18439,45.10366028717036
24735,30397,63.19150726136725
14304,13558,81.97105880801662
16763,38057,90.27577124059539
93302,11978,2.4003019121379365
24241,36973,37.25571685367324
9470,31552,52.45392445433496
66920,14019,66.2127633519086
50576,43655,43.96982193787675
40006,43243,14.822595623673735
47928,44015,84.90173736987886
14229,48388,97.61671195797868
24177,22216,93.65930765240046
61889,23140,45.375943607894
22035,17718,68.52762314892927
78308,14683,44.98961791196712
95626,45616,18.64169559386609
93789,47512,8.755680820160872
94107,20990,9.881449548238113
97376,45874,49.594975642338156
14002,20803,39.56322841719705
77897,16509,71.09393349282354
84801,39252,98.1154057332198
24532,34064,52.819072934490045
82942,13941,55.51044873855997
22525,25391,46.523715206336846
83365,22917,74.71715291438994
21698,48784,3.7816606042579437
6998,26614,12.946276527998489
17900,36916,81.72072669103441
82145,18747,63.194330764422226
90804,4386,10.228511241151196
29478,38532,35.3659436774405
29582,38814,25.930292064370406
94912,38651,48.24911729126273
13826,37816,26.447157522957205
10602,6005,37.039278124858136
15121,24613,51.0059736395145
12725,6172,35.801398453446744
87111,39435,53.31060384731647
54595,3744,58.12248058693264
17599,32625,51.49694886482286
96958,18397,21.45353984056438
34836,31643,91.51203738413682
6238,44072,13.506255823746553
24699,35369,81.45155402005537
13120,14239,1.788565890358447
20152,2456,39.59259784501246
71324,26078,47.43494396342553
66631,33954,91.3237140817997
61597,37581,13.208802268182229
89473,9887,33.302805286922776
39156,21807,80.53849569923385
44820,4590,56.50969298312722
62218,40392,64.19047000477431
90422,35868,62.11567188933296
13810,20471,31.450961808858295
97107,14336,94.7727811469362
44429,32470,15.589214191865159
78154,3876,48.264462667636565
49613,18576,57.76358487962641
21700,3338,86.3219685819076
33727,9944,45.32527292571011
9221,25644,46.761636485141985
31317,4627,97.39617421510899
67220,8492,24.005636239327323
5649,47810,58.31363994937396
49072,32657,42.20390775720266
61311,4104,18.12574543222733
91378,32939,94.32144872503102
52450,33670,29.20991343257392
21450,17491,51.88161194629863
15365,25457,68.90516525790555
55708,31108,18.229216603220987
2995,9488,23.65888655577266
83736,7380,90.57222896598003
81136,48507,46.16308032547975
63627,1008,50.65006293173656
72507,6459,15.272254344126946
42194,8846,63.493921864223374
78211,14188,11.293511487199396
57264,33216,31.982800556426998
44558,38955,20.659311756801845
8619,2891,13.005071707605957
79953,24704,83.77466537816407
6802,1506,21.92517270462278
23230,17941,30.048180374294592
55328,49251,31.224937868307364
91770,48304,39.54695414092121
21517,2699,81.07907966362716
36941,8659,98.73125817384647
16145,13753,64.67581936811237
64339,33741,18.86976997424438
62509,7524,50.92455604201282
13635,36738,35.17952701334249
71343,38491,72.14148178276744
28543,25260,93.83267448359409
68978,31983,29.68725052129192
63853,42105,64.42873699816028
93062,12968,4.694753184943796
55874,7879,35.950361710016075
98522,4634,86.25043939718235
67254,16732,40.43890159603694
23303,38526,17.529843833693523
94881,5961,35.5526055761605
8654,3905,27.092623971113365
74809,46042,20.037834599852335
43219,40324,51.50583302758283
5320,35417,53.63937708430514
22634,46607,20.246252036388228
43798,48541,78.89255822879196
23006,30470,53.04793170498792
76729,7824,90.88393387092883
81968,14553,23.320997757116366
65201,20878,76.40511474274106
54691,49606,10.725358476394838
43850,10357,75.19877906654827
85276,14858,52.646218524397696
88921,37485,51.88456243149872
30555,9878,31.0597841795397
76210,21495,55.11323104541771
35529,33503,21.594327138116846
83147,46674,66.63560966645562
34511,16022,96.88025255822163
25159,36582,38.21757298536583
45666,47684,79.32332060142527
65832,26563,72.803492465606
11449,42952,21.45723258226512
71172,40289,87.66918637224518
83992,35602,82.95305006226393
93277,43753,1.7863503694404814
94234,15442,62.38341047772216
47962,10873,94.38411335291691
50120,21490,79.85379354020355
81616,17312,64.45133633522511
61934,20461,31.36063343598754
46679,10560,1.4449124092287815
43944,11513,3.069822297365545
35818,3243,48.951677076222346
21583,48713,18.52000320070722
78856,34872,16.83919850361161
45055,39302,25.99569735270614
22838,30831,87.431825378994
52789,36406,80.81459273036171
52650,1467,21.654733373068705
73363,18292,63.557427647512
64809,21716,59.62492806245363
31106,2330,6.536062912403374
68208,1702,43.80021585639686
70887,6643,57.7964741971451
33205,31388,49.36047927141624
51268,23396,62.120798263361834
65291,38705,78.24620905280383
53323,17459,77.6106621070641
10792,15757,14.761910107157634
12968,38346,31.614112135715594
75576,2818,53.55888639625888
24595,7580,92.95796602353025
51218,21990,20.471703728427578
27115,25212,81.91192496835195
82350,49782,37.871296438605256
51047,40461,38.41073123333401
72511,21291,85.96697104009635
71661,14728,61.10144014369374
31163,12807,74.58359915448767
61960,42622,57.16557129944611
1826,7075,44.60837455088225
38637,17087,29.252964114906522
20854,15592,64.02653815289852
18209,44038,55.95949461538574
38580,44311,84.4588828285678
74146,32582,87.28235900000799
63700,18404,53.845317636698596
34453,49780,6.1362183722373995
30544,9949,11.803653025489659
78560,29892,10.25431707385423
50912,6685,36.29500269872349
34538,43523,16.18634837095322
53806,26309,9.627115641627178
89918,3696,8.436572972354522
81755,37350,34.530774690311496
84220,43287,30.419612801083147
79589,25750,83.07935708114923
58466,17004,7.42529434819126
91138,5978,97.67139145575585
98227,42820,56.60954542796758
57039,687,37.266471154222316
17064,48708,30.323040852607214
45553,16930,93.76094377175342
9780,4820,59.38981606958395
59090,3048,88.91923588682766
2361,47346,49.87550247770503
44870,6478,84.62949936220699
28706,29961,24.257878984264046
43328,32878,57.80399793811863
68284,4984,71.27433513815264
74129,46010,81.77329243578744
81559,7374,47.655990489348305
52903,25303,64.14034330989045
90115,15582,13.283931723476918
16008,28220,54.083931410509976
40812,33864,81.66229079301141
38716,21673,8.53215785348476
56969,4604,20.313337206426283
61412,3101,12.656500865309695
13519,24802,57.487728667550314
20361,16100,22.450875499133062
43621,41991,7.813548757820943
16650,10990,4.399427342680424
76432,46691,83.24194868778176
25615,13997,3.610787186561793
8187,46353,46.27660233843065
47699,7560,22.143000437301517
61238,23279,89.05447294643405
92946,29066,52.85387373521705
8090,22778,2.2138494879849544
35619,3290,88.17505238895298
15918,44310,6.09143863200048
90303,8389,14.840457390663927
42209,11417,30.91450147593729
55253,43731,12.402275374869022
15018,41983,48.5539775063012
9225,25646,57.55818720017513
42355,32743,59.733398862708476
82229,19736,10.309894011443413
14793,43050,85.76711682130016
32960,39306,76.07179855787366
88851,22332,32.50947720926857
2894,12989,2.227643787279342
66721,23256,60.66123152895794
72224,41712,11.480077424922525
58931,7850,90.48356063793698
21700,40053,20.130300697600234
8931,1577,82.26532323524154
71763,20565,77.69498091133279
67185,32764,67.04061600344816
33274,24712,72.24998010625113
13843,28553,78.2672682130236
77246,7591,49.66720876148582
63458,31466,38.955659582695496
83799,46158,49.33337946015982
87441,29491,90.43964766728635
58697,18209,32.93322622617037
88094,46824,20.827164707188576
5344,28413,86.04480775713698
66931,37745,72.12078989386046
24682,23229,34.33768282919055
75497,49963,83.9092106843944
85710,49113,82.54410981721855
3085,6158,82.16899658580476
10271,14115,48.843205220370805
43683,48807,44.98125619312503
62974,21929,75.04143089622647
49340,18143,22.79839624890677
75528,5749,42.165478266970084
16445,27456,87.9569526910553
78314,22208,47.33654106552829
35195,15484,98.34388835173118
50927,41283,57.826088795753606
68119,48941,79.92371329894448
26153,44727,56.41865662388942
9390,29499,62.96456972141645
45115,45873,77.29118600270364
86540,21326,58.759325245137966
83993,43599,30.79906304363198
52788,75,46.61319274822086
87555,47427,31.705120110314017
24017,35388,66.86054567294121
83655,44429,49.64067052209225
1994,41527,9.480913234513947
56957,49471,65.13118323502273
82345,33850,46.10074195871992
66337,46312,4.637119078662025
14362,46646,31.806627415276353
74366,5088,25.565443334359955
83914,15303,56.64647363013587
84519,18983,57.93959189369202
80628,48235,25.830315830958234
95193,31388,57.50027074770165
25095,10077,1.6238794615901415
16870,42767,16.21817719625358
18921,5285,68.22080079572505
34910,49110,26.621114238193538
97197,44019,45.94400554078793
23354,27868,78.86977123530082
79607,27022,62.08723567163648
91670,47370,38.74449216658214
59045,13342,62.78773391288756
66824,33871,2.683838499767981
33095,39372,48.5955613655469
29103,21636,80.53997507643084
61859,8517,44.779002942956346
43415,13475,46.941418324685245
90147,24742,80.1006214605989
79417,25864,60.159251510404374
54492,25506,60.27111344828091
22956,39399,8.664033460266472
3559,36238,5.303042100642031
66900,8613,53.82243427426695
33328,29748,8.090262973076904
49721,20366,7.562970564701487
71036,4342,31.238294925053815
58095,12935,3.171508271230142
55344,22171,89.89400652378377
58465,32907,41.43132828197715
20149,22020,21.86555095561221
39639,29163,98.44981825578853
24753,11220,95.31005591069669
78470,17749,73.89955556458568
40426,6652,6.532601010868152
39087,38729,46.296980414078035
70397,22745,40.70226361628087
57353,20643,20.330341460126295
97024,12293,86.50518022352439
72873,33729,66.06256241053312
43860,41653,95.20326676840838
94004,38620,98.077284587461
78727,4470,17.857126651927715
66853,21934,7.313682769692081
42204,42377,80.16987113865144
18871,1623,27.06306251238399
5893,8739,77.05961950489771
86508,4920,95.49417804859645
54580,10757,2.6717059248873727
54934,13487,35.35760186377151
26430,11315,62.38477529598142
66644,25595,55.89754719100578
56241,29494,60.339080642020534
31252,638,80.02656112244576
35982,33660,77.29461358777974
81784,15680,80.43696394695336
58484,24825,71.1870587597178
37118,10619,20.664219194626757
64311,44093,49.284458266345226
52738,19827,10.197180116929607
35107,49880,48.87390793927625
18661,30668,8.382029085371034
80893,9068,79.85790936399643
99654,41358,80.3851945191051
53239,35146,91.80567090278755
17379,19224,51.76216420100396
90299,2731,71.03948605601605
58464,26390,24.157538765787283
60710,4235,14.498673786540543
41254,31759,45.18809857761495
99259,14755,64.60702554152937
41680,17595,87.33689453670424
51663,18261,21.169130190773846
37050,18026,52.978064707987635
76354,42045,97.19731283289964
39554,28187,65.28146662658568
3966,25617,49.18606644543702
41600,36691,97.55031719503577
40158,27072,91.01887928952672
96578,31012,56.04989360537745
17990,32335,35.8757815474324
51148,42706,72.80101258412184
35274,38221,46.5060043182208
13102,21680,89.95684382038804
78943,16606,61.78632313265327
67010,42228,51.204257387585606
37650,33325,95.48027340729193
45641,37387,41.41782399008721
54852,9294,72.92120395553094
78055,35428,14.922123786207901
17746,41884,60.32392083211234
91079,17752,30.91439361204957
85450,5249,79.13575910046485
35136,18195,13.054965443314206
48545,38989,24.889887090333076
80946,1445,63.98197107092928
79628,10865,52.54190772738697
24878,24011,97.27967820345944
2130,38442,86.34758284540904
43413,6830,67.2021800835597
21648,19113,67.44101910189899
52166,14569,57.21954571363881
57940,41492,59.94485363524156
46333,35026,29.629483243258893
59574,5584,49.64789495131192
97287,16493,24.401536657889107
45326,16354,43.21064165032392
68174,35522,24.99243247773346
8069,4113,74.10270581345267
14465,19730,62.34368839305373
20787,33342,75.31553637838569
14810,8688,94.689771091492
46839,15893,94.76832966002245
58547,31162,10.474526580524016
2946,32515,32.82590196303896
12752,48922,64.62310592498929
21079,19314,44.877700944314185
89062,41403,67.63671652043405
78864,36133,80.00881419716482
62126,38027,58.20060359736108
10392,24657,46.63610454396682
34059,27607,23.18064982432375
32740,44533,3.776600286580779
19660,35198,88.5713259016883
84324,36553,37.46385410279
71007,40454,86.8023096635755
31950,26509,90.08040385394017
85915,24536,46.85995575708067
92209,35302,38.29122244005411
9191,15116,46.338850310338564
27808,17634,25.864679650673626
35902,31158,6.724214839364047
49050,42369,68.33120983603716
39897,46222,50.98265860742748
97690,21657,78.00505184797956
26655,22980,42.31983132643465
98004,12731,45.3349239385863
82766,20734,94.86564463224427
71090,40714,16.229965453615634
65601,3248,47.031188467569095
27951,29713,35.42974612328782
62291,10363,14.582112884719898
63543,26536,23.12545418894177
83202,17128,47.92047655220041
1125,25390,40.67174635308728
40612,44019,47.49146822516119
63713,22364,70.06269459389533
38090,45402,65.97326187784529
45828,4128,44.1273894046882
40065,24856,80.72809887149796
77806,17525,91.77934658488206
56874,6200,41.8171060354049
4944,38821,4.154010597680589
57477,28368,14.700635468666981
37423,11689,59.8006434892865
95306,39216,51.63300479693204
3500,36031,70.46985381483921
12040,18732,29.806027740651896
27788,17344,96.48571138035858
20586,10660,44.07565777147645
62654,11659,56.459671181538305
34874,13030,77.7194061677773
28107,45931,80.97898527196578
37876,38895,41.47753720718623
44255,48140,66.78448306150243
36543,24373,97.06019945299828
49314,24935,14.444207425582958
34158,28912,45.71623215281737
92372,43696,4.208939685918956
71566,26752,60.1875019116377
66859,37233,56.67789238697332
91579,38094,84.0476799597909
25396,19771,18.901685088493274
81595,45255,62.64617226123441
31465,8330,92.7396136956429
74082,11071,70.23021454540756
34231,37439,79.53997253118214
87154,11975,10.957131285505236
60903,47008,36.5256040979818
48835,45546,91.37661573422062
83685,41115,81.08149424608254
61291,20715,62.46957199546157
20611,22129,70.49344197949914
72134,43229,91.3640248120742
23619,21367,7.958055889810657
28627,45436,72.76838849187772
91340,13704,40.787038951921446
92888,23987,98.54599256975644
66602,13951,10.09094227846656
50014,9704,62.48096524462839
55020,30944,34.339017841392256
59646,39439,28.05781349708329
9683,33100,38.285395991245615
72792,25661,83.24309193280844
69741,33453,52.6737420687391
95742,7067,80.02021854881544
32382,41632,4.068306652190259
17647,31407,74.08372229243444
79839,48724,54.794923826668786
17968,24474,55.11040554175567
97292,5985,73.93167224028173
49074,43320,87.25369766777305
16503,26483,26.235171442842454
9951,36235,11.943546723747684
14617,953,45.86977368330872
80723,45452,74.22927840298631
38775,22546,30.29230809992924
75925,35281,26.985842380304966
67089,10224,32.8279724151377
59818,4125,64.44659459610602
88347,8394,1.5851334016651566
4943,40647,10.929814940574413
28285,21070,36.644760397130376
40241,15512,50.914636251273734
47957,28932,81.29235466652807
24732,25421,75.02641309164663
87975,46034,83.33719460892141
16804,15175,86.64859361392867
66705,43611,98.16961145629885
42009,17040,91.37792716919118
36622,25315,20.132400898767614
63202,49464,20.249336117088852
67464,27462,70.75186674792612
54221,14338,82.44267437831225
25654,4783,65.1350221521404
5651,18922,57.645576615243286
12447,22874,39.12596364629722
4512,4833,93.77754952591688
23638,20748,94.07333644647615
22147,21897,49.4367839631144
60638,21259,33.2194759022786
59718,15423,2.367105900582601
72509,18082,87.36702945496012
12520,12904,1.9814532347002825
85209,4029,48.21840782833671
94450,46361,37.34611791803729
19247,9694,30.993606244795917
9212,6738,10.16062723135592
76074,25982,25.911958493028486
38408,38191,66.58577233160487
27849,28772,13.826102052328066
87403,586,40.6831963904758
71017,47512,43.73456141361534
77469,31534,91.92460964672894
84596,48276,15.39904532919572
59254,26239,95.75878224877917
39053,942,29.312390785706175
64800,8183,10.124073798306219
32417,38468,35.576038451850096
59945,28434,70.23229304645433
35396,21947,43.60431755442455
6976,46403,55.128733765572264
49120,3729,98.4709306379607
27250,27901,17.50843239789673
81179,27707,77.10184177105693
64826,5001,48.60292540035897
64762,42057,50.780529997555384
5403,3544,73.20194607679036
36235,10184,55.719642240872176
54992,13441,46.879651026481696
69020,307,85.85557984716449
41874,23315,96.62706297614822
90020,37489,40.30076544475401
9334,12674,94.8667592056242
35075,5474,6.295664311129494
32058,12754,76.62090218140065
18543,6501,47.36055986581627
8861,23665,73.72101692332406
52590,9825,27.728782518703948
57702,38991,51.68384940511981
25828,10717,31.981387169851345
33450,13330,9.27944247879849
38110,16114,9.830952862616698
51228,48265,31.05374240925857
63468,26904,60.11868827159196
12545,33003,15.599247374909538
42595,36711,69.97522144416737
86341,13829,26.290141567359882
49321,24097,54.6259683065942
26235,4673,16.356128104352436
38151,7883,98.89068910724156
82818,358,18.99030328547398
4977,27647,75.03779624305449
2761,11946,65.71164527392496
91583,20807,24.726707580827995
13612,8100,98.88560279252563
8739,11470,79.0417300543543
43048,42987,30.919480186040783
75741,30055,27.32490149549527
17530,41458,5.41423137409074
14061,8829,6.30221142267388
58411,24216,18.30905253688391
14302,37473,14.637228920896847
22923,24862,88.02696062902805
70126,21012,14.309213338746806
76721,6525,96.18989287799417
38065,49021,51.94180391230397
38775,48167,72.37511294206053
37844,30636,42.58471800901465
74809,49179,38.45535533639975
17728,9412,58.6887181750113
31867,32395,87.74925482344665
86915,30170,51.32210972756575
75886,32800,74.86853478483145
50124,44271,41.304954275805976
91702,37362,91.67591653755922
12544,9272,28.038432688638345
81350,43662,58.499835628552354
67545,41866,74.98620254452366
23610,14056,97.5195544384137
40436,26352,42.59266926193803
83878,13533,48.041555736534995
8004,48787,31.962112663564536
51266,44743,68.11503144433803
50454,10901,80.41224062652667
17420,43989,9.31522631701534
8995,28055,98.5649114055624
20905,26692,44.75020457522412
81253,16222,24.48357589319601
44894,29912,86.80461191451474
20923,45190,32.44819723128704
69260,13556,77.91144469280974
90968,38026,6.572275174055907
42993,46834,37.351800523290265
14583,3528,23.780906569526255
70190,18730,80.5236315489811
26947,20715,86.61807054688619
18210,20142,94.83306234974357
12250,44583,62.159944743799805
45321,8574,10.224331058338288
39113,21613,19.41149405380783
25099,841,78.02183788414756
60210,41786,39.920261060080726
91266,43433,51.13082983283996
67507,24798,32.69563647605973
38744,37229,46.798110634969525
92459,23473,77.47953567344541
29945,25723,92.47440949432836
31570,49051,81.60313258647477
57345,8597,14.837946450328152
21804,44921,79.14672799657355
13646,18323,72.97432588120195
52629,9409,56.07002639571207
44415,27587,92.44630070312196
70956,27460,40.04900256762187
29704,22551,68.02817739357931
92913,20473,65.1838595871784
90165,33939,20.639028724974384
22557,24429,75.63860026122354
71141,47200,84.13921717748946
23464,34356,68.85412557582416
85313,9322,69.68065478727381
2805,17824,63.55432181892051
42420,33654,47.552219677300954
87323,48851,52.60052738071694
51920,14597,95.16530475290189
41073,31662,1.8884567332762356
2479,19409,6.819051068602878
63486,26158,14.18110665560987
84609,699,46.12650803242796
36138,8616,42.9120320078971
7687,42764,53.52915803878963
42396,13219,43.1151084301877
5746,47076,62.1788346852775
15181,39149,27.469985681506724
92453,34494,27.414848663051334
62507,40854,20.823455896434762
90717,354,56.09314173683059
19980,39377,41.615419627062295
91299,32567,14.74507121887164
73520,26100,70.17610617346308
50831,42451,90.65128822751679
28049,27341,49.758116913249616
61505,41894,82.3410235590338
18261,42229,83.55231166755766
53599,30253,32.00980761622784
36094,21256,60.13046018126954
26716,33145,15.348084594353393
6640,12958,46.26075836059375
2731,12485,64.50477881096154
43021,11833,43.98365765777528
53118,29594,60.091316813535016
52284,47497,47.65712250559905
48147,14051,84.50305296546752
18902,91,74.74616211417289
30185,35651,84.22086403468067
62956,21852,77.97061451220794
50402,41164,20.89101193430229
46020,1770,59.35024097811312
16569,22888,60.84641706582761
22305,12831,70.2825752733919
35464,31820,61.63614053670176
93801,3099,62.8404602141341
55527,36165,89.36245717639912
94404,18585,9.85296557290363
85486,12777,77.38167813537187
98352,47623,59.87211294234504
4289,38788,20.92254987583198
58761,49672,29.94555465072127
27876,31931,25.96117920246077
88517,37587,11.477294771844615
68555,47846,32.668402622882624
22434,49693,16.690345357376316
61367,30702,76.10813550995856
76288,32355,1.512591384874232
84946,2788,49.18499075021349
46094,39811,85.14318897305543
87886,7141,49.65966390480906
70964,25729,15.6766112143672
70038,33956,76.53146106075998
13138,22491,27.07922176676126
50990,20689,78.34890381927623
52765,31697,61.87586139491885
89024,39955,76.93141675877045
92761,39327,51.84008915770074
1245,33850,34.601759044685366
24890,16668,7.325738738812034
27983,40390,25.504077372164286
59973,17056,86.45388957044186
42252,24930,26.122968951017498
47037,7271,14.64741615964776
86489,572,58.80916041620973
52241,44290,22.121622921571184
46970,40116,35.97419103503863
73735,17915,21.77796764639858
3159,12354,9.025769316903133
30597,36641,73.22123801045751
72510,4042,47.734438193505696
31172,10360,93.38557193125665
51094,12170,79.59851131858957
27737,3417,58.46465256928219
34991,43089,78.52079119820611
96146,39163,54.23397379964147
43470,7776,21.208400399827596
80514,29457,26.513950171892557
90413,43166,7.387657604326007
35052,10933,20.381332805307483
88855,13490,95.17202007542421
72442,5287,32.75361576905493
24305,29480,30.923503176415707
94622,28207,32.91150482200545
59345,44650,78.66310361501279
18475,21358,43.70819366281494
31440,21748,51.7355384906602
2750,41359,86.82324572587417
50355,43870,79.07005165636173
64946,2941,11.918929001459041
34297,21027,77.26613672922215
43699,48710,38.76880803477284
3467,30194,78.67592400283809
14129,21314,39.474808182336425
79843,4644,50.42411253230015
98894,48125,59.570519884228155
72212,17288,31.211836277714095
76552,21741,25.256106211263905
10677,3537,92.43243208673982
8487,46424,22.181408572819283
80241,8658,59.976844022426654
90155,24111,50.560564200267414
27269,13522,49.57064415055976
17182,21715,54.86778362908105
23359,4155,6.74770586879768
72048,5458,60.60435815352149
83541,25990,37.2209750017593
86954,2479,77.43684387505915
31119,31914,80.09960105831854
21758,40556,85.15765574294254
98694,42661,33.16647852102418
36973,22517,70.29349011698538
99104,28574,19.668870373310476
82570,10849,25.441596378502485
74820,14097,86.06456252318797
79244,11352,7.084077006905242
10217,7062,17.39179179438933
26322,16374,81.36518160655501
25227,14076,46.739292262554514
13826,32418,46.23215654114822
13605,5762,72.70428934275358
36424,28153,56.55034992228084
66800,5128,58.78282479393621
95489,34074,72.78772393775411
25265,30416,15.219534235901943
63764,17211,59.48702234654337
62921,40520,21.02555959366513
29301,39186,83.8202817645453
32868,23081,63.03165180743135
23319,46128,7.062400682776345
88725,11883,84.24282447580048
96006,21121,93.99348262783995
17768,3157,17.739092815631643
3692,26735,15.75158610639589
31991,24426,50.258970004431944
43645,33039,10.633605362634789
51444,8850,66.75863333719691
25973,45189,91.70881758632474
75197,33380,68.98788647531472
38814,13296,2.850290150438741
31437,30184,73.68616810511274
57585,39408,33.198883574931585
51780,31912,16.051398132103007
36135,48050,86.10256112401893
51047,6974,51.14767025112412
19452,37414,16.88785388092513
48074,15764,45.761066881887515
45520,9894,81.57152169061429
17281,21725,40.315619608528856
25589,18785,40.700580206577676
73129,25526,9.280142084898376
13503,34890,33.951307204635604
34675,2311,83.04305836534257
96140,12191,65.15344377170257
82565,42775,19.71434782980435
78516,15197,35.58685226734026
85120,8827,36.88706304804819
12671,46369,3.49425311885075
29378,30113,57.22684906504395
53996,2744,72.1980331929313
87842,18938,60.602738922023626
91107,14885,23.3463823944544
26299,19514,9.397059365595236
45576,38194,89.26960782866132
79614,29110,83.13247719522506
50660,24025,28.672118917022626
53059,4078,49.91827321124952
49354,4591,6.965870925129574
38269,29684,33.119735977199085
24614,14375,94.2455530228465
70359,3632,69.27855251751365
88438,49116,95.2154675902167
69402,13217,43.49762773699057
67169,6523,27.685906187000967
4830,8689,5.378338112566537
9412,8823,83.44376392169701
82572,4290,43.230220578060546
4334,26392,65.02255525899261
27987,14379,20.78400589927876
50437,30362,10.710670995757773
2770,3270,14.056746072655088
21801,8508,12.508993522532933
50793,43773,52.2007516095276
20126,14556,73.05588261051032
39039,33330,30.061387556770452
43851,14502,27.590533023109465
15040,24830,72.68199270376249
30523,5185,19.87665562868866
55736,43975,18.486010461081754
94580,2302,33.01107289747166
84068,20319,38.125544269056356
66977,43446,11.780699520007392
30823,22821,17.290313678773266
96700,33218,60.70846653874905
16086,40379,5.72077927588548
38722,6466,18.887988610254194
52900,33720,23.705411026714287
3057,24988,30.70340041867617
72856,36948,80.84672556964024
51449,8226,82.1567326999428
99232,30210,16.944629097562036
75549,19807,79.71059193458588
33995,350,86.33944752477309
69502,15079,2.0693228431995254
11534,8114,11.678335366464452
94705,24092,62.73885425301061
22985,17799,62.79416258343351
13179,26722,71.03291092619541
80028,33779,14.02512702481098
99939,8219,30.78655114592747
57788,5899,23.029189726516776
47803,9519,3.1411688295486595
58906,32615,52.23936141022165
37567,15272,55.56694503874528
43823,39881,33.847350059827264
64838,16707,2.0263273930239283
61113,36126,47.5897895049858
50530,32261,77.92657403417827
85443,19082,75.82966985631992
88103,25263,37.780379853530555
5216,40713,23.679703651682445
44072,32580,7.317956383970497
41355,12128,36.71520558172635
6801,11607,3.372890620713685
82374,24952,20.447686351363558
85320,18120,14.472933196920637
16736,36932,91.00496292694827
33248,17603,86.46973963813363
24808,31650,43.049482960381354
57166,33207,52.67271526191928
79620,37937,98.04323392128173
73364,46295,81.72497660177035
29853,49785,31.554744785840224
75732,38025,78.89868841239117
46526,7816,7.08859179736742
94793,11141,32.45723958633441
95361,38342,14.157103169457088
69288,44645,79.71990285037258
25234,26888,58.058668661884866
95695,37853,85.36029754334605
53680,10703,2.948782191412098
8949,524,81.03796778263164
43904,39094,92.74485010618375
44579,43945,64.01581619690386
47978,6278,51.09911090875953
34938,44656,90.8732026572545
15343,16545,20.61872106595766
25376,19318,56.51957860823727
39398,23437,24.194888185047127
40365,32288,21.97664969913607
30189,4548,12.753755570942566
21181,46803,33.73947382117827
23280,2708,36.4976737470728
87627,1044,82.86484488855146
41221,21543,6.48140946612195
32762,18841,75.43726943685168
55120,48898,78.53732656837204
76057,19693,33.3842256659495
85898,19134,78.2197608388142
15226,36355,78.97004847863798
4152,14552,10.589925564230889
50108,18114,37.75252904510702
22825,34856,58.88408154932638
22414,4196,96.47974960721788
51733,22997,41.6147711006391
95564,39779,26.24027853625256
72801,15884,38.59460274718722
74155,5998,73.14312516544177
1922,8208,40.24928900820129
74068,4544,24.604690333257444
88848,49251,69.63181196658974
87624,26650,56.81328279347085
9495,46850,1.4778420933844134
85531,37344,67.62857461630085
90990,20731,53.1841034351995
5864,20737,30.560867143187366
42044,2049,22.882831493708498
44087,40328,89.96168771402878
93207,10783,7.708497816339945
27937,35020,29.546352018434884
22541,41468,79.25749295906044
18574,49036,15.728263335004769
90689,255,79.56327038897997
91029,38971,39.47331457625624
77501,40647,37.509240440845595
23216,15163,24.57332750064842
51143,32462,31.18876700282333
57067,45748,93.07365800170305
76769,9467,13.77854341954295
13856,24622,61.99937537332807
28179,12232,2.7860583166022677
5810,6766,82.77958229925905
18751,15740,76.66409367600922
95582,33337,50.786664144332555
21784,48759,35.119389627733746
19193,6230,25.759041844262647
50357,37936,35.76801756536821
47077,13152,86.52581173783985
47574,22408,15.183508511371787
90637,18513,40.91791527478918
53360,42568,6.801307653779747
74492,47877,18.45925239305604
32625,49736,60.136499981878096
48946,36367,60.9615404610446
74320,7059,97.06220720987832
13584,18428,4.707509946216819
71332,48367,96.71422696326611
23183,9044,93.8113851250377
68890,2476,38.519524420548024
33212,33744,15.682430039428771
5315,18820,77.67665799615861
37206,49802,40.96538546979191
58580,36108,29.498008371646268
3029,15768,60.487240571602015
92743,32616,95.38948982985681
7143,10561,46.76684035323882
74644,11762,29.41716427798478
65973,9912,22.33967252875155
38882,30498,67.39433043718577
77699,16966,23.877552301410507
48895,18017,14.462826073641132
12798,12185,77.91408127448408
73671,30559,39.1431918477238
63787,28568,66.69435224959801
26963,48514,40.136437978261256
76231,40337,12.381073222987803
64672,5683,26.31659212259192
81874,9049,55.523723580261574
40047,31692,82.00677186595124
88270,3432,46.02302684327334
19178,10943,37.56316757854729
22448,39970,6.998580023463772
1233,10027,51.17754576714148
81264,18371,79.69117177902645
57234,16699,6.948611830201386
80442,6115,83.85711563493437
89201,20890,91.98733930185504
44308,5532,75.53137512420847
62907,18031,32.70867444257867
10552,32851,78.40905146191213
42081,13843,70.4178246915161
55595,42520,15.832712447881628
92544,43674,77.63902689615549
24367,8780,33.913263768172264
60652,49837,47.574873806610825
28209,35305,35.6991825973951
93912,31989,4.952971592584544
55966,34007,85.49255218844378
83856,31933,81.93177884533736
29926,39504,13.098188187693545
89129,19515,58.649567228190485
46322,37167,81.9684675312185
5776,45669,77.74083683481183
91610,10571,83.74562264480834
13168,10874,39.081438054834734
15441,9270,88.85313660443312
28932,41366,76.90028501862047
62432,10854,17.166065895608433
94831,49106,80.04472343625122
35484,46463,38.67630689180384
8448,41572,3.581033697839387
51838,6484,23.39833655855824
48186,43595,93.66830971799277
32664,35217,15.321984700599684
77154,45408,56.71347888096492
54752,12522,49.852781615989436
85187,9076,29.799682696047324
5118,14283,15.738721338960838
95314,41681,92.6864877268226
99867,2731,50.663803942850826
86477,14239,24.396193258879105
71694,42085,53.33089955457487
92179,11967,4.1831949865309035
5399,48802,27.83869451474877
27148,12891,57.13916589841496
10634,26220,79.56467108646798
46768,3774,58.74868452926834
95495,7181,72.1227170929114
28998,19190,9.630373337938524
85218,44262,92.91717288714432
48495,13701,24.365865537059744
67978,19748,89.86429132269727
90602,13705,42.84487715500046
21276,19468,23.540522304258516
58702,18506,1.3425067100967645
56086,17597,12.987068758245002
83358,43366,84.98248777486275
43823,40286,37.83284396615933
54066,45446,55.7242926001752
6899,23462,95.57880694736487
47925,26310,63.37652258703052
64713,31490,67.76373421503708
17541,4216,39.735246203503614
24616,30460,21.386740669221613
61321,30754,85.09167059435312
80057,11326,59.17227770450825
27778,16896,70.13308063098944
91908,30253,83.5317711352446
75706,14369,85.3429686289432
3582,48296,13.296231167504507
25406,33667,4.418768705595917
28942,43014,21.784220150006167
26445,29988,95.91254938814089
65545,15982,83.49600898376568
59915,40588,52.20853338435785
54060,22752,44.011320997640304
89683,24723,57.620175465831935
16117,8488,17.841537028238395
73041,12514,89.55772133240754
99141,47257,48.690931068529515
87027,31309,64.47534838203157
70714,4057,19.86890463754019
63002,15165,6.016562946366156
93528,34432,19.037409563488335
41004,44411,20.741761728121865
17853,4511,88.92839005667767
68810,8389,3.3114067004835364
94772,4789,28.386177477176567
11185,45501,97.87265966680314
56590,8913,12.340776987219002
76560,41076,9.569493407153898
60398,3865,90.8077482808316
54510,42915,72.31799417628001
98224,22558,22.640977321648357
92068,632,69.84456047180011
72425,48039,2.784191581990749
54923,43805,27.284717234050998
42223,8447,15.305909784852826
80442,5545,36.352008494198984
24755,4235,13.151919813176356
27812,1915,51.508729285817545
21215,15723,36.53361616535919
53377,34941,92.37235293076805
78188,25754,81.57079048661384
63372,28664,82.33465087757574
65237,33639,32.01331712953487
79619,25994,24.36336124558884
47413,21950,19.983368165292788
57691,10418,93.37698282290819
58350,36384,57.584006772264445
17711,38496,77.19279378121259
82289,13400,18.52803036250144
60466,7013,64.79546396478823
80828,38620,61.71487857261746
15483,9879,9.730325215604969
8065,44526,62.8770114145971
16767,8368,94.16131154342078
37118,36043,95.48696958618491
54786,21065,86.04767095395508
29140,25042,21.21035258588434
59257,23798,70.83970753985828
3090,16158,21.858072700859218
65249,12437,37.91330511560402
62419,48950,95.01476775770169
26720,38127,79.11699455190178
30307,7416,44.6873121022297
62494,13502,90.05656455478208
6226,38815,24.39944275398643
18227,13612,62.365913502593095
36589,39191,49.023836793947005
38034,29568,54.62262229967549
51757,32856,15.05505317272484
12663,15202,37.017853699579334
70731,27871,5.392156005039888
94625,15045,25.179523554444263
36228,16960,93.84157402892738
27063,16943,64.7214705520934
65259,37089,42.84747453623417
55777,19829,18.1067671044071
59899,12134,31.38878689013386
51296,22409,93.35984877473977
29078,3572,9.102298928372152
92131,20317,79.30894930038947
65342,8223,53.04115415237228
19700,36034,18.304991001675294
64258,45487,28.08030930224784
13538,46429,17.78247683761422
13066,47869,4.342780944517856
60042,13142,5.575248877216485
72504,47076,69.52349988911621
40085,29293,35.94692693397204
33699,20527,66.11947499362472
41705,17218,30.102035329677996
6846,45838,29.724920980877233
4231,22045,39.18974562771814
58344,37243,47.62853351224379
36683,39620,90.09170516645149
41682,30712,81.73464783517288
35089,8166,90.11540631211976
29316,7302,59.29177720823883
4941,27966,52.77955938013886
5592,38258,74.1012926697634
31093,40708,50.47650185798333
98193,8423,72.3863135805669
13460,36359,87.40015756701025
54993,8376,58.8325697210744
88778,5527,89.65241365843616
89950,33703,52.686696904807
89975,35072,24.88064064023073
91202,46675,33.949629595726186
14206,23580,61.00542569740103
4042,23439,15.223173693340682
30817,30400,86.21001151071162
35888,49148,20.55312514775074
59392,2553,63.68525980302259
35641,34203,46.30187418778274
5922,29934,71.19189490113115
88936,1602,5.0916848060168585
32849,43557,25.5229319770922
42354,11968,26.158861952167587
79881,10417,95.01085537566826
95748,35076,93.28334155001387
31395,37729,7.017838360432129
88300,39153,25.013541148428082
30551,2632,51.935833993195054
63793,47298,69.65369278263496
80663,47602,76.49076076989337
15022,36031,26.141900610705196
58604,33512,93.09605598765337
68369,14903,59.926638805108084
20907,11236,32.69095824059828
72377,16999,17.890084019443425
37024,34076,23.90052071487418
4793,6072,11.92509338189445
78977,8503,92.78410935635239
80348,28782,24.935953321349793
36689,36591,73.3721003809199
17844,17557,69.68076267599808
59101,19117,65.21120988440305
33416,31048,90.77901956051888
82231,32768,22.533851507633944
59618,3689,56.75449565316778
40577,43704,27.178136024161095
92441,30168,79.04018846143306
33606,688,72.25834149526982
98220,14849,23.803690719268488
4448,32744,5.173532866499469
68765,27758,23.07603412798112
89246,39819,80.79454524183915
62541,6085,66.06691050913257
84096,2171,21.232822232745
1224,9425,62.644948150707435
94607,26226,94.4008873282459
25954,23383,76.43307388840337
95305,32730,58.363185884597776
53254,26984,94.30813747355036
78534,49572,3.160728071452912
50034,33877,31.578096788413045
50891,11283,67.04731427446981
68412,28323,97.68278207123464
30383,20312,41.696323607557375
60445,22000,56.38799187382964
97543,32187,40.049839414486094
55425,37342,9.345342328958477
97784,29226,30.053176363595096
67366,19325,58.64381000178855
13615,144,20.992681992056262
7568,15782,35.978163007743326
39322,38504,58.866611765074204
1243,12604,72.96818798298939
37767,42275,25.844181987407794
18194,4525,77.33717909072355
63470,26415,53.91195960189206
54476,6484,96.31236242444251
17826,41147,31.96299697851425
71979,5251,48.407102857739154
85834,34275,93.75321560546018
1153,5906,49.88621354648884
10854,10079,87.2648558658856
7845,22937,62.586752007483724
33936,2934,75.3621296522999
38078,15704,6.7869992994224715
23637,1468,6.41618184310534
29905,26899,76.80174347587496
37534,30644,52.69654140134576
39036,46459,32.1026377594481
87036,25920,97.38509343672435
26556,48541,88.20688416335587
30480,13361,51.593577367376334
85153,5416,30.95689477615229
62846,34346,32.516705923522224
38809,22925,80.57746661525154
29278,44544,43.811874522858034
60097,16134,28.22727571760492
94980,9404,72.20981211631124
47013,28330,32.750460386312156
37608,27360,92.85135715479124
58885,14064,29.49301044584332
50032,11243,22.181154918697544
19339,5023,43.454942336197284
2577,49145,58.067666264148954
76070,26487,81.78623555811613
82789,27909,44.468902543497705
73652,1164,9.885517533505991
64511,37066,35.401092047693304
5750,40412,9.038584750902118
26127,24144,81.69626611665353
99886,17432,1.590719114843985
72312,35048,45.58425892253244
96398,510,14.372851028222957
9909,15200,86.8844924240541
60551,25069,34.79911976604247
18810,23278,72.47649061311989
34169,12302,68.86711845390317
21672,27226,53.92524838843629
40168,41185,14.908806742196425
7486,9536,7.312353659159348
10108,25907,25.286435151690824
52047,6061,25.074379935347054
31822,35954,18.58659209834612
18930,7671,72.24391872916303
66601,2648,26.165927287594975
14194,11134,72.35256028445352
72221,33938,1.0551922336218837
4560,7225,48.34340528250511
83464,642,47.16089702348854
76159,19680,44.7905966980641
24339,35660,83.72722780238198
13707,41241,57.85064211333256
37117,40608,92.37211951769122
27212,39417,17.451298326109733
92667,48584,32.50840714733086
25335,32466,92.21261788731914
81596,27157,74.92685921886871
99955,7790,83.07506702141316
24570,20719,7.985957319394231
77060,9946,97.60459743310615
95669,21994,94.05261888223973
18382,43644,11.876295328893967
6714,18460,50.099179426286376
80080,27546,82.52691288072242
31560,37165,38.571544518666116
17632,34353,35.86864484568466
97330,14597,10.229220852151597
22270,32121,96.66741365018233
10997,42641,56.122644491450096
19042,11182,20.466730423454763
76065,25294,69.00246284489812
50315,6671,81.3422190275625
98491,43164,84.73123683793447
89211,39542,52.58420087722866
95422,39655,63.924259690395935
61389,49163,11.165881843241841
58083,20890,90.11245472148862
67801,36020,25.4736304748884
51438,42240,61.05258092006302
69192,44713,27.403605127525097
28150,38898,92.4839840335507
11497,42915,11.544798786813717
30047,19775,29.476474656935522
72380,15111,55.62046684756069
37435,18152,88.99353554866738
85548,23453,26.429447597552507
87394,2209,1.042927712572941
35386,44342,45.356457488843866
7883,15242,13.002939571202843
8689,4859,10.379001167654334
83263,8058,58.544817110853934
32049,49495,7.439727515668849
36111,23770,90.65755793719154
79450,18768,39.558752757775714
15339,42688,21.942465092793018
60356,39662,68.18049028633475
27767,37452,33.83417416449867
73935,42790,6.469203984535222
98629,39064,65.02760364973032
5841,12592,39.96258141229696
57255,3886,26.719254790044836
31643,6680,17.784158538787057
56422,48508,50.5303126057602
29692,14927,89.2472797353397
94429,34109,58.06420745711301
28883,30278,38.817994585608545
84027,35683,19.068827807359856
98434,43088,60.79704956155226
36443,22459,61.41071252094006
91575,686,2.154588997993814
3060,35607,93.81828013089232
4536,33743,7.294654793089565
97776,38756,88.01717212974717
47265,22087,16.799156665229475
8195,13151,75.68831707770276
83150,23927,27.167976933641
23693,18047,79.29457542794397
36652,13292,70.36803083976432
7152,9491,77.92607965987725
20103,40849,85.47766446080053
20575,3458,73.01356360580971
83316,49845,8.85812057139566
36459,8556,43.61212351187049
21936,3113,81.08617978626484
54142,31171,81.36973988503789
94668,7129,1.3719428108026153
1314,26242,33.224384966402674
45019,8057,95.9994032462491
83694,4020,97.27873086775435
7274,22614,29.911550632964016
12234,6896,90.4197511876616
26076,4710,34.82323531123131
88833,46172,98.56627151441216
6944,48395,6.661210118289521
29296,39851,8.717650137947755
12111,34965,96.49952069472467
98436,43756,52.386435694771635
14046,19526,16.55115700164693
12652,8344,56.37081707379163
68412,7527,95.37990332325028
85198,18485,91.8268922920331
25835,5401,66.51998995341982
59757,19112,41.38964489547511
48912,26596,19.711390842443997
92598,45135,31.55523319714333
68523,49960,70.71352537604268
19941,19136,66.4501143898511
13478,15882,43.7339635423253
5855,28660,24.2281963574588
55683,8641,49.71109233514076
76161,45841,79.03838502459425
76266,2824,50.193368989925425
1054,20814,27.60197118907925
4432,18677,70.8500258415828
40128,40048,3.6074505573555555
55699,32861,53.03125962666352
60066,13091,44.009870481007574
50834,19751,24.043736667040285
53495,46679,34.421601528473666
94070,24528,75.54175352824058
31266,29541,25.93960193312717
75411,1774,72.4386823173541
82887,7277,6.8619771571467485
44921,5379,25.7674869113947
81804,46239,4.889508918417833
32153,46947,98.73426188398548
86226,47053,66.86302246640685
50497,16082,3.097810413661077
13523,19029,90.68771453218875
96078,19594,72.42564469833712
36935,26473,94.44270872400416
7653,24205,38.97547369427818
75255,2618,68.89729221961227
14805,20622,73.05201196845468
70416,9613,67.19522147899008
94650,36628,68.96319879861646
78184,25884,13.310040482558016
90523,35949,87.903900474756
77139,31665,36.65710211871432
20748,20979,68.72698985041173
15232,28751,89.80525131222835
67134,12579,85.97066042978408
69817,35856,21.09574580405939
71899,7903,59.023660066733875
19351,16537,73.6372802997438
80386,49074,29.329641757396455
30663,35839,70.4576474843275
48979,6992,40.916650336423224
65351,5017,89.48624159590806
9058,39286,96.44467348799473
9336,30772,49.39728019347411
67930,19331,2.343248568100824
39373,27156,1.1393044351881363
78140,10062,37.62527097876203
29249,47963,53.38529191316293
26421,43751,31.772031884552355
79506,25770,80.13894038275758
72422,1751,22.930129462458627
51529,40033,56.74855407429317
60000,36541,49.940144878606446
37402,15112,31.104536595202
74147,948,4.943821257593138
40451,39139,34.64612297944362
36722,5230,21.102794210176665
61052,43391,45.22276287403246
43683,45186,28.484459300152796
62311,29059,76.80512739157739
34922,13315,83.70161579539678
25772,3293,7.879114771135923
41624,39931,55.7893305501686
63753,2931,88.6655946278147
67709,4829,3.6526846241102455
96935,18232,82.30488957128449
32841,20270,69.24685657444856
64306,18286,55.89701585045662
14990,23179,55.34119277795659
18639,16208,22.59244319617187
49813,5221,32.664213293342954
99805,5338,88.19969683142999
68539,3426,29.954345432653998
55892,25047,57.5253343632847
73758,35017,75.32586102950249
20629,27324,64.9095316465745
9434,49865,64.79853775893433
49053,28949,28.9256914324195
55014,30832,59.6765981724076
53899,22069,70.52624546038433
95481,5230,44.531360359652126
80440,37338,26.792791734458792
56063,25201,93.60378809523
2176,9233,7.758308425368446
45656,14289,10.457408533215165
48824,5296,46.705773377797264
10650,19258,27.891800589026012
38908,20552,8.643091176745212
27592,37068,36.04571308337651
69362,16330,61.508842040007046
6771,7530,33.12554552913818
41217,16416,58.71580654059615
19051,15781,52.1074519948483
65536,7683,94.29207217997754
87454,11194,90.73391675973261
10537,45980,84.47026734249282
31866,44538,8.423740938711358
89287,21167,49.750128227596086
8457,26091,41.01223768203994
18418,10160,32.13987231774515
51158,31634,51.857856458626934
56985,8835,21.728315187272564
96364,47434,60.82408760258087
25526,46506,30.06868128825931
70758,11857,57.92745921396898
1593,40882,36.13552673301039
28718,13907,66.22958905009816
11495,28582,78.26644854741284
12155,814,76.82203978506143
91666,36864,48.709707736909074
44069,42806,34.161485166243324
66966,39077,45.017975704316015
28100,22824,29.753544468608865
98306,49283,21.71185148732165
65162,18670,91.1829449065751
1937,36667,12.361538401773693
39627,18842,10.81768877323096
86822,39665,89.16200450203108
46662,44703,41.056048625253204
80258,38265,42.96425383287366
76838,43170,17.781053378400685
5685,28439,96.46651591448956
4782,48476,2.294848268388129
51842,19997,38.137975585227906
23927,41601,77.61391247094382
79489,29295,84.43319445158754
62496,44808,77.70466426011009
94795,40261,18.530455773335675
32150,73,55.42229683614843
72793,30090,59.29078610607925
54187,24846,39.25571155154716
58026,16126,23.627002052082865
17528,40710,89.47650067403562
95615,49394,31.116733892825458
21935,3434,55.94156475208966
84357,6144,4.331604274624036
5041,27739,87.49881518884854
63974,28206,37.34019784754912
63174,22680,32.05349481396294
4802,37238,57.03135461066752
12543,28479,51.09568326242977
24454,35534,39.4649578061984
33547,1509,61.75793130314956
19314,14081,46.342553862255336
78039,14449,56.57758379909491
72403,38857,32.820431548078815
7717,18316,43.08707247417765
65134,32533,69.31011264702158
92036,45622,71.10833120333888
21775,44245,3.565322748432526
4101,48836,22.706528207716012
84461,47954,72.52505815230124
67340,20074,4.303161959318067
84931,3149,1.2902210457001788
5273,8288,94.95376250457099
54797,21972,28.636885849762727
91661,23812,3.72658611906917
12750,48338,67.93450887299144
87364,39834,13.821453883651523
59548,43390,14.815331364834245
89932,39071,96.00972511031273
56275,850,41.25266363381906
48860,21927,21.7509317386708
58082,27480,43.07131155952914
55636,29565,80.06407407902977
43570,8869,35.45272862880476
91833,1706,39.90239438298123
12809,12658,10.81897474799566
71415,32931,27.001059479231003
43140,21267,24.660785757285137
11144,3847,93.8866423654296
85637,19021,82.10669603517327
90448,1676,22.509065273773576
41271,16924,28.4300896418949
16647,8577,41.498010128014904
75832,989,52.23041253101743
31769,10981,17.24261313204936
33616,27448,11.178912578693454
17201,46848,8.494068231753987
5250,865,72.1646319502169
65933,26927,9.34651377687156
34139,12594,82.74899303842116
4477,16110,32.32556796272317
57599,48940,54.003844756501984
12394,11900,1.9428130115721043
36157,16964,67.57187518682443
72049,7589,56.96333620396092
38299,8501,15.264606948937477
92432,21088,65.02217099902477
81648,20106,49.18192793638845
32802,33877,86.07335430330956
47120,49366,52.28437317080034
5117,39986,21.759821500101218
68625,13445,54.22989755439523
48107,8788,98.55837797408482
93163,47076,14.155749084555113
61141,43078,38.05448631395714
22282,7240,3.3625971455455703
34928,36714,65.09028376951166
82000,47922,22.534132278838207
91875,12728,77.24043545925073
14447,12369,13.043883038452396
82312,1570,37.86508164515418
72214,23650,29.572837540891715
44325,34343,77.11468872795565
25987,4586,8.99064735605614
23479,40953,6.582675394106309
70758,18914,92.39412764782459
95049,38608,3.060719710473515
43737,38054,31.115633943170437
58841,45127,8.359065518723645
93120,27237,36.732775943611394
47326,22872,69.91706918459593
87166,43217,8.562950545587924
35097,38745,78.0664086850981
98114,29011,60.97121927549475
8994,11745,8.144927084330762
94859,11451,58.02462218837981
37489,30444,2.9614939399565703
62472,33483,87.5239282261106
43615,13063,43.33617809039335
55199,47499,62.84899107013932
86366,40091,43.97018188073631
17017,22443,74.17905875883753
18209,14072,46.54869558653317
90023,5308,5.5612767987457135
1929,14444,60.91904709813941
82698,37238,78.98310832129279
53500,17450,91.52353688210636
25682,13711,69.12629078835468
1235,45842,9.042222822138294
78568,12377,51.43285585474499
43424,29217,69.4779102236474
16957,38681,45.2630275779223
92889,5216,73.05428715008718
72593,35062,68.37986709031163
64648,48486,80.49592890139424
5281,16015,66.30928960082683
84768,16270,66.717937445178
31210,43686,21.74592631236612
3952,22189,38.15207192555243
33123,37658,24.966015356715467
95218,23948,4.287081615453698
44859,6048,37.19432175085295
84293,43305,67.61897067079808
28199,10656,28.442718875358786
38364,527,77.1082949539973
26776,48961,38.12290102261865
26488,28576,8.269544799042313
56780,35449,19.233945000870623
85238,44976,46.712890191647034
93263,24186,36.95424168250342
43796,47015,42.72761969134173
36194,33057,56.362207206398814
65255,16203,71.28895665215904
85905,23936,36.07506269290583
35336,12420,77.68332560461072
65730,40774,32.58724596858192
55293,38210,56.454084530475996
96299,31657,61.707057454170666
93943,38713,80.53187965357117
32286,49903,16.399882438563054
23663,12996,16.506204078234
33528,11082,86.36222175132227
61359,23428,32.959066092633265
60671,37958,12.738686726527156
90063,22081,56.69925018677524
91039,11784,8.82795704529238
36332,35113,96.77129982134602
49382,6535,25.244441208978692
10322,4241,18.15607315448483
82078,27504,97.49125744154342
27561,46387,10.219376999711015
9188,28827,31.17038586720064
81204,22077,27.201775547288072
66841,38289,25.9037867704059
56201,49267,27.640349349328467
37092,37217,80.77521347696121
18953,29262,47.98605715853193
62230,18748,98.73261018962235
69080,36906,32.95195479096971
16802,49831,96.85129577093909
60387,30613,2.2119398698879458
23188,48839,16.085769581944888
95328,35756,39.30394455222895
58948,40048,10.938035129070274
97348,2845,58.224248917729746
18098,9379,17.41308914505567
91381,21345,29.269507036682782
63604,34307,79.38637723120058
34296,5643,43.70342963974268
10215,39997,9.13427637534112
63209,22922,80.3547635289719
49780,19081,21.91249137125914
80714,4410,93.47324511269186
73812,30435,53.77218598460676
89533,7925,42.13372809334779
27896,19939,42.40116984490482
63560,27176,91.26208966441813
86230,30001,7.173684928451167
48810,44043,92.11533487441486
10535,21068,15.340173367201698
36806,7161,53.33960584815506
8202,14993,23.281189478736408
99669,3334,24.80855567090492
52590,26438,7.059645943313814
61901,40515,26.772323253107206
99877,2378,11.31042676267245
60385,23827,80.59550167641633
33296,8081,4.635185497735227
60818,47263,72.0655062521333
68522,4365,32.462736595082525
60473,6670,5.148432248687956
82882,47027,24.99543589697708
32991,12623,76.89635017094457
20227,2794,11.255810816646603
42202,44282,24.06671203433864
37183,37739,84.61822401110338
56849,30348,78.0136691753802
82848,20412,5.04037698738601
24440,2708,12.758480724504892
79189,25547,20.796286635950857
18382,18564,92.09289856725681
46915,49926,75.16943712128626
75965,25291,20.90118065371918
82868,2538,97.47436452529294
60683,45227,57.21131833910883
77846,31117,53.24258069744586
42335,45120,66.5015399825506
52112,1777,35.80437085155371
25680,49723,6.200938363220944
89443,12303,23.96362867704745
21853,20143,59.00376433995833
61652,32134,81.9688070992037
1479,40978,27.72014564719515
34897,4024,33.382204223192815
6391,21738,22.990524175791137
31944,12618,82.64081402097115
46481,17257,90.77461482729636
11152,37145,1.6289436497109964
59992,25154,2.4277997166245244
64754,31568,49.86390670636985
88253,22933,41.31270056011474
39707,40327,92.3532580752252
18284,29879,22.47512424810166
93963,4186,13.007712056875127
78260,36866,3.9974877682466645
52689,46985,15.256394654232162
12892,18873,28.072173329679025
81894,17570,26.522102990060787
23444,21899,8.308676458798269
46049,40521,75.31446099192443
12272,22785,49.80568052953493
90998,38657,51.261895478756564
28671,31011,58.90675882480417
92394,9638,64.2205132293999
43107,18691,35.82750031509373
17965,36566,18.024274267403097
65299,9327,5.547328189847194
37374,48041,47.01589293720316
26923,5050,11.708851203658517
76453,46334,44.21210774651813
32398,25804,87.25420654156659
35412,39410,40.795433938018114
6277,35764,23.579114906873563
67125,5498,82.0231160496893
93575,29287,86.55762195115177
96737,39446,78.49836572119443
36898,24655,46.62534486369749
23856,90,97.49624230259731
67167,22076,1.9270647464628352
43954,9526,20.141102696378354
19477,42362,90.59277033515203
28076,40987,22.387641364244605
45773,20717,68.95416942317803
50837,34636,16.11931670197417
73211,19414,44.16383271048005
90876,554,28.966635119802
53323,48179,28.701110794768784
27434,2628,12.469369268492692
98566,18751,9.663828783715404
79683,13872,26.70635280543528
72592,49940,22.656635492108325
28228,37883,8.424876205898304
97131,20825,82.0677934912727
98396,27607,3.64413802492739
56499,2672,23.07534179128059
81254,4006,32.01914815083072
62738,10249,60.614420401275034
35498,38179,30.28713528252512
31546,20381,45.944530101333264
17364,12003,71.68089112756091
94938,44495,27.57666967936853
92373,14449,66.78531291922646
60623,35598,11.239587087915483
1114,47010,58.94165652726172
82314,10400,41.50608506977427
32556,19966,75.21086612427005
31571,265,43.21295160998689
81608,12884,86.04054092528266
99478,24682,75.58834256655929
70623,21016,68.00436121820198
38344,18940,79.13589805896139
62532,12685,70.29153011299206
5269,274,37.27112453807941
89452,22434,29.163947475591797
56994,8093,91.5492455699712
42078,29903,74.37007872421741
59078,43394,49.7965641278479
42789,19782,85.57670498021876
43136,22156,37.18600998666893
77084,33411,32.32754125321146
94069,7240,51.67908232012204
37779,14671,96.49825799782569
91904,7311,42.12734988802465
75093,33437,22.46594179613181
58746,3878,86.95785676338043
72100,29432,34.13409579682181
91691,48926,11.098900678961586
9776,15459,69.15990968310594
82184,49830,95.0864596585385
59064,38929,20.786357093599342
94508,19409,70.92630676639232
32661,49948,90.71944018585889
62190,2123,27.823617507969065
71512,32088,15.27248124850556
8954,14841,54.073619143168926
57402,25867,98.29029907017612
16428,49544,51.072709586869635
5395,31023,93.65812956190305
79407,22485,85.87998182188313
93180,29842,68.6827919726593
81699,44064,16.76392874288344
99907,14807,18.56904199707238
97919,1387,21.951347533103835
92019,41561,7.163501050106378
58276,48147,9.776367954017223
20259,38360,57.3279656618403
73199,47136,97.23182360696232
77066,20371,11.928865665666653
21082,8511,89.21029021191221
76865,11613,23.7253970748713
55485,46739,3.4740399234499444
15034,26066,34.68521670790683
65899,24746,80.92067360553747
24670,7487,34.995353972038885
50579,31052,78.77792263381002
32033,24328,60.127422918197006
19541,7353,97.03417935544516
32135,6612,18.685551217976915
76460,38604,82.65216973543586
63238,47996,24.957871837563957
77739,44929,65.3137433380046
59219,27211,80.99486797134503
85397,33859,43.83897835637964
64537,14366,47.349443008033234
9404,9088,18.278474021676864
51296,9263,68.18684073287614
36439,26627,67.07426284086789
84804,28605,24.17690219158068
39288,13186,28.325975188697154
70064,6155,96.67249131997679
18137,8564,56.13831718842232
82832,12666,14.857727373554281
83074,1111,86.49399348902737
23426,24434,34.03383358776377
18100,47288,26.343769660595513
71708,46700,95.47558748846869
42487,10345,55.65358311224999
78290,469,78.20861105961053
29316,22208,28.41539793544998
45174,28453,71.44940960421437
94531,8348,60.049515640444326
91088,37297,58.73338392029069
56614,14098,61.24486203062193
82085,27037,51.738085691462565
60073,45911,56.383261901014954
7056,48889,94.72058642946548
61806,25253,96.73859675503631
37654,45970,59.33463506945226
52416,39062,61.63246285685913
88040,45998,65.93692327062112
28956,27227,77.19993133181858
34594,49356,37.025490683013174
59111,28400,51.15479822341754
83395,39950,97.45942776534811
27096,26130,98.39987782949214
85327,29993,43.46363723681108
50749,14065,74.3534742280964
22972,19489,57.07034383062443
31723,21729,20.526582404545465
9367,31583,81.21076979109054
24621,2812,65.89693463159757
78692,11282,50.130486558581644
47524,23965,40.13843347315361
1648,27768,36.87507425987611
83209,36071,78.89284270737768
35388,30177,4.880001005286658
83272,12630,49.46043484643899
88328,6128,40.29036813977697
91602,40564,55.4736145099563
81276,39237,7.144913148502082
15733,14079,73.01276113013272
41869,27400,4.744809869432277
29085,2748,81.2976093161337
60552,30337,71.3624547695221
85836,8758,28.034641730402157
27404,47025,9.052046258467607
67639,4280,95.12697424279472
10446,38293,54.695274059880305
74295,14513,86.2556265258795
79623,15878,5.457304474867332
1161,45219,82.19600502830926
19454,27406,55.265454398825796
71895,11094,92.10223527980891
72238,28416,48.608360043925934
44067,36238,73.67777067210127
30544,41496,34.95070110543845
39194,49237,40.252624492938736
98627,14087,95.47149960258496
68009,8666,32.30386842601919
17536,33973,84.01557892238012
88390,29168,41.70562144561676
44994,641,38.924322039180346
34697,20863,45.125407940114776
80078,39535,76.14926712122725
25969,34942,49.309431815558646
50463,28379,7.83660672891445
51909,14478,93.03369092851175
84247,37027,83.83387858071042
78564,24801,10.696099492496186
59960,29656,47.4210509175782
43250,21318,31.69387006176672
49640,8071,12.692782681008907
51942,35959,54.935795656493354
9304,29491,42.514008676081794
51148,6249,41.15283700062887
76447,17313,90.45282261472164
77169,23709,9.219227634027105
55948,11596,86.4451688697133
34590,41932,88.6737041622442
94274,23702,88.38579898329309
95715,5210,92.90661635898148
63388,19313,97.3055787580934
64520,34001,33.04312786874631
3884,48497,54.48104305464373
80843,17308,54.817969092803466
39778,17088,92.24022943786494
44293,49838,5.833782079151403
31228,36387,23.151981760187603
6049,40944,31.368491364241674
24243,21883,88.22211840834089
33124,30144,86.5473399084794
1112,43107,84.54830038471486
41146,6461,71.35031322865473
36734,27115,7.953062248408573
44048,19980,95.13922608658547
53904,2246,50.83122706796673
48308,2889,74.29732137731756
75371,26680,55.543477909390205
82344,22109,98.40070016172697
56992,39380,26.465640923609058
42601,20400,53.41552482222174
11955,23420,23.83113540864192
29673,36248,69.96626300552165
49000,47730,26.635151715969375
9719,45058,64.59578961449373
66224,49266,40.664856357119575
51165,12546,48.84105994769347
92616,5524,78.27483904997911
39919,10894,64.46423142216742
94709,42296,24.223721258023872
28637,22002,49.6526103435645
68385,20981,17.815897603956486
32350,5825,54.251026740225946
93835,30433,54.7759158211226
64783,47907,52.41611891897073
70107,38759,32.15640290384604
43704,40367,78.70469078014256
54201,16003,34.975767629852264
43356,12725,6.104197084936059
98450,17384,38.409646139320024
83196,31804,47.273428589175
89327,10272,75.99009798573019
9756,25596,96.44105442944745
89996,40118,79.34392501416964
92368,33544,17.768643754563737
12781,22295,44.07223394599397
16481,27268,64.43972034181115
43058,31935,98.83881836353221
59249,46365,4.009776552246776
17801,27523,23.249709249068424
12711,13162,4.109639946801176
37862,847,72.63817223577006
47758,32384,53.332417172015084
57290,24554,66.40298713759142
20473,49776,22.088589620161734
28618,26823,89.15444995526562
9881,18993,83.19086023728968
63954,21049,34.7554062033295
43127,33115,20.139357206186283
15174,16546,20.911994222250385
33907,28710,30.24534226563878
53594,27592,81.85047092366464
15333,11101,78.60110825302752
31823,24272,50.81878440416531
2540,2448,25.074774135411147
67220,4684,55.53923656206803
4930,46336,60.54923780872926
78990,179,3.6504428107195555
17524,22982,45.36890033957541
8036,46756,66.37756244977781
36197,6272,77.69766210693697
72192,6169,1.0668966316800883
75415,34226,70.82577171368744
69875,5812,71.22661954143139
5005,39277,78.64398285528213
57628,563,43.69703924791951
58391,49218,55.68188496441205
8590,24588,90.44681572404976
75157,49288,24.85590660508057
62022,9886,22.509127264566953
53986,35853,54.339006204090175
7412,30455,88.68095194712672
48683,42625,88.44666671390321
77068,45831,62.97422519028078
5742,40022,55.047955384688834
97820,23501,95.54239263859452
82246,39484,87.01856280534426
57940,13311,27.73160725640196
45851,23702,29.700424316076663
44247,43099,96.65402135848882
23766,3493,17.178291008859254
66021,9813,2.6353617154982896
28625,27169,19.846263948984866
37428,36679,25.194281643056662
84366,25850,11.731343572199373
51744,43218,27.046856733742874
57860,49636,64.7640691963077
18942,738,1.485007335622038
68613,13357,74.09582062293073
12656,8475,67.05930242026238
66915,25492,26.628550150486983
72327,7942,26.904990764260976
39981,46349,26.300245275736035
57520,8899,81.44435832569566
35379,36677,89.04163787794297
97907,4247,55.32169477280365
1489,6923,92.84127761619591
35894,8899,64.48302272720612
84149,42551,60.24487382517324
88463,47984,9.246760498713273
97792,28974,51.81607994983843
23885,15684,86.17181759343438
7040,49521,72.98502652218411
75493,18043,52.6083812995464
70690,23674,83.97906965938745
19731,44637,92.89384991020609
19486,18642,2.7981894149693742
57745,40971,55.26375995537675
52471,31428,2.307438733055596
65004,19942,8.696541139442878
23766,40817,14.029582752655918
95010,40123,82.5226692271468
73415,48632,50.27853606602129
74325,12760,67.96829468346932
15917,25608,68.71260959891617
86425,9774,95.81641169456641
38305,46405,4.8689392001976115
95953,7716,11.001782451723168
27942,43369,65.70048616648228
6038,20201,15.604464985695717
75579,19456,19.406721266170365
23685,3713,20.19991232783786
37264,32475,87.15253963591366
86881,7875,98.15221205672712
13251,29232,20.193341158109163
30697,38320,74.39409887288288
20917,32032,56.8062958370082
56828,47325,4.017517608580361
37147,5940,95.19374355124273
70100,37382,91.74778697638969
81394,20119,45.120657097707614
13352,1907,82.96165557531015
6542,32519,1.3817466280014936
63615,21012,6.202215648776954
53413,37987,58.089248212074644
75174,24270,63.46323913149309
50335,35927,26.679416220834355
34852,39901,24.50150883122346
84925,7556,40.40742237290455
7859,48162,42.47950721220808
20076,10296,47.28279578755624
86855,27302,20.697187119306907
97169,2705,37.00252833978579
83372,49167,33.67723988706124
22414,13623,53.38108747621732
24963,13397,15.055139216667026
76373,45620,70.74008589131755
21074,17879,38.61923689269534
41224,33426,71.58359762131904
14551,17425,80.18395479758281
33321,48104,18.572895671949798
96860,21231,57.68408714441619
30363,5607,96.0863459187359
51108,46923,3.4206514056859803
63591,23046,25.576888070985195
37506,7762,74.46428096599158
7187,35661,80.91776749482347
89624,25128,48.12207749895119
58589,20317,51.44533545689071
97185,26325,50.59598440889681
96117,7338,57.966282974762855
40952,10275,2.234514255011825
8108,45724,52.576706561609186
51516,299,73.06045603552316
20051,8556,43.874215532543396
19678,18017,23.253333901582344
54950,21183,39.25473641419805
51812,8142,6.095852345022971
14614,12890,6.534754336858296
33578,1688,16.029921105536168
29638,21039,47.07132850112594
27841,8023,85.25194433489546
51889,703,17.11821304219754
83984,18965,68.52089266130345
64123,7776,84.57908657477518
86308,26219,93.25406276056994
61981,4918,25.85703477476506
71532,22968,42.59323485512999
77352,10852,27.748504548473132
37318,16491,44.26016634330387
60657,983,16.306823475968482
17570,30955,60.59522688854128
96037,15740,58.559482860203
23058,41675,55.259168821374345
7522,37135,42.624496192066566
92525,8667,41.390156673481385
42247,30328,80.44341382970188
5746,16894,76.55166394339135
59071,21596,89.95022186704352
37670,5660,62.80453998094528
22697,18712,42.87293721149621
2477,28944,90.39147505019706
79662,1390,45.644728759794795
25864,28112,62.65461135985096
12843,39597,30.834544658447687
61835,36966,37.849334818606344
48473,27753,2.3887922936694643
13379,46014,92.27752593014371
79036,44898,20.95942809361379
72974,15621,81.0101925820102
87324,14920,7.668202706722202
51312,4181,87.11784976504327
72769,25122,7.572103418371663
84066,38726,45.00493314643987
35335,42153,80.44180216588663
49944,20446,60.52566432970502
40903,36347,37.824625104232204
52873,11657,3.3277476278301195
50422,47902,20.453505932943486
27509,14040,75.6335380591477
32650,20455,56.85097862148438
28457,37036,60.8698689026948
86856,25633,76.7043089650891
53006,31806,69.07503072398637
84758,27274,32.52262727891997
10676,9600,40.63775506812425
73620,38248,68.56821344773454
1493,43852,73.7185607590445
31086,34968,83.63199137400699
22882,44242,6.536457299018836
38720,25813,62.841884767048896
23057,13153,30.783828300250182
72333,26234,93.29305553405558
69282,26270,92.68473140110113
30449,21939,6.057717747714618
32183,24176,18.483619274767882
37180,34296,54.565371937847885
21519,45159,6.119745519161019
95661,11808,95.16540099351757
54144,12804,38.877132581130766
65473,23754,21.41500017826498
55192,3982,98.5379068904036
79637,44934,75.54308283847786
51960,27406,28.35419148086525
91831,48776,45.53562842533555
33718,27732,18.09740832329611
25123,13883,38.472517697938734
49848,42698,96.59958439876627
59046,46680,67.34104768097912
65548,32718,60.841913988278876
26277,1369,95.62280679881238
66240,46280,23.97053491978178
96362,17088,85.75871176075661
75239,43186,51.65759575252148
10045,18113,77.94324251226463
61154,38086,42.12442671256218
63238,49945,38.211570915724295
51647,887,76.97883005025528
92764,32449,62.94505804455697
57921,37974,9.388295484807276
7117,46508,1.1733193897686662
67320,28141,50.05279344033634
29669,8719,29.69786423288336
76575,32130,51.969024309298405
76793,47211,37.70883618063817
3452,26790,53.76780501709666
16036,48799,29.3173620078068
49580,44394,98.2933671947906
59286,14977,2.712674405255613
2349,18097,79.29578720575337
87498,20976,38.75537522017288
68167,24203,74.36852521101781
1768,10612,22.345656585761546
11275,21117,36.68166509410444
73240,16588,63.30542422031731
54370,22631,70.55184357738298
34364,31957,21.892853493699683
75230,26242,78.62235190990381
34466,22905,3.534249328597913
36320,30588,1.5229193684473177
47468,19154,70.79235084079879
36325,26907,17.032191730846595
77451,30998,58.37651482978858
80774,29651,70.10227472349992
36729,20878,13.856816646038395
36657,49496,46.83409889058231
98319,14045,22.360395654851207
79289,49256,74.32708361879878
56330,32574,91.05605107619317
73268,3187,40.67849193662501
76311,41845,43.34631228551323
14498,19094,24.89834648021188
82921,10411,14.112102604601443
91120,6858,89.73696939165464
58737,38952,94.18783422398718
74798,38554,80.82954432380824
66383,9074,61.72714520130385
71425,42598,18.257378339657347
1278,31313,8.137352172623979
82895,13858,54.294864413633576
77090,41539,52.308848562211665
69279,21959,10.025836767884371
23226,35218,16.34890765593041
56289,28741,58.54192680689378
55230,41350,11.333124920226615
26383,27278,5.463866043309939
60893,13137,73.55009445408353
77245,27895,65.0378507246387
67492,27858,74.28731206858082
7202,4515,53.55375892405209
54660,49381,42.443034272387905
43717,2391,28.821246977609338
23419,43322,16.29138321107513
38266,42822,33.50058794027541
92228,8451,55.30849571951203
36850,30991,8.741334884285852
58917,41434,49.492117630776896
62748,15588,71.88745916792412
60862,7790,98.33495409714297
69083,27613,85.69154629114314
92630,23616,17.950164815545335
91795,2557,74.01162674822187
42571,29303,22.03243845345144
39419,21314,59.631556712073575
54464,17495,86.31857051411824
1494,31868,13.340248326469592
2878,2584,97.64720826580105
25945,39382,45.09959912442486
54186,26350,68.23625577382572
17399,7863,79.38499953564587
23127,49593,52.325085234730736
98221,8074,84.48986327923569
92961,8986,65.70462017311569
44017,38201,15.953591971381378
27899,17319,82.52546201315891
84991,42615,54.580538638538876
92219,6795,87.81643607672737
1775,8111,59.95694206492001
64893,20625,24.820699035380503
17234,35753,89.03299556214309
21152,2466,72.92569027068252
18378,47852,49.398037774971115
26895,46747,85.18267369792744
62745,8320,86.75793406176086
48305,25937,80.66223902524086
80204,8392,50.77865708768616
24161,40882,68.3422583468205
49524,44441,40.19802982120859
56006,9605,61.02923422186738
91153,41107,6.3370975900071755
35423,11430,61.442880255381276
49498,47761,41.43647905253629
30742,33922,6.32787841101462
93317,417,11.649365029292387
65544,41133,24.986230037557107
29398,4657,20.417719580774445
78644,25798,98.83575563785443
59262,810,78.15960029612212
59085,12603,28.601746921819807
35225,19677,57.59823156707021
79756,36754,17.647469842216672
6725,38046,29.35363517580996
54471,2848,36.03300063447649
66573,45535,65.82550885506342
14501,7423,57.319549866802426
90932,31478,8.699836014582143
84667,1829,9.846749125489318
50951,25308,57.617839445275436
14065,35450,62.053908288948264
61971,43855,7.210813849095537
59994,20494,69.09688166987304
93684,48065,38.116646954383455
34437,29675,13.08568591613722
77080,47844,30.63012321222575
6649,48362,50.38549148782572
49423,22275,63.06938378831741
92773,6141,7.236378100700235
57110,38169,27.32599612570057
36879,48224,2.4044044932264512
21624,11803,81.20196230402837
69456,32331,89.9159172129717
32019,31569,50.71577665679846
87846,16147,77.94222414434259
2500,16154,18.398057626495525
51066,14209,14.634454775155847
66232,47082,89.9362485574176
93002,36797,70.83898707551468
96944,28660,98.15297403829072
86247,24275,15.38988434002103
74456,30535,78.81412121340692
96125,26158,96.08826900327131
11052,22139,68.91625914817477
84989,9043,90.92288598300725
58512,27851,80.61760271414528
63236,3803,11.009348412957017
88328,1078,7.749388757629431
49341,11072,51.837208435628824
37731,24098,11.06541493678048
26547,34365,78.5213678078474
91254,5594,38.07670435447699
42315,811,25.04666224441275
83849,8931,1.6402470931119313
43338,882,98.36658240195688
17968,7342,17.853764359964554
33561,35996,57.93151156177587
10356,36161,88.8828794442772
83449,43985,33.14383349272346
5708,10842,51.96693350304697
70074,9182,39.68063391617705
58844,49140,83.688609008717
26268,36719,96.98013836330001
49760,36312,23.32390943169375
54892,11121,65.5940853131877
1696,16812,98.1307143563306
54216,10340,52.6095784618614
65523,8558,22.140095142983764
67334,17162,12.24141098827113
5015,3019,5.23795077278942
31087,32357,10.672773909209564
87692,16129,43.19068730809806
73624,3887,1.447678348087456
32897,2899,13.786927240005191
81569,2413,2.8826251898720248
19440,44845,42.474759541361145
60850,12989,90.89367026626346
99255,17205,80.95266813757502
4123,24928,68.98051986757626
14759,8085,76.50601805778325
99824,19301,44.129820384120514
95860,39427,41.34248706779666
86934,32504,83.81224385558205
75047,3949,87.40781724769735
46066,25659,76.61089473672357
26016,263,27.0669698345208
45588,23517,77.1524389337844
43546,13845,23.229684128453655
1719,12123,27.966255750577837
90760,44361,16.54057105936959
88611,45078,81.05622335009048
47081,5527,13.187944680585222
95840,17960,73.1528329189123
76270,25815,80.66862674728864
5119,44374,35.329762029696276
54885,43985,45.12496409759716
53273,6537,8.33558474775694
13492,44258,17.064585573288927
5007,21055,3.8618116288323563
26354,17321,9.778205488566748
81168,3118,8.682929272412817
79599,8745,64.2422746200395
96770,27545,54.09943654543922
23386,44860,49.57556126410312
64598,42514,73.78525981507576
87751,5597,38.56271449594102
72286,7039,26.6848964884348
39120,24084,65.35012096250861
60227,34916,36.71048114069033
26381,40632,81.0018356462428
74453,7211,25.227768443657695
78620,207,37.23712132785931
15725,391,89.80637355695025
51639,48265,41.19221736523612
51724,29750,94.06787541337853
47665,2412,42.75358253609775
2298,36536,9.39205992381147
82397,23287,91.78908325165459
75763,30181,2.325766677009796
30170,39535,74.43067010138104
5188,32965,20.896028770580916
96358,28951,21.573031196496856
23741,19626,87.73973085226528
4304,41838,21.6437371423902
22004,12416,2.9843853720820768
58843,39414,98.31356833510591
57152,3210,89.92117964093295
10902,33845,66.57818137149764
35982,8269,95.70263751417403
90600,25634,32.039717705043486
46157,27296,40.12156940596241
76334,9958,31.694058736719903
39814,37841,90.87469551164745
68848,27134,59.328263265078206
15058,32996,38.714142405285976
69070,5927,85.56755706775377
95917,44152,94.94546553171244
88885,35109,4.260313429364867
8051,28948,25.499418040142352
36814,15414,2.534083154592541
48752,11773,73.78305623407013
2787,10340,64.44045712853921
71581,17629,37.59243436225308
98910,6249,86.42610982599591
53101,5910,34.450433797355984
45961,22015,39.62200937144744
68611,44834,51.022106623454896
46147,28409,19.255460065200726
68166,33273,81.25308456580535
17702,4494,70.23094483777194
45014,10780,75.4920564671669
87835,4403,7.518432996364099
55207,21755,71.72961126239865
77233,12706,16.611329421493252
98105,3303,10.4846863727206
54232,23755,19.76085514027225
87111,19386,43.926682102065044
17647,41045,3.6252356113322484
49096,42517,29.07705742030163
33929,48593,21.28445946159605
19871,28492,71.35746522624434
52127,44029,64.79355137898015
47307,11527,88.08717569408994
75471,44272,30.917098634321853
40466,37481,39.86470517799174
14563,8433,1.649031782833811
26479,14792,55.344848594760634
79566,13028,45.78610984506263
73116,11322,98.51211927143153
7395,4171,71.31057355165605
81368,22883,96.1013273018577
93003,29944,35.42685024594693
61032,37336,76.8583299167505
55437,21912,35.900643920157535
14657,8632,5.324790974527393
64515,953,68.10624773360527
22937,21810,80.79123368926874
24221,1446,56.795964377510536
61301,36032,40.02266201468204
98746,5015,43.42419557274937
79462,5627,77.6330157417181
43801,34764,69.12106807878773
31286,24674,75.52577256500756
48354,37823,48.16852934948295
14284,41079,82.08235848307709
52066,8757,41.94459570090189
72177,24500,91.27581807075964
44401,29913,13.91486185817866
74663,21144,27.656259635108018
7994,22986,83.6407472353378
3253,49069,28.693519684773335
21228,5384,47.64066774964893
21103,11121,8.645795043310173
86714,33550,39.5719783905451
83770,20022,76.61880067624949
6761,33489,79.83292018168896
82067,8208,57.67033101964601
59731,12093,61.02293550668322
52873,17443,1.5393804214476499
71465,25662,65.32937592609196
44123,47984,59.72792099244187
43319,36922,90.86649793967236
82820,22489,88.7420289483042
16213,1035,59.319995914644814
60532,1283,77.60812201186324
57695,32989,72.05810193592302
73308,5675,76.79130143780519
93645,16565,34.78615912284185
54312,26756,63.10471719222261
87620,38183,94.01519454282143
93627,15785,14.48699929130921
98622,24417,38.199239223843676
43473,46010,87.27826407482223
48066,9273,48.57497789436055
80510,43832,78.19403836541709
15853,13345,84.06787248197325
19144,308,2.6578405008881147
70113,23936,97.17164061102118
91793,47573,97.70028538715509
77974,4313,70.6465496423904
81620,45384,80.12585878318323
5723,39813,69.95561238197031
19720,47146,78.27472100263653
9513,34456,41.999602215519594
41443,37154,24.091687409602937
45720,1916,18.34883652805376
58672,26805,62.036142321261586
9744,44261,27.323266979824382
70827,48959,20.254872577503576
26312,31011,57.60416164756878
96571,8927,61.83515710359162
43626,28722,92.71731497121202
32602,8802,43.21506683090179
12204,32681,24.564494718091694
84464,30943,48.569359483752876
73137,22544,66.17484575011808
88912,37803,76.64781337036845
90735,11852,8.7569528622539
98037,35583,59.451592759616126
85171,24044,61.12898883418829
69783,18316,61.46272412136669
71895,28547,68.68206199781201
22681,29932,68.72927215960685
52714,33093,86.0861559779843
78200,29008,91.11823116227886
65738,15323,36.520224337627454
32150,6664,70.96206929479322
54585,29636,57.03123531304143
83821,21961,52.5383811114385
77681,20991,79.19302603857408
56458,27445,79.403468042285
76402,16932,95.98765228302292
27245,37343,2.249310767481386
48941,39436,86.49492075971482
41688,44309,30.664720446005603
52922,13266,35.502720983235825
81677,15403,3.9979975864408486
58304,20776,58.647067284671905
71011,22308,42.91543806333585
84421,4479,65.2836983703192
16345,21730,5.22841846080937
23120,36766,65.36992722392179
66829,44705,90.41311837219324
92867,40325,92.36580391971725
91401,24711,35.81087177046
5664,29461,28.295775594393966
47781,29959,35.81153742287748
43875,32420,46.73849088963761
43332,8067,65.27423242271003
29999,42412,94.61856840534591
83515,33991,8.112856472848332
6181,27437,45.28830451429208
93579,42662,85.9683221955474
64620,29807,13.365628341615441
57217,23510,23.795644551971378
68484,47667,95.4867977795559
13632,29929,20.29270056607038
87379,47730,89.74813575228822
59087,29605,12.124034680339795
38484,415,11.04350820036469
9595,42065,97.15019380143909
57356,39283,72.712749569421
62152,39640,32.40787429360384
77205,1780,35.13555049576551
93594,32282,73.58799965525444
5446,10536,71.88319441464688
63954,28141,7.521657858262596
44069,28999,35.986892485195085
99832,42764,31.099221195609577
90165,47916,61.16468809274568
2562,39695,80.281241768347
10519,16047,5.450547622993321
16149,8138,68.86428158367713
70967,26607,69.62328678439003
27191,24752,66.84912773318979
4090,14884,89.15854357710487
39888,12891,37.839610893012924
68238,47756,85.64860133571251
33711,41872,70.0644624622681
90964,6825,83.97895739269993
80088,1392,17.28038639111867
66450,20482,87.07394262662311
27074,2738,24.01335097273228
25363,678,85.37199144951508
75062,5709,55.81987488439226
32164,17989,96.79711220351756
66430,26463,22.610370854426154
31218,43376,73.06105232438726
58468,1493,39.66269401248754
47884,15078,72.04735041488898
25447,23289,3.706006856989686
3065,6846,87.52052850587441
46189,32274,2.5571077149863024
95500,32435,8.476794954885134
16558,31243,73.50852242242101
19018,1380,32.64967242139795
12635,17410,37.99078443394814
36485,22803,47.57389738863673
99867,19989,63.97924895448062
8945,44609,46.92793040062502
11689,49226,57.90599229444611
72765,12562,92.2883173399257
80518,32845,12.264110282985339
52945,47456,49.13138290965593
27636,47238,96.18133239697525
79914,18112,79.10094298999522
6518,14278,1.6092048428516508
59196,43909,97.67191473078691
55157,43931,32.77923275987034
51294,6505,57.933654027107586
31682,47088,85.7883376626489
8326,732,96.99685249747108
71731,37559,26.104742609129392
87782,43668,22.468855397064075
42128,2151,68.2367405585776
49121,40963,56.92535273703473
16105,1657,14.572763263797071
10675,1147,47.944382329662766
65881,15602,79.9712127050378
68562,1381,7.290473041574515
25301,20445,49.75101941154324
46144,40016,73.60617517201003
73950,3496,15.806759107536443
34740,38019,47.86218213557868
73254,49114,49.85036344743985
27821,30028,31.170141549134126
43975,34124,33.2734513427935
49184,46930,70.96082765039903
40864,7601,37.501460450446444
41938,21859,60.488842231117786
67057,5322,31.443003578646053
28971,29425,55.76995126341593
55435,38273,7.828659562788979
39313,271,17.927940157102924
68881,1112,5.5872132298587385
10500,27704,41.90890762574703
52515,15030,44.64856788330826
4139,6434,1.4887442742870438
56643,38672,45.2918017402358
21148,24938,33.04086798697405
2104,46155,97.95259625705471
70478,19148,32.32207004206062
42096,15148,36.21985994347308
46104,13174,62.25034650564891
80950,45119,66.2985506081796
85701,26005,25.330915638292378
89134,34434,45.69974034921297
25184,9926,24.533620631945617
75402,12303,49.59488847340016
35082,31265,45.83828211982147
7010,11894,71.73833374142086
82797,36856,61.352570674039605
32436,24340,12.416202113486788
53803,300,37.52016043451453
72845,6259,25.961842944218546
42114,30412,42.419758189006465
22825,37251,87.36022566591183
6152,15759,7.401759967215679
28295,24571,93.26835210719956
32066,46590,60.37384625239375
86831,36820,38.97169853594981
79718,25615,20.003334747300315
1931,6659,15.348755976854893
28348,1194,87.52009107589672
74557,10119,22.603432533819703
69100,13902,28.935739564629465
60211,4446,27.438245783841097
74063,11388,76.97744060925142
58587,43622,8.152408012602312
16694,3309,86.96962142489811
99912,14428,44.75014192068306
60956,26812,97.02450023259397
97972,950,27.642922779609275
75725,40294,92.10603993416763
41269,44496,82.27866599359491
8449,29028,36.80089897196241
69902,14047,70.10219318417592
40538,26052,56.3033218466893
93474,23649,71.07718584678497
90003,1107,45.35772603099386
13420,23247,66.49227351872618
87316,37064,41.011753983099425
15937,20346,94.06006724507385
49262,23266,63.53149227380083
51292,13279,75.11202193625078
36255,43195,10.536390707755796
1643,18323,11.918635741246714
63635,26012,25.99209020516588
46850,36210,40.49516143780567
74677,4988,31.4867873278142
35799,36604,51.61204866139447
17369,38873,67.8288038462806
81909,4977,5.475905805830026
69340,29706,71.65093543227759
98073,7345,42.862656051260615
90905,33130,35.76337563186582
46500,26732,45.22480715725995
15415,43618,82.60446875673782
28528,25299,25.451056845297735
90626,41874,78.66985635281848
41536,25702,75.87355021178846
38231,26779,62.3091411892914
74572,6859,72.7108235257218
50277,38675,45.97452770211446
18737,12222,60.898222672912176
95951,42027,2.5141441170011936
61329,21317,6.000684152156788
34540,5124,17.18745544671279
94319,26690,70.37698413768727
75895,28869,7.254433504439756
85611,20083,62.20599447235882
69948,5747,95.99564018424768
22835,5615,24.49946357637679
15425,30101,23.05555212640694
36866,40405,61.92934876572953
25899,2286,14.557118715184865
22771,36768,34.01185729723216
42089,26289,28.422829437213057
66090,10486,73.58593359479654
6723,8361,97.15849370509268
90292,44903,12.079570380512529
34356,23916,38.75160414871265
65216,3196,15.782732204005725
35836,22906,63.445468749869576
48763,2294,13.152581079648822
68484,9811,5.294871691200165
61679,4391,5.200104742993102
57376,19112,72.49009231052895
11230,34811,68.1844241957815
67191,47191,17.99282715181248
23310,31379,75.21529060834831
78440,23634,51.528777997789874
37721,18527,87.3317470276555
24590,29761,7.196544635062914
27055,39862,37.62116605935109
42591,3383,56.495495956602035
58307,48476,1.667452460234502
59411,32109,51.155126616096844
71317,35863,50.03658158208272
49952,45649,76.11430392606563
89416,47803,35.62802774937149
33447,32122,58.494198501685396
77468,6688,95.85543865154595
20077,7673,52.29334146102858
89426,16511,31.43646867799727
51750,43142,54.69561174494895
49441,45391,8.63141399926567
56941,29593,44.94856633710792
6811,25335,33.409126492659496
95310,42065,19.101640911642157
37522,9705,64.711454155369
16157,20368,66.71294794765001
46496,15439,24.935997707810298
64421,46642,54.59988905600286
50771,23236,6.82859808311023
27408,35632,73.55255857159591
44220,902,40.29672181434593
60392,31181,13.556477824907509
67504,40671,22.818535575023304
54257,35195,41.26770851895314
7454,7918,81.89519756632939
73511,17274,63.13193756102426
17957,30744,62.543184918294244
29194,30158,28.785143286991616
29967,24002,15.90691286754484
41486,277,63.98638334026271
33247,7255,6.708453756045143
90769,33270,48.13684853864098
42855,26600,79.51973834634599
34551,47241,35.01992116206041
85251,42458,64.53425497177847
31481,26721,95.85474078146177
81680,48063,84.2133780135242
83943,42694,39.18626040848282
93554,27436,12.964682204214666
82418,14237,20.16343580460559
54964,6440,10.840976113686029
76511,46149,27.64369098552362
4935,5763,46.90450374668465
69416,33555,78.88002336327153
52312,20506,17.3862705526147
89491,9414,22.06983159991343
54298,15850,49.40844623582523
21312,1498,2.535415214323266
8596,369,58.22483864297377
53013,45931,68.49173353028193
27429,11039,83.31074144994814
13517,25880,3.25788846548129
75231,5036,82.66193538848609
22436,47585,30.359653502733654
65059,33042,8.622668435499623
73287,22528,69.48168545170107
98509,2150,8.682882222561062
21517,44986,90.74149886440794
63359,46173,46.57377371267896
81371,7992,36.778329961107374
7562,9052,48.51610438532003
70047,45177,83.64732076504855
34328,28262,49.06172046968906
85532,42307,90.10945858558075
86881,24811,77.45294648811714
81307,157,79.40560716771526
35943,20780,62.16377553951744
34855,9762,8.37886729735561
60226,14612,68.36187114166886
7683,7244,97.7654942468312
22201,1328,2.6808306236787125
82711,7096,91.01205601458325
57690,31499,98.06487154370167
59485,28735,63.6591049411604
48141,39959,80.74088798040917
44622,27293,7.691562914459277
85142,39581,57.871047871725196
64465,27950,69.12094067423686
13379,34369,9.0995313468317
12947,34549,52.43751010440411
27648,33808,71.74865283987259
52136,3064,62.821145959047705
56408,7954,83.23207651688519
14986,9689,11.577528086590748
76351,24066,90.79529556534814
68326,29819,66.56230190150345
26414,19681,62.02470392311896
47983,11803,82.65295400041047
2315,25388,29.24717155532302
87086,5910,52.19584967637655
91496,16336,82.40746262188776
45001,1541,15.210144576381603
63958,14858,18.833262235818964
15643,18844,45.697162488395534
44422,36181,90.92909236926182
98003,19694,28.236581092591923
21025,15339,1.5242094545240539
76840,27297,23.155384791141493
52340,42622,37.94006734802013
14193,1480,21.001717392090175
7264,19339,84.00907471391893
20544,47276,53.56655336296656
49330,41594,39.28468024224203
2162,48123,14.399566199949652
65768,28334,1.2849105459145167
46503,43113,51.01740380194843
52359,4835,74.38707094057567
61714,45525,70.73261166795288
63508,12604,5.006578274922806
7547,8797,10.098748817775558
91485,22854,5.309290024070255
35556,28082,54.314680591149234
10833,17219,91.28476803526779
29378,15428,82.90100111450893
7219,23473,72.41066711330556
29914,10796,2.829524554935475
71508,40219,27.038936593911473
34721,18126,55.44795831780588
64410,21354,73.73307481648979
25273,37386,96.84506364419664
85674,20621,83.84288304495982
66240,47569,17.745609035402985
27695,24110,3.691877261110923
72150,17675,86.42241205022353
82382,7907,18.303313869896737
19263,43033,34.54297901611299
83046,44331,22.64372239747791
14116,16145,28.90785933207797
64048,6253,38.778277110400715
88627,47550,84.58331245891681
50461,14004,92.41845584239368
22823,23561,80.67465525937385
40657,35894,11.975396079743708
57155,11323,73.54512956642226
84381,23639,27.84841859631612
55795,10741,92.64230902890256
3565,5563,19.472982442213574
4548,11743,17.040372942821726
67848,21073,6.912251991061002
92852,26711,21.232696015395224
20886,3651,46.10043538242011
60610,30940,84.39165252644585
61604,3587,28.309418294691355
35748,3108,35.69148629801523
95272,42863,43.61719819828317
24396,5960,56.025549810379076
44052,4140,26.683542527994607
49558,5146,13.314948385434004
92502,7669,71.33731098949502
9479,23865,80.77635656109294
93767,46996,47.49693914932141
53762,27055,3.6384548601498343
78384,18937,31.81204448292961
99406,44240,95.31021181767916
58103,24008,40.99091884025298
2158,21701,94.02880591946304
60243,23706,84.19331700811702
2973,24346,51.83135748344929
51884,41052,71.91100104694753
11507,21445,18.322280843119987
38761,20745,78.37082242005144
64626,16117,73.58398986961193
76783,14871,59.90710263758883
71967,7049,92.07536381921338
51715,12328,76.19864507115605
78410,11555,5.686706766426756
54717,31488,12.66238258389182
17462,26992,69.57306586730746
51738,5114,97.52000428412656
5540,23949,36.6294771190146
74527,23112,70.36038798332551
92688,25074,33.129934905818
17820,12330,30.97692716104633
95798,35483,97.60317374219154
94137,35804,67.53900141616872
71631,17575,54.16124629785491
86896,44666,19.94367941223926
7745,986,38.4471994852306
52297,20980,96.1172183948874
60736,7922,61.38913895526766
69741,1531,85.85449005364708
9942,41365,47.94462864294839
38612,29438,86.98769444528916
22592,48773,68.521743330339
73362,7884,78.0933211327861
80915,11326,74.8026997844685
87861,26885,68.94627590611286
51320,20407,82.74828444682507
91339,6545,13.235132311976205
23472,18033,44.63651228928094
84425,9837,12.51085174629015
47615,10700,19.93052195303453
2327,25064,9.581610116747466
23548,22371,61.001980324950004
81014,13285,6.778275316249755
21965,10315,60.186484570968986
85886,36388,44.53375236927918
82033,14816,60.79438367053128
19269,21886,73.65670840805686
56234,41151,6.590984142649203
72753,33545,75.26197494823325
72053,29653,83.20662887072142
44248,7451,44.6629002859228
97949,40388,67.87386860378949
50179,26676,79.39399203591545
8172,16616,35.490153279442524
26965,46989,74.0908183321157
88996,29234,48.314972363663095
95266,23234,96.49958137223395
45297,32808,8.883766613917755
47441,32473,73.94443067514808
99970,27846,88.60698422763909
51952,21626,44.33674107297461
36156,46083,20.37136897989621
33682,2721,19.284084371444667
89315,40138,80.72937120234089
11930,39049,17.8351117493754
1204,45588,13.360377804168554
69710,49626,4.936950151588775
30677,4982,6.15282426209137
83852,90,60.000984886561056
50315,11255,40.39327357949383
19468,37055,42.771131604044875
31042,46514,40.013148208827765
38940,10150,88.21231956056279
87988,38621,82.04489133282804
73892,4390,17.622434441706066
41439,37317,39.81397500570737
27330,24173,3.5012963945019377
3407,8918,3.320215596326655
7716,42922,76.71347431083257
34207,30581,51.279818679053754
34663,1802,98.23427840905778
4678,18119,95.7599676919276
78270,38026,63.07501387921655
91313,12549,49.2573205891494
14442,3344,46.549324708340244
44691,16287,86.75506265553898
19589,16435,30.829714063481497
24755,32899,40.04702982930968
26149,11020,94.0834320400999
98289,33383,48.35028888770654
55884,32473,76.2931791910519
36736,39760,5.76999066362532
54726,43433,37.97565703269335
52266,10592,22.33578680554225
33204,28626,1.0377604957894135
36992,28459,44.3899386236681
44936,48343,54.37135159554777
86688,39288,84.23912410003089
1920,25295,90.9271293718444
53585,31166,60.06043518915659
28462,2101,86.63896300160633
62982,19006,19.95637405037896
33677,36511,93.58999351842557
97262,41186,78.6797550999116
25125,33986,75.15547632455096
54223,31171,96.52182140204539
10878,3714,19.926694537229046
8347,24898,47.04553837119168
39049,44319,49.16940730466417
93253,18425,63.96628461116314
80586,31204,42.92126310301294
49144,6388,56.14238338241125
87062,37096,52.62383721225536
80578,6615,7.639035597540095
2637,49745,92.10213622113064
16733,27133,6.437747881346898
65184,8002,96.46002398437477
39552,23013,60.52415863755966
55863,6559,30.144442982958246
63346,22504,69.6818557051548
23227,15037,28.027090379495622
76541,29519,35.0964743575495
9745,30786,61.54752649331807
87408,16402,32.18194477010793
71332,47485,34.65483342836868
58207,17407,9.707999287630704
77611,3968,81.01615149331543
88856,24494,92.58195933693965
33551,43118,47.34421031638178
15804,46969,83.29056400886915
10996,3766,2.175927301552907
47761,6550,62.583431888060744
64663,36992,98.8488623508672
21019,27903,76.56744577580444
25934,35393,55.229613700464334
99190,48076,10.672635278211063
41702,38934,40.9570635385849
13670,8564,80.86737927119306
34825,3693,49.99952846825619
48522,14084,63.136592665988815
12173,31197,36.17589424424594
8977,44213,62.46032810361114
52564,40581,3.0565843881149415
36889,42037,5.945436881764177
70527,28941,7.497804917120154
99216,1629,71.54332847881716
57428,30119,77.81371079340431
2587,43731,4.965698897841511
5753,40478,19.028706945286626
67835,26828,29.478992466313944
74750,7817,7.497630383787402
62863,27858,48.90752573077823
30339,7262,29.912029439930073
85683,43046,55.23026586258601
79677,1412,95.87647975782592
30115,22248,1.5604238157168382
76675,45698,59.55169147954851
16245,49840,54.4820337652339
40372,31557,38.44613070615155
35122,43799,63.900494307127
19155,2942,10.474321799333326
66258,2486,11.681915404242172
2432,37377,61.60320112497525
63568,1830,93.48061738567245
20394,19895,27.80623851972074
79705,37663,62.26117485481421
49874,39264,50.186534623451834
37869,4753,87.54854228453775
5078,27632,4.400723604233992
12462,14589,43.17469527437816
33982,27594,89.14052636400356
15294,8841,56.56808448639661
35600,15291,31.708933417747275
11250,14306,10.305067398058757
39032,31459,86.15493558600897
51230,36645,32.33825792275694
59611,44452,10.681361059369948
66257,36734,7.6451704170185355
20895,10225,12.415910884267822
16614,6133,90.13541968415734
79267,35247,16.482165049711824
9931,6404,61.33557889360349
17150,11562,95.44606533540262
78731,45908,51.22739285336976
81658,39387,74.9725870434068
12114,3604,88.43462030916018
78617,38343,47.671505263693724
14472,17074,5.20890723895395
24888,37473,98.95451518310124
94318,2111,20.80002721220047
13863,42000,42.34969411054715
52750,40847,17.440624608602285
4697,27983,3.7333405551957504
24763,12766,31.59532410873698
59554,29339,8.124226200873798
53623,24186,80.94272477079147
92161,14702,55.85253438946318
36535,38811,62.39834284127145
91044,17188,87.01317639522009
30391,34519,15.714305173752685
76260,29858,11.047800981685105
78086,22620,87.22991670587852
23302,19146,23.3382041961449
8413,4917,46.7081075388092
84354,12077,39.33740066596268
67741,13912,85.36424154790336
67032,16520,8.125405767256296
27263,16436,67.6289315541431
38700,19465,70.40713582184695
27938,43339,65.1703916551181
61041,27834,51.75724126333285
45532,16671,44.79321495496621
57313,2341,67.19239661695065
29301,45015,29.464237569544657
57861,38890,82.83958675773299
23379,20113,73.03691660444677
95956,7904,48.968529053906444
56943,48924,20.008663212447125
63021,8239,55.388521125799286
23609,7564,94.45800371836177
72960,35841,23.399780847222534
15746,45972,13.060447193965793
59373,25914,68.62284029264627
92600,18718,72.86351827296284
41394,24494,46.303928729167126
80643,48722,69.03739810936273
74387,14149,65.1039161213997
20824,35192,42.41569409045619
29706,9735,40.94668127983502
3892,18776,14.265370593159567
10551,23237,25.505130540314788
51075,38837,7.006161006466945
49269,28311,29.377924268423758
41977,5150,29.29257412069103
84940,48452,46.27107466540465
16491,2197,60.12510714312012
67490,31818,93.86588055290048
59721,37898,15.386971860388272
44952,37834,49.13280798693119
53045,13424,29.39814527085959
73587,15792,37.18512839231575
47877,31494,64.51117054373158
19248,14684,7.331148421448636
42969,20411,1.9640303096741172
56176,43753,59.23170226112038
62788,48796,68.72124276510763
65371,599,3.2733810542213337
9162,36248,56.719214259209934
3115,13048,77.07344564299486
61892,34644,81.42110130667943
55399,12581,90.77538098058703
57113,18637,6.220038076982064
10735,5093,84.6988545966915
56260,32159,75.1704175341802
88384,13069,85.94339385602859
57757,42359,31.212257062399402
58042,20780,18.452906622423942
39037,16622,27.276004001392444
73484,16822,37.55566755731282
87642,33673,8.622368386178916
26752,4727,96.97768323753048
2963,11212,3.366408906137453
23381,14565,56.76672780585609
36463,3012,56.27570793162187
22548,8844,73.32098278169765
71752,10399,30.13553093683547
21801,32581,89.57534205913431
31537,1043,35.19827245418877
27639,25102,81.44658884534795
94739,29792,31.277853689949232
6524,21129,81.50893786750291
56720,40342,55.09372439796477
84697,21976,98.22385742993012
53367,17483,78.60263586181861
70830,32810,10.385709384231824
80364,49380,46.64380089381346
57451,49946,56.94690194990145
28982,40581,70.99326027486875
1028,12782,61.87383272757466
66750,28496,73.22568495409176
5117,21441,78.03297044427808
79073,15543,76.49583616273772
69759,47424,38.26034613684428
17615,20400,26.297121395995944
19209,44309,85.62585700168766
61851,40535,72.25220549158374
2350,20911,47.49818878390758
98743,11637,18.769886426886732
58806,43973,84.39099867042538
63006,37272,29.029421717964418
64817,9284,40.137042187067806
35905,11972,76.16131733564494
76301,16106,75.20220561380361
95188,22292,67.09934479726725
63960,41474,58.20053985066196
35014,2892,22.469654451821658
16733,11125,40.11944144894519
35563,34540,19.271004349913568
33209,46513,61.10071125971148
48149,15296,60.51121509674778
69558,20420,69.38862613104267
60293,40491,7.449444335978139
27739,22781,44.55867202467071
1230,1032,4.921429280645072
52289,46504,47.15934435320019
91125,36172,33.25469842623096
34379,28131,77.11208489682215
2371,27037,77.82516921161859
89256,41691,83.11061227015763
87813,46272,13.82306935843425
26791,34249,34.51585724954758
46942,11587,83.36064401244722
92157,14610,30.650403619036105
58510,42181,15.750784478087944
81539,13343,46.96957610150411
20178,13517,86.340374745689
72548,12153,20.11849332034709
48636,19667,93.54349004282189
27921,25209,52.877700667826474
44019,45741,19.109280841285763
60062,26828,67.26867348267467
30545,32639,47.55378728589688
85408,43825,27.18295699709294
53458,18227,39.396622756154365
60416,27071,80.89358226549663
6407,9470,71.97965721607424
83514,7406,11.380048623298674
97368,27601,76.66028638141701
9537,11749,62.587682100216696
73833,15598,51.88880078274557
88979,30489,1.2363226497392648
41644,38138,3.313272150474017
64640,49191,41.846333134410514
77007,24992,78.60750069524225
18813,30672,5.4952176236537555
89422,36377,58.06058691492632
45164,45602,12.280574044056413
85278,22550,97.08738851212723
71012,47685,5.992161860472051
9414,23074,52.795040901019604
86475,4164,41.301807373762564
92547,25637,79.98794120416889
62531,19205,91.01176030542533
31493,38308,58.23206878839235
96972,35697,70.72824132156231
64962,15887,1.2293256744298138
57648,13353,19.406822517739908
4634,3130,64.88035150767789
93984,13735,48.819475617409864
5767,22173,49.79013416499291
64871,5038,33.48370684175786
62477,29457,21.219683700446186
19065,43270,92.19152090771496
21064,47179,77.37812456245607
16101,26422,70.82248487238188
87877,18554,1.0635316013681189
27857,23314,55.67908690013339
91354,47260,35.237855171981224
11350,6623,75.75709637025065
44531,8077,21.954701504031004
67600,14302,2.262928981300969
85689,1917,61.54108400954688
39581,2589,90.52180830090894
4213,49467,9.946473625864549
26497,12736,84.97850466941185
76162,11860,16.920682406344092
85109,2202,35.90126158664431
75241,45291,20.750557494173556
23183,30223,55.28496684461568
47712,34107,30.49481422137374
9787,13654,28.600888979909133
22859,49987,40.101196149993626
93071,23255,19.334264019252913
63292,39019,50.83510291526311
23261,11139,49.36779228209708
94937,30279,18.948149098180586
48326,43712,26.886783898410073
1312,7876,3.7597332295995676
4125,14656,98.70320238941238
42375,14112,72.75425481225004
74637,31688,57.951224794635955
9925,25105,48.74282505852785
88576,6786,48.54191146523547
13037,47723,64.49266899750867
95698,15228,53.54232804848998
42953,48780,66.21409789063122
28133,40599,91.05034986432914
92380,21022,13.939146073472964
24651,41891,2.5252702061925976
68457,28216,76.58687124393126
29379,9850,18.501672214148666
38424,26484,42.59573232684238
83917,10912,41.04107050679504
83778,41313,84.25758575731624
58992,39526,67.57274313691364
7922,15205,31.001244015162644
82709,34229,46.270053147859976
13758,6992,77.60933650434772
99451,20730,28.2208471186575
92315,5661,9.049166551330462
2912,32568,29.91565991112432
86044,10676,77.33415344138497
91787,31529,14.781022284792991
52461,32525,51.85034282122661
74896,31264,82.16464070028695
55197,35096,9.753771380711443
64946,48268,82.3305093887455
86844,48055,65.03852959220282
23518,43624,30.77633071037358
25776,1124,27.835551055005045
66110,35304,77.6769967264411
70647,967,85.0539899684735
4473,8731,80.82921742230855
14312,48200,31.37906374193972
40219,38380,28.15654446539643
78721,25453,73.1599940571602
42914,8546,37.9438863440511
36055,8200,30.50155183785895
97812,30261,55.891916744642636
6810,772,76.94829930830923
73870,48704,76.82883163261046
47082,14977,24.313880184169083
65471,28685,78.9212771930236
47323,29019,40.83653174201627
44668,21054,12.284652230263653
25886,16475,4.333167655560297
97850,4513,15.685674474266694
93673,40167,98.64208708371729
49826,40065,37.70662235172932
23466,48400,57.50741601529709
85686,39006,42.66492420619244
97185,12007,20.452370988139336
23260,33911,97.95120193757084
77024,37895,21.43836205050198
37427,47006,41.53412468720693
39187,22100,33.176331311247395
76932,49970,45.158269265794836
69940,38540,35.63061569721347
44142,13236,83.79313624061407
29484,25008,62.486211838736196
65219,3702,55.82121966160606
73170,33041,75.65649230673414
57243,16790,74.56581858010006
44125,22342,80.97102597023854
9458,14943,36.40257447954144
63735,35581,14.033829390001861
76798,45767,31.540173339993967
23599,13639,1.9127437918150545
50353,16652,47.59769581031132
6146,28089,1.9329637707772591
74501,37762,56.698301050994864
92361,44039,29.525522977757312
1328,25534,7.683889820297044
8987,42684,92.98813225380864
82748,16490,51.53091146014429
75849,18733,19.917300890739337
70395,42655,2.0014390777553963
16168,42684,68.59168863173396
88505,5014,42.306538449301456
79146,7606,57.58945943905879
83684,7287,57.97255003326289
18011,22520,26.70181484688075
59292,28459,61.44511398756358
36837,8306,49.749507961315196
55616,45613,53.33540763853739
88607,28894,39.86911297186109
93887,28757,41.77337079390935
47140,30782,88.47447242672638
78445,22887,82.50980462174422
48151,6651,86.2551799521383
35310,45127,12.23060094784148
85052,17459,48.12054070814623
71248,27902,71.3456027185696
86441,1719,80.7471031067685
38108,2405,90.99708586334887
81350,32760,66.52347692307987
56159,22251,92.79932328484024
53711,4583,22.671910146484784
98531,1325,50.79297096499922
44162,28400,78.71914002684025
61091,29139,74.50163233104186
62040,37389,18.14902868030674
14109,14286,66.07390844107219
36196,39280,41.142319678962366
57359,39841,85.46666992298188
72278,37239,8.301168310554248
21925,24701,14.998334015879859
33516,42413,49.05276552314439
52456,37695,22.480094826387298
42678,11205,28.63535424010665
62458,10809,75.30721191757873
72730,29700,37.07704384525055
47142,11746,45.53373201636506
87385,42062,35.56436315182257
65429,29037,71.68118303469552
71185,9680,53.19884274226289
62609,6881,30.821554244597134
29742,22141,52.57616064038876
77773,36636,13.956276694852138
86098,18081,57.0339901548736
44933,24030,77.36815733093314
96699,45343,45.24747462558224
24866,34441,10.220457928475833
22171,38261,3.029491601492257
62046,24745,66.18576206616362
44260,8428,70.14930551563747
74546,1037,9.871719603326927
76359,1519,11.515761283921266
24429,43071,21.82032319552661
14109,34155,27.20808757843845
70449,36515,45.37870760046296
76634,8093,62.65057889149097
54251,13546,82.0590219963185
5250,11370,60.24132347478699
6908,45151,77.72462880980487
39802,47469,58.99044246573915
2860,13440,70.02930190840736
4510,14674,70.59589798420295
11948,9682,82.85390798981649
92289,38943,11.53630308192228
95526,12872,32.59409788415128
15988,8507,10.310215868851763
1066,39507,97.70507319846399
57488,9820,73.65501976804178
96803,36460,83.64072817520884
10105,43080,56.75200962922694
60544,17273,72.1578784535343
78289,2747,74.57128701278822
69539,8182,14.078650568017611
8031,8320,29.681054213226666
66644,32737,72.38147010550682
5639,6511,20.709106300059556
40144,26717,43.30050555330329
48305,26960,83.6007688944466
3575,3855,13.846841804465198
24318,35898,91.11541816550422
14184,42933,88.51151982924196
34957,32578,64.54726765557699
36681,14036,29.12719736082723
5770,2928,1.4128368454893179
20602,45461,87.31487242721678
89935,465,10.323443119644354
75358,17127,97.73943853723641
26534,43069,22.807381534345314
94007,34505,43.94336019323316
9684,29674,35.25126828591592
59475,26896,74.53937361177923
7750,9823,42.27266400381843
15684,46947,11.52976327709683
58919,15628,80.2774711679684
88366,39298,67.3623761409097
28331,46878,74.89452908021407
42376,11941,16.974992317728926
68317,12172,24.96825837197185
9000,22903,35.59358991547978
67419,30891,57.46079845003172
87322,27774,4.889809373943427
11877,19339,30.244461828586374
44081,36079,34.01892281240027
72102,40307,74.65419505259779
65206,22600,86.9037064064573
85717,49610,52.488713579649605
83770,21505,93.01388023303106
86339,5845,50.12521610520967
26636,36018,44.022919783718876
87273,17507,30.22545755136128
32677,28462,46.27486795631513
42074,43020,13.43137020464244
81964,43307,9.707909508911069
24624,19412,8.855886099431132
93893,29382,3.666997431218072
44685,19883,24.76057238977849
25061,10777,78.49360774679381
73120,660,4.708530065339646
61198,41377,97.79087008752904
27776,10366,72.11801674051566
2171,30670,76.23551472087765
45132,1025,28.138775775719004
28850,23919,57.14606059469618
3182,47785,50.959841331757055
37559,17934,6.258667807186671
23070,23765,63.686743528155795
76619,43104,24.201229193826595
48821,42672,86.24001925341801
60467,44571,61.38700741038484
59160,17676,96.80378285010039
96501,40885,67.95122556381607
32775,33190,64.11976423187298
52915,38755,8.205087713501376
62762,46256,26.634149979753218
47059,34781,6.769446148530365
10149,23128,10.32102219079676
55797,4988,20.084909235265613
49282,37421,6.564540817672942
98167,7886,16.697234543598725
91369,15542,69.48633515671814
9600,5559,97.1981843781225
19227,25091,10.481460858018949
13760,25530,15.808507863012396
69582,20765,8.726042069149496
28195,28537,45.803708551201844
92493,24142,64.39690158864781
57325,9186,79.58892147976857
47111,29694,72.16419127552551
35747,39777,58.25017887112968
14273,22230,9.680179421708077
12745,31284,32.14408337138558
28139,22840,23.94275377373744
3338,22955,46.36047986025775
33659,30722,85.62877239521788
74442,21347,15.797218167446722
38877,25764,85.62915116526601
34910,49170,91.84846357532376
18903,49473,42.80038270783908
64928,28583,62.55638765041817
50948,43446,17.313525885383584
27617,22547,23.417224389257843
72274,46147,56.237544843678876
69819,25869,55.01824910025822
32862,16933,68.9969522185469
56640,43342,59.711562077487805
1697,47965,72.23201877022305
44377,12681,13.511370107644247
45848,40876,59.84736862194745
47907,13277,12.686737077645713
35332,40009,60.37739884114902
51467,32671,48.37513081593388
75537,13427,82.58028708602261
48356,31678,17.22067850478884
49058,42011,87.53137647716144
38786,30774,73.817254089648
8677,4806,97.36583981742866
54463,32775,34.1217440471469
31130,20933,62.61018901451364
35979,24389,84.80381134941153
36507,3226,72.73050791116971
61150,19244,17.799380980085797
75300,32701,76.93336736515191
89582,48207,49.91910606745198
32661,49611,81.66248733932723
16297,9579,5.717459334876905
30327,10184,14.56475914149551
19039,46549,7.812970791503057
10276,22731,92.08954579134652
28778,35085,7.8223348121046
36745,14241,25.51183163342787
55354,1200,90.3832044926322
3055,3835,96.26849045270748
56923,36185,38.61288706985289
94155,1159,31.27483282054166
25663,40459,49.51970057705609
54992,11381,19.323756595500345
24403,41152,61.553180286805315
62878,42883,63.417573490728365
22042,24639,77.1559986267391
70467,26112,4.840205174415844
57148,16493,82.57632722845293
82726,46495,91.25616147378416
26514,40227,80.57999904080805
4943,37932,18.677203595899776
94139,34145,41.58827889055889
58700,22019,70.84587506487631
72868,16581,15.627183100935126
66000,497,90.39638299708518
54509,40089,28.106019714089303
45942,40349,97.43090109688906
51265,11415,15.870723987779947
97874,23049,9.843313498433007
80305,16955,64.79261822204474
76750,45258,49.47773748128276
75582,25746,64.02162985661515
29938,38464,46.48147562816318
38948,17232,66.2472318225568
47018,44891,62.08338772337431
2106,21207,20.895950358803592
39946,19630,42.95167710761665
43951,13203,49.85205004999153
41527,6421,73.5764458452554
72966,8366,5.961286473539344
81014,40576,78.75193380699068
37480,2707,94.42102468383267
57505,25987,65.72523543139138
10259,8562,8.301977896584681
20820,32165,41.56732128083964
63265,47804,36.791225544573294
69443,37373,47.65161567620222
22173,48837,75.34472063068323
88328,7415,71.86443067128086
1473,39277,93.66890667262801
9742,34970,17.29079699069244
42656,4990,4.023378585667611
95664,33571,70.96650744515986
45545,14176,28.564197911212563
16091,38195,53.10855239943008
11779,6577,17.275980793258952
19421,41821,2.7004203384482324
20993,6605,89.39337194307494
32974,33846,97.0542878921703
35468,2505,39.7584834496067
91338,38262,81.26493171620744
51145,20777,88.51354428029835
93436,5947,43.004708828581016
81928,27239,72.21643495054917
17726,38825,49.42267928438597
39693,48198,59.30707348330399
37308,12736,40.28958276152932
18535,46241,44.789128188926774
87865,42555,75.92364673737372
25045,29308,71.51014207547159
66642,37720,77.83155090368874
82116,33258,1.6595731112686598
33699,35126,38.14060951703997
89965,47294,62.84743135274961
99080,35289,84.66212521326824
76467,35840,4.637828470073458
27874,39881,63.86336307384767
17905,5531,31.94545410469292
24610,28037,96.71076549146997
67249,2671,75.95999427210043
10188,38679,58.64202099624459
47466,6696,18.76271898339865
57108,11893,89.98877984875809
59202,9652,43.851763649896846
50068,27591,95.50373339546032
84776,40841,24.19875126938673
47326,14048,71.95996182632757
14628,30530,4.595968567162068
22066,39064,45.06816724035932
36170,19771,44.02261753061137
32438,36981,22.32344526281349
82860,1700,21.028464689500073
96926,42915,10.055451785383498
34157,38843,85.89858461035112
68069,32088,58.06819317061549
10096,26290,45.2367902142585
65226,31142,22.365592174569276
56002,35200,83.29990132474255
7227,29209,4.972185525295208
41211,5542,46.86212952891049
44949,32116,73.43078096341569
55556,4731,48.72170348082739
35181,25379,89.04057080374544
79122,42439,73.32919628731615
9489,42982,15.636297844692256
65388,32684,67.12253805835658
1304,43964,12.586022269746639
97649,38963,30.574793566017473
75016,31554,3.058907044826121
1237,10211,14.447521504268291
7015,7002,24.99959901108461
18647,8161,66.50154797138185
91559,17521,81.55899161817852
36873,16008,45.32363720169488
7430,43021,8.023830709952797
94324,22956,36.327420698308536
11204,15176,23.45217774833883
38736,11881,11.215392467746112
85717,30321,8.13843535648897
61815,18676,70.85747365786712
29343,46700,49.62909628793181
46624,24789,32.821425546325266
61183,41135,97.96255767127687
72532,31224,62.683604748914156
74868,18024,69.79295251321832
61279,24087,86.28045653510398
81785,35605,59.50276017085064
34844,18294,2.949626185655495
85978,20849,94.26148684067681
1382,28448,13.758912795948968
2407,18062,55.693884224838634
43536,48381,26.28699120527304
81671,15707,97.82698153899028
69556,35749,38.586903007191125
12845,5370,9.849819259408166
51735,3902,93.72249864847078
56901,30103,55.90848439619496
27588,34020,5.633062345987098
15221,11889,82.24486790026417
6387,48734,88.49654860331371
2513,21613,63.939027458566265
76652,34190,80.83595761526759
27783,31448,60.625942570895084
8402,38569,32.78617886540614
17226,21424,49.150829486364515
46486,49061,50.69480359914756
66164,17341,81.54669041706725
96877,43728,66.47614969694428
87900,26573,47.89222489803795
46555,28951,60.68549453756259
9480,16926,8.116943899195041
41959,36710,40.48693568331878
19867,38523,97.64678474969307
1436,44606,34.01105248558411
86042,24709,20.711091123958717
1556,1333,85.98531832326317
65065,42091,55.42647943243325
70038,27167,1.0631256588332298
48519,14586,42.73045798002492
50266,33348,18.40297805684775
98796,29062,68.28223303950732
41153,21746,24.53798259476037
80257,5701,64.45964192961046
8619,32619,49.36111509106023
39992,15169,96.51702181136807
8686,12957,94.5580850765023
89996,10977,49.621901065837854
23559,13236,92.33491995682003
98548,45816,20.908773692609223
61496,40715,77.72610864948885
75020,37518,47.534665953161515
26535,49532,37.67560422788634
89549,40470,61.01822698398879
54578,40267,95.28435743689198
98179,18881,43.05677549174774
82298,446,45.96004679505747
71070,41624,80.5440481646474
69360,25731,53.0674506770718
51750,27167,17.069001722761534
6713,8087,12.03360138183496
34868,12979,25.321721843436116
4077,39019,4.383071204749285
16905,1800,73.1459856148403
34032,24699,31.765010842385877
2472,1147,53.39829696657416
8527,19224,60.23438043312031
99958,21004,11.398304027015168
60598,13989,23.316875101387456
89512,11552,97.18554165402143
30730,12502,44.67879807860447
25432,11798,66.09888009151226
65194,16295,82.55353654324549
26367,5042,6.22463839547021
7875,2138,88.75935946284652
17803,49040,37.56415538305592
44883,2423,80.46386292509534
80800,589,73.23611187210865
91345,6505,7.337754506470685
25882,9963,61.3232136811725
5953,25352,58.16168349922521
14119,37665,70.04208743935398
61463,46500,53.08612246406235
61832,20936,96.92581660221481
66948,21093,28.724069364698522
47280,11739,68.71550770153698
88932,125,66.16351173376265
47931,2610,17.47907326314073
18654,1558,10.660756290665727
52254,10751,97.47649505214943
24352,8464,90.29168531200287
19771,22725,24.884884904200078
31293,15911,59.57930875865112
81771,36964,43.53128056633117
17501,40117,15.145752100271086
74286,25765,70.18456824535338
90399,4017,85.36634230838007
86743,41958,88.77389969908528
37026,14191,31.831640199206465
64642,49988,27.684426456040548
86343,29135,8.03945283669064
69824,18291,57.08152953130862
80052,38369,52.018534340139674
85027,41554,85.68989629354319
43078,3896,26.117789188510283
66492,16252,80.75831420936423
81011,8119,60.1263898771675
67405,15161,88.2314263942101
76396,20585,64.49405227795118
55591,24070,32.495412651240734
83990,35917,33.00006262383884
56582,13240,63.20922103192242
13752,26940,89.99974755495616
37811,19820,97.62545495160833
2853,17413,66.69513673612332
49867,17000,92.5494538040495
81014,41893,92.9357529020541
18581,26144,43.14978445397678
49730,31521,17.67970464181602
96406,17338,56.28891706576145
73223,14644,34.64718252022579
35018,6818,51.34101851362042
32307,35796,57.71790390621217
97338,42213,58.83479463580771
32499,712,39.08550771010751
53747,8929,7.143933421410838
55371,38092,31.025372849750397
65105,45280,69.99181412463825
63376,12780,61.53417105187564
47745,31140,94.55620189383323
51076,2073,90.78098651696844
41748,29661,14.926568573984888
72470,24841,1.1886849942468178
68477,10725,77.93800332629418
6812,29560,49.348230932576826
77091,2598,11.585800101773446
10074,544,57.73916680718944
76304,42126,57.26924675210315
31335,19103,20.467016361444795
90396,40928,17.342576093194875
18922,49628,14.533301196271161
2968,40101,4.4917181057525095
93292,13259,61.220060742378394
58726,36489,45.93076715385587
93620,23468,91.78078529432109
27802,10324,34.55735362601929
30155,38644,25.063940477285243
76409,15921,58.08572410121186
9387,1496,33.49840457626835
14005,23935,48.21466115289715
37772,12487,87.11094505706988
57780,42126,91.2369394939253
10627,10283,61.84166062768427
82130,19993,80.64577404548278
2391,33469,23.05480090190371
21458,14324,74.75670560123433
28503,16004,53.145046163722704
86254,17824,74.1853946739765
51791,43032,16.075150179831198
49100,6386,41.71777412909517
8106,24616,11.766763573234323
6338,16011,92.2797898253396
98303,46386,79.71785705389448
81311,4325,10.486580617921126
72778,49462,4.702875739136978
73964,41207,6.760753196276767
4913,9604,18.18560862101566
93291,32221,34.90827231582093
34207,47457,81.54113898489645
80095,11242,12.760526864666252
44106,22780,65.88649837213696
18438,5806,45.9238939242411
47560,48307,69.91257722785271
12095,17563,20.030820196423356
64088,38127,80.30237160798674
95796,28578,1.1634410656411718
50599,7018,20.709580576105477
70775,34937,36.91404989554819
82479,49742,12.729777189642286
34925,21589,16.73735650864459
14365,34493,68.48158940725243
88690,45743,12.350828984437946
58720,37286,10.459847234402659
79398,22160,32.27881323571137
71435,36805,88.20302905929323
14014,10616,40.38678340849272
27220,34005,19.819395165888974
78587,15511,29.153430420288174
34117,7608,75.94710784136285
41267,40262,14.4937010786046
59219,11203,6.557806638886204
42630,47925,24.90333918953987
55303,34778,61.83024446778529
70832,36235,3.24026502647245
31998,32409,27.08440219770623
53399,17406,83.7002460804345
83962,29473,94.47873604535543
69048,34624,55.90825735517967
61106,38608,9.221163628738939
20032,19503,66.43639804657545
74180,47447,33.835373547313246
14820,18131,31.48914684932624
2324,35405,77.99022476660113
70354,21002,42.71750607999313
99557,653,47.22343848742988
81484,38552,16.139716626852824
69745,7872,11.291280388355272
84199,29224,35.04097493785354
92904,15660,60.37025443948593
64439,11676,47.741399480654124
30922,1232,57.87581286490704
52486,13263,78.95883895088171
49460,33924,67.79921339346735
4998,22654,87.83041193183993
27346,38484,60.45770499414708
86089,23888,54.61014394190161
67927,30557,1.3277475404964774
44147,47407,89.32140558263455
6846,12940,7.131169213648305
36760,16735,86.12911720769351
60406,18885,55.02708375688719
55744,23344,77.84302505581543
80162,20361,96.13486833534728
26916,47363,27.077345918490757
61903,13103,32.12499888477594
44887,29058,80.89921643889842
70788,39846,24.44353391941222
82121,36113,76.04852886338928
88052,23717,32.574579716248465
39709,20612,5.2834723592148425
11000,48383,21.482315384056097
58564,13390,13.13966300329389
69810,35136,68.85665331684295
32649,39286,58.56340170529276
99422,34576,33.027136714156626
70419,1140,60.5472319548039
82806,2724,66.63728672281725
28279,867,50.05947214298649
39213,1014,85.50286394833981
84379,36084,76.97629476988222
3781,14064,58.104297855184086
52816,40195,18.689621183600085
13966,46117,84.98984130349587
5289,36682,30.522663335482356
57028,9144,61.00524263069178
52010,3000,77.59722736474157
60399,5236,61.56594150937062
83622,3028,31.95575712452158
42335,18373,22.37673491543456
99401,27782,3.9687853621978904
63346,25628,75.46345536290607
87402,31381,75.73968825831547
74709,1245,46.796718352125595
91433,16046,69.79960066576952
44066,6081,53.14680821502149
91613,20135,70.25744810357763
61112,2425,56.53762784374727
12689,45380,16.125754117616452
43075,14530,80.95682650418205
95497,24674,48.71060330351451
78994,13961,77.10789248509597
81340,46963,7.941137629383034
68927,1409,77.22244843117387
2474,35199,37.28972541885695
5385,30297,4.3559538696049405
42484,15930,40.63984256613382
54617,20756,46.01089899159169
34834,38895,43.068348220625886
21064,9367,44.05674003302738
39742,1217,69.1536058627492
36684,10702,84.00655912860395
4974,15625,43.055086904643886
85308,13935,84.53082897921325
22629,4374,98.42135290526909
77766,4174,54.074468014701445
18642,269,67.63348865228309
40925,24477,7.335993297805686
91731,22661,41.30477759391333
3532,28707,13.679043453433831
29779,20641,11.969703803899895
84230,5669,96.54302106657607
8271,21161,10.818740898782593
68369,46447,98.16599543821454
72789,282,70.85565668009221
83953,44439,84.98962569763736
27101,13372,55.99198494866016
79174,26416,91.36718063645901
95805,40565,18.3109118746984
69122,45996,77.53765431421556
45668,38652,57.8051860878463
89602,9340,22.514125844045022
16149,23870,88.20309212582694
88372,7113,56.47522800019442
40515,45039,25.505770573154013
55404,39250,72.84280313120725
20495,45765,10.7002443792313
93624,6042,3.638134275401173
44578,6224,87.96241871052334
95463,42520,11.046547926998839
97776,36529,67.10038753354439
66162,17177,68.94631161368629
76759,16302,65.8301306876194
4909,14648,14.477030902795399
46883,14929,67.50670967687198
53889,41523,27.216438359991635
92370,40645,25.993729104521663
18842,14485,28.69897470122916
38159,18550,14.375576422371568
60798,32543,52.561193476374434
70667,43578,21.478021941027478
65366,36865,67.38764394623075
89364,10713,87.16705660635823
3755,44229,4.917238192380566
40298,45623,66.37435364312995
73457,21216,16.001481779166063
12545,28636,48.08355451074541
4774,26339,81.1830322209078
66612,25169,29.349753637469092
34318,34608,35.156762485084286
56731,3491,86.43740498492713
48735,46502,2.4718894237235656
76295,34033,57.686977560783696
18295,32125,35.59643037464989
90781,14026,68.3199295876033
82427,27601,54.23811444757434
97669,36439,15.419156083829638
35899,6609,7.360396439508441
55348,18392,13.085830330853854
93501,43645,81.93864210478647
6282,24121,95.47304916304195
92060,11988,88.13518808987872
97339,31871,89.52973841769281
53715,25384,47.871878367724236
41876,4855,44.92877379650747
76056,4473,16.904438615977977
59928,19754,31.99885776096233
8064,47953,64.38981526121651
74317,18986,82.11218303314442
53485,38223,55.78787918525121
21352,29713,63.18980173286084
47879,12890,61.36644299139248
66088,32934,54.30671997862534
5229,30323,72.1988361381959
53298,194,12.228427969963034
28937,22842,19.262944089860724
96242,17037,42.00479877057283
91743,10101,88.74125900235497
16865,4552,52.431307176766445
61409,46437,44.39653956918667
94508,46692,50.338034703480645
50200,46150,52.330211570087776
60473,38373,94.90784725799283
44039,29037,90.67668159066547
92390,24563,52.366670176462364
38865,36915,70.47234282011522
5910,48558,81.71725467491457
72099,25413,37.29967388136288
18276,40432,20.577671859742328
71515,42132,55.53285305253954
8970,33853,16.34445935737677
64153,31273,7.072482103547145
21216,48734,37.13552548394025
57147,3280,28.75709635500162
55107,46386,88.73458359067246
95510,2558,3.72327862930965
92439,13360,60.624856944912544
18157,1564,97.71866119285183
91472,32889,4.061208455831429
34492,7403,23.287407048775076
51682,21844,69.38377383416476
29416,32770,22.263929806105757
12454,49708,28.459389250205522
84064,7697,14.019327903440777
42495,8411,37.479666051101105
19714,1651,76.96873328403416
67141,47985,36.08337917994821
44410,26053,98.34768228801576
23161,43183,54.69747142592438
77945,27088,32.931705302484716
65745,17429,22.64994763694743
74058,36436,7.221250142878094
95889,26035,82.43472380413634
49381,42627,55.41456902036091
53370,45497,83.97366701637083
35237,14762,41.53297423387088
34539,47799,4.388135526258474
66928,23073,96.2157241830543
50553,13879,71.57206640537007
90064,37663,55.36396413018901
4482,18692,3.2808868384351886
29595,11677,45.82548104885236
88046,37981,16.720758731556437
81112,44939,66.57008541355077
94388,17361,93.46438221057134
36084,31900,72.96144360048788
32310,24742,88.22879301189451
45888,5104,67.51448202900542
72084,20058,71.58805116924684
37887,7408,58.85249130128824
12538,43731,74.96164350866073
73453,38461,90.70032439669512
69897,38702,29.468890794583224
88581,37754,50.46052195912651
45253,35489,35.26433675531132
63718,24438,23.48686704710506
48077,32630,2.8845086962262014
63449,22427,64.85203910152839
44320,49092,15.0514398147893
10226,18177,6.099513223020162
5626,15196,48.473343137841546
7292,27322,13.809612767193014
97634,48404,12.384651608971827
45204,47515,66.17480263087612
67066,36316,24.92171789731296
65789,33180,9.270201029201349
50867,11021,43.310828137524034
22672,23444,12.833552971989418
95602,27704,93.73901554403972
54069,47071,47.08626001229041
37714,6899,68.63844023797742
53892,20467,83.43447952549904
77998,24734,82.78009615143819
37483,1622,16.857567234378436
86665,5698,35.746544604876014
1775,12687,18.629879705299892
24090,3912,5.8262785441631175
7841,40298,47.62455060370849
5116,12962,53.93907729908175
28854,17246,1.8428031144877113
26823,29302,71.73014411700294
20628,5591,71.9979203510299
99439,27924,38.888477714266315
17775,10340,22.547973647614903
43141,16999,41.10888635993954
90784,38716,76.55186199733029
96568,38978,54.28285984746771
13146,28137,46.7860592555694
38143,48251,19.249198568651902
43555,40027,16.252526656392313
32629,15448,36.33401652047391
45797,29939,18.460799869825834
85772,3704,7.134225953620017
79569,35595,57.122465073841134
44566,47121,55.41207772042461
65948,33613,39.7557101898791
94919,37826,56.3264290241151
34062,8424,64.22295478986754
1827,2907,26.45913613773855
53342,32271,30.18799795328212
47609,39181,73.17814424324087
2651,44310,13.64495783939348
73518,14123,12.491822504344468
57312,15857,54.52558136881464
87836,13228,10.602176103769441
83401,33225,40.54803511811289
49645,443,97.52547528844052
26966,6832,65.12852712120099
87995,15675,31.441904583086366
95353,35649,22.15075880754737
9546,29941,31.112726945157185
22508,30712,66.77598383300212
6096,26487,77.87319694020505
46095,12604,40.598675263387705
58093,10222,8.16464851111044
37175,28570,23.855180855438984
58012,40432,94.86733604171259
70894,10293,58.78057317323049
98905,11602,56.19066116541159
27552,1447,60.288317856948574
60482,25049,50.07244332027115
32178,44633,97.9316399385085
2155,49731,17.963727858029436
3857,40030,86.71749877974281
62345,49029,92.95204539338383
90755,42568,93.43515588068753
71279,46529,31.225760567484482
54429,31340,16.7384534967862
9630,13836,98.38719336555364
96649,1911,95.24290928411706
78089,43318,59.17147451011013
39505,42283,72.37275447732836
82465,41738,57.1705327281613
48824,35534,55.35422367739087
6711,46854,97.58480302072105
18946,44019,31.00835762819319
44691,16321,70.79696390515346
38399,7500,68.43898278529296
8783,41388,22.31812304785756
8189,2693,80.41216092795672
2882,38860,56.88915264646967
13610,13319,27.924787038222544
61386,24021,17.49557794215356
5874,17351,23.72533906789291
31094,31374,18.940353880671932
43840,27018,35.591434563335206
55428,31165,18.495812670591416
26469,48639,41.29295402974388
10007,16779,12.431075292980044
99208,46637,24.070933227357234
17407,25719,83.61543657337332
1594,38408,75.35671653958156
74985,21959,58.23710287117402
85948,18651,76.66864166176143
47236,11333,8.743223493379647
53544,23341,92.31867700138652
13278,44771,14.819921137041616
91911,37655,5.861578366793522
41856,11979,64.94600383975364
58093,3257,45.22089862719942
73488,18569,8.896989069809162
65251,6058,43.44723284981959
54816,47657,50.29253252450603
68914,49102,17.836255402297144
57735,47573,50.97680759853678
76683,44060,76.8543882515574
94328,27628,43.12828551772722
11379,5024,39.27954914980001
86730,24115,81.94024504678406
48822,27684,91.7834595555918
24715,29237,8.714595569139512
25975,22391,56.61957560699003
55132,914,56.153622118859325
54629,17608,75.82190916689088
24638,30250,88.78065665726349
40167,44248,29.19043614237815
27690,34637,73.07153821411755
66191,5305,53.571845882348875
25562,27560,45.18093375323379
1044,8650,65.25249903138108
74363,39605,75.30976835772923
72900,28677,22.101961540865908
41520,10184,89.39456373399487
21542,19266,77.00394620078097
54384,11259,41.40440867270434
48261,34254,32.9761456015101
55677,24718,12.996200537271658
66185,26854,20.47794909217694
90847,42444,85.07070010551593
97321,11877,29.488391141104955
65120,11152,28.026490438251564
35995,29531,66.15312423591031
24656,5128,56.42691438703904
46065,23603,73.12316966335628
93632,43695,39.73832187886089
25527,15910,67.53436677523987
63137,32706,80.29613043566812
85781,30278,11.565237427086725
62922,25528,33.05723123724593
66902,41669,15.081534496745874
91024,41689,50.43420808689636
62515,16671,84.40827071920036
26552,39058,71.364244440424
76739,42003,29.681269174324164
70214,42308,81.21810614444021
84768,31635,38.255035830410975
93625,2653,54.53035922748545
31732,6256,26.918868960507243
77087,18502,34.78569721862218
70113,8887,21.05943477949705
33505,24671,18.574616361181103
46864,25809,71.8005533335296
83233,8021,32.55465282343617
82494,2179,78.13340112768043
29937,14511,68.02093333964974
68615,30615,62.890246184755675
65797,42572,45.20234965489244
30765,27029,83.81229338839493
99030,28875,47.048754008631384
30245,36550,24.95547878725282
38774,47208,9.330533198496676
78263,37772,87.1098544945689
43283,8596,63.3003328685694
14914,26783,94.03456415430435
34263,14219,35.23796870103031
67012,5443,16.69931024363294
55516,31124,15.824729993012912
68393,14063,68.06322288049044
27909,14489,45.22049683295241
39787,29950,82.686492527846
95201,36595,78.62361119173892
77800,29713,14.137837064927922
29052,25760,97.09802509620886
42321,20754,48.21716001058851
99259,49717,54.638558993295895
4606,36380,48.8333027161986
14056,614,59.24229364905771
91416,25861,53.08245726162199
25975,33255,54.88805569919779
24531,20994,96.25495784512559
97557,4826,75.2340922566912
79955,11554,31.30390258228998
66445,9496,96.72327225620982
32250,441,2.697168028659873
81980,26555,27.095947325114384
28508,6707,44.467640361791936
21356,44275,93.01682836177608
54788,47207,32.60010336388892
50953,6664,58.87641664412833
34942,20382,84.60261212131157
50136,34972,97.76477515710967
89697,31967,23.2768613017522
88124,28707,90.05191287649713
88460,26435,81.10247924124646
91547,29899,12.902726849178306
85999,16928,24.712864666491946
52186,38279,12.780627166604594
98957,47153,40.98585193543458
13072,30055,59.352298256923795
36994,29076,86.39160379965391
12617,14352,30.410205767875087
94687,37249,60.8095903146566
92367,26725,75.25045488493097
92459,44811,18.214972306566345
73190,44559,88.37059442119615
78493,19907,83.01269905762227
80529,41179,68.16916836845547
89908,459,62.67035667322341
67684,30845,38.66351758244418
54781,23417,82.65002247489946
61340,4860,10.042326426998278
98196,4379,27.313835098927232
3469,16212,43.47087680898958
41015,28057,68.79447371293864
93682,21164,57.80432236036843
80162,11500,35.44225735500654
41049,42937,64.00847708642189
13625,21676,86.99474319487821
76661,615,52.369851201470226
56652,3674,86.04838798110438
30227,1411,35.47543573304681
46519,49019,27.412764498529707
67215,14334,47.21768985512781
92154,28528,28.85443241305928
13348,15353,84.08078587817315
68759,35409,24.353883919059662
92620,32068,28.750147628846015
74852,9544,89.44179495926825
43366,41761,9.569660238122472
83793,8452,97.69366342818348
82937,20993,77.64825962977186
77938,1844,14.501803788814165
58964,5584,98.38830281001505
51806,4024,85.42303713677713
56366,29600,20.33534990020054
38649,31350,47.7605038905128
95704,5541,42.93846298801001
70566,26611,17.716490806023383
12261,10299,66.37184119123138
55482,5692,95.86640622742595
33734,8706,86.18703480670796
9887,33877,79.11362280090205
30522,12775,33.928958059904915
35199,23163,15.054049246636147
58865,47846,79.81814115795365
48406,28764,24.469763084246512
57020,443,45.70833151248727
18170,48897,92.93962214982977
97020,39762,93.2637271605126
75177,21854,68.91181369356507
18363,13627,45.192128480232164
29269,40429,27.025731253976396
61074,36430,8.51126870608884
67858,19951,76.97168206146418
41903,6050,44.5614366826185
73378,2302,2.2156161856419736
55756,21859,96.36734922194995
47903,174,58.90082645938289
40878,34789,1.4703137940822404
14028,37203,67.4290425320112
43954,24988,25.494838909008536
75115,23067,26.232750387586428
23395,10492,12.765087751408684
77347,41244,87.84735238605894
26224,35618,68.53860162926188
9358,5250,81.46437327786529
87237,3104,63.313887214189876
7750,46794,2.134525398859332
52966,37344,61.54080787366122
93915,42556,78.51504446527501
80518,3103,68.8785102756508
30911,21394,94.9929458503472
61095,6468,88.23574911923448
45127,18253,24.140180467147076
27861,25616,31.28514954947184
46253,13386,7.951559575250936
17482,16449,38.95219278791739
7276,12528,78.46404363828165
68818,4472,54.34869030394736
26347,7940,9.685450031739125
23782,2421,71.55109797709352
7105,46865,1.7571045491833444
56652,21681,4.366837488912237
39374,5051,40.532989940865505
22942,24326,11.675462358856345
52343,8994,69.61438484637911
18917,35715,79.78348562800441
25535,9334,91.29935866738263
18187,5357,60.728808592234465
51358,37907,59.50032796859952
7363,48790,37.57823970035676
59349,6263,83.72930457785154
13976,3559,8.208245378939669
49090,1802,32.97271295236314
80562,47577,17.934254187913375
58882,5614,42.040799096699885
45204,30708,84.48772989036347
63498,29775,98.75213685036006
94926,12158,2.587745891362851
78500,47068,31.63385970595919
35551,36213,33.532657710540676
7144,5218,30.612514572006013
62372,22549,34.58714127149118
16106,36961,60.47372633019101
31679,49718,44.33854765730963
17575,17413,31.827023740508746
83994,3912,9.916616445562846
63433,3927,14.509415186550177
1714,42977,74.34085583544055
48019,24739,95.21639471312129
98793,4296,5.245719214069481
86474,30590,28.63059848161605
83914,10404,36.26569703027224
6128,45170,64.07555418543558
99163,35557,82.87307428838965
93551,44033,31.424881221728103
27505,9555,61.82095782584273
84130,41442,95.603407820191
5267,46501,70.32678296783779
7015,49544,47.45655773960699
59992,38809,66.68644611992069
95977,44142,8.800556219533808
33879,14790,91.00843252732277
45490,23188,11.53686385167559
8025,7044,89.21340999509431
82440,23193,88.79413082013053
34929,13196,49.206126267164215
78358,23624,66.0526786022473
11024,21950,65.44856643869997
4865,27847,72.54916226336779
87065,7078,21.08576009529206
23904,10729,38.07154958273471
16347,17407,67.28817460445856
89242,19756,45.44229046221422
16737,43258,7.19726488394881
12946,22489,66.15539306829464
15663,38111,7.497281061638449
55920,17499,45.55253743105775
14325,35343,30.67562301660705
81706,23703,55.51355646294627
55004,26881,74.27689661823283
71010,21791,76.49777164945569
10534,44377,27.220985573447148
82656,2790,6.3082471461782585
93162,35362,29.95175149501212
96588,48583,15.204579461848798
31980,26999,54.979740951880956
29712,10078,34.79065948380382
12610,32283,76.76578407349902
7266,21980,46.46005875859235
18203,15952,84.8817778818991
27957,47516,46.58584726675255
83919,13546,13.177494475460922
68006,31971,8.299850477684842
14889,49541,89.61956163404949
73281,12543,60.04798542675433
1879,35833,55.890319803767326
8858,16004,74.99736087196646
10660,47516,20.372455779782666
73365,5631,65.34509388362979
52167,40049,33.597227401021776
5916,17954,67.1836383039869
83467,31851,36.71936036376938
54189,28014,72.80512866357901
62411,12356,73.66096638135254
71287,22833,36.980527077691875
42107,3951,82.68872251290269
49351,4075,88.76866588325052
39322,4695,98.8560092402873
69513,37256,56.1043663137812
54467,45086,79.47994940019929
69275,48871,76.06057615554883
17938,19211,44.510435158095255
56353,8616,27.023301048238448
32339,31267,70.99440089229066
58415,24090,61.855829781676846
27992,43036,82.60765396701258
83404,35269,97.8192406117764
19973,14482,16.883293454010104
93239,13407,44.7523435759735
71867,42747,42.974159335538225
72487,4141,18.872880092101745
60913,34897,69.06365075325037
66519,22636,17.522404812888837
53445,48586,67.52834309963926
15638,13394,30.855564024753072
9749,20374,83.40036226401126
35186,38408,89.65502732229339
66360,35626,76.60207927861543
65341,13244,17.652481703649585
74645,8873,92.70489159043379
92448,2359,40.19864443854616
66511,3903,61.69503079506052
56107,31967,54.96187415025641
85631,164,54.66705007277869
41527,6749,43.15667539551099
72516,19627,28.781538438362844
76456,20787,81.99962043528494
61274,11939,94.36470410451514
5657,37157,32.07321924323068
18587,36946,15.249365462143915
83715,34812,10.503446461755045
87644,38199,63.023527171950455
12396,38066,76.86418971366211
24782,8202,62.77251071897812
85774,32963,2.8868804085105255
82878,45414,19.305303932609114
27637,27867,65.03905731544404
8371,18922,92.50121722896871
63623,39983,85.31686358121317
76679,23167,49.97005994164658
47644,16782,64.12466197371398
68125,45762,42.52905023411344
4371,9934,16.67183507910867
89906,40190,37.63912190442699
27809,26082,17.058396370059047
87904,33213,53.04482061036985
65791,45784,74.3015882016068
78027,7896,29.634067201656485
47140,18683,9.633403735536692
63514,12163,55.95611791015789
44364,30188,16.483063386264575
70240,28154,55.10870005372814
16439,29154,1.5005065088346452
11571,7286,88.34052825918373
56107,31023,87.20885009919617
12386,6723,56.362588727287964
97521,42654,81.7608670059473
12557,18628,24.432867377887867
52586,43887,68.843030619093
98426,24930,85.7404422498422
46598,35299,92.29823945864926
92153,1028,41.54605083417878
92602,41120,83.16626914972552
51796,29703,16.321928286950484
40649,29445,84.67179235644298
75531,38938,12.07165239413641
59188,17064,70.33234619955016
67761,26548,63.90621849597749
64603,44253,64.45530572220298
27906,9632,21.98147675077112
98770,27687,48.121994785519426
8059,23789,31.626002172842544
73999,1491,13.66149313100457
48267,35275,45.1581543197819
19095,34222,96.4822550159043
77684,3427,45.69558096981872
71203,31116,93.62474273381055
51200,10618,47.67846720024534
16247,24707,30.088201195154394
58959,40228,17.43891209256666
31761,10140,76.82814795220665
56893,37721,94.14882905066364
88176,31987,65.28172964746507
80973,16615,28.053383706892426
51409,19054,8.93693360380224
19542,31701,59.404762795720714
8024,524,28.245519895961873
21980,2489,69.49515895662309
94814,26685,74.12638591302681
50214,41610,45.00784774623751
89146,48931,2.2126673457042747
53973,15755,12.764406628657012
24176,30325,42.50507114495027
64221,45734,98.78213511026628
13405,35774,16.464461046331326
95489,37207,74.744657161473
13691,738,10.471750461413432
92113,38654,52.480969131053016
91192,49823,48.04898057953954
52561,28849,40.8828088280303
38021,33280,45.79819856081591
15954,17885,77.61346255972956
94416,14402,60.45150535057732
49279,21133,89.154672994112
27673,44434,31.272460118003096
28997,34590,49.181963868509314
95845,33617,16.50583059683283
83260,9870,24.56483686245266
19605,49952,66.41211215997647
81412,36828,49.36568099189504
99095,24377,28.816584443226873
94561,38164,54.313967510665194
69300,5921,54.71157015926823
23461,29764,73.7277375109156
27254,12052,49.88481346991875
79583,39162,81.52076626327069
45715,30414,94.49895488871064
79684,32903,47.118284778449016
61054,26544,54.12586580699981
5254,34437,47.20014508200332
90288,26843,74.97388785170229
27133,11472,35.71835656017316
28367,34461,55.72217136757941
60219,16666,92.05505010904216
74778,49812,58.41545683220879
85035,33710,97.63568978119768
83115,16040,16.593195908005065
76755,47397,96.74185146074306
14024,38961,32.501104507903904
2654,35713,46.396655755067165
59680,41171,41.31253584421656
74062,10902,6.443809877924185
68675,6431,97.32515184666123
92262,22599,48.90064763083853
45352,573,9.0305570965119
30259,12325,71.18584623629287
67789,21774,60.67839278137786
22322,25009,40.30770855683477
8070,12749,90.50092426851208
99451,31608,51.21420336362185
49694,22919,56.020399459118856
74419,27894,26.821028733857503
59017,20167,71.66687447880012
27042,42700,5.669091455829786
98347,16542,98.11958240052115
88935,10148,73.07687214352036
23733,48178,54.72052789609708
70254,7368,84.53018266698369
8700,21263,33.34236074103487
58374,16128,95.5276181875328
66707,17906,85.2761048174157
13664,42416,31.46290268067034
50491,18396,23.118321238378787
5121,30270,44.39648174931649
5772,15295,17.288054641243104
51434,49272,44.08099668875492
99708,20250,35.592012917085505
47588,41615,18.57595664723512
71275,24898,62.4926930513958
86053,3483,94.26819496773928
77181,15893,40.07675621729077
39355,17045,57.24177128285254
72336,10317,76.09534522058992
19182,32968,90.56849140668638
89676,31442,39.148677064269904
63039,15874,15.582018647673902
32690,28333,47.52564802275418
37321,35438,16.56419763803953
95800,13202,6.419565189140172
29063,21771,60.18357194897723
58915,37027,43.55153979382829
61263,41267,87.01132801489175
22414,45569,97.11960424114513
17519,5236,14.29220243859372
59727,2723,28.733646721419937
6666,40738,69.45437181645181
51459,4711,29.669487466500687
40653,1378,14.39152764487252
63156,38685,83.36616159950526
42842,37417,24.39339216134972
51857,12233,55.86622282309413
82267,16001,83.28156159283256
23341,31889,53.3794961949245
35514,15297,48.093934411822936
82154,4613,17.873799220011065
68311,7770,6.245410235047757
6217,24049,82.62185965759186
92398,45186,15.0296490891591
85327,33622,42.34316772205096
46900,16433,83.56727266651058
73025,47061,5.932378900214175
92780,29016,45.86262530612261
80350,25866,66.98810748684654
81205,28516,13.889689294075033
10763,40584,14.02925648989821
99054,3423,78.08025211141005
20150,17519,74.41128808316341
28791,11134,67.89512809721684
14683,41839,39.90322837341267
98925,22891,5.197713217067955
45113,45443,40.2099696310099
26313,10785,10.382308971546422
75018,43916,68.03355317523042
76158,35488,26.436966791080163
93514,15578,36.86926137187192
90176,26552,42.097681569959946
57251,21056,26.022367071358957
89911,44530,38.50292495197836
87697,39762,66.46565147261114
13157,6838,5.093056356800602
14240,28466,34.23819933888557
89206,26407,34.42517338569594
81983,25065,9.337859074598853
43719,17558,62.58268479993174
78657,19570,17.23480829250053
82605,37612,8.687468264993162
6914,11412,7.22842363714594
53856,36815,67.95816279412334
6875,4756,52.42165231012586
85916,18391,36.615816716040065
8654,44399,18.613969211248225
99928,23143,21.163623887898876
99219,28854,55.663353729619594
30519,5375,31.468757040276476
99024,47397,45.71474686881746
54756,26344,70.39684747048808
42855,34296,76.11798334678106
96168,12851,5.81029032666177
22588,13176,72.75938975813908
22228,45262,50.81540184330667
54969,47500,18.4443905280035
20246,18940,49.025458062595554
57502,26544,53.57248886022487
23094,22623,50.4803463002977
79201,39788,1.467895992709487
2816,3274,82.90119566711248
54880,35735,14.26769839010355
22265,21476,24.122695269548604
65195,6819,55.13460408981538
81305,41448,32.34603957032901
85553,2456,23.152328641150362
46361,35174,89.01306334809537
16695,35556,78.20105151522593
12278,45876,31.918013017795445
35968,28967,96.10495589363535
11847,4422,37.78843389512989
84280,1671,64.7286982608052
96983,4651,27.735265551281323
10288,46753,86.43836080366707
60331,35666,28.762554045880442
93716,43025,49.06617086261464
26955,47521,37.20752041007562
44723,15299,53.001997398105026
91840,29030,44.70260345384642
33589,39011,55.54440167637716
64091,12535,89.21650886047564
66163,25350,27.799200633369196
22526,36746,54.34332909212886
27806,44071,65.21674337868299
81829,14367,90.07743654010194
47984,16803,83.41314169622407
13088,48681,2.184798043120416
73263,9548,58.84972875920064
52793,23159,5.635947135962425
68881,18743,72.21623279167501
18913,1583,39.47319803146707
72790,44202,10.342946600561792
18202,9593,64.9675423189683
25443,14337,44.18253303430538
10551,11157,92.12208105847094
97713,20478,6.885412770594232
16518,49529,74.14267891041128
96419,4226,77.47248774503839
18434,31885,79.44399219145554
11974,35045,4.661160110888412
23190,570,5.803195125863211
78183,42107,46.760533475949885
82674,692,68.17454072429224
62293,31664,18.60882727971085
50515,32838,98.67084090234218
34169,8943,10.735522022397978
74899,4501,20.44693439811891
70448,33036,21.367001144207354
80033,29906,26.379663534798702
38949,8795,95.47310421198833
73418,33016,54.03730925154271
28964,46149,59.69012025252504
47106,12715,3.484433584485699
87081,7356,43.594093327654456
66416,13276,9.306879406785239
15541,28424,23.546083073863976
25656,33098,5.877154415353173
60952,5861,22.480747336119805
48322,48138,30.515558417780113
4202,29131,1.8557670017413832
15321,34227,34.03250749123452
14143,5445,61.65888601529554
78941,26914,72.541790661859
89721,3989,60.1485961646287
69858,20429,15.79261759156546
20615,45486,5.121417316205588
23688,22112,19.87398090656331
43555,24507,36.64364507866761
32054,5275,92.28475497944567
41201,5373,84.13537782744787
50547,2022,14.869985394720253
70132,33385,78.04050499021653
94485,30423,89.43325227847035
63612,44724,60.75240629070375
9890,23569,78.51211205067908
26729,47866,60.1311986015449
88882,10066,51.84954640050652
68580,16241,76.09184526756036
71628,11058,40.82360267762882
94901,19631,38.46125242747067
2762,14837,41.8843200286767
41537,2495,76.65380317052988
19761,45765,35.85351559940056
81418,30184,57.19227754219257
7628,6951,79.18779782889042
78274,8437,8.151395103553757
41712,48916,32.26715338972069
7567,11856,23.09053958997714
4455,27009,70.76566821081892
41923,34738,9.495465078650462
34996,1038,51.181364178019905
54568,40778,59.69333898608144
62960,45837,42.862968545644655
13770,40969,42.0996693013223
41016,6954,11.122216496031669
47855,36993,29.66366104389878
97914,1347,44.84338502806279
82214,23409,86.89735556560471
54826,37164,62.677074643151066
32929,17055,2.0558591259335053
36663,45155,20.55998511422743
97796,35316,69.52293176067732
83629,107,63.33342590577076
92114,47645,8.81408872107248
97843,21778,36.77038626588316
13616,48761,50.39863408060409
75045,13476,48.578227963237254
59260,47076,60.76793429131535
74515,10524,28.855466111522613
70772,18223,39.29724383428029
81661,20636,42.75041433124436
48236,15336,57.44850624651312
45047,18419,2.5973292417344163
40316,20610,66.37920861312375
65159,23447,13.269429568544997
26448,17913,85.61926150134039
91610,49195,97.69254257555164
30956,14802,82.85546074172434
90750,45409,97.34462858028387
43819,6635,45.231132733190265
93315,38062,45.40488551735261
68214,18937,81.91197643848963
19838,4240,51.7141499100989
67957,5881,7.9198824045805285
70354,22536,83.52271902079191
44347,35629,70.13661343256572
53592,6673,18.355683728025863
14960,11350,55.369070035363485
42441,41082,57.07902870074437
52528,38686,85.91648442116008
14423,2735,72.0158976631465
50655,3437,58.454902258482484
64427,49668,85.78758810892631
14357,44461,92.09367016212077
9638,35266,2.6484791319981484
93545,13892,16.215609663137286
40350,21807,1.8990294564672987
57919,20442,1.9545318123578488
25668,38404,73.8901519376873
74240,33077,38.462599746922486
2201,42637,45.9269050225141
36023,6309,54.70599565724838
24926,10004,91.36716532601274
96149,13905,65.92820915936325
91940,32972,10.21874789110549
46477,48876,4.694428669557818
77603,44091,8.928605488972163
25390,20025,29.805062575739782
60046,3025,12.058802208396003
45864,31726,30.392576072242043
25702,11957,9.9297599287193
35984,27396,13.118294539789598
45982,11824,83.9999471726083
92306,17082,5.197024177636276
97448,47784,18.023066633729016
81275,40630,81.69931125418803
74645,20120,58.2659975716867
77046,13306,78.59016482403939
47706,39677,96.43793278950331
75431,45646,53.63435812356696
76024,34936,86.23367671788104
47992,11234,72.66470371355163
66926,40980,34.162027572607045
98492,41213,28.088942307034237
91508,19773,18.39631656190261
41602,36592,62.030147473367855
1787,30380,56.097438715976715
90828,10308,67.94271282322636
17026,34856,74.48243722891617
75879,4471,92.9111267313098
73069,39431,87.44231973049541
86692,15707,36.28214392600284
23731,32956,92.96492000801351
93410,3556,66.98451126937036
65691,24146,31.92671219542552
46299,45786,9.42305538427928
91874,6261,34.79504538791371
17618,35014,40.447108214511935
4995,2431,74.85503133187025
24373,7956,97.09263233040592
8303,43980,46.78577585364417
22842,49542,70.62453319579875
77880,30458,79.69323621943613
51500,13628,13.847551917655895
90666,10221,85.49414114241618
98659,28729,9.924920201521779
77239,27176,80.18244994633099
59158,38601,1.116183396680445
86866,31724,84.49624826644485
34657,37067,16.313601718997777
47686,43531,74.05774417266639
90347,41967,15.355857375124035
45833,15812,11.003555834803324
80626,6153,18.820475355282106
94504,21976,87.43522874282307
15898,30243,76.39287905903606
90204,23149,27.490505279658034
60928,47342,4.949051055332789
67185,1986,40.02796014967704
48765,20072,75.66358616956246
86523,16902,53.98150552863323
89432,10173,53.51832740944049
82077,33938,28.1039737288432
66227,32257,33.83352106602501
35447,33339,60.66962695013403
11993,10305,55.611822936058786
31537,11470,43.74481495286939
60031,2521,5.916529232921653
44676,21415,72.60428154499425
60995,20984,70.72644222676534
26966,34734,84.26827832879242
8615,40274,79.04937210579389
66827,13872,85.40345717464315
75450,12871,85.64486837337913
74406,31695,2.531331260562117
97648,12957,28.992461868735848
53653,31154,13.300997623706142
71994,39973,24.907229763281325
33028,22169,14.776827831172639
70891,21763,49.36284721445496
92136,15399,14.62287199822575
44297,4281,81.75018144856564
41499,39823,48.22803976752343
33046,24863,48.28595166583012
48849,32912,46.73360808353385
57032,2319,62.21194315469039
85079,43462,46.027407512929564
84355,34727,64.71854233379955
13486,10968,57.902783607223185
83458,16140,66.02863357615733
22830,7220,46.67168478513357
26401,31523,84.25480246903743
45621,25690,71.51576248656812
6177,27833,1.7594710109924598
73569,49710,85.11991806239392
48376,27975,43.63091955050781
5069,43874,6.665515373141906
25800,19570,41.195686790993605
27761,12404,25.57832451751412
13319,39647,64.89409376151445
22348,428,22.28383515334745
38852,21295,67.72263110080137
43861,12054,89.43880539688318
55172,38015,70.35308050901276
83904,34660,7.578757475500018
4750,39603,78.11337911967993
17125,45252,93.6827452275909
74829,1958,70.42206232956453
5823,11748,30.253787419867805
23289,30452,95.21518716824586
53952,15609,31.65135893185174
94303,40767,26.30992470027264
1585,38543,66.52503346876314
6207,25794,13.637161235607298
59419,29562,58.422167177282894
2432,33295,64.58582475410607
17751,5304,56.37191360586249
23652,34848,24.536162064950208
9207,17823,60.01788782789624
10013,29166,91.6415464990498
45277,7864,84.85590469418618
48575,26862,73.59626898559614
50049,14518,81.75234234947996
67335,41900,37.89122897568598
10721,4302,81.17981142568141
14873,49305,92.0402169492396
73004,40099,89.65550832824132
42811,16609,57.5651837552062
66843,3521,49.5576230665845
48837,38858,79.17592391866921
53796,36266,27.287710490662914
44122,40236,41.75734759580718
19455,45795,92.02398162161322
87716,35049,2.12792479904414
91741,47648,9.943164833532457
37164,30226,16.43344583321548
9295,35025,36.190365732649255
37227,23755,41.324566954192335
84517,12809,78.125641545531
66861,15940,29.094276157130444
9278,46816,7.107872310049714
8395,1934,41.3849768577601
55428,8552,46.154027053878025
81536,33439,25.315004133872314
11261,24934,50.34092517947765
67782,35088,59.064891653854
16655,43459,97.43109193961313
93961,25403,28.623454219065138
9739,27744,12.170899727554815
61367,14492,85.33990108491425
64797,23610,12.987030222437271
71272,48520,94.22311533201704
32256,34930,29.342736451464734
27862,3416,89.80794848593334
21675,7828,21.449925987226198
59549,40415,75.4676252645017
36153,1425,85.42664203721996
82614,49585,69.00241673494635
55185,43339,60.84791774144828
66333,45424,36.6261715803523
19177,36594,40.2755393572142
25490,21521,32.68741588179046
89899,5129,5.414077785182043
63038,32535,48.378105163455274
35140,44362,21.03554301478219
1139,11318,67.14645231397492
75854,9486,41.63893827109354
53248,13383,84.89154337353504
46837,16790,67.26727034385952
23796,945,95.95499160899072
67107,8877,66.58090400790005
49141,25915,85.22599841337929
58789,48612,49.43137970564991
55945,33058,81.89025266542737
88301,4714,71.65145876287399
13664,17123,56.491081614869394
67929,6756,61.53402377953904
40655,28488,82.80992858592764
16745,26073,62.408447776463035
14870,12805,7.703030437127846
51108,36187,88.19361221203572
54575,12871,8.165379971519545
40873,16481,9.502524936824965
82356,18574,68.47971180857286
51360,41412,97.18284047185519
46784,49304,11.651542632241851
11788,8794,45.059660549316156
93269,33464,37.327523622688716
41387,17588,80.58518321077825
31449,2619,69.26700759403849
50565,41398,34.75103047371686
12748,16019,2.6912416497407334
47526,39745,39.71547315542856
74574,37841,39.13169888860239
83122,7696,2.687810832643339
53708,11909,19.16335577391386
61641,23774,12.204317241787507
88428,9833,8.28218375621726
31889,24973,20.793353866899952
57992,44251,53.180894315668034
8133,44568,46.72996181029052
77800,4544,94.05674529212152
67973,5811,13.360740472218865
45620,26657,77.66896978263242
52024,1213,57.76376106529513
97906,19460,18.639121371831877
40776,21723,28.868260101236167
28550,9981,45.511012335936655
29544,2718,66.73451721066273
42650,17614,2.3094786351702545
22263,34057,13.142510509137223
96979,24478,35.83923389166335
23077,5609,60.94178129661552
51875,17633,30.75050488645407
66818,17279,26.429702057340673
98036,42374,13.915124641775527
50469,4196,98.45124554396988
30396,12303,80.03391115451322
99090,32398,42.79350245746678
18799,37628,23.232628889647
12790,23205,50.59709700432306
25427,16702,31.629318713536215
55977,20280,89.24022841400266
45511,2856,90.87459336453308
82277,4754,57.21291138409992
26694,38554,67.0979535207574
49634,23063,21.628456008479567
68998,3094,26.168843993221792
20080,45542,61.661793913172886
58823,22346,93.56937654162489
92804,49716,33.888077518795775
20468,19955,51.953921424915265
80501,34807,28.11964301471085
25519,22796,87.0196944557619
29917,33459,15.799983409782634
22554,30124,59.51766571201135
49342,20911,57.341972489476525
56515,24399,1.7620079269349198
11042,31457,35.77561132189731
92521,22988,33.168449197687956
67656,26989,59.631948398898864
18594,993,66.94050566257364
55170,37487,11.32226125698573
43628,47120,65.74820901610397
72101,41577,83.85575465323575
23673,26267,90.55469863600993
32980,47754,29.651189150522637
97801,36825,1.0824309911627719
79207,46218,74.35051431086968
29485,17238,6.95671516592043
19525,11863,37.50241930363134
39442,47851,47.199028876454875
52836,30456,48.81323951795828
15692,22242,44.927104631576704
59229,48679,6.800281950055094
19654,26658,91.40607148018145
3770,14637,74.90087393138006
97903,6702,46.88740413409634
91677,9890,65.62589979691576
43988,16412,5.235447086594856
65124,26335,10.477631823439273
90084,26649,49.87425432024271
78795,38045,30.274753799819017
31167,9295,77.67457280037812
45471,17933,91.17276964674491
29719,45095,1.8713913075552453
43340,44346,9.14714811954694
99164,9853,50.297512345506874
14363,31022,51.318285482910355
44787,46355,89.48774501753866
76788,38060,88.01044479216571
1801,4422,14.848710909578624
90236,13561,98.61449785070684
95740,19895,35.387313189105505
89971,8091,65.77803856597058
79878,4698,90.79098289027175
42895,49641,48.61507483872198
23796,39477,28.31921114096564
59322,32307,67.97945507431162
92303,22704,54.82413142370818
66550,17582,85.79829196064038
11827,34992,86.70473503609318
74117,35562,80.34568382288185
25745,37898,90.32567429813041
9786,41886,29.860554060621986
13378,7867,72.37155596318324
78068,27988,55.78676153680624
49571,43989,12.61835629854606
46035,49857,43.561383584032214
46727,47135,13.17740582470037
62811,49655,21.749191121710567
75828,42018,81.64225704734947
22188,49687,47.30248034865991
6638,20945,75.68254258830316
59119,3485,11.788813795612917
43079,32694,44.999527867615434
59994,22812,77.8341989317485
56749,7438,4.160585174622197
47402,15556,45.141926795564714
76802,4092,20.106423673950324
88698,20232,82.11152848444483
58435,33933,2.33745381048727
86015,30155,28.99603666926499
49485,17519,14.746395963214882
14903,27181,19.37978066469533
81508,26033,19.906303167317166
13275,41478,6.762085258270223
1305,22094,95.9993132697254
43571,42753,8.228609322258748
55478,39514,59.34227945665198
46821,17398,56.92154528173124
63040,16455,61.18238810850357
83924,7478,86.14216065704842
10664,16518,65.74599180107418
30773,30620,70.25801206049255
66378,12665,70.99655588549044
64191,48113,36.04443996405675
75807,48488,45.35413719790651
49225,44284,76.49795098116158
22099,49590,14.942042333815383
58361,20620,90.60888555859978
1069,35728,71.1307968858176
7533,23527,62.53250611391229
6500,18360,50.451346859909606
43811,36149,11.322529871099043
38969,24148,49.99296206837553
95149,9419,28.1370974182694
59366,45222,23.962656989954336
67668,28229,95.63068191435431
8348,24372,98.96515827831014
11344,45041,39.07398913659888
69111,8286,69.53830723777158
61819,48827,12.240183372001153
74629,30901,93.14564726406162
81650,41136,2.132814433803431
96911,17658,23.148251757045756
61402,24299,30.309092514234955
59947,11489,75.04235089048737
78261,44282,77.11966169572057
83358,46783,49.20889613634416
5389,19066,68.55691355463942
38878,18423,59.628144631238875
95619,8877,13.79704193438669
49388,9603,72.72268105016009
3143,48207,61.70125559312094
59381,20868,44.71490921965584
61394,12919,22.204624099511243
25243,38628,16.87158629669947
60556,36930,19.856159588142805
61552,32350,57.65201567224724
97219,38815,53.99197127044293
89893,28966,80.614196074633
75431,44589,81.83485791656587
21276,23862,83.02419047007723
5733,20823,59.86238848152431
60997,15846,3.918740990743167
97626,33740,61.72843486526769
38405,16203,46.55164563626349
98585,3899,52.68090719478386
29261,3311,75.24255404613149
13335,2794,83.58924299565157
72473,14878,12.560506313310007
43513,6428,25.423415519725896
37663,26141,66.13253320806133
11108,25560,13.769797525729965
6452,7377,56.035544389343066
6501,25131,39.469749986468926
43233,13339,66.95973007419391
30405,2425,53.43460529130704
69545,19944,79.8760332703199
74143,17558,2.911804415492597
58864,39872,10.625630921419578
72023,11012,23.179270843499467
79786,1348,83.7673507138331
39923,25128,98.71153348504048
8053,27373,59.987191038078066
10844,26506,72.71561015586481
8304,13148,32.088043153148476
11245,45673,72.5486134793977
91387,49640,27.269503489267592
38457,13543,25.55604681299305
25679,32646,13.717226237216108
69874,8093,33.17938339585476
67948,40373,56.10138740486394
78262,13897,30.81031079375135
65361,23650,82.90868829659097
31572,23208,65.1166707821451
70848,23200,42.84180859042733
13295,15606,78.08475581069948
40390,19453,80.10405513030108
92693,3258,77.28042230838278
92178,46294,97.3357129146952
29279,24168,42.57159627065971
67020,41037,61.328194057237724
60345,13724,80.4414987067926
86943,32333,63.6930397354024
20635,7649,51.319173474543504
89180,28638,2.897482862995729
25148,37024,22.189460012598172
77708,2998,43.94762381321488
30223,15796,61.07258616373832
49858,17953,14.323682675526534
72136,35611,20.734889869717435
29526,30017,14.877689521394158
97484,45685,47.84702223446953
43958,19532,63.8680770308424
66382,26297,79.77635486117555
35182,3259,20.042873386350895
3376,41148,40.40365879265662
37210,5891,97.28020681666855
34704,14179,95.5593690438297
36723,35531,72.10328898925763
79131,29894,86.56634118054393
46741,15080,68.27726361309672
27736,28746,2.260892886994883
91535,28643,44.70222276661433
98577,32001,30.57780277871481
20834,14669,3.342718828600266
19423,19848,84.74357199476641
92675,2184,38.540347478074345
97408,20190,14.944745264691125
6779,45690,78.76199379003845
22841,18627,43.805080239196
14370,14049,33.92202621803804
98429,9050,81.54569256051725
9183,18894,88.15883105740953
26301,28383,98.86685846166097
31105,4717,17.745092363623627
44556,31872,32.89792953388256
79646,984,90.61224103128842
13936,19810,8.559406752312107
83959,2633,54.69230339683149
36155,8556,89.86675015108797
64762,1188,14.826218193011345
24373,27415,3.0636323645509123
81149,16183,43.3035740457681
64134,15170,1.4207349446412336
57135,40726,19.758473414354373
42580,29831,34.32995053815652
6835,48741,6.522804880763722
34334,32185,11.25493913592776
46606,11727,21.368706689004807
48860,11696,3.6551159836514806
55953,25819,29.01894744430522
36651,5884,48.823487727121964
14138,16667,4.968091591187403
59620,44155,45.485977477140025
87138,29592,6.5940689384864655
12562,5145,94.04888800527897
80136,40938,59.69681360789402
81675,14384,21.731827264176836
54466,4974,72.68670292124668
42216,15113,44.291154396080024
44564,31577,91.36146480963005
66255,26063,82.3868938059709
43459,9316,92.39878764959501
15197,41465,75.65043100886957
58640,48193,87.87086178490763
85289,7360,69.81030640048037
45829,43927,89.75098972881068
54651,30357,55.61842194883228
37210,13568,80.01060001349047
27326,6147,2.9974840264271245
90444,37263,7.520985643389446
30843,22034,7.456222995496915
25726,45044,75.21297553004098
85612,8274,90.52783555562448
94230,1142,78.62324887593195
47534,30725,83.16295021137556
20114,43252,89.4687584438337
26658,11623,58.686983079267655
88422,2829,79.42159896285185
30507,35424,82.03849202206617
32176,8926,76.79567482129535
60149,40725,28.361908697832924
70855,45759,49.0284238327674
64556,46190,95.33261536124516
66430,24883,6.732438320084464
25052,35969,7.009140004002334
96159,45678,87.94760551319123
1447,29958,1.5653271666291608
22504,15933,4.495465747429518
53690,29940,59.25893232329054
79767,5574,26.28007922370924
49932,18093,92.42712138596204
25862,29633,10.912864729161628
80812,3160,73.77997195868473
90167,42273,62.22218355252247
88528,6714,18.40663344433331
97396,35740,62.912677911356305
2340,18137,16.743641569825783
30296,5844,37.4632489119447
27098,16436,40.455883863730264
22625,47253,2.335646262201214
44975,9368,73.89563339070774
83648,33200,76.69659622952685
83772,42765,42.24289307674529
95377,47827,90.69778620635172
90909,45216,56.30421844706937
25791,3389,75.09737036625822
94563,35588,6.917519695051401
71332,1300,73.31095064570364
90427,15162,57.59489900598156
38251,21054,76.13167808817074
59634,33807,98.53982822083168
50933,22002,33.11724573285968
98179,46130,41.29524128715023
97419,28640,66.73773619635536
67322,34884,51.18696128106421
5504,12511,34.01240819294579
57451,14577,49.61386017921833
87593,11071,75.35517484127712
86875,37963,53.596109211166926
16661,16190,26.113444664918823
10010,4429,89.6926175801368
49409,15727,67.94081661691558
96384,21171,43.58731775706303
47004,12559,35.86614249145797
98466,14506,55.724585398373875
85524,34196,32.668424269128266
45353,38811,89.60424464429427
83482,1584,71.54478572597908
11877,7248,14.769076793951239
17094,16794,56.86515155432724
11653,609,79.18464339056241
84885,31342,84.50280003805716
21365,34018,84.65334045605641
86467,10495,92.49476417371089
10655,11267,48.483915761456
21695,32882,93.98453603841256
72263,36950,32.098582779745996
63812,49002,6.303554216100417
79220,16769,71.69318596317223
96982,27528,52.32203316158835
30197,18085,75.97120342963224
27473,42051,5.057381423304107
37959,11915,9.051597214819056
99860,15410,86.87816221941293
78570,43926,41.53835989571313
98199,34455,5.663325380373317
27988,49106,69.58375578272071
75770,6749,20.44429041791468
60429,45684,3.0910713640123215
36050,19031,28.95259338471173
44690,22671,92.21426170446553
39933,32853,50.11258616962876
43171,11727,69.8759963175769
88543,44074,18.855636536741667
74639,2870,25.86082430825663
3796,19987,28.649559027072627
2784,16384,87.15413324778778
26309,48355,95.64580665343183
38480,8789,29.881640088790057
65619,21557,34.28726078115707
74512,9975,40.947888058960835
63854,29087,40.89425614003517
60698,24347,23.973088646107335
73178,3892,55.804718292615284
56359,10153,43.5816437383808
92652,28546,78.1691873332796
11073,48702,15.720256301311816
13034,12392,5.285121841018997
44026,22791,41.44786184558577
34478,17685,64.67368372680957
2510,26398,10.281514218753522
57866,22470,49.15103093542476
39297,6303,64.0932431947327
10861,41249,79.633328429847
69351,42602,57.34556064972196
42900,38135,25.43798278519033
87665,15939,54.0737947793155
25856,26383,95.25707371351439
75660,32870,83.11122301321483
85756,3033,21.213679471394737
17244,48806,47.25479050996107
59900,15921,41.82648454864738
35789,48427,1.3943385813989086
14950,43020,70.8496050050724
24539,22422,69.7769583020876
5412,46508,62.720852281710656
95945,32327,23.794872620513317
2844,22033,15.42217945260759
67403,18571,86.8415384526665
62526,18481,17.34290564589882
91954,6667,77.93279508022941
96028,13978,4.498548510169581
73583,47416,48.586686180803284
79224,14668,17.03457066580905
38430,37665,40.59207540394144
36883,34310,24.492879733624623
39549,29771,83.42446614759426
60239,24024,22.428481964911914
15316,33994,4.635138855801564
75922,5083,6.585442850804444
34801,28613,50.69777063341369
53896,11538,33.21377087294259
65716,22100,8.903452490913011
99348,12332,2.247970066171375
39277,16684,9.651063465557574
50396,12493,31.311690497473247
36983,13231,70.98005061065075
92926,29088,47.86691613195052
35768,39583,65.01710512995135
3544,46139,41.5917171233948
9296,14373,51.52067836750988
60110,28006,3.617918377008996
47315,25237,44.86813230922765
95224,5750,45.60120437672862
94999,39205,38.09603406786377
39843,49153,55.35982037013755
69136,6223,69.72551078765777
78058,33871,26.413841209144113
74737,24966,69.22072353538347
78156,47878,97.61229628050346
93292,2669,20.83793667120739
92698,36766,83.36528178997722
40009,7621,29.79328207356841
40838,27699,17.6792397350277
82929,11415,92.80447089138441
6156,45231,92.4707985959203
51010,32057,11.464882985363296
15429,14298,33.26049654984374
32866,14653,30.918500985011693
26603,40158,11.187257145504867
7838,35006,35.83768090435742
58815,14073,50.2496402180555
44779,49130,31.728017285146255
22031,1147,54.230314095518494
29199,29347,59.597666628339084
23039,20843,70.40203604811032
81580,23366,57.762338961753365
35029,28507,17.946070255717032
71956,46385,32.42506272898651
98916,3719,5.888980099412141
17180,30328,14.768574438588061
75152,23169,75.42683285990834
16972,33976,2.705738109645301
28788,47945,79.63558491958084
57932,44624,97.32364242487952
45208,22896,70.95651661851568
87349,63,98.42112277827496
5388,44890,37.08021404518176
74712,47763,22.523086682175485
70736,8132,20.757225505872473
50880,14870,8.233928450933842
99047,634,38.93385855939625
39336,33608,86.09978530390622
36339,27722,81.29354041872776
29415,22269,90.39396976808604
48648,40053,27.330096670177806
76676,27808,78.63549603313103
16837,42141,56.246023337830906
41290,17668,70.23621838750637
88819,15790,43.92385278768648
33491,43014,97.4182386135253
59934,49202,54.544387131866486
31072,1026,52.91563019084139
10606,38006,65.80327522148612
46369,9387,74.12889555668615
16672,13381,20.463379680210828
3491,43926,81.22240235663638
90925,31362,8.9599275853814
69960,22394,63.227833661159906
25979,988,93.92976713639425
1229,34203,23.494170348190927
38471,3957,7.636503890719783
79191,45915,33.25263701448056
5265,36984,65.55872065325175
40216,30559,20.611435867137573
59388,27485,85.35369521209171
72149,47091,90.89989068366451
24327,21072,89.79446348004602
85131,49193,49.06116351416703
69877,13291,15.419912669121874
50803,31397,30.057726112926467
10143,34237,19.75258916847834
28371,9014,85.81366466721207
12104,24893,79.14182183634432
44910,24203,24.886477101191986
80505,44597,3.0959210620494027
73235,47421,89.08159826068243
11139,28229,13.740135943168125
22203,32618,34.839979448393734
12592,46441,92.52793088777945
74527,21919,17.365005082834703
28745,29690,28.402467197091763
48843,15676,9.411135519251413
44536,42322,72.94364226657262
15429,27536,82.37382551701566
35364,2970,92.85786862264247
86570,6723,86.27017510795339
77654,25862,95.56048964151067
74565,34509,45.2637965356716
79226,23765,77.43277824419904
24183,1249,51.71942914981342
35488,8788,60.60968864972632
75449,18265,56.08023659276038
42660,4294,98.95598038312157
21460,1481,31.969902713568015
37520,8337,83.45799115238198
58731,4044,30.328416265593845
8564,19275,55.54478928643416
37119,3059,97.56796372587492
78330,24970,13.897629158211446
82835,25363,74.00697336527783
53805,29774,59.30437831913952
59341,33741,67.47533459326878
93415,24190,22.17424842969418
66773,14968,82.00828914581233
83005,7274,15.368884287139933
78344,2794,26.014847943644053
74158,21623,84.354964495681
46279,40263,95.80524826430614
55736,36226,51.03125466792382
44694,32811,62.60948379745772
48783,36422,23.782183228816677
1248,42371,33.77710507477738
82192,4476,56.205067656454176
89467,38854,73.67828268132713
54668,44070,19.498356425762886
98761,31049,35.39916186270537
6845,46827,61.542451712839195
59820,6904,57.13356796245155
74600,19396,61.25557315536906
60629,30477,17.71554636864999
36794,8707,73.38387271655925
27238,29759,55.841670144509344
53740,21537,34.22665880938825
98417,25371,26.15309657647425
96116,22379,78.27828135622005
51321,40415,20.30918976262549
79930,10105,71.14295466041285
4361,13050,77.58566951320257
52462,34987,97.8558084074518
63566,19297,96.31273588951998
92050,9547,28.011982876464398
91068,18501,18.925948218002176
38509,15569,3.834854860893585
62606,767,45.807795737009585
10596,15140,53.93330389058306
97376,16881,38.8679772634065
95020,19982,61.27212888793162
77724,17220,74.02326169783495
1701,42450,7.423857168422657
65255,10688,92.07422609996216
58013,790,94.55625350052321
85296,20233,39.20278139812629
71157,26819,86.23474413537299
88278,12630,63.504301242183146
58254,5546,95.3329325838689
7244,25044,51.1984468109282
52261,30822,89.27155763425229
65619,36474,29.1484965160412
51578,39253,43.63942050576877
69984,11222,75.60096158191918
24299,8055,93.69845236387734
34365,45120,39.66449364088321
37651,46513,24.986100418244106
22559,24325,93.90675778700076
14526,20916,33.99815839006424
46665,9944,78.40492875377124
76262,16065,42.35321498826706
21235,35548,15.982644078421576
40011,48536,52.98909153240352
73262,29156,28.48904308448607
92654,16440,9.587427724079358
99041,48146,27.714727889054334
72849,12198,70.05755763721542
47387,3264,88.04301519718145
81001,5579,56.23425008009582
87695,1979,39.847930521100565
72648,45319,75.67379186036877
45628,3075,74.95131424538503
57924,45829,91.29043867628481
30761,12931,52.023828355359335
53153,17318,48.42157436485169
28212,40794,42.25754656977362
48536,49533,18.816265970461128
96172,28022,2.527152418047355
62947,5811,48.55959203768671
89218,30127,58.18304396551324
70386,33196,27.141260023363664
63314,14968,49.65142344812284
46187,13468,3.06636041910834
60152,18080,40.034378614189805
16309,20190,83.26185972937701
75493,6632,97.38462402936999
52441,28971,66.72488701966796
37279,26834,39.04125550936291
71829,23442,48.74855450709945
91974,10533,35.55126403248331
46722,20694,92.91146265928039
74794,4079,45.37841912387978
23227,17491,78.93144282649236
50499,42661,30.629099803568188
18792,19627,32.2992316433688
70492,27635,7.221554886847715
55308,34411,39.20416155273519
28306,5184,3.0852676471526497
57405,17877,94.44373446696542
76669,49239,54.96302658333535
85928,25127,19.46894696611523
88075,48462,15.620147122347111
27691,37844,49.76738479917293
60998,10680,55.656152837504756
65706,46136,55.671817318755366
78775,29296,72.47712169308821
97385,49336,87.00151268403064
81555,33674,78.7852469747482
77858,38891,26.421598646375628
95782,10843,49.712585651574116
8862,27945,51.346853750234224
39314,40843,78.12862621480147
63355,12582,93.52497655693598
77809,28481,59.23580592460198
29842,9759,13.817874389158902
65175,47162,35.61370971932018
63677,47139,83.14607346231755
47676,35035,64.11858631856249
71453,20535,42.43506466439504
6311,17536,89.78592261234733
41817,36738,31.57280240879339
21406,17302,54.72547390655088
84716,45331,2.7010244246847357
40486,9356,70.28330910220873
42727,38203,20.619981557082365
16786,7253,87.07119877968034
20214,42361,53.96936459545276
81978,45464,37.30831577511048
44747,14973,61.59236275423677
77211,42117,36.68350091178904
8743,8610,86.27080700104048
49917,3719,19.838744996989433
59923,49449,51.62293495255041
29017,27307,29.795821873710807
61240,3834,75.093376144554
85583,34381,2.3390851991108015
32540,42823,15.753878504347885
52028,43902,2.98904400847701
85279,26966,65.97052932920141
58164,39732,29.55077246092975
10406,6065,18.98647446844041
55627,12986,56.40046772259421
45440,3635,77.83202430502618
50021,23644,37.90965338724278
18699,27696,92.70646650222055
95074,16577,35.80050334375133
58657,47548,3.3062348734808684
96477,9670,26.531831084356902
30394,42991,17.068360001250497
59118,29603,41.27620621291998
43312,46727,80.11427852889726
52085,44823,6.948974219278374
32185,27294,34.41340790782656
62555,36790,70.56309835542737
79829,30840,46.37539905091939
35369,12470,91.64177527051756
33751,25081,38.25373217650771
81888,24832,78.42790716631026
21448,16511,63.487439386898004
32844,1501,80.66374792187318
69952,11725,42.44163828708621
52649,43918,89.05590759309581
32651,15503,47.858949008850246
30556,49618,80.56553832954154
12932,36818,90.32508250968968
99423,3255,61.705708103394315
73092,35073,74.00260542800793
77905,16509,43.62304807934242
62685,29704,67.20693236641317
14295,774,10.115799416282394
70066,39052,36.13402526202775
18615,4260,59.03310427723316
69152,15440,57.970971729175744
93305,35482,47.170503196211094
12931,44257,17.732695428878547
45448,9025,53.31150552141459
87699,20643,26.73978297889381
27973,39419,62.782460814205315
71147,9887,38.26490759082495
66048,33771,53.075365799242476
14361,28875,53.794515432957745
22383,41931,62.937323693326206
22210,36160,21.858295253511113
5381,9000,15.660452543348121
56463,17857,75.67660713353133
16676,24558,87.55230227975463
14408,2923,7.7283853204954545
80980,17918,83.22524147517598
50105,32958,65.28241434345144
82829,8018,55.29765275514879
15851,30566,60.7380322246687
80855,6975,31.363621468560975
31789,43783,79.66983432133715
18839,23484,49.27633808853037
91969,23329,42.71573039313864
60605,13105,95.04372794616373
92855,4154,12.055363443684056
79690,22920,13.831836835888671
58570,34144,31.572038532629623
94434,20548,48.453813048743775
61955,44536,84.43980190681779
20412,10065,44.386072709417846
33132,36616,43.80149212591445
49428,16492,22.441125920662106
55456,47103,12.113000704536878
93802,17189,38.37469087291136
26204,23284,83.6720179661358
24902,43229,56.72918670945832
78397,22016,22.65254838733943
17627,29441,96.78053900489819
42771,39735,9.83097881901607
97658,14704,15.247038997287868
62197,3621,91.3909296196828
39768,35170,46.54871040402855
83308,21180,1.3546786536502589
15817,40876,17.93724786820554
13900,34332,44.49872128123658
78126,22503,17.226952927716244
12497,17786,88.39890970149504
81599,21133,1.2408846320992324
39043,24431,92.92524870761979
82055,34863,89.41215943402591
41452,47564,6.0347689061134036
57148,21908,33.476594619369806
62642,37045,82.35881920282472
48284,22152,70.51822399035548
29192,33242,27.308828281458148
96313,39808,60.338466023869756
79293,38510,59.81647790467273
43197,40593,75.03118681537414
90701,12542,78.25836248941367
17540,37155,96.75360324222078
74056,14152,60.86864424177879
70540,41710,90.02799742803599
2226,36577,13.419749617775988
25075,32230,37.566516324027035
2185,44621,35.91724345330319
90306,48146,69.3649513658204
15925,7378,67.8928404255905
97112,43041,69.4912231847898
23921,14887,18.091380493428616
8100,831,32.343259165935635
88737,14436,80.04393900662586
43158,27248,80.97528325588802
50909,19968,21.086633917379245
56498,16434,83.47691472757623
64442,47006,1.6859803918735785
48010,10625,5.873296418219363
63273,41791,74.60215994520112
76224,17017,75.28525115982129
87605,41414,2.9857845331272306
20073,40657,85.51808825557984
97905,10753,57.473881547278076
9722,21369,38.35036533037773
78646,23822,75.78038314510495
63717,35169,90.83987006084274
53098,17977,86.6665860232314
85443,1845,48.17863131527842
10456,2804,13.7697872627223
94497,18579,81.27270835825055
43367,33560,52.88466553848566
94974,7510,76.54342296950165
98352,9244,78.33094717657676
47571,5181,77.05408604527206
33320,22037,70.17707054779478
69660,4524,15.043918568526701
41711,33546,85.16769991097232
21222,19035,41.67548182348313
61053,42131,33.40868432956645
2124,5920,9.278149366299118
56084,40221,6.978269862317123
93697,43623,30.420356422389606
64096,39315,67.30133635928985
64813,48520,61.82569282470838
30785,16936,90.56132569919191
51891,6558,46.421751483023385
10934,8936,63.12616223926303
18177,6734,29.006282419037213
6478,14948,15.92706356412732
66669,6638,7.662323447954568
10196,46115,2.024455416231276
51918,33891,58.624958197434786
84476,30051,44.64596951159401
70109,31447,15.57257782756751
72237,10782,28.151525899160237
25188,13223,19.62178671239338
4674,29865,22.031988751339767
58631,43035,32.86592234586068
75534,48267,87.2135989348149
73777,11340,44.10401195324793
23265,9354,97.88408362698043
89267,17561,1.3939643076072012
41592,526,98.7048648629461
75655,8238,12.320945659631096
84599,35437,77.86747329294613
60670,18688,74.80668786110206
6933,36322,23.096508353385968
20837,45755,61.34875975600279
67232,9659,58.880860120764964
66443,12603,59.73920629065984
9627,18015,13.015321741646918
22408,45201,69.61333633739035
80998,19917,66.85159794783662
86967,18658,44.457490411316854
53801,4249,26.35913496874654
87447,28444,89.00578667469094
55770,15556,79.70397867138774
64748,34970,2.773597509307886
87759,29664,17.994231862845858
67689,13930,49.71741665421269
9724,37331,76.97313141427524
94696,305,63.74634867269881
34045,16075,30.0687605188131
1307,9508,88.65040715081919
33508,25147,98.8361911290928
44800,2683,20.87882725172299
45361,29792,56.16471013459953
45994,47541,51.97976075903723
82488,37844,35.490485985399594
81730,39412,79.32566965337497
10313,1372,60.38152318256647
21587,33677,34.10520784977475
76279,34233,72.72171651752106
31041,36035,98.62437597845178
62522,42426,32.40206110701724
69605,19596,63.78874493503299
27385,20957,25.22866638643069
94359,8071,31.41730326870991
64706,14009,4.269078174797808
72497,9465,1.629575668033344
34238,32081,97.07291536155931
9759,17921,47.042878383116985
6479,20003,9.171797603244674
76609,12985,96.39050168942833
25733,26837,56.81868243987181
14074,17660,80.54546116771421
52161,13001,87.87396452230027
60695,14639,61.449517093075166
66571,10087,45.98835946392005
81833,9474,35.9951139723666
67146,43225,43.59785324510532
29787,42981,47.586344856167855
40141,47574,30.70108181898033
68216,33762,26.1554791015011
72705,14886,23.016167139241084
40402,29373,24.184621750590807
50546,7898,78.88594886546726
59568,41806,92.68715425247973
66805,6630,52.629805256352945
88432,47246,20.094812967378495
4280,49350,55.658433665453245
73833,18078,60.21334643154981
44105,36366,45.30416730070135
19540,31217,63.160481198556795
72854,16134,43.997511276102756
98448,22006,97.03158049943032
17652,40400,35.14364172238008
72428,17946,35.357594904452114
65233,33715,30.77340357545817
7312,30243,59.59803589427335
11677,15830,63.26465200618216
55991,37630,25.904375659742033
68737,34879,55.84497331005575
27262,11047,20.11988778331939
92708,33384,88.46514372938762
3263,10036,89.25811049221088
21296,2683,12.49960620307457
91183,23548,77.38555509391541
23532,3253,17.594831523096975
36446,5220,38.850936843381284
2039,25688,88.17905450067693
95592,10726,79.19989497073621
98675,25021,41.467578774130914
77951,24663,86.96823594901694
36506,17774,24.186834621478305
91411,31504,47.79927595516936
62681,35334,82.17065164093471
23616,47714,51.73020062272932
14152,48017,73.55666961028074
32958,46204,37.047695177368304
3433,45173,87.25192622209485
87338,13453,61.78470398072183
54443,20950,64.05092011344036
79373,28769,94.20736584910021
61633,34951,40.185832034136055
16176,40977,97.5206112456982
92242,6377,2.6548571622171027
86606,32141,76.72872181106892
28537,47600,68.7952504046836
14043,26364,40.750670893090714
18714,44473,22.856336073428736
73339,49354,63.524084103080654
60489,20090,35.53970888075052
28017,10007,73.25111478196617
1707,34712,2.8862052080738083
88622,6744,39.43510401988511
36084,18923,40.17462483466034
56996,37266,12.471103050473019
25672,18208,11.601978528196437
43167,4723,26.341950126453728
23045,22235,82.5558974896155
38697,31660,37.32201177139267
4393,27533,86.78407188992294
42163,46248,5.273978436657525
64683,13673,97.3203122999717
17624,26492,25.768714599465874
75383,10806,96.65092207638031
69007,48255,80.33950222245704
32245,7012,31.10140033677956
23101,8746,6.087480842337488
31227,14220,52.43597949562952
60157,36656,39.858670149405604
47292,36766,90.71475443631059
30619,20584,28.552809331015602
46962,48935,91.54818124355405
60333,32660,6.726580389328642
66661,8234,56.40134383966117
40660,42613,53.25806062196745
93131,16565,22.50593354870049
2722,10941,78.17135392606579
23077,33432,21.629587723081634
29450,24307,83.85969165895077
99178,40001,37.1692619554979
79103,2388,52.251354933373634
27270,48297,19.434049274005776
42538,49151,91.18744069948751
2841,19484,88.56795506743808
79086,26566,13.800051242578546
6547,39159,63.15956078762053
15808,15353,55.05758376402294
19945,19193,69.4171679840965
82375,43564,69.02284583052395
67607,49509,5.703551638390547
64036,7455,53.98556983837788
32569,27308,94.39306985098182
32188,41199,54.21866249163419
36567,3448,30.192474521031567
21034,32175,67.2629104666127
56125,10839,42.581224610940765
14491,24999,22.61381331686037
97111,24053,62.611714751588316
98040,39683,62.18180928040451
64483,27399,15.724678613638684
40542,23395,9.223618251769318
36891,15613,50.81845763482023
35054,16790,64.93770473994314
71069,29048,2.458706972315621
11717,44261,19.363352037225777
80503,3307,84.02319290827785
3459,22873,43.97223495489629
40122,40104,64.03712653062757
61313,48084,21.715122778871706
43517,13336,90.93142508249092
60006,37398,38.51353855785332
20032,12284,91.00742096878625
59482,37513,35.85809288259394
2024,49526,90.13142598423715
73838,45653,83.30806197782563
3201,23965,16.381253875713874
94218,20453,5.783613380068876
99067,3271,20.137220821616967
16258,23425,90.20219772975531
63507,30770,49.754917177748865
95660,45591,1.8584163949567603
13572,35830,24.410906047189773
55169,49156,83.16361740585141
89983,23877,61.105634665337995
16028,2050,88.89278025095027
50076,9811,17.3745421026607
15565,15059,89.96665585297788
85895,27777,75.36756880350381
87378,13958,89.0388185050833
93868,32100,6.7831103233052605
33641,27505,71.92490481454932
60362,1958,11.328771364544636
77432,31361,37.95708617846631
70039,5134,1.1215334543875715
45291,46632,4.4460710146262254
75543,1163,1.7352795794968408
28831,48918,42.38946124753963
61918,19342,89.64422857961276
47804,41964,20.32601526296531
70183,48093,14.8842376827625
85120,28505,14.445486561104678
76006,4612,55.99926587296812
75688,34298,60.60822078963634
72249,49642,42.985985021414734
54105,34526,46.74599499775933
87017,18214,65.44324053441412
81911,39757,8.024429479462398
31699,2572,52.83198992018823
13471,5273,84.54502442266407
7144,32570,76.81423735572159
99108,39924,69.0912133708114
30165,12218,49.445424805022526
78222,676,91.44994516741004
67470,37413,40.76898427291789
14278,45362,16.669012452329227
5544,32271,4.625966782143182
51891,17141,55.99554864015364
71816,24111,28.537859277027614
86568,30153,67.29302617448971
68298,23719,40.42766060452749
61561,18900,45.194489091989134
83520,39663,38.95645718069677
57706,34807,40.67297980188802
28745,39621,64.9417356174365
6199,20345,44.654273161783436
5440,8186,50.27024494221378
29183,31017,5.888296540467799
9085,18778,72.28081519783099
64147,12830,68.88062890433962
84731,38389,95.1268734004582
37598,23711,93.70652500816271
98351,48003,94.05940780497652
62199,24255,45.48313080454189
99719,18659,47.57195344905387
64215,1182,9.762545918068898
16766,17912,37.10471798451528
76251,37496,83.6150447744646
6973,11680,42.751179841752716
6358,45286,7.343420872397448
47663,18023,18.188388623154104
88280,31484,92.03268079573485
57654,23937,93.92976140733892
77911,22021,95.90445565019337
97549,8330,26.22670982512428
51381,31069,36.90128073699921
19817,40230,80.33268022150116
80241,16027,52.22022399741838
10650,15465,42.94119969201993
30202,14725,24.278375956555628
74932,28200,45.96870659996869
94402,36892,22.668071088700195
78727,49002,86.67753391853296
85308,12804,54.35032072947955
73655,39298,94.51644107446624
69360,41465,22.648732954854854
23535,17748,78.69028583346874
53837,37553,67.80012136841822
83689,15712,57.860710158641716
90729,41322,32.750987268053876
96349,27628,61.662411497566296
96268,7429,11.533801002440505
6593,25934,25.548115534097484
40975,37208,63.932210648571626
60487,45409,4.3943132291318046
76194,24705,44.608465439834625
17459,47651,2.795392078220938
88886,28693,30.943600311789574
68816,32227,8.072995021794021
99257,40387,49.877555762500066
79370,32069,8.334464012969937
1224,3266,1.1612802568862497
91668,12103,69.58543476684568
47093,17771,10.544028753725593
56287,30108,46.920133777346614
57767,45657,87.01243120604595
27425,11877,69.97867733424428
17079,33385,13.024351778432044
99094,18633,58.662384365309876
42652,34492,94.72800625369837
61337,21600,32.8788890461677
87319,24316,7.656779755977206
54457,31894,92.7776960616662
77733,5234,87.45712185590664
11857,49240,52.001100657493566
85911,41031,29.752948472234298
45294,12646,28.185555420564487
47116,36364,41.23143879068593
23946,7380,17.45378457167336
11097,17297,76.12048243398124
48975,43372,1.9652410653921393
93102,6368,22.961054834577332
36647,27629,34.06615110353611
63974,7015,37.84792656416375
84269,18865,42.00995529264985
82417,20248,11.638258811448104
75099,11479,62.21403686849322
40568,12893,10.80694486183073
86941,41554,76.46173387062203
57088,17257,1.0991770378155175
17708,2469,39.151100206667664
83211,35039,66.53532484841753
39393,6815,16.585698864033084
38890,36419,96.78196038711681
75431,29874,78.86074029793875
87602,9929,85.86782292558156
56769,21325,28.531451264467673
66828,18422,72.2925138115437
28178,31039,94.55048207935992
67786,46663,69.22119711484542
70789,32392,36.9969964317438
75763,25857,8.799970013827616
55222,2761,82.7274346844373
51413,23079,68.29755423776786
71744,20112,26.955011671208926
25790,35392,40.63478135110349
79928,49247,84.56866531182521
87105,36876,34.07081307837866
60903,34887,89.01778080830013
1368,48003,52.84062442654433
61352,47569,63.22411407072493
59206,48886,78.9634412725252
53415,11527,69.47993017696272
57842,34967,89.43758206907398
67610,47416,40.938751022975566
74666,22684,74.30566102571713
23624,22708,55.50583519593896
22178,28922,65.17424165504622
76758,28962,54.4137223791636
94145,18694,52.15507536209188
38390,16000,77.01541609741679
17339,3327,37.20722509903337
47494,8283,50.97775154486481
71339,23651,30.335496542631596
54601,5281,80.31195432252362
81236,10983,17.25837042183852
17189,16304,91.65306317979625
29215,21554,92.49469216343392
75420,44505,85.58272919637781
59271,5973,52.55050570316311
62420,16474,14.417275870654471
86312,30168,36.50960911171645
61333,47791,80.05626830067128
87144,3668,10.544457803049788
74552,38909,23.768120759605157
57229,47400,42.19453345310954
55646,33161,47.216924005199324
57325,21710,95.79505961150998
15148,9000,46.958026108066186
8256,44455,82.66072828942522
16747,27257,84.42367312352461
13081,12937,41.418731218061254
83614,34986,15.309179288794713
29643,20524,28.906770532099557
1231,15153,25.981329876076604
86020,8696,5.200680486440297
86525,40083,69.96766704898856
9727,11506,42.439160252597155
23134,3327,16.44202981013167
36474,47275,68.62951464350786
12535,38897,54.401341769820846
35472,24560,58.798962358657036
22931,30815,26.352667281831543
12989,17855,58.98380246726923
28486,7561,48.05764864675756
54525,9930,46.50207558970594
40112,11831,81.15188520129946
55973,33080,73.35079242158899
45798,11993,19.121294782776715
23478,45601,11.710709280954095
6374,674,34.682168437587414
16403,48948,85.06832093069931
65895,22023,62.131041555257795
47527,14456,31.482267191491292
44121,35102,32.33630496279701
79760,14925,51.04349456801845
80271,9360,42.85015374710761
84357,10583,94.05889658687757
32563,631,2.062592229288759
39294,48679,56.88377411651338
34056,9143,3.5009717203789914
72709,29440,82.44213014591776
63263,9055,22.63470985066068
91964,13478,44.12733294635498
85611,49666,48.5393944754643
70629,28871,39.38114284520427
11588,43028,40.365368263748856
84090,15568,72.12662086413474
96238,27366,22.668315136108642
5300,21791,11.680715358932991
67885,12052,26.048410875360172
82868,23595,34.8361817291622
42614,17384,96.3139493816731
25958,31119,78.88385145186716
62094,13018,92.61884499892959
16638,10965,49.059496629128645
47997,40889,53.03789313830691
27899,40352,55.1931384448542
88578,1308,74.3910096198323
42039,14641,43.7254580130428
78279,201,92.49666511060279
34088,41807,73.64436002419941
69731,47897,26.05278991023361
42213,44857,33.8527995773126
16290,31678,77.74265433807679
37217,11455,30.832137457808912
66848,12594,51.24240030095726
57955,5307,62.175935856313586
25863,21797,88.43357472169471
26834,18256,11.059131399782004
68573,40719,43.313794146079694
99226,7758,75.200268914243
23600,3863,68.32763572336717
49649,49335,90.22451418874783
95747,38718,49.762886289094794
14252,43360,67.86602554555313
77737,6376,66.11380923583259
26570,28612,39.41706085558975
91664,14955,97.91659313288969
52167,28001,27.587335162851158
24479,16925,58.71429140191805
89713,24711,90.39646502562374
80527,26960,20.303976528971244
33955,37365,25.285943293445126
84569,5206,89.51994687727756
94556,2148,69.59291296700502
7784,18487,33.26879025605995
14581,13950,44.38960997043648
38729,25869,9.232883579301367
18263,20257,12.269940510099776
2500,23819,9.903887128985993
43381,42561,43.05912991674107
11199,40391,90.95689798767421
26313,25411,1.8265630000143367
32000,44850,86.36808393154855
93863,18279,26.85898554835316
29098,3598,39.332020072908236
48860,44937,96.08121885419855
94998,8428,41.39164717841375
5903,39713,64.13806464606779
89171,25275,24.364296764286134
64347,39185,30.14946146775763
70749,37356,8.102220325382897
68200,13856,94.00312301145742
3004,8043,3.369521047871006
83188,10153,25.52353463840407
25904,47341,40.9329078348941
45991,8983,94.23144456644056
15887,17109,6.4182537068394225
48319,9561,79.60962727413384
38659,25565,66.29115555464547
91231,38027,33.73549014793904
62871,25987,5.8690515213584815
80190,26848,44.17470422942571
88355,37412,91.77523763086126
72971,18777,32.094910522999626
29522,32175,70.75509997404424
52988,49857,22.86207413964667
74348,14810,33.43528231154456
52497,37751,20.478060812093137
97201,30575,55.07164695411362
53868,28896,93.01181031335818
39423,41875,60.9459060464727
97092,13722,10.742749020750502
24045,5286,23.222182806333134
90385,13854,4.456663597804275
25396,36192,86.53843612055405
98057,11015,7.21132419146598
38384,34955,72.16694418596376
28147,42998,81.2120630253125
16116,22705,88.43153664841944
28609,34821,8.131094624677063
68995,14027,38.708890949744216
55110,46998,15.795388891576714
19465,16427,41.84339650485562
41740,15391,13.72027377013541
5972,3956,12.600640517710357
92760,14515,5.050057469977918
45721,45768,47.11058176741865
55112,30179,77.53112974923748
2300,4689,79.55327281315571
85111,37954,88.70502956278918
1542,24983,50.89824910203887
97331,32619,83.16816802300303
87953,21775,82.24738994070022
32023,14627,86.83068216168861
9970,49251,66.90855285280703
74266,43163,96.25872272154248
97186,11093,88.69123351495344
55763,37638,20.077020482413072
41139,35012,68.00339126869154
69709,36308,66.01873844788484
49856,3037,19.668708754635983
54688,25265,39.07203965479799
62802,32431,23.17819917041115
56773,4174,94.60029064095602
22847,46439,84.52624616873351
34112,44392,71.54600291370203
14652,25418,15.795766370955445
94983,1538,67.33324733398057
92824,31997,31.306195169835952
78338,9478,19.424214460548004
58079,18549,3.052445461431944
48475,4283,90.84309884261182
81744,5403,80.66970551733233
88791,17285,8.068262140497897
51512,40757,46.74435763436907
66147,39037,5.471253146464596
96101,5976,74.40708252862541
19371,16067,78.95431974477408
82680,39615,21.805419754614384
24682,35196,53.16260097900519
7285,20244,7.573124246192812
70670,44643,11.81136264020493
92459,42219,60.35674562359012
16101,13091,67.48668781215837
42147,14353,82.6595778106991
72723,8877,73.82763963370986
29001,14616,10.034736007110862
37050,23597,86.6256818513537
79232,10013,72.91402608391213
86832,16931,96.72521293555369
21653,45502,67.78377449036381
10045,14465,7.748775935055451
87355,15260,82.67953815637642
50008,32873,26.398679749030027
88876,14062,46.82069039783707
18236,22670,29.942402257784874
99397,7018,1.0615091040082028
20442,3798,2.9455712740116007
1425,22457,93.93614540892958
91066,3853,27.93138707248389
85873,21970,22.15475971124051
59832,46655,60.18157339979301
25707,47416,89.56322189190767
42860,43944,22.318578048731336
47114,4854,91.72079477926022
78301,1968,48.9706709925355
73993,16379,18.228138728888297
90871,31124,85.00316188008456
94115,41722,94.60650447775095
63182,9780,38.15603749439892
79812,14549,87.88348277073909
2989,26307,6.2028947022268905
4012,1546,55.430610831022285
37894,17907,63.45330918677187
34656,6497,95.4880466695302
90685,29697,35.45227651441216
84297,28524,26.62487245408193
77758,25448,90.50599268356461
26669,29527,19.847312095139674
99215,26182,79.04123149516958
67183,38355,18.71576150021633
80817,23858,37.170796831885845
77646,29331,43.752991992709966
38196,20463,68.0082728890204
13819,22621,32.816323394864554
23679,43140,36.69621734788049
48387,39850,67.15104853874931
46110,47837,37.562427303209816
49219,4186,33.82568047543089
2259,19476,24.10728598990119
15793,37438,51.66283174344802
97713,30403,47.14727272197518
40309,38407,6.31468020081326
85352,41048,28.427951283600176
63913,35945,91.16102827905699
14246,46320,63.9779625798112
11836,30629,33.85295242673464
25988,26857,51.998296673164766
7943,15702,5.081444248392721
45562,31055,51.77830722056671
44589,29757,54.567568321570626
95709,22675,16.778094389130942
76252,16007,98.72964610219712
43331,15642,78.73587944734913
6783,35556,43.610309861613764
32960,5010,95.06016854492589
2228,12093,12.110038102535704
93234,17681,55.80238461965716
5599,19116,50.145596987850105
51789,13429,93.57070614012575
69404,3472,18.50420011752285
32936,39008,1.9203906832890736
62637,13534,70.16340678180066
28573,37181,76.7879150233035
59670,7935,97.08016771293923
19680,43613,91.47299044343785
98508,14642,77.77497348421718
68541,46812,17.07994238777293
44658,17885,30.765862595764517
4602,20597,4.647148688715781
33018,14455,7.042780518777215
74763,9362,52.299538747355186
60511,29152,46.24677491049826
32150,23447,70.53006576374192
57721,41803,63.903859839163985
27520,37710,97.61957305166446
2307,13272,67.32646860451625
60037,7731,17.079931496413884
39165,18384,52.62910772897273
47064,8644,79.49677983499468
62614,48199,14.29465763333986
93271,6624,5.878650858996872
9008,43539,65.75734445340738
82134,18762,24.35803937091355
95406,44368,31.28775926508272
95816,4806,32.48980484219034
57947,14393,27.663220924020827
15385,12379,1.3140432908229398
30444,17317,55.726696183946885
35970,41216,38.265903152441766
11231,42722,12.798797884557448
69136,41183,9.615815968061836
50133,22245,76.34867099296585
78122,28247,53.69772178631732
90309,43972,34.51717096350279
83297,48835,25.684761625086548
33765,44420,26.312162001800978
5904,34666,76.74781151109022
32183,18606,88.90505618590728
50285,36079,37.508661727544855
43104,37715,19.9767380079906
9136,6962,81.28250254782677
44888,5596,62.90814006515499
86753,21817,51.35498188472492
99158,28840,72.924001392661
88994,39748,45.74601469251863
22777,25087,64.71904921954578
66175,22508,88.47566562405721
25222,49780,73.0135414047545
73977,41339,87.11567019452811
65419,21042,40.180804167705794
32831,6336,69.15630400659597
16008,37589,22.288185020017426
3451,6557,62.130655760073495
17882,38476,70.09329753068691
83252,119,35.729815984150655
31630,45597,95.53752281452269
45365,49142,74.87330995434702
89887,35072,34.645677758213104
84914,7151,20.501274490875254
87468,17484,6.151191957631237
50386,16101,4.500178235773862
54321,13290,50.869707561697965
86582,36129,51.67224635091445
93441,16655,48.64730012068071
7583,44450,21.199315000615904
12581,43040,23.35224447729602
58213,30571,20.74491042000278
44504,14062,26.645208149109084
48050,22019,18.808025853219448
10370,16942,9.11893182273311
39915,639,81.30012219742264
71195,47877,5.82114382153958
26124,1107,57.6076120487682
17299,5524,62.99360454610118
70026,39677,87.04946240912628
78381,34703,61.23121170750043
70644,29609,71.70848219584114
81606,15860,70.53608917590992
68161,33197,55.124742230006724
60317,4698,20.142717465285994
33314,16850,58.256524903249
71432,44372,89.7792194101773
43074,6861,27.923200035771007
28368,49824,82.03778776251222
24533,25340,49.410390512113764
87730,24783,52.516923777251804
9638,35309,18.835658497377693
85963,21480,19.191489137162314
89923,25469,77.28755818011967
14564,1975,4.3580431897987575
53104,26101,85.0157662004668
14602,32394,3.381138958012062
2021,24577,14.862614231240181
2536,43345,14.793527886198492
73022,1525,69.14074934539718
63947,48396,93.17072686159929
59518,44136,87.98140108622192
60240,12388,83.92644405535626
3297,40140,82.20519543540783
20982,21205,19.618382292717012
61224,26150,66.60849524249306
15548,25181,9.28090838008784
53852,31555,11.93555048454916
65405,23724,39.94810510757047
50647,8380,71.25186456936613
44868,44192,60.479362679500426
43433,26949,31.56441750342544
56260,12349,52.71552847588582
65870,47383,94.67635793336237
51621,19385,97.20142839543169
58316,36941,68.63919362723232
38761,22755,37.82006526596651
7618,35253,45.93313050671224
34279,23357,9.546873653108106
50057,8602,29.183017550214863
47238,20826,97.02197684680084
87831,6774,6.34755331492045
55033,9304,22.207756333274993
30562,39006,78.8109806881466
60865,27568,70.80132013491341
78854,42939,8.699613619984792
39579,24539,88.98273499224304
69266,5946,65.31804536961704
4274,13679,39.56312078483173
13489,1717,45.80947294594311
31354,2293,53.99236074770685
57582,29355,24.856103012949628
21921,6618,2.573667232429655
5445,46246,7.846055601808469
81619,649,95.95703248106079
55798,10731,32.48929574304756
95266,37132,9.93742026469205
35436,11427,70.73134413015781
47711,13621,73.34043079229295
74785,7647,52.62964943242178
26563,48310,92.18880738350094
69614,18250,77.16593774304795
34337,21185,57.26704769961744
50512,42965,39.71512179820065
80825,30885,81.74682660783732
26156,21348,54.0421681224371
24633,20609,43.47168528377096
14125,31258,30.01936905454311
84979,9212,18.314847575720485
19913,49216,43.40977449989211
7069,39565,17.586367204700394
99727,25048,87.39519277832831
95042,20796,94.91632065190137
38175,16535,41.02982915253723
50089,12744,77.29031239529708
82926,6910,43.07966614272825
88716,15801,68.78148014492301
68204,29173,47.84814758946575
35262,48474,43.5786769672757
81716,10161,75.51404838739346
23633,20180,96.56210746062679
86084,6214,41.41406072459546
47527,8447,17.594623415008893
3013,5426,72.93719205007919
84818,13068,42.10772454916691
54568,25260,94.35948973131346
34891,9241,57.72297898402711
99982,5439,87.96467034895582
90916,14585,12.534204171863186
15444,19430,70.04737670837423
81566,18316,72.55646871796215
90180,49061,15.69402436766166
95820,45911,1.9793504199925969
81330,36349,28.214259689052028
66885,847,59.98229067765372
33408,47822,93.47024307569845
76381,36826,1.2444879952749064
14660,2647,81.90608942566486
36154,47192,81.09006212365837
16275,12184,48.73533468819893
4569,26126,56.09541034489986
61346,4832,91.1579216942282
52077,40253,92.85797181156185
93011,48986,39.3464235663383
17797,26463,22.877055065341626
6777,37012,96.7361764329725
21508,7532,29.5394723123151
72831,37619,45.90088500687192
37686,34470,12.754613840059779
6760,33409,57.48994957245766
9875,26705,28.444199950514566
87848,41508,48.15822993398893
84967,42372,21.210274908649662
40145,28255,10.643522596073591
13394,16827,19.135757034701097
65742,23097,7.534483161379282
39876,7044,73.58634536719248
48564,13591,32.3530961373765
79222,13309,15.814087758478017
43452,1747,6.89033211146999
60994,49594,76.1077872629485
9548,31435,55.71996302712362
35697,7784,94.78339158227337
19595,10299,91.76004331842212
76700,21888,31.005833667020855
7113,9171,90.33809562532431
51663,46055,67.27178112544294
56015,41004,17.040361397843743
70073,39337,52.84661247969694
29359,9913,45.340745066532754
3197,39121,20.22473646204518
79336,29611,84.71203270420749
33546,17038,79.56984003774815
3098,38627,80.0447343165329
47162,10903,65.06284474388502
92313,48482,16.218238723905493
91858,36134,1.6202597094798907
98112,38969,3.7353573563205145
62647,49045,39.17599442653769
57987,21280,97.97462129792376
85947,24944,7.569959683357165
80716,34349,33.166654045108544
95435,12430,2.3132661950165914
78033,35227,40.95142286065305
48856,32639,32.98983606370983
17969,34736,67.88124485486199
76030,8255,24.313360355801162
10381,11414,35.452030156864794
62210,15716,22.38901332575875
65095,26119,71.30211682819267
7472,4889,47.54892232456633
3436,26893,87.84020909637795
79996,19507,26.7885476579837
89908,549,74.33618478170295
69662,49362,43.869789503743505
30971,29681,37.16345265140536
43789,23406,87.9318696513882
27356,25600,71.08876655686997
7478,29280,63.707735188932226
52365,47744,36.526686205913194
4204,16498,47.15102466108768
97133,36496,80.26027409737425
17402,21673,16.01283880737704
81938,8877,9.298248781771681
53220,3465,91.01641255919458
40676,37674,41.70138820578042
76158,37503,42.66480654242966
6004,16981,38.41258850074918
92669,10994,17.621519594601764
25727,3246,61.044227315073705
70083,7430,22.989404366359004
83996,37369,48.5110554451206
16526,24397,52.55837747453097
62164,30826,53.82826663225635
48793,47946,54.69087156027445
13901,38888,93.65929697196181
57404,13415,22.69955392010973
10428,22020,25.218948892391385
32563,15317,65.03645269377144
64731,47491,22.82365541642795
99011,30661,31.866282090319714
23907,45963,32.39097153900038
61676,22270,3.3961829211297645
39551,1332,47.08977502695195
11629,15808,83.65545085074922
8827,21830,77.61680405059867
71503,14438,92.43906768650105
73058,4101,70.63426650025016
59184,3272,69.88125779108672
70299,24818,65.10912965532658
51406,39063,87.54610124841513
41823,4660,15.490106824545935
22670,42563,62.71111980758752
90507,33079,66.39885768860633
10664,12670,85.28833224254011
70668,32723,26.31961466221018
35770,27966,40.59972909365803
20924,23385,16.69170062331343
96530,22005,70.8539909168839
29857,48377,19.750790543016034
62678,381,54.85004356423786
74147,18837,40.3770726167098
61373,30118,19.903983802508534
27267,44618,1.675510493573107
82148,32216,51.88850535072931
12462,33260,23.56674048476492
51636,35564,48.66572545763583
82123,37697,7.227347079514243
41884,32141,50.256975453078056
48901,7801,18.08110883645388
7409,39828,84.61330907683505
68350,5921,94.3219243907238
3610,37448,90.05357692985238
74888,48487,59.76766496419265
97589,620,56.23229733392586
55232,25958,11.538092938403114
2817,25624,51.84902576146816
85935,42991,24.085887584100576
37332,45766,19.699173527585764
85304,49142,66.92688593815292
25856,5882,29.899148031267263
92027,2311,12.17064791714733
87112,48068,70.9460863672386
49074,5582,82.59005456665709
14644,19526,32.86077120632053
52080,38713,98.92605542407759
56370,4679,56.18709679187536
31956,11430,50.872101012202066
72154,8026,49.44372316493258
61780,43388,18.550951483545646
83879,34018,83.60084254539842
34429,16928,62.9298905821544
16029,41551,58.84007573746088
20384,42063,1.6888201529254925
53092,26861,7.809781902117161
95918,4204,62.38981589574282
79832,39532,7.6215429346014165
81318,41313,72.57569640221905
26542,36269,31.033240875424962
12318,10935,89.0487346568755
87488,48649,98.77193864237684
13234,5822,36.63588244121243
50247,36517,5.28718331306783
43879,27545,88.99051924330996
79670,45349,16.229815214371214
76155,2999,65.64364617542431
32898,17855,39.043893784120336
44035,44251,91.87638886616172
84563,39809,9.349266413889495
24993,49208,97.49683841243143
79645,28499,59.01202038632407
98015,49793,37.91735970794572
66154,6631,76.38703728299568
72175,1678,64.87220839241269
64926,36620,66.25221470753277
34347,13883,65.99793374515961
81150,5909,50.56393196667232
76186,45933,38.71644856399421
15997,47414,90.1621933741245
33257,23019,48.89253839361721
13433,5908,71.72524991216974
53965,7539,26.43822503262393
82604,2919,34.4771544068602
1174,40173,75.43253093116425
2195,2169,31.383875082540932
74164,6866,32.35312028901061
47650,20724,90.74026368492655
65927,24001,11.627857535458428
51026,30721,81.47637524800082
60681,15266,59.89172594072062
16362,40805,67.2406205510541
46048,7628,92.50240771747369
65287,24048,44.31841163244062
14447,7773,10.277124380192864
96162,11237,96.17529946104722
61695,30427,76.83582664572789
21290,3727,5.633984526484778
88094,21054,75.53237567257086
89309,49582,57.634006110955426
65236,3343,11.164037621243388
27015,31442,17.22638166771268
14283,44293,29.532090927196027
70563,9107,47.7320027974378
63151,43545,1.774523656953172
32317,43753,79.98156513012867
84027,40715,63.91994865506987
9615,15863,13.330397270078073
75552,9894,35.85292304896239
56496,13284,75.1390622174138
54358,8501,50.06831847773272
82095,46464,49.52396048215008
66129,37736,37.84597355884357
8005,21655,9.911169077916826
39868,12310,24.005297516467657
63772,23259,90.77467555092937
8736,41862,52.30942681336921
17144,36016,77.44897949708397
56829,28408,17.97880387542058
77397,8770,71.90330879317908
49662,31722,42.777168284132564
68373,10233,62.44107434888198
30962,28101,55.66646588754942
63295,33748,4.485047970276793
32501,38805,45.51273976607573
16926,19488,68.56365033771853
42315,4143,31.02031585382001
93466,13252,8.80529472990233
70629,10454,64.78292842777023
58919,27219,25.388084104687344
82087,30711,63.20091451980493
9526,34851,81.77486535508963
40971,18250,93.88832592314347
88185,32914,49.877345841059494
27698,2823,10.734074440915151
82527,31648,23.419078893504132
29469,27732,33.15143927292587
44914,10749,40.25415314151566
32782,3637,25.260250556610544
92563,12431,45.89394066077833
49313,36342,57.52194210975705
28454,14498,8.216241490605325
83163,44077,24.086423069834634
34120,41560,80.14830997072508
58430,6887,2.243848427871287
95271,16501,21.920205673181908
3043,31022,18.65897970017108
97968,40997,97.64881483400183
54287,42417,25.52476071870228
99012,29866,19.613395265628903
39528,34237,33.237251947482676
85736,48406,51.62406147193075
1430,29874,58.46157988542222
36932,13821,88.73825370556176
61296,35726,13.29943146252706
35702,20237,87.14256612279742
43417,47833,97.50475497150835
51817,7733,7.391044620927077
59242,18151,64.72154214384699
64812,7797,38.859452686739886
39821,15636,14.119771075244314
16953,47559,90.2363955151695
6939,46030,85.20198700962148
25154,36206,57.34273145303581
90356,13276,97.12314611497922
39883,26106,14.926154325974608
54522,33156,48.47056961566069
96314,30736,37.71535316486168
58860,32358,30.187925945689386
85003,27345,95.63963976650197
44282,31903,60.085441545969054
91205,39436,90.30721869362175
68277,39239,79.37512896079774
64510,37864,77.30207139724185
86071,2145,59.2479162880806
78729,18685,28.173867584699327
64417,17146,91.76098724753653
39378,12518,19.98772200624824
85963,16084,29.987595811970973
82462,20764,38.510622573635146
44852,47389,62.9498425805927
89867,2291,79.24844289539334
30293,6412,77.26961737729731
22706,44320,13.501263453039554
48921,4639,41.66458657658119
51775,6629,78.76576880320566
77569,21565,97.50021150534178
85514,46627,79.15759698959863
53130,24290,82.79555161200165
67306,39632,10.107567001061112
79729,7925,40.59590637809053
47298,23069,55.048931828535636
44297,20280,5.806650751277957
96571,5733,60.32698055467675
70987,16763,98.21252501045596
59589,32812,46.182272580278514
9413,24471,18.11814099791532
28058,11695,81.45664323485218
47847,27216,16.009190964895687
18918,6211,88.90434061018271
23709,31419,2.507184081318445
57337,18990,31.00498668762089
64766,29420,21.09652630666185
65906,40035,79.39256563051056
24021,35969,73.95723997710931
23747,4008,21.04345326555995
68444,25232,87.18960226599779
8955,21738,21.354951784038413
67693,23099,13.401084765116215
34305,18013,52.653140776864795
60326,15067,1.1099713195411127
47632,8873,57.65125432924931
91064,33334,39.276284084791804
89640,29863,53.21480184578092
31249,2867,41.413383710772266
64093,24091,91.16142150310064
28658,5484,45.29144641995339
6844,5782,44.767519276912495
78535,35576,18.761697336971068
38792,9280,97.4063955558877
73607,9946,10.100975046192024
62433,23091,26.29532382436766
93323,24060,22.26503175172184
23567,28046,98.33925709672287
82544,34057,42.00727757324277
12079,15537,1.2884377753081162
11062,33721,46.77262228619851
42856,1047,35.031654649152244
30830,34990,40.68371811231853
66637,19641,10.246177630079124
19662,33768,72.86776239298457
92653,32576,95.93457494156499
15365,29897,63.51943720583865
89043,9139,18.969650943677856
58031,4814,79.84650659287999
22418,41367,44.839974581740144
7616,17277,64.78326657635505
59102,41854,5.259568757809105
88064,45262,92.91045502119167
31364,48878,72.6300419623983
92877,36654,67.54640800843266
91193,48239,33.73539461897711
6504,22697,59.562392972139506
12264,19905,42.11408548244963
55083,10430,21.457442648431915
4996,41364,3.3790810072279895
67039,38157,46.41046805700326
54093,33206,91.36789833715137
41369,42613,71.6425076209847
54558,32073,29.568213086267516
44814,41201,17.233024722536495
39093,8634,63.40694426066114
75957,7605,64.17091854824949
76723,869,29.17985579034994
94427,33255,87.71076839091121
97774,18992,42.629409787314714
90861,43492,66.37109731158947
63157,7719,21.072748411164206
56817,45781,37.742827198622294
70255,2229,1.7632399101024283
36836,1702,89.28860672293757
24711,39893,73.33882708117227
82490,45413,32.500923058855165
26585,4441,50.17796941334887
98246,21010,65.72106315183025
17788,31462,94.49475970996231
10763,44982,73.02397986364748
56213,15356,79.16080863475744
47797,19497,17.491851231179453
52799,11348,17.723797614981436
26587,44351,20.749022345976538
35821,35001,49.82243288608027
98734,35628,80.97267575013431
70954,3486,80.19265926396265
6695,7237,63.58918343724352
66030,21751,25.410718785079933
96061,2669,21.872157216345677
25828,19103,54.69448582225743
10292,30562,1.1270550922694824
9786,32363,51.85829387285218
73459,31031,17.072959685509186
33745,44282,14.006037561267128
10637,26519,23.104858668044272
71351,14457,73.63610020792677
34086,47290,49.63366624834767
40693,34414,58.50509146972
70514,23912,95.41343967050948
2017,39099,46.011388941194966
85454,35031,85.45846479590874
11367,18700,83.78966945733096
88828,38523,15.560405824149559
64945,44207,84.79588136829464
35003,26687,9.36365021156232
17167,4589,14.25944704509462
25058,9818,58.07537119812388
7712,12943,79.83250577824951
39032,17984,54.51340856919009
41745,34880,90.7190255478112
58925,17593,41.125622711936764
61372,21322,16.38615373045902
80684,16965,50.48987912212804
91937,33695,10.376409221580127
37487,10630,58.90675241953709
45005,5075,81.01607295282102
93440,33477,67.6753619705162
59431,35975,49.069380465820416
45704,3740,37.89722054166258
53310,46888,31.75975636219988
79574,14356,26.851042308074796
21520,38688,57.88432343219595
85078,3034,38.16338893056317
33242,36546,76.33443046900527
52646,1882,62.29278515304012
76247,12368,79.98754265291669
64542,2682,67.85450313990604
92949,39128,53.07309999177687
20490,41498,91.53396396203625
66277,7901,78.2613157727246
66371,38693,97.70134515881544
45196,12171,56.93801594780199
60978,49224,8.452510988471454
88018,26042,80.16109861497101
71961,36774,13.118348586268187
77721,10801,1.922057192541433
39512,16102,33.38316383661685
73680,46493,87.07610330925696
66612,43950,54.9211973948634
91368,45539,54.83043402900806
50873,8243,41.09454176594983
95679,29892,52.24392695026616
4832,19547,60.270284459287
79606,49913,5.18677327822366
5476,8756,76.45014412749569
3145,15602,64.43848468534385
41174,15210,85.0826021693994
74411,36285,71.61301368740884
86095,10993,83.68769479976896
98239,11499,37.55744690153098
6920,24640,22.39630128100909
41977,33304,73.28640848642816
76011,33328,16.904875305138823
5750,29631,38.79342395873036
96114,22598,14.625931653048786
70590,13543,44.08000980285111
49748,13971,33.699820185899135
83263,16327,85.257035015013
61443,26073,73.24835442976865
50851,43902,97.210885551828
41997,46425,78.58893335331794
12079,32275,49.76034311155545
51722,14009,10.75143116210397
96009,774,56.13257309538119
69352,1911,41.80426490378056
68233,27726,69.58801669619191
48522,48911,46.318933613546214
80254,23983,36.52326276896624
99384,551,66.6859978738197
93382,39840,46.313207297767526
90205,25342,59.80088496832441
61112,4114,97.49266410034227
54879,43488,56.18520677462841
97465,21582,77.72891750727916
46815,40316,35.79236331728461
12885,26626,20.49914922034092
21528,22640,79.42104056191566
12921,3200,36.45489871405124
38687,2060,85.15371951099914
98827,20850,42.06503491810034
13857,31295,43.422167466543385
86210,29462,30.441672819547765
82512,4164,20.735283763568734
3467,22992,50.990944895460814
68843,15240,61.632254145150306
67489,18358,23.387045743064547
68316,475,20.4016123625399
3518,42938,55.15710567669439
43108,24823,84.6061484618983
13868,27667,80.76365560783249
91210,39868,49.04331461291857
57609,3305,37.61184574608693
75330,37997,55.77736512063655
61327,22069,75.19715819702415
67950,34209,63.575237292813306
51978,24573,57.84377337834023
30259,43027,44.36251145548806
43951,40005,42.24190521716346
93050,34552,9.766397411323402
48263,30386,74.51333979031139
9543,11481,15.052856644769005
94214,7466,6.3583571468444635
75465,21301,75.14874809387605
3262,17485,9.880356640562585
22903,6430,93.0290902485316
75220,1220,73.22458684125041
9191,32167,65.3233769599631
30237,25215,36.00998452608016
61286,29332,97.43799274628822
10408,30988,76.10478883601729
41766,2512,8.892718424269965
26773,42718,10.09365224888309
6126,27135,90.15307085596082
53976,13026,56.732218951245244
47697,19606,25.123352486724254
74842,3430,1.774614140325287
97059,13479,65.10479420169763
68243,48861,49.1186065485584
52032,19374,57.00065043980134
44609,28878,18.226938888415432
90099,10154,47.25008622696162
93773,31752,94.21111923896561
37163,39957,79.05852876828116
55797,49616,33.63980835345466
74394,12539,84.62989714605177
29461,36055,90.53852505525992
45810,23682,55.53355273276029
25065,20943,77.1297554933463
93773,17909,86.08539556459935
32729,12878,27.646708206479268
59246,23922,21.942780035854422
59976,5566,5.907464843190542
74708,4925,48.04929073462217
29091,8232,47.60146707915258
27338,12984,26.40764087789758
72075,36143,27.04056663700463
75083,8416,32.66974137546546
22308,6639,28.994738900316698
14013,34421,21.059697284784537
87382,25621,64.20785908906288
80249,35658,39.549743166723935
82508,49883,91.30734075380254
55891,13219,79.91908688848238
99659,13406,38.04570206104997
21344,33453,49.516783758528874
97687,22770,78.19437563452105
93690,23293,2.146874293359711
87166,6080,51.48190238994715
76741,37427,62.70400903404756
62535,34543,20.28110705093765
72699,41226,70.66945476850648
85355,25993,19.10951340885706
11715,18261,25.576904205103553
61419,30728,5.010332955591599
88942,1436,22.949265394498997
22735,47156,25.983734491551463
94714,45969,17.095572510163315
46652,31439,75.33324518353419
15043,24051,66.13386643409966
81529,30282,92.19875377065502
85426,41149,89.78584975014128
65908,2776,12.182602682971822
40513,11995,91.95168427526723
35955,12858,91.77121688232062
80789,21907,83.85631270345311
1745,22474,3.252929836129145
15165,34169,76.88137347332489
30815,22473,6.468799829291452
44953,30811,51.295412791845315
73454,29530,42.0067099595894
36347,21260,86.57577321431076
97891,47054,32.3200065782939
25221,32776,20.5861071968713
66616,21766,48.6756540722995
7260,48863,89.96676028192569
14832,24945,70.88164560415359
12584,16808,33.788983977989695
58159,43238,30.70813428603425
21412,28083,54.30526429909777
84244,32534,94.07408563505307
44684,23727,75.4821874899286
97428,7995,94.19104011572037
49208,976,8.890779958311603
81996,44354,54.07452260310588
35368,14616,74.56342396684292
49617,8960,38.15656335320125
60973,24962,1.439568212864919
22006,23287,86.17889031236321
26214,25788,12.019207605517337
60109,32373,42.34102736156764
66922,31508,98.44811885598112
61646,42882,64.72402500217514
52492,14651,32.818646521401604
49779,24761,27.205520721203705
66720,13931,25.502605398302823
19270,8361,35.85979360302917
9612,47153,38.93328396377724
98422,9300,6.112879611153508
38074,2542,6.976813356200812
93519,1416,45.9411094233139
98357,10367,9.787331408080371
88223,17839,32.73485310445437
60751,8511,98.03100640955236
9832,28350,38.63627827966815
59064,11488,76.37394309934177
10687,23698,37.858676828159616
74615,9339,54.65128124841748
64171,47930,84.37165932990975
19314,47468,13.726821693392356
37119,6674,18.292156435919342
22299,18860,40.295880300986894
63687,9741,33.739586330411996
77306,33984,51.25399180506363
84646,16599,7.476854737318896
72058,5973,94.60703504033268
20635,46367,89.43751700983458
93566,38719,73.96474349541656
73600,9545,14.28831801891721
69242,15041,14.52998762697239
37487,34014,17.611708390581292
97858,48639,86.43095473317436
92561,13367,18.21760598690269
48868,1354,11.0555083693366
76559,15542,47.51887627619634
73367,26754,7.762880739477245
28179,31167,95.49134317217047
10387,41797,26.760673121490726
72258,13070,55.96690564474324
41394,44183,72.70782217172656
72802,41353,81.60816753665198
34371,46214,22.789164040383998
1874,5451,97.26336036587183
29006,4892,52.535772210766574
85079,24729,92.42487121238378
66525,37759,69.0156187952573
41888,17307,92.01487080229202
58748,20461,29.862328192193438
75349,33342,43.03149623700901
77323,6688,45.15481741398684
58350,48828,47.952561278223875
61658,10115,54.84936775602826
87618,48663,23.066856261813545
16094,48049,82.01628589213735
17497,12209,79.65107386172288
25716,21608,81.25656391903966
67574,36208,95.34887987823122
71469,12759,35.58176801531178
44662,7945,58.3996180388441
14510,10254,57.82708527448003
34735,44888,88.07084336865547
17877,10582,32.5968346382165
16525,11495,59.330484990383056
37507,15947,6.537102092410817
67609,45224,76.92399815551512
99086,10416,22.28150659600306
22368,49004,82.82567523901085
99799,26022,45.944903145746146
99768,8342,10.920394555867063
83427,34727,10.140585569576043
74638,27326,24.95443843802647
87073,2047,57.94815799115089
32069,23220,46.13852735814803
90683,3887,18.697290612381728
17506,27129,73.34096426313901
54239,31396,37.179324471941435
68926,7214,36.350316353174435
89674,42877,95.28925238526263
15629,24470,63.135924284649036
7037,1043,64.61194258077995
21319,31584,1.2401362903636095
94165,48370,22.66158740308828
10192,9641,45.6832168890349
43528,7119,68.39305013666328
21349,7432,45.21318339844946
98301,9447,10.175930394056456
25831,21846,18.34294445489891
57880,4247,92.62807757885379
77602,42061,61.0381296229608
25415,40453,62.38144162281966
90617,18833,52.54821340304711
98696,16223,25.63937286804037
62545,22468,4.963052860584666
3458,33762,71.50286152939294
54036,8332,63.141670114056595
49033,25981,7.286239554051816
97605,16752,19.987523804645424
84770,38850,87.12350585394175
96968,40178,63.23826609981236
55881,34249,5.976041333874281
39248,15996,15.037893487926924
51776,25664,33.098596326099
24037,43717,27.79352650889069
40479,11213,18.65000715547166
6887,42681,66.21862449644345
4024,23620,52.3943816341501
15609,1999,24.995133165677675
18050,23367,95.69115783702921
40778,2806,87.66233046754708
59772,29641,50.80895737764794
87650,12129,87.02099059277917
37398,21364,48.29386537840408
82411,41043,76.51434025834561
52031,7674,69.4717116894873
28746,18857,9.805317056873523
94652,37444,42.97898030970268
33694,32004,90.1143161705202
65623,26868,50.90957387250665
91932,14035,96.03823398220266
20838,3875,80.15602994821415
10990,16234,16.06821047428659
12884,15552,57.052952036908195
79496,23487,15.249225895141954
22925,17844,24.560759524990903
49035,49037,21.1312279724369
84441,35146,65.51666725714752
70535,25872,84.99257389468887
37680,4398,64.5637448819244
6101,34696,18.525514269414018
52821,45768,46.65957566716368
51972,24686,66.88645752811614
85085,32543,48.87813702437917
15659,23780,76.2378911947739
23526,49595,67.10783146344949
76450,36215,40.822710988753194
57304,48160,54.31007184921062
37330,6474,54.33711616976422
80987,21640,77.50639037594057
36895,47254,74.29045539133361
46080,35337,17.72598550740058
11942,12592,17.667272864089405
82355,31979,41.58170667257151
21873,44700,30.245095182014627
49830,23486,90.85934557776592
47648,17874,36.832126198255665
91752,13351,86.79717786509575
35314,4100,8.90052684400432
77387,10003,45.05126777918547
24152,35140,11.735493578681849
68161,35665,79.79885023036593
49530,49824,59.56341653914764
59734,26236,15.195174653321228
17643,568,87.5080116433088
85601,27353,51.702454336852426
66267,40609,90.9885414400962
90598,17960,95.16135679666526
86863,18839,98.6727515919899
59529,49850,43.931205283349726
62714,49830,85.5136117572439
40482,7932,13.694043119664254
56530,14154,30.377919479829284
5184,17508,83.72805235606174
70201,2859,82.60990867390083
73036,5355,53.09873075771725
69679,3123,4.078064564713131
65127,5278,58.08723000609525
99743,17439,68.12834714535698
47585,11500,51.2366141658306
16319,310,82.87534596536652
25784,25247,25.724240881702
46831,14655,3.0531330033586315
12231,22959,54.87232864475997
90652,11714,73.71096771880586
16987,23380,11.59779085190082
99501,33753,80.15151865660798
69441,49561,26.4034284891549
84819,18155,74.72181670024946
77852,38157,52.145506977678565
76135,31966,98.9477821158514
54981,8772,54.433616788519615
35001,36421,17.148296549160364
34005,8560,43.76520578871263
58986,6281,88.58467115455811
95424,37724,8.788616919799242
31671,11653,50.24823282372367
93513,16064,66.50851983751869
91769,27228,85.07702743115279
11117,36503,74.88268742693714
31169,22086,79.2524896925146
5082,40598,56.06793871687021
83821,17651,73.6881647556249
54949,13371,62.827101384778054
77151,31591,75.06580935664199
7606,30608,2.20423995869281
37877,26067,92.11202763460338
90227,29684,52.76756526218672
15026,22850,52.21757778642125
11426,19087,40.85869300607628
13996,46008,21.46619892724498
74462,24647,4.392757607716591
11098,2427,70.448586526517
96137,46033,63.705695536585274
76106,12872,36.85095974589055
52338,30458,45.1394183725987
98517,33588,90.09229733236549
13924,44999,25.031149198430867
87277,28611,71.59537650418515
77868,21897,17.044523755714764
9693,10624,88.78648288370628
26520,3820,13.022190683433733
96462,17070,3.296479108524367
49705,8335,53.49250440673158
35425,27300,5.251368141310793
46959,44733,67.14396358935173
45843,31291,81.284946888184
69368,29061,10.557681253121041
80240,28912,26.05527365304338
34873,35749,64.54754971890627
91381,15994,34.513343240874676
20719,13021,19.600983849071394
54356,24180,42.95864860782932
73661,11138,53.13630491637133
58426,26215,91.2061619632098
97109,15300,63.17543754258959
37891,28765,12.823688455896676
26429,40893,17.076316600334412
77517,4062,24.584810278590894
75275,48009,15.443219316353513
50438,15748,71.13718493652503
43159,11143,10.25190579611921
11365,48741,54.47187306670001
37702,32366,32.00052550182097
21672,2316,57.275886905585345
31821,46706,96.16004524467812
89559,19862,41.54113444055139
70800,21935,78.26653178505086
97618,24113,33.8935594817607
74660,20569,59.19689546600577
23809,11500,59.59744617823392
32971,21739,13.533539869436563
55758,3854,63.36102327528512
69749,10728,8.800093304984696
17401,35864,92.39043617051219
85035,32656,10.510177954766586
62204,17961,78.76350018100727
65321,49035,32.463403145537875
89195,35959,31.852804878271314
95808,30570,79.07014302485238
8401,1834,4.191486908461939
66439,1043,48.77346454053624
30288,46091,45.61485925420606
97450,14990,62.97973683967006
14660,43978,1.5642645613482713
35050,26868,88.7105006084037
46705,46249,48.63840428308764
19387,32410,9.207444828802773
32704,41927,57.89084411120558
60457,45262,63.55736732786201
46619,48605,9.107941593282568
80656,7259,90.02818546721556
36667,48616,90.65563997221025
31854,11226,53.82052773170435
61826,22514,47.874838184735324
9065,29808,42.162819876124445
50697,21259,37.039515657645445
76643,30954,13.72115285087585
14510,34368,97.71680459720598
4230,3054,66.11818897746156
71026,31442,58.98603791952191
80055,20833,22.81417706418123
90639,5821,93.2791222666366
35903,15416,77.68017890850383
7443,37721,60.809714129021756
57795,1313,71.53457828075236
75829,15903,58.43903764075418
55249,20463,53.295047249304766
8175,6383,13.26554703877363
21179,11416,5.808612178814184
66853,28548,81.50813536601387
58764,25704,63.988474792582764
55222,2627,40.39378006200706
1666,5800,85.89567325525391
44647,7224,11.799608798377967
34441,41167,27.951325401553337
61394,48932,92.84174854707194
58294,46995,47.027886182095386
55649,42502,47.43936388478339
16380,39631,11.058611178493749
59172,6310,89.02817029737177
91758,16333,73.24466639807036
13318,49169,34.46006645295954
45762,28632,34.50203070657375
17487,24391,75.23272772669587
66173,39760,8.717321399466606
31761,9941,13.746135468427928
70127,41271,96.59121170470151
90798,37421,51.641649659224676
20914,5077,60.60300348746053
11119,2928,19.62206259269916
49063,15922,37.71604658984317
55860,10900,85.33073572155351
28556,33504,53.70373249742209
62801,25146,79.039454829069
90584,27963,73.05050723329943
15640,22107,59.82132598500848
73606,30975,97.73948252112181
66598,33568,8.845891132265335
98864,19767,9.496399889754576
98661,44196,9.870438581016213
27678,19467,41.822207042939866
25209,47536,67.38863190504175
58101,29309,73.00747788942394
71997,38523,27.43629883395687
24094,27381,48.52592475389288
5998,9549,33.982133255402346
11626,25896,25.330661104350153
82450,49104,37.892817665986605
55122,19412,3.3418911861714733
15300,48002,77.06658494536907
17695,7846,13.092299925568529
65740,18852,57.88725728765292
75148,23742,10.038571489516334
23121,4077,93.92498934747637
9906,21192,22.988388809929695
30321,21185,47.72280728092208
8241,16819,34.31014698480411
15365,34677,86.87973558063841
49925,22672,97.98583407015276
1504,16391,26.09993765793567
40639,47286,93.69704909903058
15491,43006,41.39097854217576
4683,17397,8.532807793379927
54643,34524,82.39472736588702
69387,49277,57.44600847546473
82233,207,68.97712699310229
84661,19596,56.50922290372805
24677,36790,95.00439203148271
25484,981,63.904074000151056
7983,14308,87.02737532064775
99084,15764,63.320400645434546
42968,43293,65.82566614534257
7834,12021,10.525487008077139
26533,36129,44.658586937001786
20929,18973,54.167602521922255
82932,12789,24.17996837103101
63351,36640,47.547759014267236
77967,31271,90.8338895993757
59640,24390,25.1739581198826
83230,28248,57.07170092692059
97443,47774,46.06729888631338
20145,891,50.487493994748995
74509,45662,87.43394692830799
39266,7824,2.546272859078952
74522,11973,39.49413156579734
98002,49072,40.86141701538311
5187,5980,47.27391259692192
54663,27796,24.436799146101066
11273,16550,75.31566626001617
17282,48410,76.07882711161596
46409,33779,20.06009714896053
21558,2438,85.46617433208895
93607,24180,31.87400293201906
59297,2866,9.775399689100553
26086,48310,76.88073581204193
44744,2866,49.99242474521063
50963,35818,75.92487557370468
16466,13152,62.406416625224594
20898,2334,76.6861393527997
48824,1992,38.44063669912709
61096,40284,93.74534674432618
90020,41259,48.091641173557186
68188,43828,37.3167306863025
32448,1289,35.588882361376825
26818,30626,75.70134269646107
16234,43001,71.95792991412796
31182,35666,45.77734580132333
41105,6861,29.20388010067023
95220,2181,77.67977307333622
2840,42748,53.281592513348464
79048,49929,1.6873649617146942
75554,25594,30.956647744096237
30894,35335,16.51567086369858
74537,41679,28.227626726625317
57140,40662,29.96389424553403
67484,3319,60.838022114443625
49252,7894,82.50574532094741
18970,27081,80.71829735430823
3368,48156,77.88721418423997
49953,16034,94.79117873487573
90392,2587,43.1808805513405
64685,2529,31.43951840153379
96141,14502,41.20108158365325
74349,41858,29.053647677598114
99399,7765,52.868117798801094
33374,27618,4.905970710763261
36179,12335,80.2311203036578
90230,24019,50.48700744511775
59914,29209,67.63742592527579
42792,34141,48.95773368404266
89824,1782,97.30266971832563
57258,49287,87.68302298338641
20747,34718,67.69736829143193
39842,8816,18.984479593764767
66562,33084,67.36340577685553
34603,35222,66.65801855165023
61654,3546,1.877995065494031
99182,45763,90.48355349085413
81122,45536,5.827768375695121
10416,33244,12.173662333696885
42959,7850,57.51740592131525
28271,9087,63.326479623099
71842,4860,61.3465220871794
93773,47301,43.27478319944725
5652,9640,34.33566462885817
82302,6086,18.783847176052532
68530,49249,96.05726076177561
66763,36891,28.414493525264145
24473,19123,36.00783911431916
13499,19888,68.36878210413862
58763,37026,41.30319100834783
99305,41582,56.77776000485019
23579,45536,45.85663928497709
30311,31794,31.184378806488617
30202,19930,24.436227590804474
2208,26781,73.29006750300563
88223,31891,3.9986090297394394
54289,33989,9.038154118217866
43756,29854,50.131268612927
69878,13292,41.59210837765594
17230,39743,93.85391497191569
87316,23554,14.92072079336131
47633,42355,96.44623307336147
31926,5525,57.135416392169034
74344,6781,40.48773697791669
33588,36327,1.763041128935623
36305,13824,5.373926765814714
50152,43599,95.00376126405374
56444,40984,29.337775613792925
20713,4389,3.464225378730173
89579,20010,82.57002003762148
99680,6804,75.34316480994754
77412,29887,93.28489353648352
86575,28490,5.679388911867467
8552,4410,72.67438747682164
82124,36063,90.49766287899969
32771,12228,21.094371229171873
99115,36721,89.32394813277003
87144,35921,9.813539921781212
81740,9741,78.21533182640776
84881,18426,7.099118839552937
12796,23973,14.152327173249386
15798,25508,19.027421976985273
3149,25827,88.6971626887927
76463,1502,72.81435995475857
9027,32521,96.00344397689318
45251,32535,54.50119727872162
10117,44769,91.08234005551105
40930,34179,32.71910736473275
61391,17432,14.309137548183866
3712,41150,98.46877470467511
52867,43603,47.37764522679906
61880,45796,59.478560111482096
59206,34546,5.2224526846560515
15293,29964,33.30697325295905
53918,29554,62.23378536660795
54220,45906,30.27391618279147
52014,14535,97.39337451792584
54570,25194,96.70284853895767
12582,5635,34.274215474380846
38034,15689,69.20457925407659
48961,40439,40.89722555068259
27131,18724,94.79276616440775
89670,32837,83.44448398958434
87920,8220,87.50348752500639
29031,40775,90.15316402646656
4979,48281,21.50241040768193
19222,37722,20.662635247551826
37398,45768,64.65169702825024
92121,2252,20.78383253539035
48080,47182,86.48911207148291
38679,19262,38.27012333285319
4017,49371,54.85070322045374
61119,29816,16.616102710862414
15050,8458,41.12287664912111
28323,3296,65.06658445141498
45873,35881,40.92540052017349
5009,28103,83.09156072506455
23603,35692,14.330575808891634
69351,34372,14.010807458308028
5009,39778,37.464053602365624
48938,21303,64.83374524841851
19443,38613,21.663995721758116
19679,4750,71.12616421354853
86275,23296,15.609253253357286
15570,36662,81.29791735208629
10298,25061,65.63917200660462
24113,159,34.97294158263937
89287,24030,7.24116311532379
39203,32948,94.27762127969402
16331,14851,64.00856539898501
79322,14501,18.55832577585898
95571,3257,45.043963680865374
53980,2784,72.05993997887946
10916,17403,52.38838014348744
95047,49628,22.0976088417303
25826,43454,53.73944823262401
42524,5521,29.740054197644728
30221,7529,63.25730269870494
25349,28291,44.047534178651745
91033,34214,34.58093552213314
71840,24373,63.02245211000614
94340,5460,77.77778537444611
87136,11526,50.967776855335224
17252,6340,35.14989573990658
9832,37352,58.38664351294792
90543,39017,85.19187780085703
74745,13173,53.64029514587964
43296,29628,75.13916534102512
30815,34593,68.4937448573397
72955,43570,31.441182648214017
66705,42894,95.02764447560955
74701,28439,46.8050514878579
85018,16309,13.779800352688502
86960,42781,74.88831719155426
11775,10714,92.64622190827902
69903,9012,91.61162601746142
72352,31921,79.78315830282932
80828,38521,50.28580264052142
37377,5777,9.866622326252816
96690,36543,73.78214311006306
51826,31173,70.70574025411547
58267,43919,38.23564704933562
86766,10046,93.02839726344463
82422,22443,81.91288395257935
99011,29684,82.73170880407619
36668,31909,71.70303351738103
31522,18825,5.8561887864734405
45717,4658,73.30529778276349
13903,26483,80.59804599218651
53855,17268,5.282347804496315
1098,4054,81.77950604949491
95035,3156,97.80324637856208
47547,13314,56.42106513778036
57496,24796,88.89086119005295
61214,35529,76.16864692098797
65013,24122,72.36022210940357
25328,32661,65.52761621992786
11196,11063,38.08178103181544
19242,17051,95.07967377497872
6804,25605,71.13727056198915
38146,14953,35.84220936553675
98197,31889,13.091229098636344
99959,27891,72.48413551906717
60786,17288,3.1570406331910643
92206,31622,84.55673362795645
46181,40240,67.9684819370168
13189,12275,31.333091598775194
24623,13772,7.314284039252883
80877,5926,6.775727596887783
58293,24311,93.61344646979913
93822,46102,7.821136126968739
92576,32768,6.983967667332156
15143,19742,84.45239232210821
24764,29050,45.270529952469744
24347,20242,2.6849768550987765
1630,9420,70.16981366811522
32491,8945,22.13040621287486
22835,18504,66.90866956168526
53713,34645,4.071785548207843
62969,31769,27.282208430490343
58071,10776,77.63423825395859
4317,25946,46.20166316496665
90457,1872,37.04564236221688
51533,3089,8.582579918083134
98730,1234,77.51859191993296
62521,20096,23.239895328385987
3490,23975,70.28459118246485
50675,30147,74.69025345674862
61388,13943,7.841598578760512
67921,20046,27.55856872989011
22689,43054,72.99507587850646
69727,41879,53.703539958812094
87444,11559,70.9648856989801
75468,47549,62.390696160927874
93966,12878,77.15974801050972
78332,3491,47.25035726264055
35623,8254,35.83217296394249
53916,32615,50.853122311740925
94679,31387,41.69183537171889
44861,13410,72.86309356200624
34824,10925,89.72896137436075
42633,6907,3.6803605983208976
16370,21412,78.08627723674603
6338,3971,15.525373056370377
95205,36058,84.68886561871571
95830,5807,34.06780523842004
55037,12742,40.0754104684907
9485,16062,45.95414615181115
98523,23689,78.323072685893
91737,45019,7.862120377398262
75925,5554,88.34446339364
61125,2914,1.4043813664511144
53725,26513,21.70134129248398
11371,3554,30.55288099771728
24347,34349,52.821634434241695
33553,32325,89.94317957460301
6981,46301,84.16824025855115
74264,33508,49.3106762087211
48037,22973,45.379791957573275
47059,33745,72.46361647499042
25144,45374,12.38978312395547
14324,13659,15.81800941994545
51697,6597,89.19746619088505
54796,48866,14.035750423720337
39373,4016,98.75333193451534
61723,32518,14.380577656783391
66527,35324,5.118143978592003
74035,32970,75.16682480364793
82933,32981,88.83817157848176
68895,41562,49.837829647275676
26017,41626,5.8872741356031595
34236,19053,56.5663301772096
24349,8808,23.717598674089764
75466,40289,54.37831419526223
47945,38640,42.797743034108954
48247,48645,83.46081168471139
49299,4922,61.24308557535561
93171,20596,1.9730616236859329
87272,2363,82.5558568586612
36813,46556,23.726056315822756
33443,26006,12.15422048200464
66568,19945,15.158356123923308
76364,27006,19.22891540124474
25370,11217,37.701865413087944
21759,46557,1.8847326391964798
27754,49684,19.257985931427257
68316,23588,30.827702036319664
49565,45682,88.22752310730992
94022,14938,87.60252072242
2160,28561,64.51554363921203
34837,45136,68.09168642203984
41890,22949,49.418080218461185
80059,12612,11.783935970624071
73042,38098,24.575802519842977
80524,40677,45.16065650793338
81181,49002,42.765691886726714
51304,19996,52.99543175157466
72425,14229,77.99690711292739
45786,28496,17.48139941749041
9411,28067,7.100505700429618
84433,1859,16.195901991672265
48148,34066,65.38388087304949
66127,24670,43.972175724663444
50006,5684,3.175522489802295
17465,1231,30.244455362440682
9429,18241,38.563864744745295
72984,5654,16.834493421291864
29077,13301,81.10366773653834
44688,45832,66.5548664353104
37977,14968,61.7359731722804
41527,3002,79.60877067687274
38693,27471,1.3177900009599959
83569,5200,67.60629222563217
29080,22337,37.73085508782607
66840,46160,25.94336063258905
40177,18444,68.10321367225175
74359,33719,17.613789197189185
30910,19277,18.491409984420283
36771,24383,2.0731407493114116
66408,2304,64.21045743096005
91382,35467,75.60342270677917
3718,26105,15.508659010964235
11017,7883,28.419894580226906
75275,44944,83.95878296352744
23545,29920,77.78218558452768
9973,42227,69.2645655064114
68866,26071,46.063038579207955
43430,41366,38.83204557404681
85508,24387,87.4834061704662
23832,455,85.87055268352326
85245,38545,37.16904069546669
88177,8200,41.91972723374188
85086,27414,18.757238814735206
49347,11254,49.669307795935225
68840,11218,70.04903073532535
25111,29433,96.73271012294732
53733,12534,49.88275037746322
71634,27370,18.198682145450757
6909,17261,52.652817771076165
33103,34039,85.192159314336
70682,9469,86.5648544147053
40945,22950,16.781085322019187
86941,36960,63.21436148583514
47400,20889,89.67238215096363
34603,28251,95.26811489233705
28711,27919,87.83863494665518
58787,30768,37.435736994805474
10438,11051,25.427998847402673
17868,27808,3.3149458613146914
30904,27234,83.25402763754923
97312,5445,98.56803041098543
12175,42680,8.761231866431412
32518,22193,97.38610782515057
44676,28324,95.31109024891707
60169,21005,71.55077285945532
9445,4955,68.4053746997313
82265,35499,8.0281513397667
51323,39605,83.2289552748987
35216,39940,86.72425636231303
23684,47281,79.09011245943746
48186,37118,22.20373365638283
66491,46513,34.159663620562064
77508,39394,37.25091754560882
80304,35814,87.31027144213614
99877,19029,34.99489148155631
85696,45608,69.02131065557342
39582,21946,26.609792173299084
68113,2421,94.17379433172756
33314,14756,33.48007435722792
46907,20124,86.14473504383362
10034,41035,83.97637372007003
54857,48179,50.84785294844754
49621,49001,77.05903270629987
64506,9610,64.14824883012338
34272,22300,58.34351557899948
37228,32326,79.88604380440185
90019,15956,68.44091642574766
36801,37827,96.65956719521579
46599,8171,29.614725095248144
29747,8307,58.51864422683665
45632,38941,63.27007239868181
25377,26396,84.8123996707026
55158,27122,30.62979561961084
20042,35578,93.90619380173312
13307,36631,60.012569744426784
14010,33385,78.1047158292382
44780,26339,76.3662721321688
3367,513,84.15793790156337
18374,24331,18.940914753429734
32340,33583,30.387951336921738
66036,39127,71.01742492615244
79667,45652,32.521114273829596
93234,32919,77.9159089147803
33940,8858,4.871068387114942
56397,14823,5.872151886138906
3381,5814,75.35283062106204
36833,42188,20.48303523202442
79007,11263,29.499326780739107
97158,41789,45.92778316892877
47778,38438,76.71204026013264
77974,8139,69.03885729684764
72166,3495,16.48715289415313
84889,29418,88.83634839274357
42641,45551,19.968448505165536
61503,7865,53.08918173307769
58215,36914,83.91567026382519
28399,31112,96.85162214639409
83163,43729,36.347985627117424
55029,4835,71.3947608594793
30423,32103,49.98155088928782
25703,39472,74.13755135212604
91248,5876,57.74953209848615
51949,48088,59.382026097698265
82153,9949,4.756593948151973
13095,9445,11.26598713763018
26311,12848,24.69937103396301
33005,9779,57.056850647433066
51688,43463,76.41861137984142
32134,33538,36.00299493320225
65438,10701,13.257883989206135
75403,8889,64.8561860384562
96839,49692,53.22614884458708
55820,16799,69.89387635832784
22139,23885,49.91878450152719
85344,16308,93.31668918523049
89585,36833,66.46904993439338
62146,8112,5.565843500280698
80295,31610,7.891622935876353
63493,25716,4.226460942524723
67997,6585,15.678879292942522
65113,16952,16.76567430274133
59845,31141,6.804196320238399
10006,23156,70.8016323569551
62557,44358,29.071685503562733
40474,19690,38.22417583099202
60921,17844,47.40280687399013
12955,37512,14.458187582573725
3351,36512,98.43235055528989
37631,49715,50.16788029537606
36431,46623,53.00088576277351
22137,39526,26.942754039816183
4895,17469,65.5454576536779
42718,48667,44.95433403100163
92413,29221,94.19244570068976
11989,4120,82.81938094449109
46221,25400,38.39587335204833
40714,14420,35.63491698864517
36336,25988,63.61508957425073
61399,36610,43.78667794239896
9618,4335,22.737282484965238
70592,8374,49.93504170216895
94333,15806,46.39246716203151
62855,36182,5.161451169352826
92381,22831,83.46090842506925
91922,22506,22.612435828682703
29721,35058,77.28829011675646
58817,7092,10.420032770121356
10974,27337,29.08057538006834
97189,32539,26.18148566346413
54991,37435,51.684133559577845
31871,13715,54.59748490082541
99026,28147,66.57678504608836
59578,24869,63.596813832244074
62912,25063,31.842522336691264
47967,5570,3.123067678923829
28048,48277,17.2426345922205
4821,6185,48.97521272150745
49089,20338,8.976819214938448
25241,49197,67.25307123853486
66020,12035,52.88748523897066
32418,15575,42.91302970603337
16434,38573,4.046430849769542
76763,27921,45.04350767727975
67341,16944,51.69836860819682
55710,16291,39.226109800540506
66549,15102,65.58689181351252
33585,13861,58.64690150141539
50208,10045,40.81319331206841
96482,24702,40.27143155260731
18708,24906,22.940093435524016
11365,7562,45.05730304406783
97849,10839,93.79406857243674
45297,15466,34.5932793289795
16148,41032,10.442778588231704
37632,6584,39.339941732865626
72599,41435,39.14971411350061
48411,40578,47.01883007053593
75239,13171,37.292728452229696
28209,39147,91.4043929902165
24936,41540,68.31462809475303
54582,3314,67.70771760027564
45366,39872,72.13758441908928
60688,26703,27.086273207030892
43304,43582,57.0481801600175
24541,42624,68.46722633921692
26964,34143,12.280150210555092
50432,7858,77.8051832077281
14128,27491,55.8573804823305
57770,4325,55.757527102819374
53490,29979,20.613808594852845
25948,26233,84.34667557466153
58425,29950,55.68966708766909
23508,36210,31.922951874091424
54034,5925,34.2090058118892
56902,26561,81.8924487497938
87846,14726,84.4460227304747
56950,36068,90.83607259177985
47602,21590,66.49054691255196
49663,23809,33.141832508265146
95819,32356,92.04012461790613
72824,9956,47.15750460447708
3702,40253,83.41688961911467
99722,30342,81.6660733917565
84763,38933,93.6464000451282
80489,23672,93.06579563494967
72959,11902,7.862392025078618
47050,1495,59.758961831422425
75623,4366,49.156812762978355
85643,13312,25.154112869742814
40507,4567,44.05112561097528
36279,33932,91.10045024386321
17253,47040,86.3768631017221
18062,2288,77.95075140839289
57397,8681,74.01638209968492
32922,1953,95.96930321094362
33371,5773,75.31286299336844
47191,37969,48.45505886653632
42528,9569,83.72740352577921
13673,1101,98.10503858662597
81334,30347,15.187368322519129
59349,18689,8.405081363762358
93455,19280,74.54291166703912
80597,17575,63.52545995854274
64139,4959,69.55821704060445
37471,49017,17.875649096483873
11002,48675,31.699834398366463
53158,20371,69.15871542275819
52256,45004,4.854547189108942
13653,26385,46.37206136195991
25029,39661,37.343234486716646
92465,9371,61.20319643608033
18653,47304,18.349094065498083
85755,14404,69.40157477385108
5300,3861,18.011973437136486
94930,6686,71.80283534082393
12624,1746,45.934212044493826
62709,40590,87.87285997085603
7964,389,26.13034069369349
47651,1407,90.85947234730642
62223,14742,30.5736562517953
75311,28481,18.029804453455867
99858,40741,76.90425482155294
68838,16158,44.1627327254739
64902,25595,43.485111511114454
33579,6162,39.55325361383128
1363,6206,72.15100400105256
56863,20871,9.909088197518328
40596,13783,27.55704495495147
17192,14865,92.5722869586121
2765,3430,52.8288344311906
2153,1401,23.322602148487643
8765,8836,1.6793763843175047
65053,23752,13.753333111560929
88622,33799,54.33327021761216
32551,22194,61.87705435145852
68753,344,8.994465307452522
2169,7687,7.630428570764928
83282,12523,56.84702715171865
96116,38567,41.3602604006579
63745,21611,5.640850928471834
55886,29508,71.7674341002045
8396,36457,82.71188003350592
82433,37318,35.74983952515286
15987,47773,87.92387510349023
22257,5637,98.10664854658461
13358,49362,50.25734933156225
86093,19452,54.910246154754795
89676,15584,54.24470552927131
64071,4112,70.98682703145452
53310,46129,77.82173416016634
55164,32769,24.124673884409127
90961,20772,42.3153017721369
17696,4194,6.830718281632599
37666,27581,15.64817532327374
31502,43847,74.86880818506775
65563,48810,96.43081595479684
32444,14363,13.018418392764701
39810,24695,10.502260722061829
99261,7237,59.46381070565852
71890,32416,88.88600898990335
68290,25062,67.57081162580802
30154,3559,89.81834558239646
41001,11770,40.97157377092497
81225,9240,47.550512950774525
42591,38299,34.71426433022695
36441,28797,46.57428946207936
40470,31852,23.435320161205954
65067,27591,78.277194282753
48015,10479,10.041220250373744
3955,37014,88.83848944846983
96262,23355,50.909269490815426
63598,18474,13.6809445409798
14522,25372,45.25499191056441
67932,17375,74.72349120471821
54907,22014,8.736452947766015
19834,19433,36.68627295409913
4821,45502,72.22887406868149
55861,1611,32.322108462487364
92911,25402,39.67835942464257
88558,34650,51.4571669438308
33159,27292,30.61930211654506
49818,2035,93.79281526895885
26019,27398,62.9257448007118
44269,37294,11.529833645490642
58277,13824,84.00123497491133
12486,5631,67.61727451330185
79874,21214,43.5493681494768
91813,45290,84.9373371356485
5154,25272,3.6386551675900063
78082,10104,83.4035624564583
22683,1217,72.75253602784147
88355,19777,27.71536252470919
50292,5778,44.51052743655026
66514,31009,45.57213013557196
81157,10201,24.938068266125335
15574,26498,96.1804811899441
23724,6941,14.337083083494631
56106,30526,98.35897944072077
20548,46490,53.5444524481847
97535,9140,22.578974119037674
39053,1918,13.633656084323416
94748,37116,93.45742698932072
42242,19494,29.62298758508985
37360,47044,70.88885457580405
39061,44404,91.80118450146828
46556,38695,4.729479294738964
46710,31105,83.87863148290991
7106,2686,88.01610271052638
10662,10311,1.5188040063020973
95332,21004,94.56457305441859
88585,22733,44.546858037069676
44018,49718,29.81242944404964
65295,25390,35.43794017559651
8361,47070,79.960083316544
86840,24439,4.615686798660152
41738,46349,68.20227049419005
26354,39755,94.07752598903039
58671,33593,39.79217820481182
24861,8873,76.3736503161341
26627,23935,15.95725175676256
41735,25697,44.87943150914629
59680,40466,9.923213235683768
11683,3342,97.7250010600625
24189,7619,38.41922554528678
51890,12211,84.17115060228812
53231,44425,17.67089370546459
20936,44506,85.62275743162027
85818,31840,33.2414842515761
60698,4005,97.66313153071228
26340,31821,15.389056075511128
23401,44986,40.24988223854534
45452,39187,20.304812466699406
63037,33060,23.5134643465001
93223,7229,65.40292108631925
97313,35500,83.47188792029289
88791,1029,32.85780001198299
63430,32753,51.41174588484014
13134,28340,22.51303652720216
75797,38193,47.40792881620345
59180,28600,20.694097017050492
67252,30908,21.73144634140712
3337,29013,16.586301033620394
52823,38638,57.07784897627562
42020,24150,95.054663859079
12571,36320,63.690453067482345
66954,40518,57.42110176520815
4709,23464,65.82531046404138
48630,31748,84.90216769661444
94305,22779,71.59892803179527
20437,49897,76.35633600415312
48741,19532,27.806612724557194
89223,3619,24.718207383944236
85406,5502,76.32578019706536
88891,2297,11.198967353811081
23262,33414,37.69854311284611
93056,12564,55.706211210831405
42815,3694,66.21385743579415
53449,37996,83.37471848113442
17162,37502,20.824504651956342
7935,14522,23.72218016304495
74563,14526,60.82565314216456
16500,39365,37.46323617643445
69281,43947,26.526586036689388
47223,38342,26.559211322858296
68673,20273,45.76014009244285
76830,41529,30.216476699860813
56064,8417,80.40034115446836
64999,20209,16.311403983268328
24033,10986,73.8015904644523
50552,10883,73.05585674054757
36582,41790,41.08549527911359
86746,34833,69.769099659262
56316,36624,65.21504556622205
54207,20051,58.869946360539366
23895,32979,29.178067738165726
30204,14159,50.75273038037843
56536,17969,80.81310430067633
86614,42860,68.9851390436437
62122,38409,54.29946397645621
40236,39820,97.91316646724076
35457,22865,61.29895558688114
79080,29580,12.375601822706072
51023,22157,34.214830150278665
72223,18076,62.70254018058317
40375,41795,64.08108446849033
82365,17603,16.52436500115028
91688,9853,8.836593022022504
37689,46574,48.597663902643994
44006,5766,38.831453243782065
86827,32259,31.200828472695456
99505,1254,78.90071953328211
77298,32778,15.09771146642106
93561,35413,62.03763236845379
1222,24923,91.09977386893112
2006,31458,32.26477102773915
68057,13002,18.36745155263278
83538,32596,84.10378757996746
85527,25426,67.42591782429685
51777,20672,10.104693957017785
48248,15535,6.368012346572543
28325,23886,44.64577272716497
3930,49482,44.23758281269427
28941,22720,12.202248644889016
13682,32346,25.951025507691583
13476,12132,62.55873121575429
77473,27163,11.820432411582429
72030,9897,97.40457125714777
88593,14540,89.57912746312148
92836,25447,34.826411463123364
45258,39151,42.424439040204064
36490,2219,17.28794311216572
60668,37977,23.87946375050111
26843,38191,9.837823172532012
69105,18562,61.01052762062925
50720,48542,66.39257229268539
45140,42452,93.46727163853156
72589,3206,73.43733285115074
9972,13621,96.53556959549918
98307,27713,85.406589439158
1620,45682,28.519918422712387
53262,24848,55.28252111366981
18201,26968,25.4251461375187
85095,4115,14.05616116858068
58462,285,95.91898111908115
82841,5748,27.432204150711836
37992,40474,54.9598480178051
27625,34033,85.5084780406529
62752,35894,48.656619832260574
77732,28091,49.03688138810294
74489,30062,12.020559248572862
21388,2703,77.04760850689065
5895,8442,52.08978534011611
58196,43313,44.87191588842016
77320,11941,43.41185751739954
65319,38957,34.492015671265555
61418,35882,60.097472021645146
39687,24390,34.32309355322339
81148,23747,59.302835225813794
25238,15220,19.800393770473015
68585,34847,35.404993494154375
20569,21818,28.011238850398495
41236,22212,63.150843374287504
40867,3033,96.42900053697593
26421,26756,98.71302351216391
68949,34646,13.707859195734601
26811,32135,88.64033686403178
17200,15333,63.52822623325298
41894,2296,16.8584029672108
67306,804,64.31089983348123
17909,7398,48.45401581556151
42803,9346,21.034770342373488
52701,1165,47.698519941579335
30423,49273,52.250979767852
89391,44599,33.52617483697651
46719,39789,54.59940833345353
89794,4863,5.304693190846892
2820,7723,32.78467576927282
8733,43900,39.415755117946226
2866,42418,60.56356806308526
95829,31651,65.37603660531852
11575,25394,64.84193533974019
40662,20876,45.12985830674757
77977,17698,48.12658746246306
23996,32280,73.92312319971302
28360,3592,19.99215720987945
85264,20907,41.85598700839072
77607,4145,9.524423157623369
88293,10804,83.62090902140653
68422,41976,35.14278226384613
29473,37525,75.21308634517943
62807,37562,93.15517545906141
55673,5062,46.359501675811174
16647,43329,61.316011369431436
37284,11232,83.49541558636523
38379,3647,48.811284260747115
18584,37360,3.5996920414136615
25750,15460,69.23409412161882
42217,40120,15.955053154784306
52138,3662,38.81441342922061
32160,16975,87.51971266529226
17464,21996,35.415280715845135
18486,29354,97.15565230526846
27053,37763,58.842909863694835
43925,33513,67.80542597582348
45463,23922,96.66746046087405
52807,49914,1.4864854623648098
60544,6197,37.544368121885825
53671,27544,70.42637485461897
77308,37574,3.3010091779515323
18344,9538,83.27503681908772
88666,41434,17.905075213228432
26533,46326,17.14236509122646
92845,17825,38.84249076359587
20403,12490,38.904926098063086
17637,25302,15.13587422333083
16796,30033,9.378567300424967
41489,49545,77.58591675409775
30133,14255,12.709393142207572
5553,22019,43.505221484574
67381,14460,41.87374988299269
21044,15841,20.55511498486633
79171,16112,90.79314122871294
50095,18613,38.92314617205195
83298,480,30.50309802985712
22530,18416,78.25104537789656
37147,11101,17.581158619454023
86121,39099,22.384466469034788
6799,40430,67.69826798685199
84110,4002,4.653370401304476
85228,4852,29.629330423926486
6382,16264,84.06588489447257
19097,1095,75.7187547385463
25374,36347,11.097509415684698
52536,37264,98.06270985909308
73758,10744,56.71003589985966
64625,45061,31.922401741676502
55814,46486,42.33556185203657
49344,31441,57.776364662881114
91908,35774,89.13993921781628
71553,16780,26.116359570140432
25627,9214,71.61106768858046
15858,46688,79.15786173124133
62656,44008,41.05875730054079
14016,42159,64.75691512971397
63532,35017,60.615425779495
6677,36908,45.65114442416273
7806,15602,58.7534655167737
19303,40921,51.20940262110819
89749,49886,69.9035609172218
86009,32018,46.78030896210235
35250,14758,63.09920004727459
22133,17086,76.50862960541959
62532,26934,84.07138894122258
35909,28874,18.282886680633478
47153,11686,67.79400989590759
74530,25318,58.08659602934917
27698,151,57.79950088752301
26323,8599,45.55642198054275
34539,49864,67.22778471486072
30766,33341,19.4655436272385
84726,20570,6.14925081796067
8976,35360,3.124346238586124
14265,49975,12.264146190126272
88645,36733,40.7112984972379
24709,43188,20.325568482080612
85152,47087,58.125558468516715
21850,38294,22.045979626651306
35515,49413,12.009602133311894
10744,4570,76.68050156503992
98671,42776,4.851601299079506
98140,23638,1.2150411051343464
25901,14641,54.297262252694516
31462,32601,6.009702832776863
82851,47504,49.140151733614765
95830,14577,73.67585738967699
91243,5565,65.77575503857544
89329,29602,92.33338105435756
83506,18736,39.85413471636114
26631,4313,16.844579515306336
78393,8106,96.66218289584268
94841,26603,60.74282521907385
34114,6815,48.861548058406115
52460,36233,3.35946029782489
69962,32345,32.52745056048711
84453,42061,50.631694875762115
27420,47889,58.49946849638383
44287,28493,49.29951057007901
25019,35216,90.6922845640689
5258,42724,68.12061009202448
51741,47377,61.54762545705116
93706,10433,96.52359869025773
65516,7781,4.427711543547646
13530,35468,77.72970803881152
63698,48946,29.312551135585064
26163,18304,18.162256698926935
11382,14409,82.58948928397477
86182,14334,98.14855621136722
76644,47472,97.11378370422867
51422,48962,54.41280044056225
88528,13549,21.781600805901757
69476,22639,93.55849915257566
81252,35251,83.18610452116012
16209,48024,56.3241265085403
94580,40007,39.12579257681962
68866,9655,59.04197873976734
51093,39920,28.69441712235074
13031,21565,32.91396942992633
96453,48084,34.82086111109183
17877,20171,40.00714588230902
91174,29480,84.630207309881
86924,18229,32.55390547528761
63614,24627,30.252046489337665
15757,44479,20.77191825131071
27311,42119,86.85964993339785
5246,11279,84.2095644220935
36633,2448,76.13681441090979
24891,6398,73.87003950862876
14695,35979,53.24128797254329
71469,41716,51.19224209863698
83388,40011,54.91090218196865
1413,8635,41.93974531241169
38372,20834,2.5133431796615646
81315,24535,75.92495173962863
84224,1884,74.33109044987596
41767,5642,76.50217290302074
46817,35183,86.15078792415476
86329,45482,95.35536918295693
81046,45711,17.370805927166046
85392,47611,71.03102213965954
73247,10955,49.39546459220969
67283,32920,13.373394193891668
24913,5758,94.89320476060621
54303,43241,13.46225812161941
31875,6147,51.374031742714756
81216,19906,27.152364736787934
71263,24988,23.030573194458125
73027,18677,14.493907869165458
82998,10499,78.46796814509075
27851,4959,27.329376759599377
68959,41944,75.73433035980575
59389,48491,46.216090920883865
63036,28145,66.48139789284966
84741,17623,94.13481239597664
58085,33193,61.322009488435015
44539,23759,78.70916485409354
61879,27598,60.69188567070592
91255,14041,8.713742312410792
20038,15132,22.8419012325862
78450,25104,35.44016779539793
66933,36852,5.912187772328638
33117,3164,95.10301755097105
72132,46186,75.04205947512416
30287,16305,98.11180295701466
86911,25841,47.261496448678
18046,33501,4.124313922739615
50144,30775,4.881347361557076
40979,38055,97.71295407653143
81740,1562,12.658767376070907
83574,2636,6.686156973739211
90814,12380,14.715232649856148
20291,23056,25.11396812890924
88582,40901,67.8464782149354
82344,39813,65.63140256438857
57979,41573,37.93647539252722
89911,21398,37.791507254229394
19142,24401,60.11824852935676
63609,16672,73.3548548422497
77911,42977,63.698567265423016
21637,31474,78.84854635465057
58624,27514,6.130527816085872
14335,13391,31.397632125010993
27088,18549,6.816338288864207
45438,25415,9.915033497389947
2662,4882,54.4474420746758
93810,5101,75.37858475965298
47967,18671,57.66426848850903
29137,2602,1.3364284185283843
38002,3250,22.992943701410784
11734,9813,35.44064293517412
94094,42948,18.537196553602957
65448,30782,95.04740804466223
35477,2609,91.78463975570777
1679,32861,90.10836843397739
27458,7548,15.561472987019988
54843,9744,8.013512169686104
96951,13676,46.55377795487977
38245,21381,32.89882028502013
53342,14025,19.033579850166078
37837,25768,73.0762073917366
75529,42701,48.703911369686125
15955,13228,26.8040270383027
34041,38517,43.83055328126428
94968,21856,93.78206101011156
95259,48299,69.6398397514569
66645,16772,67.48333081595659
64428,34509,73.72448874207373
9092,35217,46.455015944947306
56529,30005,1.9841339357117833
69484,1314,76.85475194817266
74830,2426,72.14978820425802
81378,28482,88.32222914491577
48444,3430,6.726585735624231
1450,10332,64.22789742163135
51219,38154,45.300871534798446
65639,6573,22.629865479058303
30075,32671,6.399070190556371
96095,21519,69.47447941763319
77500,35568,30.851454342783956
90841,2895,63.323350971647514
40543,10846,73.21238002042293
26358,47530,13.40631315273625
17224,12648,59.80791852832914
53908,21119,86.54920196155035
91390,14572,11.578843377715486
36535,20046,63.978758950816996
52915,14855,57.555716006571984
32222,32561,6.1651397199715285
43418,4417,63.4414046309179
68032,33138,62.07457869439374
73736,9094,14.749254339253518
58846,28759,16.659647696897178
90589,25797,74.9507483945816
17111,26610,34.67460365897469
82925,14105,66.5901408097916
76104,36914,93.81688640121632
64620,14292,79.8846371838345
26165,46467,15.37761134775304
63607,21783,76.30692764614582
58411,3960,10.75851591657962
1889,24139,63.471482847694645
74858,30081,60.91659987336786
57993,25537,14.76775460479429
71934,28595,68.69225273040104
22626,34794,54.413828504409864
42854,36516,75.24328536907315
87791,25769,69.93664178372562
16394,25373,75.78760606724838
25284,8629,74.06626496635685
38633,13687,15.212645427289768
79341,20038,34.7436956435499
54585,28893,67.30209224862848
44929,18586,67.84370800007999
23298,42943,77.02071176486815
52763,15880,74.84902519272993
40889,29674,24.382532945907695
19024,8376,65.22713127987714
18193,16290,43.465348078061076
77215,536,3.3599466102134423
96689,43499,48.018232780113046
39850,39240,24.775057224411324
74467,30698,65.61421853318743
19154,36849,24.555330171220714
75059,462,38.345285767511804
96848,29657,72.92989048043734
72512,3161,78.23842849507818
21775,40270,57.85213134502709
28339,22662,46.51487888151007
35504,9918,27.053234855927837
74304,12418,54.85019372241027
23675,35748,27.064042599436135
72316,34710,87.56738928482193
78358,17597,63.061349522300176
89055,24605,52.23162187145189
48060,47561,30.674679502582133
42329,29908,11.654539442890124
36059,38764,75.93304722953583
23550,8578,97.14130070300745
47449,11909,54.647043853429956
45180,9897,26.92445849829216
31483,19163,84.78952926337048
26478,29773,11.526000972105319
76961,43357,74.99841330388446
69855,37769,38.67198994508272
76622,12113,33.43477636869781
22225,20317,86.67384874682804
93732,5336,36.45300018305578
71008,5501,52.81399194971092
62962,2002,25.133950109774286
44705,41344,84.9775836516809
89271,44348,30.37856935291315
38528,49771,3.7135335029220062
77109,49213,12.11014821533563
58734,3542,58.590009890742756
39501,11966,62.63835661884194
62827,23206,34.82877349092302
44436,27889,15.270139491157604
43565,15393,64.96760933914165
1087,16050,88.0297887369731
70900,22976,45.95662559039091
21041,5477,7.246825785263458
94537,24997,33.3005902385821
50569,18129,43.190081367282595
98254,48901,92.82154525322483
69931,48389,16.68313987114983
80181,22253,10.213164427605674
81303,48246,22.785082747269595
29647,15214,13.707345968494153
27318,16167,44.10341934794111
7622,32303,43.02120771841554
36864,49701,11.311104688296943
26098,43867,2.4787787444791882
63569,41460,2.8046225708580392
62282,11874,26.54955008842163
56844,10466,73.56387392001457
53875,21821,8.568466266401154
8402,45685,61.55558434381351
59458,29375,54.26412756100676
80757,13016,44.577892202540184
47040,17995,22.54329361199011
73215,39779,49.837456853948886
94972,21117,45.206163548465334
2787,48515,74.65352030569612
22936,19693,86.90550694566983
83637,26813,45.59387344019969
2509,30080,81.57074320295507
61451,30496,87.51584162943054
19946,1697,57.54907012859865
8514,38454,47.61621676861244
23072,26967,49.65898762421913
59691,29244,8.4714628666582
17635,2355,67.14029610610163
75412,40797,32.50158200145668
16514,18825,12.342613511107452
34175,9809,16.729995017017114
13550,42418,91.41679615708736
65175,45746,75.50111449132733
23047,31483,72.82777574105855
90361,26090,96.10041416625484
56074,42241,4.000968552553118
8989,6203,59.462190404847455
51716,29655,81.49813413559616
75570,11260,49.06827979054612
86857,5354,9.085572118569264
59010,22071,82.35406609416694
64014,1067,46.19045174946589
62182,47892,40.93516146410916
73868,45327,14.24722108866598
53592,31183,48.92246393044075
23517,1993,44.427091901875755
80025,15014,55.90881327917123
90190,23433,55.38687446397127
77196,17066,91.4879180786415
67807,18477,19.990870680867932
73395,17814,82.73291545003693
4609,22471,46.07822015124228
30247,10169,1.3579495228195615
66801,3186,56.440562541985166
93945,13626,59.396748923060834
88889,33545,47.814954328740285
75076,38999,8.00287695118738
12668,4082,65.55462264085678
18427,28615,31.193890634013055
26758,5595,42.879649785794506
50257,45893,5.838832910981791
15060,23843,24.3894584586412
31500,17844,58.334780112101
87961,47625,49.51611029045282
43902,41294,44.838930181218835
6097,11049,11.106820842070242
19632,5752,34.14065535150563
94102,4538,94.92126312086965
4720,31524,16.173330733743114
9944,27106,28.40866926681015
82823,260,92.23560816666519
4685,17647,20.064784512041047
90792,3117,81.99088308153907
62503,23701,90.04125454865536
98961,41184,40.02062744742706
5153,10019,70.19955757089768
96343,8825,14.925498847829067
27049,20167,22.705804775525223
18604,4399,21.801028146733966
57474,11107,67.7734636398035
57853,22281,7.872719232126772
68040,34922,70.76056143636038
4750,3180,15.830129988867567
2723,1163,94.4775976786104
26229,10755,94.83248653825278
75175,32454,14.035210124856516
71088,38989,6.024598513152776
27074,21574,5.400651638202546
84063,8574,85.10802631578498
72056,9153,45.73598086751201
61501,44245,32.792555626323264
47685,49796,52.878975654718914
56105,21333,22.34643199910334
30766,43038,35.35412265353326
39033,46507,29.1530723519688
69707,47152,79.94873242438095
95877,43681,71.94030987735596
22066,29720,58.0291757853774
63528,3551,20.302703921701337
84541,12196,62.86905054569886
90450,37565,69.1546608624773
31205,46794,25.589247508375998
80958,39060,58.57405302807872
50932,25147,52.16600461851275
10962,23763,63.19864262616316
53377,5986,43.90811170050827
95066,17768,1.166164632369144
4718,9161,58.394190016437506
28739,22284,46.43211399212437
29344,35986,82.19858552816527
71694,22002,28.396447299508573
93773,28061,37.141804560472856
35451,29481,77.37052802054613
32758,24402,25.51159492000896
2553,41791,90.17471756619787
62681,14158,7.3241194710371875
66237,11816,81.26107301684371
80722,3663,54.77069767571934
23886,27675,94.40370191180591
66841,46826,56.13715081755555
66670,7430,36.93692740580552
99399,4155,95.99858975659951
78363,16895,96.82348744123246
71350,25613,8.139333638496579
85287,17050,72.62680346423917
81371,4499,2.700581020482404
18060,13041,79.84485003442472
8929,17509,27.8599726462874
22202,3546,81.54616212240245
3657,35762,63.174362893672594
44248,45748,74.26253023812993
22773,5905,7.324871901450578
10829,18143,42.02588126187638
7705,11484,71.39360071672073
62442,41646,97.67977321994925
13499,9558,3.3755545310456294
54524,47376,9.460835400072533
4074,28458,23.210439278131997
20496,36983,64.8723886901503
6560,34942,88.48413937559654
45679,32424,5.81692064878432
47494,6439,36.10097153991326
99642,42441,3.8681150859293094
84131,27888,81.60463518295079
61036,7924,95.87425061438724
66762,43421,10.294808867673432
45796,35678,21.27507347396154
54917,155,70.00992144470563
31970,6787,33.25628819974978
49623,2928,84.53523641081412
96257,26204,68.73511292247873
90987,32117,61.81147495490537
84883,3714,5.68983249000797
93053,42403,23.92556667863312
14646,36241,84.43768899759837
14103,22167,78.51337279946033
93350,3524,6.026304724318687
4125,29572,23.396384748030044
30132,32468,14.474846623369922
56477,4791,23.695746278153198
59668,24412,80.16507164756177
79944,35172,29.1970805784969
23956,36153,84.87082830489955
25667,21753,21.909889728910414
85855,2168,57.69059351801629
99805,30726,54.05590562908432
40853,23032,85.59665369653808
15966,38201,7.19601497513197
56497,42294,68.1576623539561
38822,49302,19.536110259542408
63589,16669,96.31610440042226
68286,29293,59.999393974218606
98836,498,17.183920311255676
84399,38680,31.32064545989018
60333,31553,26.31860455629314
92537,22971,26.159539343998105
92549,31181,76.12159493887786
58286,37030,81.35593413524568
10996,25957,72.03480898782428
83562,942,40.96108957313616
57600,44359,7.616509457243831
52117,8322,59.953847814328086
53960,32516,40.61707780319106
12369,43383,70.52317789588233
41993,14995,61.02559365058148
35818,29459,21.04653188322081
28218,6054,41.61529415534778
24941,35764,11.026133349004617
3593,19459,84.24173604661418
33390,13973,35.99125142621734
71245,26289,65.55805920240488
29683,20496,88.49737406402451
44249,36057,21.031863235831167
76800,27719,42.65530225516656
50030,37956,88.17562632719321
7183,45655,9.038016351129606
11319,11290,60.696683513113825
57369,26293,30.769225425685946
85861,46671,93.04748085085293
15560,38511,67.27605884571764
24391,40750,42.63128633089975
22452,35076,20.15495747150683
78028,32645,6.55927896350826
87489,33544,93.24718605534731
55361,16343,17.027847058310396
76557,31779,36.675321733517514
69869,15144,20.312215054015763
64210,40616,89.23491911616436
29402,35386,88.58483870080171
92114,12250,7.05242994750884
47269,43050,4.416363464936786
18084,4782,95.58625294338117
72059,11396,37.40979092678487
21707,26506,35.58989906206436
36462,8861,66.19983561348582
81190,745,33.859755420819994
2476,14245,41.8654526027434
76239,802,29.397458793554563
63534,29620,29.966384061986638
49047,18318,59.81270215594711
46066,17694,16.17381481161957
4888,18666,53.62139193599364
69680,31964,96.35300510522802
36959,29848,3.5234905113116612
46989,15164,10.006871075746076
26265,34786,91.0519659180603
83117,38920,58.67678346154211
14883,47433,14.43366232647336
68687,4746,72.9026931183386
19057,8691,69.24910777336491
42727,15106,78.52137833591681
41482,18670,32.28460306091834
74107,11807,12.698801976645065
1219,13419,54.76487472540546
90525,11419,41.570781964640794
62550,26005,81.16423836328659
23200,46538,4.079934179455321
9722,35175,12.51735387966004
96854,10642,79.88088215732553
71356,11880,36.75581836174357
13765,10421,42.88517732377327
61643,24719,43.61253635151044
42678,27696,69.90325239173973
65274,42912,16.574834497782412
22027,30350,98.11133201591153
58576,29681,44.76701856850585
47388,44474,14.265810685185931
94793,38046,4.570067324544399
31712,6770,61.64978060305746
27992,11425,97.12859810905063
78375,46498,9.71339909458401
25119,2901,21.822394659887056
36733,6551,91.32030766982682
49282,5273,92.8856659122369
75228,1188,27.425848614633132
68755,28966,52.06841610692659
52775,5558,61.036157646374434
87798,19333,95.3552826311242
77485,23747,33.21280567202685
83771,2796,73.10941019099792
5266,41321,20.73292928571467
76488,34582,44.03732794077672
95048,12417,68.89860452551243
78597,43982,34.8693302239999
19015,41687,45.585700975593284
32566,39540,46.954306566830006
45029,41006,8.952518348612163
72588,7838,25.280578048146825
6735,44765,37.43941192482145
87619,47925,17.019685852751913
71180,6451,82.24210117425484
34739,29629,79.41668046067618
63731,11567,7.519983657058309
38802,15718,16.144833481524774
14557,22215,42.71288204080581
49420,22641,97.47441992535627
92388,12503,2.7121850700178927
17815,35473,57.12245287657231
95263,38513,34.83839376590465
76304,48327,16.981187847155795
39867,2440,68.05384681074604
62886,11260,3.4671739514333435
79062,33522,33.99324882847612
30206,22188,44.16003379512282
51985,4434,20.360979265984334
56779,16943,39.96133382104945
20735,38514,41.782271942404726
50407,47956,7.596678177877486
91018,3235,33.569141476447705
40049,10979,42.57485554942699
68928,11480,26.792947978778436
64144,9539,54.37653596411067
30857,8859,17.78047096364303
3837,29985,29.401896417332498
81849,13962,27.905796614287265
25085,15858,43.95685297750918
66306,38917,18.207134470099305
14659,2742,89.91860220745595
89595,37206,40.462284847388844
41013,45590,38.62820586936544
44973,10092,30.959824424804925
57239,6707,32.56757607220493
29086,43598,68.12745156489163
43286,47452,47.69813572468904
69054,34296,34.267022296212474
68092,42855,87.85025704462062
53029,12230,39.93954875260678
67602,45795,30.88434884107962
38048,29153,64.40071693591243
89011,27385,61.32486925672487
66686,45000,81.8009919149133
85448,13099,37.16341083822073
69496,32552,47.51931299815956
12807,23314,84.44371190360427
15337,40538,93.77011921681802
3961,49668,60.92712759748869
5637,46774,69.6035875543965
7762,38275,10.70121362231793
69788,3441,27.465100400996356
4922,27568,9.198614785007418
42768,4078,73.98845163703952
75698,26649,43.246196100257364
39646,1363,23.856432408500705
1618,35474,42.57240294240402
46324,32204,68.5348577117683
58582,37401,95.84807060176053
86134,27442,18.93859657421189
21668,23213,61.45161072205762
67955,44817,32.639334452362604
88490,16476,80.94669807691126
97864,31058,94.46658598256779
96300,35904,82.92277698282987
73347,7452,38.88502950857232
20143,17562,65.71692780977672
91741,16942,83.00739308252552
7939,21886,49.4228385697708
79101,45704,52.76541951504353
25227,46806,55.97839871972124
47794,49985,17.55693478967631
54092,46597,42.1114634573832
5143,10109,20.518980681946143
42834,25222,51.51072244790372
64927,12086,45.672095647100235
57683,41544,40.97270787943464
31731,4425,53.2240321158852
86763,33231,84.21735564189275
14298,47617,97.42056387890658
49075,28879,55.81130535259159
11914,4734,60.272676919583496
59397,15002,40.228777600463964
26258,8766,11.6866705980775
21751,29562,56.24720403203107
56154,2500,98.18378133987973
79384,31532,69.92777350944162
83316,19891,54.68913169148466
75624,38493,82.61509135897144
5572,42375,92.7872928066787
92918,6797,92.34065223261378
34404,36365,56.05549222145992
53263,31420,24.32315057295938
6945,24791,39.28359792661187
13839,5692,49.623523782735965
79988,34297,57.781883175600825
50340,14188,91.17835403436959
24229,25090,67.34026564855107
30212,22237,60.34046254667524
24565,8248,40.360006289990224
71893,28899,85.54961060544562
35904,4945,96.14883822636511
61092,18011,3.040497631622654
55949,19481,20.653404469281956
92912,25110,47.67723981146001
85424,26896,97.92745706790686
71883,31167,94.46307897682081
1959,7537,54.961162664511114
54410,8247,70.26950252314374
86251,37516,60.557319954541754
25138,31115,50.51215727704095
16145,10670,11.877261815081463
40046,9620,4.380179219370615
73016,38655,43.892786288736254
41746,3641,2.123024345171419
81098,26441,32.69255203569432
47956,25509,97.98703530248623
28009,22314,5.486441626665725
76688,42094,10.523149541816343
51595,22487,69.8415404477951
80454,46218,10.551723845438213
17871,34405,71.31767583776234
33750,16840,17.95222794032002
82228,17218,45.293936862237075
2863,34373,61.39733107571144
69597,24466,61.196713644107895
66049,36146,40.11983223100763
87324,7273,79.33855967561782
97398,41200,33.27949413815849
36586,32366,19.251512698567243
9227,27474,54.38451400075811
23092,15165,24.060513963207764
71142,2477,88.55523725017173
92319,40625,91.3436344900534
6798,20149,48.228035107315804
78875,11088,14.869267572443434
56949,14677,20.48374872967892
94107,42931,12.551805446167975
10251,19644,6.499857862875473
86614,13877,61.75962677194724
84073,42365,17.321864070477034
26542,13479,66.58331996850916
57182,10886,36.290792380550556
4122,23099,73.60517666017321
56233,22254,54.816259195660216
50042,24322,48.52773248650725
22380,16439,13.102396196676455
15335,31716,69.63512731547323
1064,47200,68.27680252766835
12102,29829,84.49886031052564
80499,18072,19.853689089922653
98751,40877,12.134569755874509
43877,40631,33.22815469048349
74022,37004,66.22744987349218
19004,45749,34.56959693944284
23347,14316,20.08783623850374
94526,870,11.044932406740495
43585,6416,67.0287247015102
43748,39672,54.90141227453607
26614,44528,7.374791552630507
9513,11322,23.0497503105602
91651,37478,52.357967881158224
29954,9740,98.40532763803209
6176,7722,67.65156004974286
30690,4499,29.119986028395974
14393,19099,92.66481538391113
17299,18796,92.76174964746639
29256,46523,22.141944823356244
84157,25488,49.662633647151516
10104,37735,27.21603953196495
2799,30137,83.89553054225897
9217,23360,30.09250075567863
31547,44986,4.768982014868352
32893,11705,48.54820739568994
76780,46176,57.56590048659373
3996,39270,41.51669306375939
45801,46210,87.92067459817305
69401,49548,75.4483743518439
11586,10366,82.08800752961855
85235,3842,48.357826262872415
41259,9028,63.268771371831775
62530,8591,30.46757779953429
83351,28978,48.25775938664501
51841,34456,14.500748809090524
52962,46001,39.48753228970733
53193,9166,4.870778249479988
28139,24947,64.34866193918181
80764,3469,82.9095824440667
7230,33807,28.991923627849012
87552,47478,85.60784237842535
71779,35577,96.45755811776317
53250,27718,57.53088831495045
85427,31919,89.16573907707348
16389,13952,34.14114715452995
87665,7979,41.885035531942705
61734,11864,38.021149209287124
17292,30024,68.61082415035101
25110,15175,86.06746273601223
62957,24969,64.65983838036897
11066,41077,30.076644104826507
33803,46987,49.635402181768455
67688,34934,77.83028761182129
79676,29455,48.24417361725988
27084,21452,89.16050020177916
27635,11026,36.39287442245045
91508,11127,63.084384832318015
90779,5335,13.68856313567303
33722,48985,33.224297170162586
42151,10871,35.464264287584875
58917,48731,31.88578393078333
47716,515,12.544919059260863
37784,11761,47.06609717132627
82578,34975,51.114309941892365
20665,22422,44.14638930409451
48010,24570,40.573938101275424
52342,19884,1.3783343223503393
97689,27633,64.47842871059854
22975,3609,94.5302898158991
26519,6949,15.453629523002109
36006,34777,93.62535647535304
11465,4810,47.20311596257334
78573,7555,85.87127918608273
50961,30761,12.992384580567855
78043,29882,22.099010354773785
53124,9970,33.5489754366013
21154,14629,88.48499884820242
5993,36002,80.70771968396335
45565,31694,42.57401004526045
68075,9582,6.59081712383045
87879,15082,5.316219960396261
32585,961,43.097986100903725
68270,7805,75.52501340944391
46070,13391,48.409114506957586
75879,6152,42.90717815077587
23432,23355,60.616062181351914
6813,27842,58.03116806380106
72483,14710,58.07772315856365
89799,47152,57.02071842738671
44446,35245,74.46314578758401
3522,21766,69.05827339557621
89572,30699,91.57587251672625
68710,49953,5.508599710444153
4181,39817,70.45755943589276
54488,10571,76.43658276569418
47866,4675,2.838493483800563
64304,45140,19.605151548143088
8818,33694,35.545426896620945
77704,15769,57.846587010050655
89468,27022,55.74063271543812
73819,36311,25.293547795111568
20622,27039,71.68031114141274
61085,14138,4.582479451068066
27416,20231,11.212137067202473
62662,49485,52.030602421805895
22397,29607,44.63925592754678
56027,33210,41.800653580181354
15471,44935,57.059629127719035
87934,20370,93.11740833988028
43079,5788,61.99076256766311
87936,27704,89.61200566021337
28042,9579,43.013867995727146
84319,645,29.68314442958124
21538,4711,42.8702041563273
16014,45838,52.80045417050961
76342,34212,22.11928606242478
23262,48671,43.43251955859113
80893,8948,55.878489977517255
29795,29803,37.05471260775396
24764,42045,29.348778345523094
67992,29532,6.364096820853379
54388,30858,87.4124857256129
55486,29535,64.68144167505417
96833,7238,66.10514156988697
87678,21796,91.97980222180064
56764,32878,50.85225031131572
8290,6733,66.04101674561392
44772,48926,76.34767686617414
57066,25784,26.387147324139423
46974,47392,26.842605275204722
57210,47701,53.99975987436507
66401,24178,54.488793718340006
59830,45118,87.95071217415703
54221,5452,6.0401573258569545
16019,48482,74.97271692215718
62342,48263,87.42164995176554
1000,29197,37.8570310588312
74212,31683,91.44846663005002
37510,45099,1.7859185919150797
47218,15382,49.022604279307345
93181,4680,86.11150564910723
78633,24801,31.617408238531695
46730,40373,70.81943050740664
55996,38812,13.833419085962975
10048,5512,88.94169835939343
69346,678,64.5174516670788
92286,1298,65.38374760309075
73584,27212,30.68869764592039
77338,25449,59.502505122521114
33216,19006,10.361531313238586
91179,17559,42.92951961730018
65297,21918,56.195406955318816
49859,20280,31.24019856615901
29294,12033,69.66263369822724
1714,40400,48.20907157291264
83240,36554,93.13032393823477
35188,6556,92.13016698396764
60834,37474,66.34283318555373
93693,28206,63.64895214348626
73775,32171,54.73853008907158
62990,45140,81.39302566059634
44532,12029,88.89840242328506
3073,15618,83.95831702517121
68089,27903,36.08717835484581
27980,45319,22.63031291942526
54894,38598,24.18104876234377
77446,35116,29.742198286706017
47456,49943,39.73196645177661
66488,17776,88.66478859110009
59137,46553,35.674854626256874
17363,42488,57.32843166894442
33429,23476,53.426016327540346
67347,3450,47.27981595183026
34913,46100,62.43640341852719
75754,20542,41.551537320897445
50793,38722,47.20669017109999
83859,40252,34.79690173464796
4882,49919,12.165086533988832
47506,21962,10.761643572251753
58084,10809,5.656766485277002
38025,22548,44.274703186671964
85522,17193,91.68169695836976
33908,45116,74.18392061135128
92686,33561,15.370860915718248
33978,2584,21.244844651316125
95972,37204,57.966409655251596
88328,15306,29.07683633535756
95688,13405,12.896957452858443
90195,29231,89.4748110969856
79620,13628,80.98405587213941
54523,31449,92.42933340340656
75320,18064,59.97561387384734
47574,28003,54.81929470800902
40418,39974,88.96323919790268
26158,33740,95.51198967066091
60496,38919,56.42737465417202
90865,12025,91.25905971385426
12191,23919,15.269756778388071
2942,37211,29.798884138659815
92134,8421,80.65445339196873
13104,43974,98.88146063623078
63394,11856,41.79578731564345
65846,5448,23.82517684298088
97723,8871,58.63720381543057
40375,33361,3.194030235358574
72711,18733,53.951962931805866
41100,23001,48.175212175473625
2746,9831,4.9710102922602735
8035,2393,21.740598353820804
28128,14007,48.82370329366256
81556,23164,15.757202516458811
63151,43587,43.90078863728895
3180,45721,83.63240153640113
48668,39422,62.37398332791601
98076,12311,15.213834683228455
43846,25293,8.058799168407393
99378,21865,10.663578221320462
88264,19681,59.08455670544317
66184,40574,34.84076171425881
81585,6580,34.03264284437297
57988,43077,25.479599061799306
17215,36519,11.520875008381825
45768,35525,17.770587161072935
67404,34597,47.11119011621243
39503,23221,27.83328008310837
34915,16181,73.77376265836469
27923,40063,31.392504745807116
65349,40399,50.902897890197906
23800,35191,24.915761085515932
41171,41916,22.603295817489006
87027,33367,88.8400656691129
31194,23135,13.232849422701774
52047,16980,85.93045796026321
52643,19781,24.64677163180415
43897,22469,76.17000118157391
44868,2497,41.36999242063006
45763,19243,59.53424021191753
47039,7041,60.390425153228875
22030,9037,6.957225122370689
27657,3504,13.404214428277692
25294,29018,2.987450067650556
59650,7125,42.55192833199903
78910,2080,88.76217300664484
80571,15195,89.9868658441447
66908,22598,14.831457015933138
25858,27789,93.2333021249673
77207,4872,46.618137363752346
58665,29055,37.82345244249331
19321,16928,24.619571432270774
74442,935,42.26957465447954
39797,38665,42.064547894098375
5934,9566,71.33252322249244
60433,21863,59.584687283085074
10906,34434,10.694305620506093
99976,12447,36.98277889070934
4703,35983,80.27536335217918
74299,42089,66.72521434339887
50258,28105,81.64971985103925
24508,15757,50.08392368754276
7932,46043,65.88191558323307
70153,16499,19.314342761309575
55019,6551,33.98923430455522
47518,37880,39.12688797817602
71751,46260,96.78373266177249
7562,39027,94.80903463897762
6244,22402,79.1153396562357
48426,44103,20.412761447280786
52381,15565,76.79240144363158
5885,14759,59.574530264305956
73511,40558,55.253592176470335
37435,41319,17.625902744880438
18676,29304,55.24606981579426
40073,13307,49.00306325428661
16554,20501,85.9936344997947
78522,39866,22.172590146205156
81096,3442,63.62750350932329
57875,39676,5.244404396706618
82406,31989,44.63181631687259
30801,23024,29.515290121720724
21636,27609,74.500497407918
68194,17638,15.131731775601796
17375,16334,26.116242410032548
89435,34133,95.62658253722932
48212,35422,2.769539984655194
4153,5822,33.570955785557594
62312,16703,35.07818398265485
77750,13789,12.715464359566639
93014,25847,89.14861288958122
50155,27697,60.125199385895
76204,38915,62.96196663501237
12471,20056,76.65194052043874
38021,46262,1.2519408249154544
22804,40510,79.9552323907402
51040,33226,82.61368076131103
70936,26785,29.772220639802008
78611,47135,13.38191696019119
20307,29465,5.503341961821004
53420,21484,19.65733407402073
79859,46589,50.11456179282398
54627,2671,33.997284909308966
84018,35111,73.86221571689804
12032,49596,48.56863760820007
82340,39965,17.447234780887307
81841,42852,93.44512420093758
54743,32409,58.21741880990488
88965,35157,32.14120908789289
66189,9510,5.4649979209962645
48257,22859,40.62702061213067
14387,35917,75.36453563868717
32386,5393,40.77945280303878
22834,38328,63.16926993414469
91031,11765,24.930340498289652
42015,19755,40.92425609363949
96133,6070,70.61050308616973
52741,42575,2.4716685643393506
61452,14035,76.22660460492916
43281,8373,98.30316826948903
32903,3485,74.70803023085672
23281,32934,48.1626433442699
87176,28076,59.03018676728839
1260,34059,49.87549761074974
33642,28774,12.83493733234209
65330,47847,56.752323546329755
86873,36897,39.424796231393806
70787,11567,93.17048390847039
79382,23147,72.13145227843496
49095,49234,70.54465437110468
16708,10090,92.72289302016607
94087,17048,53.52532857239786
21439,30416,16.89790700642254
99331,34806,37.084426608171825
34594,40449,48.108383007658645
68739,10964,63.54080479862706
40596,27956,52.940194615680205
51007,4119,25.28242235834447
57220,27304,19.727896425675173
2525,48973,23.035296870078838
91462,42407,87.76758383356403
64588,48772,47.57536501415083
45586,10275,73.72065960315432
37054,42767,2.4463450577996952
5500,22969,38.80609563560821
3307,2777,86.12252592435101
77001,19474,21.784934267119617
25887,43828,47.47018491813368
4232,36364,79.56677718138496
10545,7349,38.19027610185668
45119,15862,8.157512083070571
62548,36252,15.343864528192373
53822,37527,55.80370022054111
59705,30648,97.06920464431144
61499,46301,51.644791154798924
48189,2496,90.78609529810204
38678,12602,70.11161777027428
52142,38957,68.72418752349616
55170,39073,74.64032911714968
22409,36418,84.62515768764683
84180,11734,56.840742480743415
95204,49119,37.121978047749415
91346,35507,44.50882085778719
90208,25292,98.21971857742953
64212,3576,33.03859371932326
83995,27221,15.708264620910256
79755,29387,92.85725243094257
54427,3300,93.07276992489875
52964,21699,79.64202729401138
65503,34939,74.86539074655313
36134,3107,44.83678885036913
77825,38437,56.07678751202302
23143,35962,62.54269413492047
97068,34638,46.83302245498752
88756,40192,8.463909464175504
59915,3232,34.615714213502116
71635,45863,14.190444315924537
50519,34055,76.83607805927333
55965,23603,13.474537007179544
45728,44772,87.9316874703529
58307,28877,20.057561296453628
33281,2421,36.59339837103286
68314,3465,66.95140601138067
93270,7282,26.876030301184144
91423,8034,86.11660466116471
40912,7598,39.86417809376709
48799,43891,24.895238442378062
72265,49639,85.74460389468585
63082,18953,68.79714161873363
83734,45869,47.4611737910284
40679,47628,19.437447482469253
60667,42107,29.139750012365127
1164,14740,20.378252040015397
34414,27083,98.12349423763075
14782,41617,29.189790675113688
65162,42081,10.7890838643947
71811,603,76.5933260133956
31959,47341,21.500002007633785
75072,44647,84.40423845225074
49553,24440,46.66072305028322
63817,47644,3.0398856799801925
24915,14689,88.70813534734717
57920,12252,93.12401257724636
88441,1574,51.24480791416191
93391,19893,20.402576094886193
7729,32804,74.45051159706368
37855,23463,54.739938470214064
82609,2776,49.906223485663034
23802,26998,29.721770552231835
65439,18178,20.90653560043265
58829,39259,66.9125141148604
92838,29257,62.23104394179817
29977,25939,16.906045777951817
56472,23372,25.680116206591766
17392,8300,77.90168008542103
35477,6122,72.67101970400252
71968,25260,93.19422067530388
91712,1068,72.40562404277767
97714,44166,98.22603249156934
86944,30541,67.20125662719184
6148,44352,1.251814960841582
65596,31398,1.3501434292816052
26306,43372,2.152510797057687
31599,8460,74.88991968771056
44155,13185,64.44703368570333
73080,30864,50.05494308628132
68539,3733,33.493310950790686
96270,28786,59.84624750256831
54345,19646,97.4662745778698
83470,15530,89.31819711216123
68067,28827,83.90123131778446
75733,10639,81.5880220792898
47163,37237,13.428075835083149
87457,32278,7.466167530357922
2066,32038,40.510785146881716
23762,6072,83.11066345481784
47158,43584,52.77891816272095
28212,19298,84.03755689519093
3476,6296,55.517490366714334
82037,2916,40.388923854835305
11089,33587,95.51111235502337
34708,12121,16.20733073540107
32862,45115,65.45938401797348
80948,14290,2.803461533004075
98304,20881,81.95382748155228
1035,23852,80.93935877254137
67282,37711,96.55485863103422
21011,9885,56.93166890252433
59471,46529,66.32873815788517
74249,34372,52.20520849583173
53119,21649,63.394628789618324
58397,47661,48.61338085468637
99254,36896,81.63225844147325
75223,46677,17.564778179087206
65897,9599,41.75868280189147
53298,30204,54.45124352998272
22145,20070,69.28553767025515
30592,35428,67.23597171485174
91659,33420,7.761933043762996
75640,4512,46.23981453867285
41876,7956,67.27744238980421
92096,6301,66.98889314946817
78926,47807,61.3133624309833
25267,40490,38.91404024067651
38122,23422,91.82435760173334
78994,45149,65.14116401044548
35578,14323,97.82298069966838
8788,17568,30.235260317147816
59447,27855,74.68768662266055
55871,2862,78.73337760938834
48341,43313,7.279449965486596
47951,43553,53.96479900608177
78918,22820,90.20886657990528
56269,25176,44.65490084708968
6219,4115,18.19890584196515
27947,47404,64.49197856605059
36957,43618,75.66381038324498
72915,32581,63.744081754633896
40697,35960,22.955547979253343
50786,8676,74.06135868998831
9618,21697,3.76055248060577
55777,12340,25.96813376013854
33858,28199,98.77733703213205
16011,16578,95.92701295383215
61045,12129,60.489032881619124
38460,1930,24.116369414191535
62005,40598,93.12595466619928
27525,19066,93.65078012493873
8347,47325,6.854111626412677
13609,44990,98.00608237431767
35822,29085,76.21640239046522
51856,25104,96.20532704088443
36578,6214,53.41517432298522
80294,9655,16.515413987257155
4882,20590,84.71485426748933
90899,20904,95.0882405445892
94705,20825,19.767908800352668
37483,14899,9.595241314952535
75641,43905,58.0381264936889
78829,34865,62.070443589846725
47616,42620,4.786960186751115
27708,6299,97.69168892729233
34181,12198,22.99065184768768
9982,41091,81.9048462798649
19124,13545,57.997690338049324
1363,7209,76.62695662770665
27207,12077,4.308764975117224
61434,46986,18.408868647422732
71586,39049,9.121742444075148
11649,4352,30.77657067004858
29223,28208,66.45204873694583
12666,5130,63.4360747551553
16664,40180,15.937099597927446
37793,12909,16.588613122853467
43528,23219,81.85206295576988
26481,41795,75.18090339567733
49756,34145,12.730448292350118
87235,23120,30.951444286383825
94703,15373,67.68089456583535
54050,30256,90.72821640335583
23756,47831,41.93316471610054
86917,47239,33.747090124854715
38763,24947,37.297149109379916
50982,47821,75.01680019832118
61840,45170,43.04209638934354
71340,22623,20.9005734178018
30490,14205,22.024260337339854
44615,27928,30.871329271751573
18871,48091,17.632482049423004
36334,35911,95.9332983083543
77046,19552,49.72626051080444
69248,16995,49.263694900106664
50605,381,18.53106746431748
20902,13998,14.562723478723688
97657,14677,54.1959742398942
16215,17301,7.909612840973702
93381,4021,4.436169853022113
76879,18273,96.93272002596167
63645,38568,33.30394190061359
4537,28744,97.93435315891692
57628,20799,25.31622159554991
2064,49810,89.7493792385253
45897,21652,7.523800292905998
1520,9570,74.69165143081817
91180,5054,34.39176913091411
93803,22464,4.180720434957955
4404,43804,94.3506562880607
88395,21560,23.100832902628508
17462,45826,91.1555919679225
49805,43006,83.60411559212908
79583,13593,6.624691544157903
72975,25736,54.27190090001027
33123,33234,52.57903173584888
27640,630,48.01668294886661
20034,16391,2.4455900163194784
21905,29267,81.93467155274257
65139,5476,61.776472822346044
48248,43948,23.994055350317744
94946,5135,90.23965656344505
70221,3747,73.04784854853058
86433,42662,12.10530655054914
78427,34222,20.376853764784965
19697,26925,24.818204481375762
48860,43312,65.94487259710597
34816,1992,41.25815665302442
12916,28599,60.21919698510875
3192,11845,66.54202670745046
97156,47005,13.946086503177975
5214,40751,47.7732869565593
51873,31205,40.92025920401772
99889,46741,71.60442627714293
64618,16082,30.397161746438503
91466,35523,40.14829719764943
88826,12276,86.10320915502173
81397,14140,57.34115936141323
57357,48626,68.92202171837698
93976,31728,29.098159783554816
1850,21768,54.403846130376444
90733,47167,53.855928438693226
37676,46939,9.178860598679384
69618,41006,40.60594685104729
83812,44587,98.95829155655485
18784,18310,72.47674283519318
20093,525,33.28594709433032
51422,1040,93.50337874506832
50615,22225,97.84594334128738
18804,12600,51.78211944896162
19002,14405,58.41985897628712
43417,29173,95.37431114983258
18618,5059,10.466566568865183
85053,40255,97.56753569858049
71840,21720,79.58779252374032
85191,30758,76.4198807058047
79816,44707,25.814351992725836
62181,20182,28.09439557844642
8556,32163,44.339690904719596
31489,47334,94.18747691423549
20432,790,11.895608153038273
33201,433,70.94357318506769
82748,41889,93.30083057304878
89491,17707,1.110657085461511
20156,25915,9.603325416856421
47475,20854,31.384269852910215
84768,26503,30.5986182621295
25254,31146,38.274347021246896
12896,27384,84.41883735891443
43927,9572,78.36772482129885
14617,17247,57.5666902534575
44747,18159,36.66141491013184
92411,4560,7.185742146083478
19197,46114,86.0256968244412
92518,12212,78.34788529840219
73824,14417,33.56320372860219
71138,20141,55.10847517003066
52882,46443,88.90773825225017
82252,46201,29.733141634733744
61418,14787,55.53217654048804
61948,23959,51.14742802322071
79260,18156,2.9738027747181492
3360,36247,35.37485778845083
36520,42666,35.50413581871526
18066,4115,7.743025657749172
63583,2320,66.48094383427969
91451,27286,12.870666618079452
98204,31509,13.4326778452395
95529,899,80.25940069235259
5256,29031,34.721176845214345
34923,7521,51.41136958643883
76961,26658,28.409006226406532
97934,23014,19.58170130199877
43439,21964,63.91473778278629
94283,5854,89.72067746728715
7341,37395,81.22432476260002
53467,6468,80.48572470022206
99988,20766,18.10725371755159
75990,16138,59.3395426209486
48750,9190,58.33477997184071
97586,18672,71.90313793542401
28429,43910,75.12724065483421
22411,17466,50.628980338878705
38718,33673,95.42617688656772
40859,38520,19.749230403941258
90124,17146,26.29296464628482
5510,15713,1.7833138275722025
14903,9879,40.933727503912785
95767,43473,83.97721121880595
31860,44167,10.389796237215434
73162,32778,73.1093853631709
15219,8078,37.69532856310608
67939,43777,71.3475014686959
48173,16015,15.189044120864175
76962,44148,77.66917927276432
47029,12945,50.22782395728889
38326,498,73.36688831699561
32960,2760,41.53017301442583
11713,48990,46.90191599347495
5879,27249,41.51036186899193
36216,585,44.36849261986714
94818,14763,59.27221121694568
38975,35916,14.593938587144848
70011,42333,77.96817523365974
27026,24317,83.97256535199948
79869,22626,70.13249322752358
79840,36482,52.37987313864477
60637,34842,41.632397939775394
76782,18083,75.40801190076255
43384,4305,46.14416798944403
2207,25442,68.09152963018262
15319,40373,30.381077405521708
36067,1501,43.808908424806575
70126,19745,59.2926245647922
45647,32650,49.78474076214689
69438,31459,47.68344063922103
56928,38895,4.313793742447919
62809,43330,7.546591257759308
50175,22029,56.46430003090298
40693,34882,92.05450998275909
71744,32356,38.060358481539204
20307,4429,89.65937636741266
57968,24918,10.070133914361575
88539,49464,18.298430102118743
1864,396,41.192605490430445
72285,11552,33.362977775860976
74462,18368,13.712178379254294
24185,10289,54.887959228938186
97613,9618,98.31634421704025
72964,17559,52.779253088236054
45274,14858,48.13710550174845
27060,13501,3.414731593735742
60333,40116,87.74208614359229
26169,36992,98.91329976197652
92893,29599,33.6374798663548
45814,47231,28.840743820081713
64667,17724,88.71671090801064
70825,25744,80.06042053867073
83702,29165,26.766366217084208
94306,19144,10.645929539130659
73288,23762,34.2568110503863
35005,43892,74.66019929769516
91145,3927,85.26914622091243
1189,45732,65.375806356458
68467,6260,90.05306214402734
49420,12681,16.88592365866498
28107,17623,27.189598060516115
10174,17232,83.33587410914615
21295,38281,40.77754430736138
85626,21405,73.91965575057785
85343,30138,71.25017940883644
12006,43159,30.58650075294001
64060,19063,72.71870210206536
58037,22285,7.560520849373358
81781,7589,40.07879376826554
22535,19325,8.74866350306009
50233,42516,84.96117202761194
95654,9669,43.72894940866645
61694,16685,32.77397521466276
99426,48917,23.342351442345496
41602,11962,35.291949920023946
15679,40745,23.05419153261207
59533,44980,68.47463946230775
28682,13857,2.1824323450755583
73711,23064,86.57370928636345
17908,22893,67.87068650817
45999,46890,13.650655012572328
7462,24436,85.18895301776588
20418,7531,1.8433858206998825
69191,49153,69.52508626033334
7447,44606,67.21430630096094
3297,33843,2.8871830864942134
42572,4205,26.081601093689454
53738,36692,82.27830565520738
57204,33013,43.73473040611168
79445,21370,6.70186869856179
92084,39564,12.258092359346206
61634,32580,93.39471440156842
16030,41691,93.86997155848948
54074,43446,28.730878492357814
48132,2491,74.12401587857687
83774,10878,64.58983312475404
8903,3162,22.421254891094836
4563,30485,15.89906105135967
70596,18915,8.144008796774374
68254,41096,41.34073295236134
77753,19163,9.366558029674241
50400,20914,85.73345574336219
19015,29237,40.79979281076509
89038,43850,53.9729569190017
68263,9252,54.76998294516894
4718,9912,33.420541882376256
24694,9106,8.83402119839785
10510,46244,97.55398793046294
34953,8686,17.25193445694298
97491,33530,56.063772667513824
97611,32844,90.23925831396622
23954,9106,63.425531544230395
72831,28248,50.59722607507861
25832,46199,65.89911983317297
80584,42377,17.559668708103292
34458,17795,43.65358886382544
10870,26295,1.1209206682908066
31807,41160,23.713818203215272
27932,19403,16.763164442404324
87715,36036,88.03927141623511
82468,35746,87.07762598145656
19959,16676,52.301242673252496
74694,3317,90.29614051520778
80816,20353,75.7517140371611
99312,15709,27.60354813253619
59235,49981,12.433681703509926
34672,39993,47.42293716368164
59061,1081,55.51356972638143
23409,38873,27.655477103875608
23468,40620,89.7322527957416
31359,4489,36.55377319382205
89673,29639,30.4663333392232
57382,13159,69.47554153026128
62531,17549,93.86124590959676
3256,30871,74.51475678757075
51018,20275,77.56464473183098
23430,12784,31.72753769571994
91180,22193,48.539326727091655
32923,3364,37.05505207974042
51395,1240,53.013754357740716
24804,11305,37.80751362920208
82101,11761,40.87429969074712
80035,7109,49.46017361624554
71483,20923,84.16086051309034
64010,19263,90.5651378384618
97916,3362,88.74486592240636
69101,1174,13.130488684864929
3262,30330,70.25292162516885
75558,38094,88.5863813649921
89061,40360,30.883523346722537
43617,41488,95.05284531326855
65981,6166,71.01188002721767
54778,37651,73.0682044367454
47181,20553,71.781214778734
83862,7039,70.85164720078807
14134,911,82.27312757465805
35099,46880,90.05223944827968
17347,6777,97.79763130043054
43517,2504,60.64218400024019
84066,27732,75.07655851118867
97231,11746,19.189823614193877
52985,28396,15.620977014868341
59871,27427,88.1033541355214
47678,6752,67.98065254495347
90884,22868,78.42317884121404
8623,4428,40.778205088835456
41583,22406,38.73113702342728
7224,17160,45.5238774327029
12160,49274,39.04356956502714
99412,1263,7.812486334596786
99088,47333,34.1278737000551
8319,26723,25.896276079539657
50784,19508,66.3542587129613
77877,26173,18.183395968631828
69911,19754,92.03245400925583
43086,46645,71.45471266952293
27884,43803,42.549155895978906
37783,31803,61.383545179172465
57075,350,81.35487918505996
19436,15182,66.59355268508922
6342,231,59.177177958183954
65652,694,19.479524762275048
68877,24562,66.28600058597357
77446,4051,22.58081262573381
32504,47909,40.232206864287356
20872,1245,73.82260152079097
56248,11746,40.243884470182955
83634,14865,84.49006814117524
22225,8267,89.79786603301561
45524,20652,66.88337633281633
86520,10973,58.110102978533895
79012,22948,48.577653878448494
22233,3067,51.493839211427336
26735,10503,95.11512190886606
91832,4109,5.757294530121311
20884,10264,53.73748452079374
66987,7964,29.306109052076653
92446,26037,77.13090724286504
56988,37229,54.48263996823463
58757,42785,48.96272586310789
17241,8200,69.14561230922332
97163,33838,25.726882398387474
31841,46889,31.961687707295013
42587,44051,37.90731459060248
47315,20281,63.68528921425045
45354,36348,60.94974585529613
75822,16021,30.073694005873502
7168,746,90.77841605025579
47766,43238,86.95615193068376
65993,14211,98.58787957965723
95042,16504,89.2409456339518
68231,48150,77.94732850837536
91134,12755,9.430409043341347
87698,17716,77.959390002932
5565,16128,93.96398822879787
76489,7354,71.1229544019712
7447,23489,85.1526394981268
56463,12200,18.48801732072391
46978,25601,50.60854641922599
48107,24219,97.18855482605673
6581,195,50.00938704225607
81770,28715,37.12560350577162
33884,9398,40.91207194524081
18319,29420,8.911878669018007
85036,13966,61.15259000855912
57338,8856,23.960135133184373
40443,23582,42.092015925470264
85317,37143,47.99241967892842
20461,31695,1.4674875701855572
84892,42562,71.76369541753175
55836,45900,93.02513575741536
6989,47740,42.010102927693836
34217,33355,25.321508733088276
23075,8655,31.357225640397324
11530,23024,57.28163775016348
1008,3575,77.82519755640978
77384,44240,70.75594918064012
44375,44072,12.200886569110684
34957,25778,16.187198538334446
51985,32913,35.35942774980449
16678,47748,1.3965107392145877
44414,49494,14.697554222658274
12180,27021,21.028810408658817
58544,18268,41.29606741191539
17864,42421,59.19946990824514
61314,32024,95.39322426065773
43432,20788,67.20658162669366
55992,44449,13.49522917488331
22994,19237,42.697782002819686
37035,23631,91.95767743200928
94836,2448,56.66484812039373
87683,29701,65.21023932879972
71266,24489,70.71942973006558
74841,46354,21.428626388794612
28840,39094,9.024035639006232
80523,20926,12.15243477574456
40237,18097,39.111221612025425
34333,22780,76.48557899552647
47895,5572,95.46130451679822
59529,34096,53.58771304216674
8963,566,65.81238761582063
11965,40097,92.04153896151567
29782,24071,83.69050178121716
17212,37111,96.25296866547735
40261,49063,5.060695377336404
16516,46004,29.33887437912091
25211,3687,40.99409522100689
86759,28056,24.466401169799777
44612,43671,59.77850197311559
58454,5939,39.953799454650735
5622,40952,49.39437608208941
65684,5515,74.95697861338697
59740,31261,29.25044223080454
81090,34402,9.890344886566174
51326,16568,84.56425975953327
52283,34212,32.7358378135002
99606,48272,1.7280574246767009
45778,36347,62.83025943132009
59748,11199,78.41622006162144
50811,9133,76.51891562569988
61591,42402,34.06421514678341
40605,14416,52.99952508472536
33983,5111,79.17063857384449
42684,17216,97.60844988554256
29716,29551,73.82745817400651
94632,36801,64.16514434404469
99670,18685,33.37603176009071
52010,23415,96.49469992188229
7477,15494,35.700835388442385
68094,11103,34.22041256740616
94297,14960,9.733591109198008
38403,3668,21.724005082972607
52436,1244,24.817289668933466
46577,43212,91.49356477493387
85914,21709,38.025043494180345
72245,70,25.508180524397677
48881,20635,34.023047004391465
80400,46541,56.14728747957525
9241,19958,9.722394193249437
36043,29456,98.54006285351065
59820,41521,14.260626305011524
30194,12649,41.5904186074938
67657,8156,45.761413060449925
85979,1376,9.036013965730527
34869,25759,8.16488645691783
57986,15712,94.58821538753632
9738,38277,29.64767054946001
3151,21194,6.32244574015781
15122,14046,33.03586783126376
2740,22569,39.90853469082894
15199,32019,13.15760023450804
41285,46366,59.47003621592499
75725,13779,31.052326689281262
51967,10359,67.30617563162167
41717,13431,29.932090278873307
53096,557,59.060814278795014
78307,5179,84.45982878135788
86856,25799,97.1256710987717
14851,13803,45.99552526978433
78241,47784,73.62917179386295
37304,49744,83.39086634541076
12134,45787,98.02613417172678
42682,30609,42.09654685836075
35485,48554,46.062580535803946
71816,45001,89.03852580012041
51839,44059,26.143001861309695
10052,443,7.233072338569096
95807,13380,37.80907978297308
40066,1545,64.60015181970908
9575,26688,40.38523770186331
92294,33069,19.94726251370341
20930,30185,92.99990803524186
2889,44759,28.1796552908724
92997,49314,28.041910992689356
80147,47257,67.41011213280665
98981,567,19.46275493331907
84556,49500,89.45594988840833
12447,19311,56.634634170479615
82139,19662,68.0160244549824
33815,17618,72.8669694378198
81881,20946,60.86371265107761
52294,48327,86.03656849779296
28777,1219,80.3834442085778
60824,5027,85.54685504905189
68996,13935,95.70863792057577
84746,11530,91.04295372005626
22262,33341,97.97288339413993
42283,49626,63.25989547676196
10619,7690,70.59539533519758
20420,2301,82.04092862700841
99231,21527,35.37788358799123
23295,19823,29.37896773987692
14401,27247,24.70809790822203
42987,25997,34.26751462541583
12347,32019,67.04718951226418
47825,48828,40.90461250811175
87697,822,96.04427937710622
56618,44547,2.4733288492054073
64595,13654,46.0274032186332
73907,47621,37.91460676747342
53496,6778,74.30802747608016
75655,36066,28.893490214983597
59887,22182,78.9312909355407
14845,40751,78.26038656106573
54351,17718,41.01919923728571
94999,14567,61.18430711411573
53129,29456,77.33001560700858
66970,27324,11.993604123339642
15499,4628,7.1833284478962085
80118,45387,40.551849589009805
67824,22529,34.016191501233656
52683,21050,59.367360213231066
98985,1940,33.41319415160926
63364,49166,55.514944402205764
21396,21475,6.86987070208071
73175,17367,2.440650360904305
89834,8066,86.94535056586176
51647,6458,47.29991165341066
84502,9654,83.21758466008674
30408,10505,83.03054192241737
27505,47255,89.22238471067246
22058,26905,93.90226610106404
76145,37293,17.756541471164777
87001,39169,55.087619096983545
71657,25316,24.025709923643728
5605,20119,98.37231371218051
14478,9319,3.4617490125074974
69869,3555,90.22940540913716
7425,5996,91.2210964183959
73282,38972,41.38771511601488
47957,38463,96.80316905170072
27077,37228,60.895335237595674
42137,35007,98.34704372308076
19625,1210,46.77719791883722
72015,5989,7.713462834610703
94780,6050,79.92973568762949
77695,870,26.966404777199145
24655,34499,92.41098202875968
52880,42799,6.032666926926682
57291,44276,68.25304635678246
93175,40827,52.18296509560936
37467,2310,75.00774907630101
74848,38179,31.482610187519573
37491,41905,23.25579886421028
42234,1450,29.63912988788461
71620,8701,2.646488621196152
24599,25556,43.93897800293475
57064,39583,88.80196940259812
85707,14251,40.70817603193399
26285,40989,90.13327172906797
1195,7062,4.677066198810296
82102,37126,83.62849704246459
17197,18943,39.46061059450112
58488,42878,16.92323724911029
8004,35237,24.753173698050876
91333,16473,75.96799936125005
61591,25542,48.35674477244409
12513,13372,11.670016407431515
9579,25839,46.91908263781063
1269,26078,27.29545635995521
64047,16859,96.40842496916018
6387,39501,67.74809867036565
23977,37919,92.09990655718619
84113,7461,78.26823212615376
55668,6952,25.36647181892489
23791,32853,30.597697242314865
25389,47772,42.09738172214354
65841,13478,54.526842127623496
84910,6794,98.90239707279295
67642,11114,89.72760707721827
25509,9654,47.42940650150977
2174,22776,29.463579272648154
21772,43081,65.8338113503638
69507,49747,31.759708107513493
5262,13307,4.857845878336389
29959,48561,64.06871229272915
20257,49709,85.82148524569517
59758,49453,29.877566851339488
37785,13842,58.9897277753536
88332,10920,88.64440695724254
88684,29926,55.02217054162904
87482,44097,85.57837375578455
43599,31341,80.04786108728497
29022,21358,52.240874733560716
74449,36823,41.749529158941854
49880,28442,10.363368479303142
93805,15240,32.21006766617417
27204,2799,40.402803551334294
83211,4301,35.9758129738796
89600,39027,44.1976761477423
86688,13304,33.07362930705305
80804,772,26.488335462304438
15525,4794,13.114967790129938
74843,33609,54.805544742956336
79157,10872,40.25812864868006
55416,29368,60.178960088255224
40810,18978,47.15782277852685
63732,23222,84.51253277737548
31523,5002,34.133403995069344
17437,37943,24.29748461405868
48658,34501,20.21909220541164
25500,42685,69.81947732331233
48188,44121,17.15756353229192
3777,47521,43.93179907642808
15625,22008,6.895833097991728
59854,8230,89.23304635055294
55253,28138,61.86355722312072
54467,2424,30.67698561180054
71467,11734,77.93752385208415
99086,45746,36.58157510803016
33856,23250,83.90016882062174
2102,6518,76.84857156547407
14376,43985,97.75844265687022
60504,49378,16.211456140157473
97050,44332,97.07600898063144
20372,1396,22.851379707411347
47636,20377,94.63089605492966
64432,47514,45.51030308096003
19430,25970,43.8479404143527
4836,36681,37.48088790924344
43000,14975,65.31091073743752
99301,6274,32.543375182211975
1312,27634,83.85806221072849
98207,39845,58.4806955552766
78674,42126,36.68335573329903
87876,23337,80.43060576041381
41502,15548,10.098103937412443
41716,20984,20.480590894749422
74576,23306,64.2260145792647
62525,38227,79.3984266311768
54681,5013,48.30099792793004
74415,7509,11.916531323868686
11103,17806,85.35429175338278
30884,48407,7.886179461188879
68002,43518,40.81867948922069
14446,41505,78.04575991186783
41202,22987,89.98790919015404
44625,10949,51.62498492553693
95058,64,37.41280939204448
47180,24458,14.31818141568286
12689,35167,58.76315712931158
68752,17121,16.7579466214005
30210,3694,27.425446597914842
29973,19470,80.41322818135721
87159,2429,8.70219635360251
50538,8832,9.369271300263328
92896,29314,33.34215348839719
34640,4368,27.688591345338452
18000,26496,63.60758053786501
15698,25375,23.459662471120044
70484,30899,4.8302775626554135
24005,15908,97.05390708750082
21123,2511,70.94752724738701
94561,24633,2.456938480439404
98668,46677,23.04798480747579
4596,15308,9.072468377628747
21552,44436,42.62730383186495
69598,3380,87.2863847003711
