peak_players,rating,total_reviews
157589,75.78669472678449,12841
98420,27.280583015618234,30454
187028,59.13775481838063,27527
32577,73.18945188587612,34995
99605,87.98925095117302,28760
135962,20.27424335646327,28738
47075,91.55513493273821,27657
248666,72.73369157837625,8217
170251,39.557638953027414,40456
102144,91.63828124604923,17482
30780,65.9711572935578,42370
243723,32.48740515257913,12507
134663,81.52442260419859,25480
232620,29.494081519960115,30020
182307,2.9449221552909703,31124
202509,73.4295522806842,14731
139895,13.970766846461812,2068
133166,87.77606695426347,1600
91861,35.809941870853116,31811
155199,90.64278042677026,31972
59893,74.8592483375093,29540
233214,51.111215115072014,15243
25156,86.32402331235402,19822
103788,31.495800803230768,14902
14927,67.67738515881605,28472
49724,19.577238362323357,8698
67816,2.7851239769384137,35825
17016,95.80687879314014,42080
126827,19.153393179576618,18481
13158,22.972292607525908,36166
140258,67.34927316600621,11516
60473,17.60754506561918,32040
74618,87.77578897448922,12373
121294,17.891861310142886,46438
58187,62.48245667487625,21772
7137,30.873912975922707,8603
158665,18.568095969058525,22988
178349,29.218421555324493,14361
205850,36.71331143883976,23281
128218,60.70138503071854,21317
224330,50.47247226385128,25321
236870,28.211334111701994,25161
40831,77.37824925014247,30682
81392,93.89737037646121,25695
7760,4.760733747798484,28199
166729,6.903937959798554,5890
31261,47.6308786300647,40855
42988,69.23525628508352,28272
239022,5.994866888587146,27337
231017,90.29771539479506,37550
175664,85.60881068876583,28906
61035,58.38506202226896,23920
195037,34.21030786929944,27911
99607,69.33808200538046,16295
92209,96.54844242385205,4594
150713,65.66100983348719,25083
238910,59.01905489760136,13946
226890,58.07348854222444,26563
228076,25.88385244089797,6799
109005,21.449876440787907,22858
238898,98.36506545237953,47229
92133,68.05178956789082,13523
163410,1.6974936003681484,47638
162519,66.68227878660319,33016
45965,39.704731267484036,32462
158995,67.99189968991665,5342
145448,43.99087149227035,12396
147423,48.747703961348634,25754
32037,66.66829507888222,16723
57933,8.659588430491844,22355
151212,62.96473459039964,5410
101390,87.33455633653573,14281
201357,71.762630519906,23322
39034,2.326710990138294,28957
211280,49.241451758254,33744
43702,92.77743396622692,15045
165447,8.903320774355937,6404
241159,69.82313371734894,5657
121073,64.0792568581864,3507
22352,11.185545013731366,7127
225006,47.60229639959866,40209
28229,87.31378236073529,48629
14325,9.910286092616241,16849
192306,50.160474047905666,46124
157374,92.15055487259053,19294
148432,5.086942584745269,38806
30967,35.59549015349481,15125
114306,30.583476035090868,4085
230212,18.805356431250193,49372
32091,4.940569735396948,10921
16559,76.36622261755808,27658
177713,72.5362343930505,3561
216514,63.5698227011523,43890
203790,66.23666567510212,27033
241382,31.366407454727085,15919
91914,27.996942297623043,6793
9571,36.32881017762027,11062
49340,8.632787063885074,40213
160248,4.020213581551012,39537
217273,97.970811663413,48465
92227,47.25050338814927,22825
248543,92.3205421324107,32597
218273,44.62053736958626,47771
40166,79.73974913291852,6513
170201,32.52368704083978,36163
11247,94.84377084845875,30940
205185,78.35025409804501,15292
228573,96.11494689737798,38235
115603,46.79963682226389,12629
16640,69.1986667038762,44895
235566,83.70540145364922,16687
108143,26.76995181255545,12606
133602,65.40017533630902,19466
15428,33.938211306462975,28453
77004,82.50220933195813,1430
86060,57.2089800091987,10040
65327,82.70428604351339,45456
190364,40.40931670255015,17172
239067,43.800953890905156,13138
189770,33.657461045507006,3255
185445,16.902067229206068,31554
165551,39.00348263194352,34524
7591,65.25277809736828,20676
220764,35.879684797307696,13010
12646,2.9596057988437883,48258
142342,2.3200588383129266,7850
132904,50.38128326680654,36283
201883,31.430581762006835,33380
215559,86.17152000187225,22978
11445,49.23236599995156,1402
9215,63.38213229655939,43919
140567,59.04687428920281,31923
247274,79.53061642303742,39033
244504,87.80147431308102,18150
9755,76.54728362827635,40388
131277,80.63836190164324,12390
225726,17.58566199844586,32729
19260,16.009510568703178,26138
217466,60.722424785941655,11613
187485,56.698130020368616,31088
177777,98.70927516093144,35325
87926,75.76267755992522,31392
42023,26.61547989583848,22944
43184,87.21011472063543,29978
229812,4.717602173616328,46740
162216,34.38998265732514,39323
151732,58.064985488236715,2848
70003,47.65759043901024,14801
244742,54.2365346215826,29330
125745,23.25122196684329,5367
211232,14.188660093861785,39714
15523,78.94240365156867,38117
62084,98.38735905151582,28741
97598,29.525434037627292,34548
213703,75.32142004824257,17272
35251,68.92712044363951,33490
116434,83.07070339596534,14272
29342,5.912702176516837,49737
105662,62.364152936488765,34582
70985,56.41564617514258,37737
106977,34.861551998080145,30131
13629,89.37235315805563,38004
247213,64.84332227265041,43884
226850,37.456791846014475,6703
28987,87.96748230281243,25841
51239,44.97600710131448,40500
153022,90.29222426471054,31497
234455,1.2199144287564032,4194
225772,47.192275782128554,38689
41769,96.58124246721489,30595
179850,36.064913741714065,18836
238287,84.16868031977076,45197
160965,4.583629481123279,35800
51613,51.77858717417939,49726
90845,97.43233599999748,18324
121705,10.849220059893936,21700
143881,18.49235594563639,42812
40457,71.7859098724434,41939
194312,46.47779566433206,42580
112393,7.446967570162172,19551
190369,59.54000851980387,15522
199427,20.471151223818506,33838
31483,33.79694512859427,9668
162084,21.661343307837413,3604
206428,53.7390449035769,23358
140109,52.08336864661233,1269
248192,11.78625128741384,4914
131752,66.72503902214716,10822
202481,23.611985962235106,42874
248559,35.94034712930927,8450
206315,11.268185484088809,9083
178359,64.49001300091422,18373
40562,83.99475439601783,38337
162870,34.49493598960897,279
80103,43.580884150277996,42979
181196,26.77599707871679,551
108886,66.1536799393861,14257
5576,77.11905069067943,33576
90882,94.82646704350068,34631
53935,48.68965091506163,10720
229705,11.891829406512874,8003
188526,3.330025292786842,3199
114691,18.296854236654216,7579
190404,87.88060912196886,39573
8573,58.35572342770496,29205
125623,43.69101751264292,14158
193154,47.13333439622608,4179
52404,75.16124948420274,23433
195691,12.009301915935623,6221
151183,7.058287960443945,1504
174452,35.330439778449666,18307
100035,12.29192051118817,49876
123261,62.71716343050574,19428
149104,52.99284840545493,46613
177544,43.9246953914437,24716
164483,26.834777666705698,11748
165464,93.23482903929316,18271
36223,95.85134560940777,21257
165828,49.583687749497635,11570
208299,67.81260606093927,1291
231936,98.70274224388692,11399
202608,65.15861963849738,30291
68116,44.848938537212575,5112
139514,81.88134596713287,31807
240766,26.992368936927285,28104
232149,20.9378579207111,27747
86295,19.712192501486868,28475
92487,1.7486451928551376,1207
69008,21.275636068789428,39115
54451,14.966336173903223,17123
76319,89.77543474440768,13549
75258,20.52043697298139,44988
208316,30.962689321456732,41631
20528,4.267517940224858,49810
90221,72.23826314755857,32961
117198,83.05012826162721,7630
141867,11.612120087739079,19438
132849,47.533265515948976,782
6762,32.00055441729738,6993
85967,84.00306534801123,13273
48914,28.09519809399383,32261
155493,74.00855740965066,12691
189674,44.75676280044953,48697
212475,86.21625905905337,10313
98151,78.48208863621774,16634
113174,60.161757293048225,24779
195669,65.23147050224003,13339
63284,11.329213197519175,36510
45802,29.10171255490585,2778
192836,71.3680472936845,48521
133042,30.493624980526068,670
153418,94.0650013480613,34827
230009,73.43431881367931,28685
122103,5.730113363972531,25407
119195,42.907703910820814,37005
209089,93.2629370235957,26314
95074,81.16088608800753,47589
243738,57.1489742313911,20723
143462,50.97229929729672,16075
205543,79.03945213595465,27500
75689,31.591583293888625,12291
19814,92.98362218492395,47246
124113,17.89200903515251,27527
210809,14.031227464205674,33389
121647,21.119137463159937,45976
93907,76.61515809741046,45409
243293,9.565580901369579,24810
187543,50.76134022184161,46301
91473,88.62289823975333,18894
142847,72.50835635875772,5223
113049,11.585907129992817,28535
18220,25.926797280613716,6032
77233,40.595153873271876,22334
229694,3.0237534764518292,1096
74183,51.775893817893056,24314
65022,5.4964656135665155,41926
156741,53.45006640978744,27472
50772,57.30912120109342,43920
63557,29.347602006087044,19960
218499,82.73258092821365,42876
134892,75.03010729336218,25413
140435,85.44172279606238,11849
216602,34.69208802755857,39611
197424,42.2366565732165,48556
26676,72.80134694868863,26189
199462,87.8713191378122,20676
11628,45.49038528962726,4550
101358,13.483732616696155,25262
16730,11.819039772839533,44738
105369,17.893542653453338,16209
100270,60.87852823767089,12452
33179,52.18255629781286,33402
54693,31.837647000716778,20163
168065,94.20652439842124,15578
58521,72.57222287284475,5804
210722,7.6064602535370405,15265
48973,29.529110409606897,796
132657,79.58018013365535,45611
63114,79.8606915216485,49937
25791,91.00220804490768,27070
53302,81.68706922632167,17405
77249,38.21343534187787,16350
238230,13.962623963195451,26957
173337,4.426843363119352,41585
175922,37.96871559234091,28805
9631,48.25615287690859,26918
101767,37.87832943757453,27900
78021,58.29305169425995,41079
38327,4.720628082737507,32422
146974,53.65022082472541,32895
27054,3.0424569150319236,28588
117630,26.188081737201358,8151
225624,12.485514542016693,48645
244789,80.58722371053429,5944
161601,94.76114667553642,45268
76129,31.542448740910768,48729
12531,15.48463858173196,20526
177089,13.80799734835691,7552
213169,11.928146936123664,36675
35560,66.78895660716556,40853
113657,98.66065831650792,33085
82228,38.040433311601916,14956
225586,94.31944649770988,45647
217459,55.595250661046116,28158
19184,25.162429854169442,27325
63553,66.49079792755875,48306
61619,71.41883337116091,45138
144026,16.84086868467689,13517
228187,32.44244092624651,29542
106162,88.79322457691183,24233
130341,42.13612127467296,24291
9566,87.43267392116495,28530
39318,28.102213156140625,28329
82773,30.02173023477632,13804
85852,38.145105086266774,30301
213409,17.825597469957476,44434
29742,88.2373597462094,4710
190896,67.00974992811247,36437
94799,17.51201749215711,23335
221324,94.48672596670069,23288
39211,87.14617218983503,27776
204144,77.52822143440896,19738
82506,7.322188228039382,40648
94241,69.0068808572091,45856
232397,63.828302569545016,7420
91388,38.703498913229005,32033
236052,63.15005039590267,48295
243313,32.24046372516638,41344
119551,38.285696523855556,472
160363,42.56117274815042,27701
165786,31.535268504027382,30669
171822,70.67147807877897,34399
25370,77.87124378633288,16812
140052,9.978812476860089,14427
200498,69.00570581064399,14719
198510,22.25343261599335,1808
215946,43.75629046541046,30229
95249,53.12008795551805,128
231458,5.880745584019523,48320
189906,26.549904984050073,25316
23433,38.11910524235872,1747
80340,49.2580839579143,30370
208274,46.52854507799887,39468
118525,69.06734867341027,31108
241230,62.84660137060001,18061
63173,14.000131364976173,35213
66747,16.59663859145826,24341
244675,92.38829704786563,5571
233856,8.382134997477145,34237
73510,45.80929316260788,10515
74571,69.81510239246084,32422
49503,58.95275345399462,36814
140286,78.15465866576383,6226
228607,12.179381676059293,37307
144391,58.102029281099774,8224
160352,74.03682694366744,16211
227774,16.526582806429154,30723
149254,35.10832032901508,36656
219576,1.3382244532376497,39830
226761,79.89426373412915,24589
188733,83.57127039055368,3392
242856,62.59727980048931,47894
145484,35.38695933231832,30015
244020,67.9275858508939,31912
186173,57.373637875178524,12082
34593,2.988357546778728,23761
69260,32.0144531275629,35040
136885,2.6710482720583073,234
67890,68.05483282653637,43969
186237,87.55905927595407,4937
184451,61.89450613412017,8216
168040,20.237031320402952,29975
13150,47.853058224776916,30139
177271,90.07502415597679,46433
14645,9.98092473120302,30588
140400,33.069949528675096,14318
210671,91.9676204627142,38518
135620,13.18778703011229,48348
105928,31.29756861753635,33270
167191,42.265656613307044,10883
75896,52.935423071284475,5966
53234,19.623990619435478,36579
156040,38.11521458665053,48819
56934,66.15281748528925,4821
104923,85.98098183405156,793
249633,36.26048587085745,43734
73839,69.35547994668185,21192
209740,40.29176970032136,11356
11470,38.37962312748098,6990
135689,82.94849196655576,36560
58790,91.79002741888623,37318
120398,4.9784048449163265,42122
35211,12.887734455404841,34338
163489,94.15062492236609,37164
232988,18.092035610742823,33193
145165,4.624317478028692,14226
49645,29.395062805300558,42823
24693,4.511785813835319,2228
21720,65.32303585239562,9185
16426,14.800946710592497,24453
145375,46.28633725849595,44597
138594,64.294673973532,16008
123862,31.114528636724426,23412
98170,11.271934415770295,28171
228573,89.27328064892075,2715
237243,40.11335158515442,17480
104057,27.94124578549693,9735
240216,28.201767278932937,32880
223391,62.240030574404265,48672
240053,80.16696808245798,23261
170624,54.10408146325266,9920
217786,87.46656765514935,4374
104286,31.270632248130994,41984
177934,6.347043886861718,38759
221377,12.478529976943927,31274
135629,90.47101309770547,46359
139270,8.398571941211639,35910
222495,55.46388910747069,8746
76901,6.727965469697575,12508
202043,15.13174341816568,11488
36935,40.986270493431704,39274
240303,1.0682858441166434,10370
113417,37.75578965167358,44633
220237,6.2421201076453645,44740
183205,43.170993523077335,7197
17738,76.49275610128561,26904
181947,89.30478502787571,12398
165459,85.67245093907452,4197
140614,72.6561077927127,39493
23014,90.02259624788236,2749
86172,40.42373045426817,40320
53583,16.8667148323675,27537
232346,80.0339693066998,30755
9859,54.22581911110804,20191
188945,75.93518418001779,17354
224543,32.013322804343446,26149
102756,97.40454117042894,25476
81723,84.25157968690398,29204
82774,34.087157216176124,12167
27652,58.38519578546562,23091
238035,66.18373240067123,28872
192675,1.30353582795159,22134
224759,83.32348827029372,29021
194538,5.71378013064659,18888
107637,48.826469339782456,46930
28663,51.911571681960204,2061
23797,20.038448882048307,17618
55509,77.5329825565222,34154
94134,42.24847693667126,22388
203798,16.46697957419029,39389
64589,14.265530985994193,14363
45579,18.191563849526048,30160
103886,67.42446843534155,1242
112780,62.35074850577477,29683
133083,7.8608915108361685,3326
40250,53.59727154894563,49961
186009,86.80972492362085,7600
42450,84.36322027458837,45508
22462,12.972680448134364,14923
12142,52.11118069191033,39912
152776,25.512480243026754,20688
168275,38.53531925133971,11692
51531,70.67206202882171,49269
165315,90.78148876124975,44657
103267,84.87560217737771,25544
42218,35.670989559718755,15816
21288,32.02876771744454,8939
153787,92.27372749215398,47678
191031,3.16716969991006,15185
169064,26.29945153594667,39513
71571,95.56799361064265,25366
82191,63.237793386073335,25309
41322,60.989009871208324,44122
171805,56.35663769183241,1422
144876,71.08797223029798,23347
198796,19.195949040804635,43086
27248,64.54048594462188,32795
223163,80.74625061673791,2972
70174,48.447413978071566,24815
166154,13.68891585573536,1614
218670,35.37834991046522,46623
77963,18.683540103271763,37729
93008,26.416440765211462,21366
136983,52.45261574391322,2954
77087,56.025195754097616,17960
91377,92.59912332876407,29519
211604,58.51140782807095,14541
144434,78.44841374865226,26325
187970,91.98615600726902,13732
37249,73.02781331312526,3272
248256,26.344392972715113,21930
202632,98.90128200541164,33017
17830,21.91252143028571,30889
19126,27.2347319100294,31909
179021,79.4621175909485,1962
35471,76.08202079603869,29216
245898,8.832772626596462,18285
70224,94.69940873297176,19745
49564,6.888714763962586,32983
6653,6.288749150693531,8227
107189,35.50857625619498,49928
217460,62.72176569649051,22588
105541,66.84854575784586,21409
130254,64.85822488027313,4598
158600,25.751290396935126,25347
91770,17.969155073206135,46853
161252,19.40895007188164,39389
86844,10.071207786693321,4727
32842,82.80686569750077,2405
97375,89.38464324367966,41793
248906,39.34872231571355,19600
39355,60.2120888552853,40819
133755,93.17033390692511,25066
142517,44.99954840685923,21811
13775,17.69054350741466,24035
69810,90.46925206401248,20475
64254,87.26618110029015,27681
209624,98.68137317693053,919
240405,92.19878685478989,8035
128892,82.93406662537694,17817
248717,47.26886140318423,878
74084,4.883813760101472,37360
186536,24.18259362266062,4234
134912,81.10335492383712,12080
20303,10.355751751191494,47607
128182,56.65920002917907,23305
152176,84.60673090068207,19445
197268,51.5738089699971,33149
127319,20.578375541102712,19438
121571,44.9381166955052,39300
54569,5.157950779865402,42032
190561,74.19128188980177,45031
76781,19.81513909442874,6019
98996,81.86279615778972,28640
106279,38.39690214622097,8949
249549,19.42391661493512,27638
197784,35.7503399368012,7412
166729,60.79190894909836,12775
6497,19.660799046405433,14679
130119,47.32774457349357,32507
103163,42.35581138894667,1348
95149,75.8823978706794,28416
90490,63.38852116412295,44331
189340,5.5632279849208395,30247
115277,29.455719769513493,24777
52400,17.983809149432386,27734
165979,24.668956024592294,24325
210307,44.548712572239594,22541
112530,41.87386822593532,34100
214906,16.082313786877236,40984
85534,79.19238855697812,18494
74184,14.892206624015298,2024
29533,55.0977809293251,14087
29544,70.51356752871234,14305
185139,91.64935844970555,14712
8530,45.55966138726744,18404
95995,10.836874188719047,4720
174748,16.452387408444793,34965
135501,62.38443908965815,49508
9892,80.68869375855249,46191
132978,66.08922238157689,20591
234586,19.19544196395996,46379
17839,27.2627357519621,24101
194354,40.48565225175383,32687
67139,35.24534128149601,16464
190373,10.588334977384982,9934
80407,44.37145451908022,41923
133875,46.1507894566528,2226
31988,66.36722306158116,40929
54994,12.587404801091079,32899
100700,77.10007010692011,18945
170448,36.612337528196434,34928
142693,36.394576339257426,36629
60853,21.17810126354535,36167
232865,18.27920431386599,13080
225558,85.22173974765283,32864
87608,34.260687034533035,12667
11101,97.33777164442483,11034
48492,43.15990286718428,17711
98558,54.943869518046974,4815
91668,58.269636738107934,7030
95131,75.60236463226116,13431
102280,8.044527642102683,27383
111662,56.555084208146035,18870
61536,53.19507697370557,38777
196299,51.12044864692433,36554
195544,15.742606599786754,20745
238028,90.26982308431123,31876
43957,45.17265579313461,48811
193353,36.290104190386955,14838
215076,36.40404401270959,48647
27245,62.13220823255425,3066
16024,31.80991419765109,36805
131326,59.90048076483363,44509
98167,68.1102155720969,20718
224679,58.41306891746215,44735
70430,75.65856265416421,17772
68374,95.1363509156526,4712
83844,22.94208210673744,9138
65796,45.491848688656916,22772
48230,63.04450673973042,4567
137197,32.977242419022275,44512
6112,11.782082828881352,11589
59312,31.844989195496627,2209
128476,16.82366179456792,25262
205234,23.607087242269014,12634
237646,38.63513641041162,33674
26830,42.3508837556494,43741
211189,81.81332991364741,22532
19190,51.59754330805236,19770
234511,24.598932701893236,34243
144579,98.95889456205225,21419
89349,8.489941786411157,47311
106834,93.72017044362482,4391
29065,96.10926772617557,8821
80957,56.06217732582107,20291
195543,64.05589597606797,21086
132173,74.67014064729035,43599
106461,81.26444723828578,41067
41758,56.10982873271555,3819
92152,62.691182364879324,19955
167839,40.457179364818316,19057
163716,90.43980909314573,6818
129072,84.27180109900974,2172
34235,13.966226104690275,9243
187554,61.740090148420855,447
16169,46.18364381939591,21206
130687,46.10237781831251,38406
6591,14.600500149426136,13900
235286,35.803122819461684,43280
157919,25.369936158599028,36124
168429,17.793899173879254,44462
223798,31.671087970985006,45675
29450,46.15371572872431,21699
73976,50.3752065531331,39923
85934,62.156379293309314,6651
150203,29.46918438844885,33941
172419,42.73090056406766,40745
193583,69.64613756431686,48283
124722,77.41026875555086,28109
169867,41.13875877059256,24583
92243,66.43967592670576,11186
16931,90.09744178668689,47968
107986,9.356612947832552,46072
18889,96.03944765007108,47603
140578,70.05650847221463,38107
52555,57.60051830013757,24804
128649,29.130528655649275,8061
102545,11.859558280729438,35405
246139,91.06342984797949,39383
17508,1.9332413654664011,40282
33670,1.2761036587369987,33625
43873,13.133779996561687,37063
84928,84.29282386766124,7033
156138,18.38549666429389,20996
58441,20.425792026319264,33391
216350,63.78595405240561,37712
119235,71.22145846191145,31911
45707,36.27036794380448,21678
74263,32.3442002511472,12755
230144,98.39317917039857,24732
193550,75.87452167338087,25739
106345,89.2164992061968,21188
42871,80.00491766765366,24014
28632,76.02915447968672,4683
63935,65.49267831499402,43459
101047,77.71166026934735,31687
44402,76.13151500768677,49227
173319,21.275296615293374,30606
36509,92.744561906434,38302
33292,96.14314886889487,34537
140576,42.76176195543581,41092
79092,65.55710379497839,7208
175563,21.497719912843806,14717
47372,63.423059095485414,36593
165357,68.02499506073009,6559
44717,5.987803369630347,17019
125500,95.39251381019645,46706
200924,59.26647407846585,21931
224243,19.000975219118875,14626
160544,31.71202952189332,49502
176470,53.26546035860392,12318
177589,12.6802178132019,38781
175698,43.951907547085504,45547
147118,97.40654884136916,13392
224161,52.23222449627647,27639
138858,60.5591667636332,29859
70521,33.948411865483024,16592
8572,90.61677838388897,2189
241031,64.7972347804696,9775
8086,31.546124602061067,35253
234861,16.814152301226727,15731
72875,26.414692971122303,32933
146902,6.927697129091057,33907
193351,4.776007711118463,5279
174690,48.09440558372612,37047
179971,19.38220454216288,4346
199670,91.22468463399812,37524
218805,26.385296393576255,20278
35922,49.65700735894159,12599
15594,34.18821818191877,16116
187178,80.15421720748371,7075
7231,54.33746609200376,9707
14232,21.69544952807299,42582
25575,92.57980677577638,1603
201084,96.61098079394591,6821
143166,75.8116581834222,40873
195872,48.48783876496101,42927
36872,66.70665886279663,15476
100364,33.023107952783725,35440
125787,71.79429538976333,3699
55385,68.70836995181216,28496
16334,30.653539755506277,8251
180779,87.63621923863747,19656
43888,68.07542742778159,7506
243925,4.48346597989868,671
213284,69.83759617980849,42817
69327,79.44307010042829,11441
132240,83.65734127285054,4975
10086,2.3094914553117425,13216
120560,46.5529780004002,7979
6198,21.50572771497927,19547
95638,89.5420342909109,37959
134726,42.48287725535942,31077
36215,14.532226488340255,10611
147017,63.223915250385474,42040
74383,73.91038129505701,33545
175363,97.32994251229346,11992
110375,26.12128153403203,19288
118924,64.8309945435449,38773
19999,95.78064741229709,39552
106769,74.61657034880646,43304
41261,18.10644151252223,19087
94344,14.168738264460602,6435
74406,11.446732984937158,38064
33344,44.491403199468,34785
241909,84.90620604066177,43534
35764,36.49996202673767,28971
175349,35.13296028927399,8731
18035,40.283806165768205,29654
32945,90.7608735012686,15279
152957,65.81566915754235,13739
99977,39.68092401661956,20540
244591,72.38271502384227,16363
76257,76.72979317371423,20870
149395,98.16802542576397,34820
22528,2.7479897303021334,26232
236918,48.31676950800798,27052
119861,87.26342474361924,36462
173887,59.13842319309194,35959
6402,66.45923868461301,10111
116745,56.672977935087644,30421
43277,67.4885223737,24771
229824,8.390368558407033,11558
219327,2.085118035623144,32854
133587,28.22479964809518,30754
22856,50.54832078217272,36376
104777,30.087427126013033,46527
176011,56.44912829431487,27268
237384,81.49725562953462,47877
43216,94.78690992914018,47504
72761,67.20594178974459,24800
35822,83.85957240781782,39968
52214,79.11613291630891,13351
106451,62.06836044986383,13145
122146,58.337642999673044,17815
48067,49.04501040246044,44528
135761,14.305083584857975,37776
53950,6.676074350064302,40398
20991,71.29647145085255,32638
83878,75.48384883107784,22125
24045,81.8973991795505,904
247551,89.32768862755984,9793
243017,91.57466911580717,30756
212564,39.57432744578756,31276
224830,90.48498047525925,43985
37711,22.164405479034244,17689
58471,44.852961222283895,827
53120,89.10509498690483,22542
86822,40.474223104298375,46745
11395,53.71567523948653,8832
29640,47.880830687559715,38605
108247,53.681471776126784,11634
150270,57.61703365278989,5654
120728,37.046107311208964,36449
139804,56.39665256818919,38233
15411,41.50390156269661,4390
109984,66.85866604465846,43923
154087,39.222085700345744,11011
128426,53.88899571320763,1374
11865,34.33248017817374,14075
89063,5.659938116906688,16101
194972,55.31683411805888,46091
39276,72.6587251915049,1645
159517,42.768588261946554,45068
236327,42.353793107178674,26456
225033,15.205531570576145,34193
16016,94.44406532313974,35313
94660,5.656889541268116,24251
248423,98.83041967109439,41665
157821,46.72260909780292,23827
13106,63.89011727696556,12016
77796,12.811401643468054,7630
194792,41.090104883857286,23204
65667,4.847297844999139,42523
180481,40.89485507145097,15281
151392,23.955706760788182,20817
147551,13.72428359715588,337
61012,42.544845028687305,39069
43780,41.057878443339554,42203
159749,63.577560966394,48297
191798,30.313226859981583,14568
108223,83.61103686966374,27551
204500,85.83054081407431,13015
197936,96.16197705011437,8677
181175,45.726646985479555,19354
21745,34.70531902967566,30368
198431,14.763544810457041,13494
96480,57.96467712887716,2116
43677,79.42443745986274,20053
100558,53.35424179643133,38626
238818,18.321048354620036,13815
6986,84.40027879049083,15019
172989,6.621330009604177,44210
66598,43.03649605414227,1805
64375,28.45993215978354,214
194308,40.27740357032856,41995
175417,32.004093797589015,4664
59927,48.949977928539035,576
178927,71.31746972975266,45729
24684,43.46285541683773,48700
39611,87.08226136220675,29146
216689,47.45118904583913,32469
172658,28.623003288948738,48122
57679,24.282738422599724,46666
213928,87.03692663687336,10583
197063,20.24777268127372,41473
209269,62.82874763016406,20996
12056,79.24021649612781,23417
159883,30.965079016659725,11127
220759,79.09027277634151,37506
140394,16.225614175726434,45794
61644,60.23307438088653,49575
188367,53.064936686943916,15302
190423,46.81297788421908,24004
55462,85.89980187013101,19715
235914,31.51191403478612,13832
141053,24.85978408324622,43290
112323,3.629390015379647,32034
184595,21.533292839553717,47732
14205,21.285313336954566,48706
31668,26.074003295515926,34637
47727,72.04606738603056,35801
111050,25.098151332503658,7707
239913,17.505682958882677,9221
166354,63.726328787961585,4641
208564,78.96014234848703,40232
128152,42.70345019840502,49520
248740,63.75736056298224,42864
157695,90.73431205750104,46708
237532,10.720794081185225,38092
182001,61.69956487523026,12403
241999,78.9655809469242,24421
40692,87.80575751193814,49030
139546,66.59849570964323,42077
223045,33.31063705464293,15621
187557,65.63174800476948,21021
175806,78.72307719232512,33164
244289,33.11908045338168,20968
6769,39.33159466103848,4804
206001,8.876896790165738,20835
13213,88.86590709446664,29483
247961,56.57987199253571,49682
94596,7.034686139839633,18300
89427,38.48050908786761,14870
242205,29.44329417151142,31974
65275,40.033333042596524,16423
121668,79.09578549634351,8013
112614,48.901297287759185,9534
30156,15.117757405742516,23160
46606,80.47760442317906,19469
101713,83.38943036278002,2044
30639,72.78238925897769,22586
110959,53.391872512624595,12296
6680,85.86600980308616,28229
243634,64.19465175510831,31527
140863,79.86402356845691,381
207597,52.01150722284447,4452
117995,8.951131544045685,22377
90112,7.121766388339442,15548
72925,8.705097935411606,36656
94817,91.50459394899868,38799
121435,53.370419693597576,8898
238716,53.11113708794517,4804
167921,59.74151432576566,509
16686,68.29642236479452,44977
75627,54.78302000108958,3277
47243,80.86530800666993,19407
117233,6.63748102533428,42015
45138,60.067304185207455,29626
141224,58.811023362518824,1869
59333,34.19507902379172,7939
249104,13.081704192412303,25680
75424,70.84645480820183,5753
29996,77.38447731373273,45774
96925,74.54441643291523,25932
85664,48.53053949197341,21418
211250,43.87743242573379,180
80852,12.607185476281954,12404
132828,95.67081697028064,42335
201896,63.049144424739005,22455
100829,65.1797389510006,10157
70596,70.60428495289801,29158
206185,95.9657791789506,3944
203552,69.1706425526049,15765
233752,31.08231918541437,46347
224509,65.96530460336174,35241
143202,7.998788726073846,44880
27045,70.80039391040721,22680
129191,6.713264052707352,49561
213093,62.901174185916034,26220
163931,58.730455258655304,5043
211958,11.086161660302317,47212
246218,66.7666025606744,12199
113446,27.642186961690076,19909
74678,73.48804806922624,33408
80142,68.77461177145723,15726
90882,69.52446519480203,28249
181450,36.83175009470711,9456
101074,67.91136502540054,43258
25029,38.689586874630045,27877
241842,80.46185021302226,15903
146261,23.948968654095665,4724
219300,91.93847309599845,27520
32083,2.3921657245214787,49478
112977,65.64792525388816,2381
100210,74.79716587186158,933
166548,49.742696048857965,20090
40517,10.788187459408821,41445
134848,67.90443372341291,9404
5887,71.80519182743714,23994
204208,50.51581538579746,20095
152191,96.05344478185111,48677
35243,18.942653406627183,11329
79595,11.689883129543169,23380
208660,56.74818341734226,18394
28671,57.165377072087324,19954
175766,60.997153775486126,37277
95428,44.550615491452604,15396
230616,79.63955865792971,252
121176,95.6530939005809,31728
49448,10.744028776980459,44315
141412,22.980688000876466,33201
210397,84.04644909136687,23898
234345,46.469451059239915,46206
99973,42.69131247101154,38562
165005,57.49828364058986,38636
52599,49.80314526970948,320
12737,6.8131377793269134,27118
152691,26.604133228506768,48961
54202,23.036487695989937,32886
72797,89.65367541897116,49319
117091,15.778854421546153,34070
112592,39.16081252911981,19197
71703,59.52859087726696,46590
132665,85.44003981998185,28793
127786,53.28593136356409,10184
53954,76.21984024947665,1624
76139,53.55907565659096,46802
133899,46.643742085719296,8295
116983,97.39584989282929,25697
116924,89.14188605894198,43768
229069,44.479121766485946,31122
225456,60.22161153171427,24852
111614,42.32138495999475,22701
245142,27.9387074437582,14849
234800,64.92352555716735,29637
93201,75.61111510780269,22502
13677,89.81321402823812,47132
134000,65.92061042852134,3311
216137,7.510616430786849,17173
22936,30.722794098383318,37278
245088,26.504063033140405,5868
117567,40.453290681554826,14537
104875,57.35483155463648,34846
216339,37.71229238496528,15717
40874,41.64618464402416,13971
51293,34.38315123921471,48431
203126,36.16475160967179,44568
72297,48.18008444915078,909
117180,13.762205209111231,42805
176086,55.71856070855304,35632
145261,76.34735562413157,14161
248151,57.016160427452576,15862
33187,66.80033543687126,32288
156265,54.60482242029025,37435
91801,12.255861143460063,10594
150287,43.90705667702488,8842
139661,18.76353161716883,26938
163096,24.618337091961976,26671
229399,77.28429113564027,32982
161389,88.33665674305311,45547
176125,97.15900212733325,17063
66517,42.99511420283278,4994
190017,26.057437972778708,7484
171543,80.3586517739479,3872
247841,47.11689364026404,32323
6366,42.09416558869806,6247
187621,25.856136119228506,734
105089,30.205145288208765,26316
200129,3.374750967122539,36408
86184,83.76283506875293,21745
36916,48.46932874468662,38923
144235,56.474014111557004,2275
241852,24.851542135479967,35854
94314,80.86008688198925,48665
27781,58.8718426390395,28265
89406,60.37356666179407,26797
81588,65.00938428329738,28706
212510,45.00528524315396,30243
68328,86.44179325664837,45937
16574,35.514837595052796,7005
220971,21.682568978880226,27883
92522,20.151177100066562,28369
218114,1.980460531098513,48418
57979,16.902843834497915,8406
56474,47.24388076924713,2717
127029,72.99523551510534,18966
126116,22.27712073637041,19638
93228,66.98009579047329,17954
26369,32.73050141023951,44771
160837,61.88388594624985,43218
214828,96.55136106730508,22435
205253,86.07829988769086,2762
58863,88.82494046852544,14918
82050,63.57316451381988,31251
151589,71.88131581167481,7449
83380,23.6848710631515,17299
26983,46.78589464536371,3857
128327,55.11595920674827,45829
243105,1.0133816679351726,36713
30920,78.31288696983314,40665
36919,74.11081397976334,45820
122847,50.065508675593314,44483
18364,53.085304042286765,32945
234446,78.0516947387228,2643
9102,38.66290500136305,19560
167550,50.77582534271959,42676
82215,13.188716161542603,44620
77525,97.68133328039936,4779
132152,92.90755337740798,49520
44783,8.56604591589019,17122
201679,68.7594768000827,2949
94723,12.225585382314748,33382
211718,80.41648676304769,35967
178202,93.5876206514571,41023
22189,42.14512630405582,30001
235996,90.24786114179213,26908
126457,7.842221009521275,18288
24788,28.80591429437145,11930
104858,82.46775410081315,34107
201364,53.95695270436636,46879
201350,15.001097158854206,36011
131055,56.55487084597528,45518
193365,9.492921517816471,29562
193677,40.70518898309642,28185
44757,86.96760294692969,1432
198962,52.809977864404075,3396
218988,19.48849241082083,1811
114542,20.707338266377352,32356
180136,80.44401720550141,13835
119122,97.30052869831373,21160
245092,98.75952859180454,29191
229145,94.00667251496263,27134
36907,77.90174874267939,47609
132166,37.86791860503897,39680
206029,28.90617577375431,14299
129275,7.203414902979296,31563
80383,53.68762313758774,16053
204107,22.834813447463706,26805
110620,33.9742117857765,166
203062,31.730521695414453,30288
172942,6.615146773038771,29903
42607,94.04868441761906,25132
209538,84.99367572805797,40199
111573,81.68983773794609,39935
103919,90.57378435540735,10449
5771,33.58620206245389,12358
246849,39.84036813210832,46169
223710,66.75003430993,27135
55551,78.4772218834475,5149
91009,89.06729119511085,47597
71703,29.16263754111694,3388
105510,76.20588471655299,14521
205097,42.95984226302238,43657
117353,58.681572077964304,31391
165027,79.21635569756289,41917
51952,64.70197561811341,8944
240307,34.28789368372658,7660
195302,77.08585567765444,14579
207002,30.096746823460812,18827
210717,46.86870155514076,49750
140230,27.56875140697952,25600
34767,90.15156555375148,11291
104123,62.186400546213434,32756
165227,42.78701002322168,8706
74798,19.950042821595787,6805
79891,75.24167515291798,48520
105708,48.25562429030741,28111
136115,41.1681433087167,28000
80075,93.09003406870187,9253
232807,51.1910420675992,31188
249969,7.326506849331086,26759
217602,4.218938915198131,33956
157350,34.84594222567037,2236
165044,64.6749720589055,35088
93681,80.08876528639107,32119
112236,22.666264616330967,48644
46216,39.40928596804148,6253
100593,80.79613446347197,16309
88982,52.26444701572213,10103
62513,57.043905652819866,23190
114730,36.947228931969114,18497
28560,23.148079663366975,29000
174639,39.89527023495962,41196
188559,37.972274721415054,23327
90796,8.376540478389483,3108
236386,81.07944007332742,4080
94759,61.99492541536873,36349
106413,51.59465388564373,11441
245986,42.84361576902354,6506
139723,88.10029660580707,9747
53206,88.8211566987167,15798
140014,35.20304548817322,19381
82266,29.131832660975498,11863
163319,9.373428174106664,29764
183322,47.092729219830424,35996
66330,87.15274576416041,34053
54023,35.742152691249345,23079
78828,24.3876407383757,31852
230066,56.641339420293484,23888
191539,67.88518917825128,7996
228722,95.47206145032895,16749
9527,74.96905992139835,35853
196223,51.81910351804878,39583
180372,5.637669107799573,49545
141790,5.945189909660873,23389
147392,47.37733418716291,14466
202537,46.76477507716183,12291
116781,53.8608686784874,23705
178272,84.45978765308975,6037
72434,2.7318670195907093,43685
101376,78.44618864074353,33849
140601,36.43445578013729,36702
67786,64.44937884169272,34936
248843,7.727879396651785,29079
116062,76.98170058201981,10130
54825,18.064305057117032,38647
43955,95.63971969568101,45297
228545,81.5446778989026,38048
67634,36.03990668508471,25938
37986,27.549259147608456,3704
123200,12.42056601753311,26790
178318,50.992079148036794,36880
87477,97.06585077829432,24298
80896,75.67773876795503,10394
220604,37.77882324349293,18656
141367,56.6524622995379,23697
52871,40.103632359119324,13020
89735,31.322158682065435,13778
20613,44.82818160483067,7670
32971,25.404071217943592,7424
113823,77.12193944536996,7583
110872,72.60432574292079,26330
37882,40.28549171329163,47846
204249,22.404019588076437,43780
193321,35.340889996704355,21256
169478,20.563723918283422,37104
225097,34.985460323059016,5944
174014,43.06285152008839,42089
27020,33.09923699364351,42469
153274,53.930034386844376,15303
88736,30.24038514676082,49255
189962,57.15195254082749,36976
85270,20.65226457137168,28376
153476,36.576943870548384,37401
176588,55.66543267462928,43635
203244,98.45704705191156,47174
65958,31.439462414046055,25589
174779,67.16627982790196,2050
248792,37.2326611118336,12343
196948,22.511114992538264,31010
156494,59.99580058980142,30556
49816,43.86337678206173,15644
139314,32.198308929247816,35712
202525,63.05028529082794,43260
199802,92.61306534245153,17487
187216,76.61517511207951,42918
186906,54.79395360216932,11127
229626,1.032309838307916,9280
146853,55.28536108698974,42156
44215,22.648272624921365,27924
52720,26.86650880877929,7009
214136,93.44048707982773,4259
216969,45.42294750601743,22893
74671,74.5434776744282,48302
212381,32.4436743063739,27850
143510,86.59357382529792,38993
239423,75.53931976053507,30652
67141,20.76762749719709,26054
143117,30.679448760794553,48391
80216,47.69521481437561,45176
66820,29.777733696621173,30312
81243,92.95923735426345,48942
78711,91.97983322686338,21220
112666,1.9788393479727064,29527
48682,19.356838833667258,33055
144378,70.78899770132955,23178
81750,73.7597952785767,5990
149723,3.713555989531199,46139
217435,87.90693949109512,10494
114661,5.101566645166923,10908
8101,36.723150040425864,14903
248642,76.55993009104607,4882
204723,92.84926307005898,1080
237693,72.96972545059026,2910
184007,80.9735150411853,23193
121202,75.24590983321568,8453
35417,5.372804785915445,10656
58011,17.097272724490484,33037
91701,15.66713155570695,33665
106002,97.05764474448438,1677
154949,8.82413010918561,30947
164831,1.705650480761773,11659
138160,79.82575915696135,22578
73548,75.9903152604153,7962
43260,84.0116924217257,44194
189928,98.75597971486003,5151
39705,75.6163245478563,36898
123577,96.07421664957948,35674
13650,44.408417959534816,23137
209228,3.7595354182546803,49589
89185,20.64605047034775,30793
198951,58.89362327072336,26520
61759,24.31585475869679,42105
65578,81.02669834675066,42079
221741,38.46100081337047,11049
93140,34.19542558338268,4868
160294,74.57799757779914,17938
137889,31.50248395229332,8778
15504,66.0814963752931,34332
51346,53.27572273276279,23618
87007,31.583632250547844,27646
20627,14.276832871982226,45305
244358,95.86924150750852,21803
232271,33.81990675914201,39709
91304,12.980371617158514,48652
50184,13.007226780958453,42962
149400,19.892833358193393,30585
9559,37.957425590022936,10664
101555,95.45143938785397,20158
79733,90.17073951387613,18986
109831,82.20053409873456,4933
54404,64.60079555324828,10728
159649,20.146331463085808,8255
92259,34.78084894878835,5930
218587,16.339109519088836,20767
26345,15.968403675128528,14554
115554,39.80151358146704,25069
40441,67.74177921653288,49467
108155,95.51158138219265,25430
183593,90.50175125528821,37494
40693,14.418178377960325,29567
193336,33.20660997607332,39530
155527,59.73802424959665,33394
133464,92.3249927861895,19497
150885,36.90735083389075,3093
105696,80.96600444211677,10354
208833,87.17392426523993,27483
216739,12.21922348153097,44149
31366,52.943173675602765,21213
62789,53.85307075721775,33330
30306,58.50483985138122,17357
69194,32.80254134301207,26926
205256,58.16724056700266,6813
69763,10.05618722737986,39708
107956,17.326015667770896,7845
226156,78.13958124870523,45065
189115,9.69639661440521,46199
39564,45.05811851346925,18230
229711,6.800316442962264,11626
36339,57.791310234604836,20550
153588,40.43467058315883,42890
244566,84.53048964838062,16539
193307,25.551923691003715,21429
197180,44.624247385713076,12613
177952,37.359713374894966,9490
59739,14.11896493720415,17825
201520,42.433282766472075,38588
226457,39.05429042408393,28503
89396,54.29574300167014,36460
81980,65.30267558608497,24041
98867,59.39690704792771,39620
46749,56.729092295256045,1600
167081,8.493327887559172,7451
212996,92.74521872447072,9199
135030,10.418398293959381,27784
241737,29.664105984601242,4526
75075,81.15699979506117,684
66288,56.20907500785356,385
77224,60.78577423683285,24663
123239,80.04518942544645,11608
180720,87.4566115042048,12948
119320,20.823593693668705,49153
216706,62.23491242303288,45340
223996,22.84278293964024,25350
194257,42.791894258571205,26192
39721,81.18270193146819,43343
242776,97.62700511546264,46772
185755,72.39724813905148,5477
137612,61.60492508233734,18065
199012,55.88408341016437,33159
192215,4.515168387899416,28798
9853,48.41577047944034,36697
194448,53.725257177328416,36076
140086,41.45425757074562,43779
203292,38.266784711351114,32409
7465,61.27668671200876,10235
39426,1.7243998582745301,32542
140241,14.611867742756404,46782
52158,45.759860667600975,11612
115825,25.27771835346777,29379
194906,85.3684869511155,29925
27695,56.7281719384202,15406
114808,84.64802465608584,12850
66840,21.35737587107595,22801
74840,57.3337589757218,45258
167209,55.50664837016625,43368
210245,67.66702509763914,46457
15249,61.15237280306282,42505
216420,22.829190923196904,46110
165305,5.132887747736233,28789
71832,93.23929277651669,37083
39750,41.7843947260511,49450
190784,38.9404368203619,39571
42782,47.121974767218916,37971
232947,56.51938044148399,38912
55259,31.290641591431083,8590
236284,24.32487016352016,48001
130054,45.31140819196465,3006
189176,45.25731805833763,38074
198544,53.85129745889144,46425
34850,50.766865023457804,13448
77023,82.57874694282825,40604
129606,38.89908953767146,25247
5927,75.29295746569746,47545
55034,53.64628533060575,3054
15921,29.18586711913344,30748
120680,53.89338326356841,14108
222652,16.63714622429055,2563
145931,69.48074547921995,14600
155327,11.461606982487003,25600
206558,48.37020066222914,41430
149214,12.23291584556385,28870
206497,81.75925283474808,31040
141259,88.43003049131374,3815
246423,86.79635661143126,29322
150019,65.55557248897567,39009
43952,62.06981072256613,45510
122579,42.369774558251564,13979
87511,98.18341050088492,43020
190977,46.400677521851904,49777
117308,7.610384036152013,3022
169854,82.64722748876623,6760
40349,78.18532311903336,1153
191537,81.04788408429972,40355
10448,54.52932260525544,34471
182629,88.30523523661549,13093
13108,1.1180459927833153,46470
42989,28.81892940928133,38061
93106,19.266221614235484,47450
208974,62.818050840436506,21580
147261,34.52138063570276,23495
59306,68.87543245487147,45126
16796,44.2865401235076,45083
51221,80.79931652007063,25949
107680,52.59286255714565,5095
48984,11.585778741417585,37200
172664,15.438136346446218,23861
24633,49.869949954098914,12054
47881,19.770780912847762,28592
199584,94.36270297674497,48205
69966,8.374479358861592,40281
59014,43.41879747954088,46128
31038,33.887036287671656,558
43971,61.68980089984716,11812
5249,42.55746641819258,30220
117315,68.03702120235182,8352
80309,41.341384653012014,17695
59170,19.017741986140884,14858
63882,49.25844484563583,48309
169587,22.70852652415631,40068
10891,12.873809593874281,13918
234649,42.67401853135698,47179
74088,4.57331302719419,45472
107705,49.764369485586876,12085
215689,42.74377102387105,5304
51708,65.02050073390704,11953
73455,91.07880733634599,24195
141192,87.04678842290781,39530
181724,12.835190595167862,29146
40080,83.60725407536486,17374
141149,33.33753055507118,28942
246370,16.952110648540238,36509
37856,14.075820181057388,9735
29896,48.23998641487461,42906
86217,66.70655071108747,42849
28451,61.509766459832484,22386
104480,79.39900249916454,6021
104359,39.32051052766891,41600
45661,12.119089415164913,931
143002,90.01442274676884,6739
218248,94.22683152652074,49917
241876,36.75291060362402,3819
179893,85.33167265971775,47396
181363,52.17844348384392,27718
9102,31.55873828523307,46041
51527,8.308313853956331,18541
15837,78.25984514226765,47592
216958,33.25688808213385,13373
11869,43.97564626272864,8170
79306,26.308227230270848,1625
235972,77.98683406888925,13188
156431,65.00957091173277,30897
204299,2.4017435055083443,30074
246262,84.94245321876596,29232
43975,14.417215362856608,8379
164786,36.43802995175876,26987
110480,26.73133488588808,26463
30107,24.79572491122306,29680
216325,26.471526615641462,17891
52053,38.700165760330165,31992
91863,86.40157583805316,45499
208688,72.76723561159346,34663
47474,55.26681169483842,27206
84066,9.087876500128324,46808
177875,68.6510444671521,24466
222280,60.39860307024573,29936
43597,40.48887518942387,25487
43671,90.36125699161086,42530
190096,43.3802117217863,11154
128616,95.97735539209707,13172
187629,96.40748146937872,23403
38247,92.94836833029619,18049
189121,84.62298522952975,8370
171507,95.52724343921216,12072
31335,24.755492970484763,1132
180082,91.09910421769912,37821
95565,95.55533989690339,25972
142724,24.143927460354163,26094
161357,9.869733145409695,36790
161684,83.66648315085132,40314
168099,31.19208577347117,42169
224073,98.93115187235738,26433
29725,95.48950953100399,11639
129748,86.54143834195598,11748
137680,1.4384933870232859,17973
86853,18.865253555018455,3756
101999,42.458093236462766,581
77656,32.04882836357372,21717
38801,72.09177863541369,33761
187986,57.828101709786914,16813
245716,93.8663033263475,4152
126337,26.941850617717613,38979
246268,54.65568873521067,21236
225949,70.93251368482126,48578
150597,21.73971124844934,29167
128171,98.26272552774459,2069
71270,29.88402146010635,42529
65321,22.87932913598905,33810
167895,5.694809888179028,41024
99384,90.23615172539932,48330
224798,73.1013266318709,432
25793,15.832491683961152,710
113197,47.35814459998155,277
183135,76.97175628589555,18646
42803,95.06499548221899,32321
191177,86.35752985918916,44783
229875,37.57015792275443,27448
8582,64.47373669542014,36626
246015,40.77046625369512,11176
242591,25.743077649933216,40814
169616,46.64833248810809,29630
87722,22.567567350651974,21430
234559,50.01897738601172,48895
163172,95.9571212338855,10519
228060,82.69524928367336,48473
220415,28.030381611369357,11252
140284,9.926646060325995,40354
174716,26.818206345783235,32042
71714,18.250706418763645,26108
57310,71.29115042802243,12434
223251,83.8511164659395,4205
75906,11.397137902091325,5980
130730,95.18570315817082,25572
193596,30.931962657414672,41116
126535,55.76241968074932,16268
9341,16.061622886199302,32387
121280,15.622418464248032,34827
228605,12.822495068183251,48219
104496,44.05884729761689,3732
201348,68.45941325496925,13030
84666,89.67939185397546,7873
6911,10.195665675872167,23367
133900,3.60406206703828,49816
34647,31.164034520816372,32933
131614,39.89152635364913,48116
225590,41.00506909191469,13027
107286,59.55991191728352,27874
46547,19.904700916941465,45579
47034,71.41061378432602,20525
105090,56.05603210878551,10081
63216,38.88393599846792,37055
173074,17.598297325093696,16451
162734,76.96115824382504,384
168380,63.55381777537199,48184
192400,22.79233950591845,28141
72760,8.383929455250154,26831
221686,59.5730794434528,45684
175636,69.44204722096642,17113
17221,10.647640199331471,31078
136816,19.42210874381819,33180
28749,50.62709533290396,45452
221853,38.308012891925586,17625
147469,9.854024933046139,42501
36850,70.32071440256347,49075
21229,83.21651010489278,19304
126071,20.81380511293468,42734
202194,14.500683907570078,30106
141196,30.8984206372143,22189
20476,96.50617576336883,19603
168249,77.95022916582452,2163
230601,78.92525721881324,8968
43522,93.70344757180314,3093
33181,34.33140077705663,5476
188217,3.758337264064708,32302
194619,71.10639789702037,7350
35417,2.442699361454981,36188
222672,49.14584875575509,31021
120162,51.17029454192598,40779
220741,18.56443242378884,49871
243053,61.134207298503284,38796
165140,92.47983173262857,16388
55892,71.6737503455297,12280
23089,86.95817345481005,34317
109943,6.560979958384995,47786
13371,54.98464933230868,17288
63534,57.57316940765289,19505
93285,12.196585876264203,27608
14918,77.17905521997322,10070
159179,96.75012663204902,13345
239751,55.709560176668816,47257
87811,42.36236701061057,44100
26108,48.96826125348656,10277
85964,71.09441366950895,14911
97223,15.614672990678976,35914
57463,51.48456434779094,20050
145250,35.7104687038601,2893
72324,71.9216870490744,20052
198982,72.69352415143094,43707
181992,8.55295588703397,2406
123482,87.19870031722552,41156
245317,9.904617838835524,16418
201496,76.40478802517866,39231
31407,86.14898113167925,31320
189077,75.90278780094457,19007
48603,79.3743519091081,10291
239657,76.90442082824114,3381
101788,71.072073935392,1874
218677,56.27089067238543,6084
51352,91.95584797177055,9330
239926,83.91421719742132,28686
219995,66.8655859348269,25527
119164,72.47692212210033,43265
233646,8.054675924202535,3648
223783,7.231296652916168,41195
116017,45.76639433795407,36989
141361,38.89884912226769,28660
175264,15.888463523779382,14635
207390,38.770296538559144,21249
74667,33.651731101114784,4581
145847,13.171743648000874,44689
221338,18.80887794362728,17941
18557,17.076467583715637,45885
82585,97.6421865094378,29043
81389,66.15720828764064,28051
96699,75.56494270164774,47400
201467,27.44373923413464,7617
157110,5.228479714436528,1802
54958,35.85755190441549,5175
109953,97.94358114354236,49681
235942,6.192154208585158,5380
55201,40.2514558467928,2896
239080,47.875723777368314,30667
67601,62.84997546173758,31416
160107,91.7577555239199,10071
245645,29.499490165809544,24322
168518,27.3184711026138,1165
107445,90.79287837853472,37691
242176,41.5142099049539,6673
216469,53.15133608521657,21398
19590,63.48242726987311,19791
25817,16.4490898539311,16522
5857,70.71718332655753,27789
45333,82.44135389125476,23821
143266,87.35970109057295,31985
165057,27.936246676749832,40234
117354,97.95061393315294,10037
45093,89.2887102418408,28560
90844,59.472693862074294,38795
158772,58.62205117613144,30893
111615,37.967836361303064,20715
35365,13.302871326496552,21431
209698,61.87865221162221,29953
10426,42.58798427648376,7240
168962,34.413226737663166,5070
203143,29.617407805975713,15404
176851,27.378751763163397,18645
200573,33.83494004845749,27432
227657,6.4491456864369,4750
148011,95.07015128724181,32523
48681,92.38246587434325,8330
207934,7.344708915586222,28217
242737,29.091256760938165,36894
140086,15.678918230487684,49222
154155,92.985348434953,14735
220361,37.10630730605088,35389
118676,79.84537470067863,14341
30854,69.3875085353816,22733
117529,78.39486064328312,26994
132415,26.78627969094735,19546
212583,4.325361284635098,12599
234506,27.38000404287999,17377
165327,67.52261962012403,28576
69732,77.7051387105154,21826
89741,82.7008847101865,9963
28971,13.551369511487096,34660
8755,1.0427105468266138,19357
147367,54.43484442681355,48049
148847,92.2247698507833,39491
15643,55.910711226371724,11702
114714,82.94537541097984,8403
55987,69.4286033534029,12917
152514,33.97030761678377,23440
204505,37.43754150596196,10095
29794,75.73655877044895,39872
47546,57.71695369829263,24907
89774,49.06576433796026,27815
25588,21.10305824335772,13605
38869,31.811996573210834,40100
6638,28.248607122713675,27404
119560,28.395035161634386,17450
156148,22.597927808913738,44587
174235,23.907750273973647,36676
177929,67.93301291470135,4513
172283,79.69786825972338,18901
118433,52.812127703200176,18047
164269,52.36273695543837,11503
17808,47.19388094153784,28829
103902,97.29373861239078,12510
74530,89.25705352817837,49274
86919,58.59727492081548,21309
78943,24.89766291990141,28201
182132,66.31547048741373,41733
139423,82.87106590395076,23763
98087,15.578341278463938,31320
132305,85.03799290532349,37594
223448,6.671087351169778,4799
192833,91.7949848458467,39607
10377,74.58909005950194,11045
74456,80.45992066397967,4561
169669,86.49079480380601,42707
202687,10.36831218520215,9844
12959,73.98209444052917,41354
198405,10.458673683609291,46836
202444,92.31707951099798,3956
8026,49.70313319415901,47861
41756,65.74278642195063,47710
53004,30.601085176344515,31722
137859,40.7098119238392,1154
34814,84.44303035399469,35230
229273,71.29969349221142,15880
219709,29.44406785934982,9912
83000,43.440297074178964,15437
9148,4.667702483878147,35863
97479,73.82044492504085,13299
211314,20.811341816906978,25499
41602,2.4867963187835453,41440
242564,25.99335221727954,35897
168956,55.75720331206099,33684
129197,62.26318817246857,18848
151026,28.770390069781094,20604
232990,97.05863538594734,12599
124170,21.730783452125678,32835
21624,2.779704438883733,2850
236615,81.1746911458528,8003
171260,2.8824373947554696,28757
88628,74.6285546166127,32765
206395,90.43175170333186,26237
123504,31.490524800362017,6037
141968,69.98028825111417,12508
217648,48.823142483368436,6579
153078,59.358321041979856,22760
10888,88.70326561130517,21879
99109,50.37414423552799,31854
199820,8.895456626107801,48072
54185,20.862971295509976,21709
126372,55.27834530817804,11489
66674,71.39791244789002,12815
199638,16.908289617449437,36782
24247,14.52711402685148,13578
100144,31.558405713382356,36153
156939,5.904630762601602,26230
246794,73.37868640311066,15427
135454,67.68738435095256,5485
185888,60.39677351433245,27405
189880,88.24275764044307,32322
9576,4.765882787338038,16317
115166,10.700485837999791,34665
147185,39.29805517257061,20163
137418,97.33005185062763,36740
217398,10.076125049677668,43544
221738,18.712442426113856,47635
50548,72.95257121973306,39936
65121,56.25300963427838,28119
37164,6.267699929046309,7190
68113,47.08139599762993,33225
187813,9.61109124313796,47890
190268,3.634297661740539,44856
218137,30.515943115248458,35016
209926,81.88622148400721,45800
238677,87.30844967233827,21482
176728,53.45170773200489,44968
234655,32.96150093643167,10945
172607,54.59645222650994,41695
90106,21.198557571175282,48359
184652,87.44811082533111,12236
102131,96.77188696615517,956
36564,28.549284550312276,48832
158821,47.7112511215391,12779
190184,33.84110688197815,26783
68605,5.8321860359567745,35476
197015,8.389840233973441,24614
181270,41.96062636563927,16929
227738,53.26046111315038,31352
137777,23.437808540387348,33368
10541,5.002008131512554,17677
95531,20.540650097603137,38865
208007,82.56833771940556,41401
192278,18.86672006782718,22930
219832,50.76803261189316,19832
166263,43.97730925857241,6691
176599,41.384220303525645,22901
42345,6.342544532309345,36623
106826,45.07115831606319,37003
100276,35.3675632249626,13828
14835,73.43509246558033,30457
128737,74.61824334586322,46557
149973,93.28334344350142,1619
239785,18.667173646625244,24202
107493,18.754001609448004,40597
199746,26.6622923521555,49003
213940,61.36378631714726,9695
96028,86.0117633572911,10596
111688,44.026138953101366,5628
158629,35.46690429787873,15971
181795,56.05928648162827,33755
118773,63.07833807506336,44807
246536,59.40811928958724,42871
141645,20.192858040564253,49938
93142,45.58578846311192,34298
228950,88.26680102979735,32592
174189,43.92148698208101,11962
7306,43.5408679626859,47015
98028,92.09990461735322,14099
225151,93.32098896872392,19364
95971,52.95409136560039,43482
191080,69.50968865612461,42321
113173,38.457286867275926,19794
240745,58.77606066543363,21737
168557,32.09065671210684,12917
81166,44.22580205275951,42699
178141,50.91837795468204,36786
137433,33.5225472369745,6828
200502,51.933641322077214,11787
38475,21.76181750593821,17063
39253,12.799228917443978,9495
71307,94.46147699919007,23375
196058,10.300145689501987,39689
146662,15.222635640120021,6243
207730,1.4038292776764514,6301
196882,45.341541706845,39834
147709,66.22279644376361,11794
68360,61.242623391567875,12031
10611,37.55449664478335,14142
105223,42.71054188363015,43058
6585,2.1037592138363,45861
249690,68.9458827316045,32847
13761,34.82328548176107,10048
99450,48.57605789659666,37215
174648,22.32282096333424,8830
106122,46.097217481952356,559
142569,63.148422922240826,24828
183107,29.098318901358777,18134
76897,34.9384565206032,42734
194851,27.000262049246654,26318
232379,2.567235742828278,49375
57841,18.733123463023833,14695
52117,15.278675031144756,44073
63039,29.5966496523098,27340
208445,48.01523490623406,29938
36475,68.25691180737404,35073
21797,78.07133951356928,13961
237501,71.3942027175614,11298
216292,38.041559262348784,37740
175761,89.23603784910789,44733
66573,85.7216207173898,9687
112374,15.678091129911133,14859
164299,43.582497991977846,22331
71839,16.029914278174545,20107
148355,97.69725465995263,28212
163864,37.29214884969487,48204
126418,96.04784336200434,3336
175567,65.23699167371439,40764
10337,45.348132119118254,47243
111287,45.71848770764448,34344
118259,14.054245376876763,11138
119558,36.18938631187848,3045
208533,13.907556467248979,27503
94769,87.70145891899702,15774
74023,85.38827824499423,17104
201319,66.91926908521762,17674
116036,17.187243019219306,12815
89863,86.45902744889337,35410
10714,17.188325216887264,34107
27689,72.41879706862645,33372
18989,28.01178253377622,31538
237871,50.52149531492704,12564
196674,23.035767427088363,16505
102089,42.99274866702819,36777
93092,81.66104412277328,35089
178887,72.22056124255226,49885
225642,88.46790386829973,27847
134555,35.53597177500639,12800
70678,80.53088818119633,48509
136850,33.80203075526942,41760
12003,4.579026667847495,24925
78395,78.62347616185058,5967
64016,25.75553857787369,22543
243762,66.95461837453283,4537
234721,23.184276593160522,38822
109204,81.80301428624024,6211
196653,43.78592937595997,47146
46949,17.324840026942848,15505
69149,19.85624520295985,7342
232681,25.535663540037934,34470
96849,2.9889991905976574,5431
214761,53.24830684218857,38229
194080,75.40176406785592,9574
94179,33.537854204412035,28490
33612,68.80241798966698,39250
54403,46.19511488484089,43074
126257,58.52789416812516,902
146086,18.132519155690105,32638
79761,58.06490513333512,5365
22718,52.8946390504265,48321
136786,22.40488144668763,29789
237556,82.66938779134861,43695
80373,3.0261524233138055,35594
125409,28.426848181567102,44090
148870,34.213943023760045,13146
168357,46.38122884329338,23633
130697,12.620738785975208,48866
132458,32.754149254416674,32042
68243,61.577739638690836,23178
32042,53.42409513824184,502
26139,54.810121455342504,47187
31865,38.39846033757558,48722
27457,1.6113800140214256,26075
81149,80.64534574366141,20473
48807,73.16229831310194,26742
134603,30.674605520268322,17388
144400,31.536594651545382,8823
14394,1.1094890094788323,39243
71684,38.11826849374074,24662
249871,96.74060619703778,5956
110653,88.78790713597945,22582
21490,82.11813297696327,45545
158282,54.25518337812224,36817
193907,88.12953451584214,29079
226464,70.00454766045453,2621
98776,9.136497681667379,36029
234000,28.413605569979005,15324
184911,44.81056878783072,22959
211797,13.640741590039426,49870
46017,60.72528666865564,30305
64942,26.249763930078846,22012
100770,64.6925824488921,44674
10031,93.03199633890496,1301
121259,59.86966235302775,11795
136842,20.549905921749378,22844
104223,44.69807637295633,30543
152754,30.615302137024212,4780
200612,2.7249547912310264,47893
55502,90.95856747360237,16739
138457,61.010318353007875,12462
115442,26.723804207042317,45223
56264,71.06867939908577,11288
123927,43.6529349354566,3886
50549,51.81523379157852,22944
208440,91.87146656146736,4422
140594,54.92931914406425,1534
59788,21.714338997414984,30102
103775,90.91210675114583,16152
72939,46.793373109357475,9445
19343,93.17161435947773,9392
119432,91.68805220694854,6608
19260,62.64891677456691,32951
160760,15.71177479787555,48362
162410,36.429009178557905,38515
230730,29.08825484110171,1065
224547,9.95656091218996,29414
221527,11.957609057562378,20866
152807,64.64976931289661,24522
57521,16.600389206951256,15710
170721,67.62715574838047,27133
38102,86.53482597803674,44385
198114,66.22523309660399,24807
219760,76.57497919878996,48800
147793,66.22709779895722,45212
17918,82.62172127574709,17810
190847,13.934379157215387,35138
123598,11.743092790023532,4164
58862,31.83615041904016,3973
154621,32.4270481590619,15699
65338,55.93308650711932,49821
158188,45.612249309866186,24196
89967,89.31825585123079,19768
236091,60.671294395368605,18146
190773,79.46270597350932,13425
183722,32.55602072276851,33946
170131,45.09352034420139,16495
77695,59.986403668036566,33781
87038,88.5643327893051,41674
31470,22.284187811068197,20514
55169,18.398266332912836,46009
165099,48.360709509683986,24058
131817,45.54311407684155,42084
146939,18.543840502725537,26276
31433,56.267871178500485,18394
142637,50.159154890477744,33617
101672,71.90698465831932,29439
160045,85.61374457450057,48010
66596,35.48165068264587,49114
64988,67.90710170590006,41157
184717,36.18448408570038,10825
158350,30.77784928706757,27840
84902,13.771613072229714,29244
146127,62.977058930493754,9502
111187,88.26283276508455,11941
102212,65.9583213443918,36920
223006,67.89175680223516,17078
223626,40.125399258841306,45911
163790,79.78998914519211,39040
15486,13.119924488970945,30880
121127,50.477309037654614,22565
171839,30.069082286295952,23256
206355,14.571390637276197,18190
58112,14.466333202754221,39508
201917,63.25995608349187,8698
220331,1.9266522105018387,18402
210336,19.290749941365547,46112
76078,5.472458256519994,33870
139442,73.45458640410085,3410
36987,53.3013435316523,9682
159257,65.23177057782638,5960
85655,90.25261015019008,31759
21298,91.56904944346438,21872
207266,34.801445536544136,45000
161353,10.085611362819797,31502
39259,45.1120947986219,46286
70930,54.93581175135111,3824
146051,39.95680146822448,17437
71483,21.705932332141945,26995
114766,30.631911637186807,40529
195666,80.66223069300132,46498
223105,94.16521826204472,47119
33488,70.46312072976512,14690
231566,74.85781154796014,9782
100163,71.4429369132477,46618
11946,43.26212564222383,33574
166384,97.59481035150623,23786
17803,76.05865035060552,40093
39630,30.24348345289481,36332
240170,33.72544647239013,41589
109055,65.14371748031661,36861
89993,96.6618771788425,49319
21841,92.7705514572243,33424
128462,83.34729603804607,31413
66216,97.9990331870169,46261
121944,57.10839591132305,41659
100257,36.86190430411078,10065
61609,52.001470517705066,49427
146038,23.29324758081145,31387
13947,59.56881275864481,44265
23706,33.94581475132983,32008
59382,36.03706993767882,5898
83338,74.8292270007813,32488
83394,40.0006118748202,26299
73497,59.59365645878336,20732
153042,62.194152879571014,16694
237292,19.2502383739454,23159
164318,80.78432835960626,9170
39666,22.144447018917415,22005
157163,98.24211869387707,38454
86573,49.28566988257114,33165
80200,34.63521304226072,44104
233639,77.64700369070152,28283
23034,21.49232396459278,10409
80313,19.11773716835399,30881
120363,90.39814084532858,1740
58864,24.54816715871044,27154
26076,59.353701787849744,29788
180001,58.006716769023825,20388
235075,72.40249548150793,45835
244872,25.995082363916143,17098
45263,1.2914365556915977,48411
125845,22.95832374184273,15682
38708,34.7481168895433,9636
14419,21.339449248670626,46308
39913,58.6510788363144,33094
207011,85.94682590025167,25522
214582,36.46524571837224,41912
44627,44.19905589829607,23163
153225,76.35531350302466,38471
125827,62.06013701570033,8586
28863,37.076761837836884,30217
160977,60.859277094555374,44463
233441,66.63128465808107,37439
213962,42.80584998329726,22908
214196,6.488572572046886,37619
53227,12.675279130227679,19653
44183,75.78784043280507,49821
159334,41.15823011216657,37717
114278,54.60584460157925,49289
155458,94.99716723027133,24951
123916,65.64889249296354,3875
238346,71.34677098614375,37528
151548,98.00615591928911,10966
72922,74.52040206313569,45982
153193,37.64691568048181,2199
247599,45.631298084694855,47494
13074,17.54917267979902,28003
232712,77.32039441920374,14616
22149,58.870855029656724,45649
76243,71.2359700832743,20143
246410,32.50720617592779,4229
137546,80.88499271134785,34757
223186,3.0798331339354217,6211
177652,11.802873047543589,14953
156962,1.2466717369074503,32514
224287,45.12852152116659,43400
211811,95.50321638961353,1436
202260,65.9421902541431,5523
85175,76.84750765675082,28123
58461,32.85286810018058,12370
230033,10.133057482335163,42129
147449,61.31560708675223,22797
5885,17.65002822338558,24744
11483,59.79726036703437,36701
208245,60.57759838495092,44533
215557,28.609892171774767,42439
207150,59.82710244464658,4102
157789,40.98285867828473,30374
31540,80.9875287745542,45522
236372,85.83451159512727,7292
186174,81.11964303785793,1427
52456,62.90660708570091,49519
205799,44.97074450791175,37446
230905,33.86264096841072,3251
171759,35.44922836142329,18479
80327,97.87537737611264,1364
8498,33.5731991159719,24363
84956,68.81688988380976,2518
29442,10.59874305338695,37947
26334,47.74352835106383,36654
109129,36.039245479172806,31013
122438,35.934859997744724,39128
42855,18.200463649128057,38737
135357,95.91905583183272,8546
136026,79.47252216454606,30101
54843,49.35035280139328,32082
187728,2.4202902473835124,36859
181545,33.07328785574117,48223
221675,80.41182569466109,48061
55763,46.36082936643957,12393
248351,15.15627349450852,38715
110144,3.3870717421135166,29705
146961,95.56944010501954,6945
87504,3.9575734662810813,39982
218038,86.42520309726453,25066
172157,79.32223583734472,43218
55347,63.18701821336152,45456
7163,98.00041437386872,11624
50898,57.63369396593219,24543
24799,54.103664684344366,3129
9981,43.802516367285854,6297
106646,86.1445571851478,9722
68784,10.841912718996689,13977
112737,45.77809348223583,8383
107524,57.80209325458276,8518
33404,31.48507908291064,49570
12358,3.2689387282373454,34238
248390,57.238736926005004,24912
49315,95.59972829660212,39725
58439,66.25139791457846,48272
98179,20.612881273724646,17249
181086,87.40708157560464,24238
184439,36.01805732558444,21083
63613,68.34047588016615,905
244854,52.20278788629691,40861
230554,30.065283607377435,10941
197633,93.77596321485055,47743
9858,85.02342748772098,36393
69192,27.92965339751872,21010
100279,17.62645489354565,20805
71350,10.910687329299304,6051
249635,61.30954432837192,8374
175021,22.473489044881592,36149
30981,50.66914669946915,6335
237998,54.37696843328731,916
118421,10.473581738912934,34757
230343,82.45852909719753,37152
179065,37.85758382455085,7878
71684,90.75232228512363,9609
189262,33.8802182223735,16186
220333,78.26319996057357,48905
131745,68.60838672463827,47299
162409,68.07573667506107,41459
202220,43.141801493880656,33401
101015,46.97274234639734,26765
37571,40.747368397267756,8528
38486,48.86888627855251,33109
186784,24.46205753366431,45164
171419,22.284381679616367,5247
158570,20.524976870903025,19461
113469,83.3169662041112,41998
127827,37.76156188506672,48705
19569,96.85975789101816,17904
82345,21.863940894390403,5675
41941,49.20894233695423,23349
219223,37.11684562375608,47638
222098,51.32065103598778,8478
51567,74.0910466882661,6603
96770,15.053569414045874,23182
45364,65.12822717551539,31357
54332,58.429398457013,18803
185747,37.94078206781465,3404
49831,71.52347906752581,189
146311,17.719919559904028,7621
212259,90.75755071336715,25689
72582,98.03603774791435,44647
169858,92.13459223938978,7315
178569,12.25027595633561,32900
77473,20.94399418651358,2070
56129,72.38473870349759,171
171905,67.7530884116991,7497
242913,38.4917168346149,24104
115260,78.93384594312711,30341
9956,28.59038193049562,30834
18870,71.89185134637893,21146
141807,42.158082072473626,15674
68333,45.28277775211073,28627
236756,70.67162329482113,35832
5684,54.80149831423075,26944
232790,41.40495335501579,5349
39819,83.42174391680625,12807
26127,6.5069983079963105,21643
178565,87.11068829537243,47634
163239,84.61436234093526,24293
179919,42.29152457409513,38755
34198,94.88876481303959,25868
115716,38.47480978500989,2958
241656,40.70340076859139,13928
15792,75.09066290482961,26680
203019,60.99248452343387,28284
127905,70.70449524094114,18400
108862,90.31337920835765,17659
208182,37.74981411757636,46196
101409,98.63004468533977,26481
241537,95.7120221869708,19894
63431,62.403807587526806,21109
156664,62.47622668109562,14856
86851,84.76789480773277,27591
64896,64.8317047136109,12356
229223,95.73180395478012,2286
109738,23.455922862660422,49451
134460,15.030270007785427,17661
118662,86.83646062878746,26110
138284,49.167541462096416,12396
226733,28.982036401291545,9991
199885,79.77143342988413,6826
27548,56.73412561813571,43286
245816,24.796268535636393,2119
101913,46.276528949714226,23502
159186,27.184869629913393,1673
151453,5.628091826089433,18127
160130,23.241132583350094,43998
50739,66.50698978214908,11105
62694,62.7418669265387,13444
226883,18.17969492574277,16608
25987,22.981467554936344,24306
151475,78.63913396999673,21942
142779,37.766943018508385,29830
98311,9.18204574919253,19742
56625,70.65164068430451,42460
113240,12.67093704466913,30957
29497,98.32229466421643,18630
207038,49.527996751413774,9510
136129,17.530638288438677,4178
162991,15.430072320662159,42207
104132,91.1025931413765,27363
171933,50.61526993160834,42140
248795,89.33015518598327,42772
154532,36.03486650630917,8879
96275,68.63667817329176,27349
208639,64.5469795850407,46224
144014,14.148698153277847,15546
155069,3.316255402660805,41314
118342,98.81069611980142,16223
73048,57.12259686601403,6034
209296,93.92709476943789,5771
75446,91.65071941661176,40623
103207,53.22777418093569,31752
164721,91.46576906634914,41439
135324,11.779348838975967,15199
165234,37.581472062234816,7010
117906,52.82083802335978,16214
142923,46.11977912501853,29909
123510,93.64813429713968,12620
157811,39.262632060972884,33244
93194,98.04938283534803,22724
60211,36.42035172212938,19319
32964,16.487074775819515,22384
171421,65.6088132059138,49306
184417,47.402605587749484,17896
188420,6.386346139308268,24165
25350,72.00261758843533,24499
214425,5.6211072841554595,18184
151520,30.15910348301929,10810
99578,66.8769727917476,33524
208583,35.829811201358126,48500
83881,39.23957730244331,32024
151304,18.073223808271365,44920
135230,32.96767053816647,41680
60313,6.659337466274788,8020
61412,98.48142421065776,47401
72357,2.9434150979530096,20653
137001,88.83517763460493,22341
144036,58.583054451720706,2779
227475,87.49191503762182,17624
145585,82.63003689985459,29434
204814,39.387299422060615,3318
79171,41.46697975695276,15806
172688,68.22971808128682,33045
79971,78.57079060033219,3048
114280,43.97785108367985,15978
138899,50.405255885928234,15070
147564,20.10522847053524,36744
244308,40.71378522271975,41820
44361,74.8974202153312,30995
67273,40.06561299083562,29506
226918,36.10378640945822,24921
166140,33.96840173619791,34800
129128,38.00193515378847,37869
243093,79.76134024662787,26291
41708,30.720373549444805,38382
59943,33.76423210502771,47300
178023,51.08263116969259,6176
225472,85.30371366819665,19946
62155,81.14762943491749,49170
95596,95.54638133038857,45579
192543,93.79478259607065,19653
168398,19.698442481111623,36306
242687,50.15793308852938,37177
185368,13.519966514094516,44305
215214,55.40842407822847,30345
48610,36.57932790493065,31771
186083,91.55554731642518,33168
58606,79.16487621491567,29145
220255,44.53955014061692,20111
232641,23.214783545561968,7479
79940,32.77101823582191,43504
123946,67.94626942331524,23558
20190,51.32271864454619,32402
145306,20.485013542921443,37000
208656,83.94937667041064,10112
218490,65.42888437906421,8462
222446,19.045314499176218,41988
193607,37.684613995610384,30629
113699,38.40165378101293,4250
222808,2.9575118044687,22002
216716,66.23481926418825,41102
18862,37.26324853198686,36339
113152,19.866996868062632,1901
13317,11.824405547495957,8714
184905,61.50985358362081,29881
71694,11.86057659187294,28236
218946,70.62858372991845,11094
64311,85.4554643503355,13148
171327,73.23951469924636,37270
35175,34.51886895762339,17252
245786,57.24149142756826,25803
209296,27.291596978237962,40270
127955,52.24760712012512,11926
54470,5.004550666110526,25774
149553,31.642689813567667,27764
163367,20.20257414601176,31106
63915,50.03453330114795,12922
38939,87.84499257646772,29272
69756,63.64797299646502,21409
167741,57.403477963481784,15039
210605,81.7098542665134,7902
246166,85.16472410941331,20988
185048,7.994013452796227,9716
40037,87.94722270727637,26716
245555,3.4509113291201725,8883
20927,62.47069304556208,5271
216948,56.76976727573249,11370
55352,30.788585369955452,5500
146529,75.73200518382725,1119
140842,36.25486696201788,30198
143474,75.44920632429188,40673
170596,54.9696712066928,13157
81241,61.686694816992,30631
114517,64.18420861188199,48285
75059,69.1063734491102,30850
153184,20.3719881447798,31765
146304,84.37864587359952,30377
58499,46.77977523436726,4992
44760,29.546294512175475,37403
160883,33.38562260506396,19117
201453,19.147656671593282,22282
83498,87.2507926569499,43538
28343,33.713941799018265,45434
209000,15.627437632549622,22582
108566,89.95002575512174,47190
238191,70.82471003233721,9909
235709,9.600581830911088,26870
98285,62.18609870567328,423
167769,78.0361855008049,27019
26123,61.0598514096204,4777
46025,55.28438070530735,26521
85217,81.84853255117373,15222
148108,19.381187982366512,48789
29442,90.33574897166282,11981
74422,62.011169015175824,3050
40757,97.05260502836663,23190
172422,23.830532296699616,17701
102941,97.15629953762081,37202
24633,24.93825268846453,43497
34289,26.034733011945516,17567
160482,29.194165044584228,14200
230982,89.89160314439451,1804
151075,72.36800531226632,35850
146797,48.98214751364763,23365
108880,62.91416861923469,48366
183555,93.27302668630765,44980
56249,68.91174074782462,33518
124988,51.413802273289306,29615
107708,49.46779450711333,8339
90066,14.109663435951322,42325
126521,43.74469288737514,41785
247298,80.56186059370215,49878
118109,63.58775099138297,43824
115124,19.228097295886858,705
146515,87.77423718015335,34199
161984,89.45321715845452,16720
198014,72.57031535679623,39591
74462,82.7986268883573,15481
244254,32.039033252072926,46027
181927,6.305236071141177,6005
140873,53.27781661558015,33232
103444,60.57616509539623,8610
239187,73.9966358935477,6105
74094,52.748004978168126,3691
163585,7.081229694541324,46195
163935,37.676452991577925,43864
184103,91.2294076543243,8407
146163,21.582462343107235,24478
16049,81.69100975326933,35690
28867,12.921831571116925,39553
34123,68.20129076108626,21306
150510,55.05362890888571,33513
225426,90.75552177806401,10837
234842,93.01672960294465,2437
15846,48.87226882210693,28354
85716,68.71431805211876,49753
143750,6.446180494168136,23203
69647,23.9082056203293,2964
25757,98.68956776031672,39548
46476,65.43708909718347,40090
229394,83.28592906604999,38784
102978,71.16729832828229,3578
142516,50.92970148927764,15509
246210,91.40201623778034,37527
142875,49.06592717455764,17986
233410,28.05420537732352,28628
98795,97.09101974155415,4466
108859,79.4629500355162,28156
32285,22.300216700384375,46852
39040,1.821843865950699,23358
160239,8.929895293388942,43380
234043,32.13513635709949,33660
190623,71.10634560202446,4289
57860,29.339845142783954,49040
26680,79.19448354697761,28009
76151,35.53280084217026,16441
75792,2.7946541353310104,20496
224065,37.57601405802613,4325
217870,14.005119754515892,42832
20928,29.240476950261773,15051
12198,28.878311921618728,46606
209528,82.93557951885137,34801
144362,77.10821377935311,35205
84181,2.637219667681471,49519
237146,50.96322113646231,11732
77675,20.546811008222015,1911
14311,39.93934834770492,45656
83200,55.85106145307665,12404
114430,52.55779955242185,17451
7106,84.28289905234706,47086
109188,59.93320923630256,11717
49356,57.45094266513155,10171
196592,3.656447827797594,16577
227067,73.48221121905883,31981
176111,68.40136337178309,49512
233545,63.99422078793355,10599
115917,70.29463031373571,36618
203331,22.327979737968338,18408
183892,95.2572958245919,25932
132679,50.82572780107934,41765
106874,41.43210516610855,31300
64528,10.589630430548688,20451
202082,23.516430132530154,13601
33350,71.962821148025,19014
34996,97.93504790591747,46485
233970,82.41013009101482,39048
124035,31.003606486528284,48838
239511,7.560036656031642,5950
247212,45.49862427516584,38445
196399,86.29656530215108,46664
133896,31.012453650558793,43596
234864,51.0564821763812,28022
193989,35.43833958954109,49105
213578,81.14463597174353,19899
62307,3.1047307976629814,14314
51954,66.64383630429533,14839
149312,34.872835682254255,9518
88812,30.057179202200054,35995
162584,66.47689463033097,36904
146903,48.297048903291596,44456
224027,76.03637836003945,6386
81809,22.05352597123404,42125
76846,98.75447449351017,34609
169020,35.063657490212044,35729
34390,49.787099919415994,35851
225188,81.18905039481076,25755
38826,66.99845596172995,48797
12258,10.96891865707201,6785
221143,67.36785941949124,13917
246359,9.930133368642677,15119
55492,56.26279243637051,27283
54358,58.01607389675517,29728
53374,39.00645073189336,5878
73930,27.93163290844225,3931
42039,16.184699041038414,40506
244518,29.004582535973498,9282
163239,4.683602822212181,1839
94776,64.94539320216272,20897
159932,31.72917335112091,26155
69403,25.855023542285384,12217
58475,35.985524236737,13384
110885,37.69274367294366,41148
94339,97.5105940101196,13873
69665,11.405003531989335,6341
150794,90.69330228985173,37202
135384,30.237688416564946,38295
237561,86.08815116838674,6721
160647,69.0312236199115,27105
217182,20.826975361711057,32668
191011,8.579288289812567,43214
132164,50.656926890736564,8214
67637,30.652784879626086,17352
24051,24.56563531300866,38445
198138,22.07015253733007,43483
168751,60.97536325169101,33747
181122,86.6440093105291,14722
37437,9.442397269944315,21812
45715,83.46433935294687,39870
41859,91.28965782856326,45667
232468,48.22360464836875,19065
195142,61.47922994247206,7385
74140,31.64374477789972,49835
18035,49.09610923170072,11693
187341,69.93141955577252,35139
43159,90.65457241679624,31511
217269,42.809817068243525,23608
89719,9.239944248316615,6814
62549,87.68983102622816,26700
46960,45.40086520855427,37895
102642,80.22526372068243,12265
144970,25.605293213285528,9597
198218,29.830578019733583,34369
104883,79.36037290665003,28276
21742,45.501284754385665,11136
135993,37.39336139536816,31254
203576,90.38390373008465,25328
163752,50.851539889731164,10556
33578,21.659767120315966,34266
96057,75.03956216446865,38646
68107,46.427745065764675,28734
174023,33.502555749524795,18456
100176,97.0341599179423,21498
179645,57.00919850444809,24684
214135,66.53019769756166,20888
38910,54.67802989197394,44487
169465,42.51424502055657,39055
176334,67.71224121067988,15379
149923,7.644456904622819,46610
102883,36.08712388228349,39702
166166,90.64717513038215,40738
178270,65.11059940488684,12287
14472,2.3773037089570295,28181
89819,6.166491873539149,5309
244060,88.71086922897852,48818
227830,80.85541513296502,32099
12035,35.69809731702279,25614
9063,48.52804166867593,15474
229755,32.03483536786236,43800
110012,79.87142815213845,24164
38827,26.99382276194702,22716
135475,41.753548291269404,18400
166795,34.51387245368435,37764
182703,45.32289330986468,35629
224669,69.56811320196897,39820
136674,11.695368960823297,8825
183139,63.48578677724303,549
161768,91.86488959958076,49330
153390,26.73823157977303,29605
79854,54.27162726896605,25126
55849,17.246523718808273,6305
151236,73.88944097155674,38478
144430,56.99859550191814,47007
156011,7.5681078720281505,42662
92377,45.51482771309524,22344
130108,16.50186571983014,33686
159361,38.08250440912643,2719
22728,20.814775826625844,42220
109199,56.28860525430708,49320
171502,93.62229909678203,48403
163043,17.522573304146647,28796
14853,29.354554664280027,34175
28869,87.29948926639702,44104
242916,43.761518775539294,27234
120281,38.4623438847795,46142
218007,13.981677934181556,37193
88630,79.01046434382711,22236
158909,63.83164446435632,38788
244468,51.05305337870754,48944
144526,47.714186291843475,29256
215459,3.4944685386129084,27250
28650,8.926723001167371,25965
11098,91.38882909764196,39707
74349,67.5320504759847,2753
163607,93.77775375437815,3861
6864,20.677786422293295,29909
18437,13.485136051538516,1933
152871,24.320903497762412,44713
50389,24.277888498474574,13750
16270,23.248293635153285,22607
175763,48.61556903204751,27119
60569,88.11650750755106,14127
176037,18.687888429276835,36835
223736,2.4488905390772775,23706
33253,60.887906880690764,2188
219330,15.972375269856492,1036
245672,30.78318036901379,34125
191659,53.426955079134764,22049
215022,69.17900804565026,45937
238367,26.120493942307064,4045
217743,69.96840037407776,29708
167420,14.82249978831404,20001
193077,37.33786604988063,10735
247904,3.7645193982358554,5726
121867,17.396885536744872,1980
90763,57.99271877755602,26318
67556,57.75349701124073,49268
233857,52.0610567938116,4531
245676,49.88715052730621,33559
197852,52.70578434997967,7698
101413,53.229617385511816,4615
148262,37.75920004052983,34940
239965,21.952655200257535,43258
242818,87.0490845993544,12167
182258,97.51845854903065,24211
127234,69.90048924392559,37966
42738,87.40931189259453,32582
6387,95.84418413920626,24941
200195,26.855495631837538,32168
80855,4.142180057845929,13877
108381,46.00866735318372,17986
83526,29.671973015696594,33036
91596,47.9304076558843,40120
227523,5.334466153326244,2661
234089,52.01617593468415,47049
30746,75.5286002322346,1788
199861,28.780364919772758,24422
179188,92.52086924602406,15756
92928,27.379624400864223,40394
168755,31.801407777884943,42546
151522,27.467149914748752,5577
122085,97.97549761643675,1769
249830,43.20530930807418,2160
167023,81.82976127110793,7830
105672,84.82095013481927,26747
225925,10.131959871638712,46431
58785,59.69632828198065,3172
54729,12.101466440433004,11530
103360,36.33675545227163,36233
162601,14.65896026055341,39550
39955,17.276704666404722,25981
49779,26.106582157672314,42434
161517,52.62365883361202,18341
26221,98.72565644634861,23437
219029,34.05179225643761,28475
64624,74.52758305846697,18777
153782,5.704382271714131,12554
63106,5.376337979171619,929
203867,17.560704488188765,16691
210936,75.31233049130081,46856
147069,95.77334487408697,30234
9986,76.58060494483732,27329
67398,35.0557983087284,49050
154990,34.3779762353412,19415
159592,84.56496333995112,10149
58241,62.7121230945966,36076
174430,65.12599112857808,778
79799,42.17612208903271,23097
32186,69.43369231746759,19126
227493,76.26926296842025,12031
213510,93.2054767405506,4863
210737,4.548779416606505,2352
103147,10.995852772798482,17861
182995,1.5970360092540368,21649
67329,67.42957856567035,5746
9108,30.33015422272203,15692
132811,28.597581829949984,31510
178840,32.57456017022278,31240
101497,60.382052714383,49593
244620,40.46331353105271,18630
235435,67.06503151431217,40013
40576,53.16987244636869,46489
83216,60.28942284750071,34605
68459,27.564914298990555,27437
174932,78.11938756673626,13529
178279,69.76926238942706,25263
212896,53.75155833296351,7879
223658,90.16223163243,25800
76324,11.676386210781178,22130
27315,4.629116177557918,32380
97414,35.516096515831876,45059
162282,66.7744135251009,23910
192419,76.03477093065699,14173
198416,84.9362973428684,8460
6016,42.36873439101883,16527
42201,22.01725051893625,31341
211737,7.773015773882602,7575
162375,69.4543498851104,33520
76646,56.49265394039621,45517
234321,43.285464335682185,47451
45708,11.656630437089143,42873
189223,12.30323802195775,29768
236532,54.176966680474635,33388
232843,58.11323965785088,4416
98520,29.234354383398387,8293
197216,1.8362956390307308,6908
220504,4.744281604862904,509
16134,75.1199763946718,5318
27323,31.93600115513773,39070
5596,53.076410131041584,11173
80266,45.72325354212026,11612
124186,92.89522688410952,27396
37563,37.01288142263112,36393
51799,61.541750048724246,11414
164181,11.547134016507657,1947
154322,66.05949020109576,11931
102360,27.370505943838356,16685
226499,33.91964302545573,24847
21452,80.95180462725757,20797
164604,96.49471067997953,16676
104354,16.46654948782963,25224
76322,95.39599840679878,8464
123953,35.18998450743508,2770
86428,65.17711851356455,34111
149746,62.00077379822395,47960
138708,83.98565563667988,38115
22697,11.608415346154294,15981
20635,89.22113227788631,37377
159932,75.69107390943581,14897
36958,39.01766474060253,7365
5925,40.96302298072346,22829
55946,92.19795107223057,16649
68293,16.41963559920592,32148
61362,25.299949388365356,43443
220123,17.71463364740556,36004
112598,17.274921565996138,31236
86455,14.402474844309868,36948
20962,96.6775263628694,31904
61023,88.68635329060238,3911
108035,26.890763013993336,27820
126048,17.498475096625587,14921
235500,98.8953640528838,25533
83372,47.088645322441685,37725
49817,34.96047745895059,15425
212464,90.92803548455133,9268
245811,89.97419421207147,8951
89590,95.57288074991942,20332
144925,91.91741589566733,24861
150280,22.599869966062055,41068
85289,13.560340864924292,17282
38742,54.558289053705806,27896
103186,7.99578276095958,23849
22737,25.891464915989932,625
64298,91.62604369741973,49218
85157,79.18148986099494,25325
191344,69.18628263639084,45305
41932,89.58971649913029,33720
171005,67.75972874636251,42960
163709,95.44919045241036,39002
184187,23.168404912279826,48548
58312,54.95929032280849,3701
231339,28.64435148592587,44093
45579,88.52194493508618,23459
78250,46.22922529235582,47974
137252,27.862148519001884,49058
234001,40.279266468583856,19934
167324,38.6809426055435,35324
134423,79.86578226990787,41949
203512,45.28173712058782,19063
70125,97.1676193021323,25878
128807,56.790593859234114,7304
74859,65.83942040609148,27547
198867,16.884726942950998,43892
34881,53.02771054779341,46548
119508,84.69692644024322,44126
220192,4.525719846155565,21970
128487,60.70830115615794,12139
8727,38.456646469977834,42336
70195,53.842716829852215,20948
233843,56.12418271432423,28384
33846,51.044605455427856,29110
167803,60.45772282423872,31816
36640,42.580547443505765,16426
114362,2.299958053803927,29771
124999,13.702527588531478,10058
184741,71.02521139615268,46487
157743,78.45021451051453,14075
140613,1.076618923558434,11152
114981,12.474464746286655,9772
150278,30.957029825579053,15406
10811,58.262765502202235,20208
118021,47.8875552467175,39899
36081,35.4231694404373,7501
151505,83.11297860161163,36486
61897,54.440498361258335,45163
22775,56.277266885678856,33263
27533,52.03262141500863,4084
156088,70.38334774186477,15874
115240,84.9520290785869,24601
73816,60.64362166659791,20615
45967,4.601951769581136,48978
22644,66.79925489283121,37366
148950,29.189527804406822,43550
86726,19.47900495236051,30373
130115,69.56572967870285,27016
117469,37.03112966730837,13587
109977,67.21371424350048,49418
45628,25.380965133512213,30207
167903,86.18374807860505,19735
105213,95.73855409718246,24221
171419,40.997333397088404,15808
238149,70.52065299835537,1371
118774,80.80795476248838,1009
131395,2.4863918469351107,9234
92073,85.18645068706513,15118
84426,77.03102962662267,752
211391,8.743445583135479,571
141968,55.41474682018909,37806
130586,16.376885139558297,1998
158294,84.35117567170957,30305
9769,18.738225589620296,1697
43067,52.24541035770148,37880
200697,70.03225303499678,46048
102251,98.08776357616098,12511
168796,72.62875973474908,26582
124238,63.1281736706081,29877
90220,86.15993710066769,49693
42048,61.11481583254182,25168
74758,60.144485475935106,16308
228121,23.25193390366423,47035
86081,71.6740701032965,49205
11025,87.35098073547437,25987
137606,15.414719804161699,9444
10069,41.130110872571066,3060
43492,77.4520830901836,28347
43282,3.5343827321909416,23803
143461,12.95347187798843,31143
68704,14.769246895976556,2309
72827,33.1103837914051,41874
188827,42.7217314707303,42370
96203,68.95626289436318,17255
161681,98.58098291625117,40934
28811,15.799391331110192,39875
182634,3.8732701804841536,42728
188910,55.4420465136923,16774
231729,93.38820172096143,32356
126756,13.73032078775079,49948
64553,35.7496822039165,30310
235899,93.22924226311316,2446
111498,62.99014635980272,15143
59136,90.10092073780946,39643
95296,68.0356352355278,22423
38761,62.05495639263917,40362
196985,3.930048299923707,10615
81526,47.36377473120096,13917
114483,28.569841327938367,31995
235407,85.6454361039096,12879
115411,78.51487590103251,24806
121390,71.78658512750722,2178
236754,18.104106166753734,21266
161452,16.31108826204156,10828
150210,27.783517685407002,40923
154679,35.847223428814104,48248
139468,53.117035645450656,37053
81593,37.773568876088966,30034
108545,6.182438732372125,20564
200738,73.65148306667895,49585
66366,83.25314109534617,29096
62709,70.09563294777878,4847
150903,58.90886119063416,679
205585,1.780554814211018,11177
148362,92.5526864160325,39722
245186,51.99242797692796,41799
19156,64.58258857332643,40472
33255,42.6958773884038,34318
128924,83.99026028575973,30211
53213,48.76494450666151,4940
91743,53.546041572114916,13415
55406,95.53205994443618,4640
62942,19.686678920905685,48805
217242,97.94669910154335,16291
119346,63.84685404408028,37631
83199,93.75031585530256,4276
166951,34.03282387133244,33724
183175,52.99426304274429,5921
9705,91.6082764433381,1957
99709,21.734353720266082,14296
82578,17.504041561039642,44513
48674,4.382830930343261,17667
45020,70.47076424880606,6881
89050,65.55434086013317,3773
164010,69.31440284608959,24800
215579,61.801472924221386,27903
149091,63.50593377725082,24832
185939,15.036523351742408,31378
13263,54.082999848108386,30539
80483,52.19932828539365,9162
212092,47.42583272025623,169
213277,53.034531464157,24632
238690,28.885431702092518,43001
186569,40.5673816001312,36559
41804,48.81725004891037,46353
95407,27.96447116893698,16313
69809,52.2638554311885,16319
34638,46.28018703508925,26730
173415,34.79384381177532,23327
105443,59.10898388863861,30490
155476,4.471253246463859,26125
214219,21.06113924489718,14382
39482,63.86825790002024,10828
71492,68.00579736769414,28477
201226,56.54791214716606,36980
41939,37.06769977974392,24454
46419,86.81004832702467,9200
191034,58.60567262171219,31986
87630,50.28425494061078,49006
138477,25.632542361743447,2210
73748,64.91800796121066,41314
144277,16.781842562030523,31898
123281,84.2107452139744,28223
177189,12.027315908951655,20748
141127,28.932411059948183,31377
16670,59.51564017010508,20579
119754,68.91999199666618,38967
20008,35.69012634872635,13589
100742,61.43218785212417,20115
132772,5.2983565915810535,2919
55759,11.480763483362884,8532
148802,96.42131234463353,36649
53978,5.126065152481926,24690
123688,67.0772577041541,33996
132497,8.069205218603672,8117
207876,77.56650181141768,39607
125076,22.84839371048401,4630
67454,1.3779184984742736,6159
136713,92.45456592517664,2679
176642,11.354638773719648,48224
117505,17.687748614522874,28928
85093,91.42792170250898,24511
52138,15.397967502863516,25095
220381,83.1154847421723,10171
173105,55.4760893360677,4169
63329,14.964489933013121,10351
74490,20.591851878388756,3399
149817,64.50692966088998,23748
172269,32.9067432834147,21589
106581,11.144659070381529,33430
174960,12.883592930354087,44416
188166,6.142173978129431,8242
23474,70.33809226687491,45049
246552,67.77109540136861,19917
107408,27.86848921813473,44583
179411,45.119999751971086,49734
19988,79.7992307938371,43750
224421,7.775271537175405,44513
154548,30.576308409012633,14997
18163,92.33109807493784,46455
50578,16.458716784168832,44343
212126,33.89558652504792,39692
78473,87.57022550133621,7918
45085,49.56771870259922,49826
108962,11.277444709176532,27052
221837,76.23392875106097,40409
50425,91.28002136807281,36593
31211,34.304469994936014,9496
144077,76.94690373090698,24276
20626,72.90390053962514,7849
33070,18.199109454619133,8520
88691,54.4955721738061,46650
158772,7.2310908791664215,35367
171321,68.86505611240334,23255
64002,91.39327757783971,31104
247431,47.52615721491983,12886
242413,77.05025794816403,31273
133661,82.54896326255074,18003
10996,18.661052479766013,29762
49101,80.03271101427562,1637
80252,76.43574698460971,18782
235633,52.423949573281206,32648
77115,59.68227095192003,48729
203108,16.385597856492897,18583
36636,31.108218018836794,48482
158631,8.020753120301338,22312
93216,77.78761558655917,36733
191401,77.0009487085052,6133
64765,80.19289923821786,392
8741,58.36138693461186,24921
103792,5.5181436652294416,37255
6850,55.412333226757546,39213
26259,43.60064197516283,35139
166002,69.86293085751318,29573
145904,63.354865036714486,45841
47576,77.91677544254904,47733
11418,75.8071761671564,7215
19150,74.86663844935673,46894
240181,43.81729696676216,34745
220676,77.12749054688159,19336
119611,70.53280601296682,31777
87156,91.07841374922789,49938
50461,7.345670627810438,35576
219083,87.89626501048252,7783
65669,58.1438148166011,1598
216935,74.95972936250685,45258
40473,53.67514239686446,24947
126038,56.03595242972362,42930
74676,77.44098153732446,16052
140182,30.337288250538435,34549
8755,96.88223908162587,43825
225370,21.417437388203368,33575
112887,71.45532157218375,22258
83825,91.15734622753008,9654
191762,70.09910850548822,9598
52558,33.91424375586018,11310
195335,65.65273800914784,44177
8307,72.38626311198193,27987
12424,78.69801259319811,35348
135661,66.92615818554214,12367
107796,28.934641446858947,16244
168150,88.36249641791501,28495
193564,16.500977553897968,47483
214063,12.193670689962332,17661
215850,69.95700476978287,43890
10510,74.30284446793272,34317
161035,38.38268517986537,27893
206131,12.30272235892736,12690
41935,80.75674602840313,7705
24604,22.67134378258689,16450
249083,59.243758583208326,10051
42491,43.40572007717126,32774
214120,75.10910452915091,30978
127533,45.73733857932771,5157
202722,1.530695931625183,20524
31640,76.89678246642124,1048
147997,32.34908672683212,32624
220354,17.429220077658606,19013
64372,67.89722388439263,38829
147824,10.55596417974236,1128
215111,53.45658659218636,1028
43986,64.93889970558754,24921
139409,89.90655744689376,25815
211822,40.84697049001915,7026
121259,71.48018549043547,13867
93835,53.730734999582,17748
165974,37.07685120890618,26054
107488,8.97319437224799,47438
241354,73.42438454183535,46448
51340,1.9324767351875438,4631
154164,40.31209529127606,47072
201619,49.881449842975485,24145
48894,7.032108106607973,43051
182142,80.49218796114293,48901
45160,33.730670154439906,8219
12285,84.55896910036783,38049
237956,71.62678374091251,33493
219920,60.447295226045476,26729
213889,33.3504552524351,17274
58162,40.72691832306712,242
230105,91.81891223871607,46671
146104,37.04354075019053,13949
111884,2.0079633818328815,7491
119667,9.680112163884909,43671
249522,18.423931228739892,40652
179244,63.317812835917444,6892
102088,96.17271877856768,20629
103129,9.925425351128956,48952
115513,24.815962262001467,28070
130505,16.141044724284065,8123
111048,64.32161899958341,13217
149019,12.541859009893255,32736
147614,3.628321771315805,10020
178800,14.91493918815572,40987
155642,74.34211372466348,48166
228908,42.5852641011337,3851
197815,49.60335431147563,17957
209806,53.51531886316289,47855
92751,65.26814166409045,46486
29895,69.15884942177154,15900
130877,46.14684206913254,49376
5493,74.23455705534049,49903
121475,32.38051349042392,43410
63551,86.6744716900041,18570
120782,60.97197746875247,45275
164594,95.88974020651227,11081
20164,76.60704192804937,31447
36454,86.13273574296656,17215
182130,23.847920308697173,18022
146512,9.771992394065093,7491
13398,42.04335212542695,45953
183178,35.43171472321561,35094
128227,90.83647348885104,5626
223279,4.7957193671756375,24292
168065,15.643308894555398,20539
114698,41.52067357219579,21579
60412,64.1549665412304,2200
197941,8.735729329968096,41549
186041,81.84785157310087,4391
67842,54.73712877354138,20120
199801,87.08763239190179,41095
169153,15.825268567524603,17697
99414,82.30195506940008,28034
190294,36.94055418970461,46183
136490,5.281399093357928,22975
38344,67.45612835220939,39789
135127,55.48458187381583,37514
29984,4.990744297371566,5203
42755,4.377590005714482,30072
205015,62.82940025268514,33263
129913,5.871553711812396,39571
98107,10.251969571375044,10069
161085,76.82006538683326,2367
162759,5.551363762435803,23321
223642,25.915079865562383,40106
113657,4.412106530650642,38250
8736,8.343651970206487,47819
222292,10.356648489563366,32438
169445,18.34886803457768,26524
126278,63.648551267226146,16278
135062,5.0760497469285735,13774
55587,54.489589682188644,27423
128459,79.07451415907768,37322
5689,65.40442721515407,49194
152383,57.59367339676475,22996
179225,10.578803852371918,48850
60508,25.031552994548825,20841
11339,36.60312482115717,18644
229388,2.7713885034268255,24640
228507,46.50275671322223,39552
195145,67.72172584923264,30483
106230,37.06182209911275,34452
142410,29.924824040668426,9332
198631,85.59780265959598,14702
49070,56.7369010972313,6435
203930,31.55796542868998,19425
27562,33.07991973664137,41095
209205,19.777629437049686,20139
83057,76.71613781690257,16770
106303,54.47555535311393,31335
204449,15.787190036151168,37734
118012,91.53547152194638,42875
55852,21.298017615498935,6364
72465,28.339892067278136,47071
152428,25.766496887308712,23469
114793,64.13488407438334,38027
102398,84.19146248718862,8480
46892,79.96369802500642,14079
72117,64.93425077931323,41987
104666,2.0510652347609026,28584
209974,47.8713391889871,25748
65085,18.101782002279453,42869
31582,46.54932279636365,10868
69790,19.482439319497,5276
227695,17.624156270608694,386
159611,21.706586344281668,37195
239951,11.891102549642703,28011
19359,51.859430846087584,41243
104977,32.03583262964663,16272
66377,18.378555973228213,15988
148545,29.42775925904728,1947
120076,73.36791022021266,18464
39063,96.39725159606222,35405
188573,30.33002037541774,37059
98265,40.63380843204389,41481
58738,94.78418639499063,4247
201705,28.826205693822857,1293
205121,39.09061502405992,49330
142149,47.09103409829063,17769
229117,31.655182755972866,13997
74738,37.380704992208045,16900
231792,27.782980484290047,48171
191987,25.2538065915831,164
233607,87.94196298496327,17997
165175,48.601005456377784,44813
101763,54.99175418795183,30063
58633,89.11862467042637,3290
213717,26.233850241336608,9225
237610,86.34245424882394,41901
131093,87.67610634778082,9717
21520,80.09110701146055,7947
242315,49.45302461751369,26958
83536,16.43469778637334,39596
50909,62.384814720264686,5842
70338,35.218523335436515,45528
233915,91.39590070388563,35508
85955,33.07443491406016,2351
79810,32.630772106089935,42229
16864,85.01858145219634,13565
23809,55.18853163063538,27245
132902,40.87323523886532,41678
144128,84.73553996698787,37956
161691,87.02929284990662,406
219022,92.69413419026455,45883
31147,29.057849377169063,48598
115329,13.413886730150988,42915
72888,20.855017199679104,16038
23669,78.93245221314626,11388
55547,29.40951758939143,14730
233846,68.72056392258546,30606
136680,15.4854261831257,8929
50055,29.74357093470723,44606
74637,19.259830627862918,16310
86467,67.19895759235185,4416
113355,9.281292444101531,32152
7059,70.10261068601581,9153
112071,19.062901782448236,32841
15615,60.31751597833627,33527
92739,95.85852355055216,18016
136733,18.032413905464665,20274
74828,66.36907853660276,24573
69954,74.40247176032493,8835
238412,9.469065967166573,23617
242803,82.90006967713133,34444
91318,2.823226173976969,36958
141056,1.1247187399431346,20005
57641,91.46115695541152,271
106419,35.93554514093994,31785
145852,29.215278880397467,7708
166743,20.24173456922305,43798
139426,51.657152824149854,49580
5196,17.9528907092427,8674
13560,90.43401410581403,4450
234706,79.86903418481303,35756
73193,3.5966113566900466,17395
168265,23.973828610172202,38610
164152,9.443083505273274,14238
143324,29.525710048150394,384
83706,62.65360765232049,37503
92919,92.558750396102,8753
122215,95.6474363732479,7016
93536,44.339836647843825,18805
91896,85.84115754920417,20751
170959,29.46220123078465,30096
152099,71.29553525784021,31863
10276,31.79095719053948,16014
52518,63.22213412579541,44601
176605,55.28159536427403,21741
224413,24.07241315791002,16258
77092,50.270078849772815,25704
167200,13.836132270198606,40087
27524,85.40889610297074,35491
77042,65.65877889760827,23636
42123,26.882010044295974,49581
97065,55.18234525994987,38061
110957,8.389222381958422,3054
183199,80.77813628206427,8709
57290,84.85370296586845,3843
53636,69.49937797955918,38486
205763,30.737921571779644,15137
190454,56.79224462820308,19781
147581,77.57241123618859,41420
31526,75.91252193942138,26728
80486,73.8324377849092,16998
73914,79.44956731078555,46737
163471,61.2572295742382,9891
249615,47.047865320921545,47686
42822,25.73069260765449,42070
140339,10.553285700939577,42057
127642,28.709153181128173,8091
198094,88.12200893839233,33695
194791,84.04775528782734,22556
192387,45.4583996942225,22375
97881,80.6969521142719,8708
149098,22.82138847912757,16550
78916,76.4611994085871,28884
187456,33.11777554999984,24351
63573,18.021400179630156,11192
203064,78.68617597087437,19668
93772,39.57267519377707,26339
198851,52.58595735374105,2190
162845,69.52365980489004,29292
184289,33.63580530535542,28553
40880,25.652505286666713,1516
90027,20.02932543246683,38751
204428,21.90782932063844,41577
132917,38.031716079059265,40226
164074,80.74951727665167,14667
192085,28.82698165797356,11303
39302,27.511800292486278,32982
211120,42.78409060773421,48616
232450,51.16791419208587,41975
247069,92.07158747783168,16275
92238,79.3184022416861,13315
37853,87.77861806291689,44872
94831,83.1714459354641,36338
208981,23.69489688874949,37806
120871,46.04349901081067,25014
208052,36.7175049483723,11609
246738,50.44100518651545,26359
35327,56.41280675556136,32587
151987,49.983515129397674,36643
51453,61.300153320594575,18916
194462,85.36524329567995,4902
153375,40.21112747481065,28103
246594,25.904999220174616,46846
218338,23.512720470955028,27856
73807,64.13606439408085,25399
138131,33.6146808260115,39746
177414,9.659561224798027,43615
83641,52.395146290106666,24504
201732,3.119736007900519,35832
27200,87.40643319240564,17203
75359,75.00033338601484,46775
54821,1.8912384576801338,31255
233584,21.850422826579273,44377
230450,63.6812410610852,42963
127940,22.397365508712156,33695
108616,80.65423314806215,26136
191724,40.32628187812655,26073
136880,79.91688743120078,45546
36615,91.52768150680944,28082
36853,3.5432822096821375,21021
82517,72.77755574185089,15735
151163,93.96364000011334,24570
207219,40.31097661292507,38825
69028,54.87305294905411,11915
179892,13.34179870560119,31480
198244,68.72318454678178,47389
98896,32.56626288233132,25931
64403,63.8893617276069,48179
102665,41.30525267062204,36527
142981,24.732521158631172,24342
157116,58.1363606358809,2716
80739,22.1463856945532,24360
203703,30.473008161198113,30093
76383,53.18697198433891,48828
235408,57.14727652272128,26786
172389,70.23904500373851,18584
17001,25.066343370938096,12528
21336,37.61226639349495,36827
175464,81.19204699125486,26488
135508,61.005836669782056,21814
199477,84.77734320063261,42732
85231,90.44043485015723,16945
184103,49.65075836053419,1053
117782,11.007291540393455,31918
245261,28.997112644268718,6554
226036,29.925920795913253,27143
220788,27.865913581953237,41687
206406,29.444710200931787,25877
204342,64.60044789549221,23810
149443,67.62100007032254,32304
177539,86.59853172770617,21290
204801,24.77719194777308,5044
172373,17.947583766287526,30481
158732,42.78101772930151,45575
52717,10.75195467192346,43004
207711,34.878755787369336,9966
138258,60.301357945706336,8050
102577,21.68733060643614,1931
72480,65.76558278133369,44716
34999,33.86048801097006,46698
48253,75.08945781462484,12454
173093,49.04316749304719,42285
29872,63.15821019083125,10230
113449,73.34596825861763,31429
112363,67.40745171165479,698
194906,77.5453989879211,24445
32677,33.06705240793734,31251
68611,24.21943160534422,8935
87126,62.2586751450777,18872
12972,54.551816121284645,4033
242661,40.27730299256058,39130
58974,46.307442108113264,28152
213102,96.31854243837144,26165
138405,31.902820654003065,38151
249235,75.0193513639346,13676
98146,70.50247126585676,33571
186195,71.36081381045051,29243
178276,83.43722754039148,32583
190412,38.77301782897688,22177
212235,55.122609246737255,3602
107061,40.7586889988175,6244
165776,82.06678876782581,39522
173743,53.158816793235495,5377
240487,23.404966556719156,20003
180622,57.42943091503265,32073
149900,71.44239254275445,20906
152224,84.44256936831025,48966
170455,28.981909675689867,26612
214366,38.517235253635775,42675
198586,49.40999808631015,41130
177238,58.323718824424176,18787
102586,11.752141664997014,43340
228011,20.6289310570847,36359
227371,56.78149566880343,23567
48229,10.346115540389562,27201
227644,5.149101775273654,29501
10558,16.241117101954586,4238
235521,14.747196115068562,15214
179936,85.8963864706997,48195
57919,97.16904780584191,44966
59246,91.33435454920418,5004
19162,55.701136673662106,26757
59715,87.38661234842624,48009
229816,90.54201409008431,46679
164933,31.77350245722811,40515
63698,13.105136319451452,1563
33257,33.70532727728555,33257
12031,70.57057140410647,43193
61044,24.527710250418785,11761
114160,16.57350394517453,542
189234,64.44265125449267,2138
204371,51.96605478230573,37201
230846,74.86099674313411,32931
99052,55.00481729172618,43071
223061,72.67624802221115,24753
93232,56.15273023654072,38653
92746,6.502555832980022,21826
23064,58.199935421756145,33242
27452,30.31918302296498,25650
217774,51.36740535116732,16858
107319,89.39789771493439,11682
139743,31.686087033968708,10643
16015,3.78855230339696,21644
129756,80.11231545956305,33816
105605,41.57670594314578,4805
224740,1.9701530947232944,2605
167374,45.05413111672499,11012
135039,47.85754031411347,22896
5258,12.783064677202912,18036
172346,68.86435185600376,49783
173283,84.38744860538263,23056
135557,79.2150461423456,36547
201795,65.96138026423544,37088
152229,32.30249383453045,41466
182336,41.23748468140515,45704
86079,35.58069925442049,31589
147251,57.82468098459312,37249
48575,90.65963715004709,34989
66245,35.00921059009897,11708
24676,80.8883457428888,28061
29708,59.09813231064016,46627
249586,76.94373702197169,27938
232781,36.37865226200756,24575
162299,25.04519580061377,42665
30746,86.9017746466296,42808
55079,43.62488758277379,30700
201401,22.679475063623237,28238
92411,95.29742608996382,47628
222207,6.39662084204949,8001
233143,56.73999555753001,28219
155351,40.706565763072305,10216
103758,9.139013435012341,39832
84100,32.168885316295416,2038
59291,97.72137306913345,24219
193363,31.119891139217483,19853
198797,19.632098527402317,4836
143519,53.598639634038825,6934
61279,21.974548544358303,13745
137391,21.70462855117686,18436
82338,72.82933609960935,9118
56655,96.63164609144688,25420
154990,25.273506374417217,46259
35663,44.63596961333252,46677
113153,44.50486726014937,34131
231072,33.888983649646676,11637
178893,54.483971077299984,17719
210128,87.38165843211097,8924
104296,13.969581363002398,6629
176063,91.51227948118071,22367
237229,23.725903785284217,3322
232279,48.528297219892686,34122
139014,90.69137464360014,22367
11835,94.99368171217935,8195
32620,43.58129389901046,23919
212283,65.31621534333843,45850
106696,8.684547103502878,5455
144088,79.82094706386586,40503
218004,17.476136006928396,39708
18692,74.19505742167856,29538
96596,34.902686458550974,22492
205081,52.68112870515443,3237
156744,14.415918580324412,5378
183736,58.562571441471825,11400
7711,22.02059905448332,8118
206246,1.0086059373854714,373
238123,72.07649302529286,48626
109193,36.362556967364064,7631
110807,79.95440218159325,11601
91743,40.12822970049338,5586
44124,20.073241147926836,7142
75948,28.714976572288645,37385
172574,67.17757732056158,33783
201187,90.97909771270922,33016
158088,36.9264455621278,34136
130676,45.005746775220025,36083
101205,77.73113290050783,29409
245966,30.50053892293303,35361
231691,45.71655735253471,30232
127301,47.81604398956402,39455
52819,22.961406117188453,11639
38312,37.856525688765046,35824
32850,46.488725046080035,9310
16628,55.7100442328722,25070
138880,13.184330854974826,10670
132182,19.878840681736776,10989
86461,89.21425778395025,32694
103924,41.43533956589758,36870
26952,1.7089944889216084,22209
64353,44.47816851920595,39542
64987,43.53417167367569,49542
33497,44.10703488141205,40047
220093,39.68502196229861,28849
13914,14.010877568205668,13376
130531,4.264747224807936,47461
26316,54.19215473309562,10974
133566,21.84973932882914,3015
50209,65.8128865532091,26713
34925,9.191027110622109,2821
13851,34.48579792617434,119
102128,54.66003735996684,41205
115917,72.24734086598457,32437
156412,34.967709155497104,43328
230569,29.307052999095838,5573
206219,70.28544345721512,14915
218006,74.63300301207524,33061
246454,84.29394822775917,47033
188330,30.364832383073196,48613
126785,10.85621586039343,43352
142176,86.31541113162945,18409
142909,65.87042474731565,13879
99987,21.111357064083656,19008
210907,72.08701277964603,49847
89239,13.112706216631342,45341
118835,29.510844383771396,1785
66768,65.80854445537753,33304
185832,73.76112917571655,1970
202846,65.95714276591015,4147
239857,25.473282281089336,20999
140392,1.4738037107547115,40494
193895,79.52966060448715,6532
235193,42.02319680280682,38095
139261,22.281355339938628,23117
232523,74.39054765735966,20562
50269,55.29646518031536,49108
26247,29.385308969530204,48287
14918,38.75692895306473,37318
163795,37.98678049203121,8299
238163,81.67587464281416,19284
85535,29.328430333205745,31450
223757,98.57646139848408,30596
61248,69.94401053848446,9331
92214,47.79782697433427,11564
227308,96.79756605972038,23818
219320,41.402682480610665,18704
190395,50.81386682180618,24266
37315,43.399512133782984,37278
115240,75.40566238721117,8403
157597,38.24379590948373,10694
42651,73.06736509579449,25286
220538,88.10254725033266,5863
87559,64.8074498862131,4043
96938,89.23546077324549,17512
108106,28.496318097834425,47404
170545,70.0737859401189,15681
237243,35.167880225864586,25489
63105,98.11374385414966,45873
191065,57.735624208765856,37936
199070,91.04115718069771,26461
85648,69.71861410005262,40416
126226,52.83367262044543,29418
106233,54.497950473062865,6437
119105,10.414349893707476,29833
187958,35.34000477530915,10163
5587,94.71594874958828,29029
73340,9.450270606849449,33521
231658,22.54076794921883,24996
196363,98.98151465195065,14069
60011,3.6226492182715218,10513
64047,22.85197646997134,12953
20822,19.899843552202963,19100
182210,31.658362099791475,2903
94754,70.83782855554514,29866
204400,34.049840760640485,7758
193118,87.58242557124255,15080
58421,66.10249906439537,19557
185318,95.04486759695477,2346
97296,98.71729527660237,37890
212424,35.73982681690471,26224
135769,73.31408469999673,33062
135648,91.61754875617615,32144
194324,8.177515370572216,36209
105083,21.732082568304698,23643
92225,83.16618089847475,38060
64229,19.15850978545293,14646
225590,87.73165973520621,44316
246227,10.941662515183049,12533
197302,76.42474139853964,24633
23239,67.05461785467027,6510
137320,95.25609999524097,7132
169746,21.236736372199957,18789
99698,97.74879499610263,163
105620,73.26757048499267,28047
27576,77.83138217336048,24163
90201,88.37290600950845,17404
39479,31.97128273887972,38923
96422,76.30638780201389,36146
232373,82.4421781009091,46008
20553,14.903059591261279,45700
163519,75.77819745676987,49347
113954,26.483175064024962,36750
58484,21.28796401259402,27911
69499,61.327210417013944,30512
178604,92.64839172789864,34253
146104,62.96411101742745,42314
226278,51.83069931728342,43981
98650,54.240837917521894,1752
193508,71.67112203802458,35104
100836,75.15249427731496,15715
84513,46.613878797567985,18514
230872,72.81778236558513,2749
179696,22.44121610662119,30829
230914,97.56552617411874,43638
35184,73.31929652061712,35997
120751,15.563808271837999,12371
208164,12.268698499011716,25868
202392,80.55212394546469,37870
242179,61.98762121128308,47531
71369,78.89368047255707,23428
118550,50.96269255214994,38698
38690,16.591087403603076,24410
180664,5.731446421271823,11573
201571,56.20817317922391,38388
121587,15.309048382074119,36031
66301,93.01517122609785,18676
88631,52.42479416527678,47612
138953,16.64722586409982,20933
167156,44.105987066712586,30635
25096,65.51932358671912,33081
80700,62.229762913608745,20637
194305,9.173476753973382,40572
122524,28.165704791766064,21995
41310,79.34883031870721,5405
65984,52.35481945859582,30213
222387,94.19478921284222,8415
145280,35.8417177609087,10145
133147,50.54334951414559,20402
238268,42.04567271044957,21312
83080,97.90946467661693,13493
46932,60.37055342916755,544
30997,85.94269664028273,23543
176523,85.67262776990653,35662
104414,79.58863049964577,10589
177846,70.41876746136384,21998
198448,49.39734504646701,38323
241612,38.947293736156084,14618
203215,74.79699435228726,39495
219977,55.317419764698464,21095
152514,30.75736126733557,12546
28668,66.93648231034535,11552
92948,14.961197675463147,29545
206224,54.91917349395785,47757
143714,47.289179529848305,3614
194714,84.02195010503567,16779
247038,21.769896221498612,34781
45587,97.5886255654399,7650
202608,54.142149967128574,26494
116348,93.24922053231047,14572
149227,96.03626749755536,9274
189627,88.79483245119565,37200
248969,22.55407991685653,37365
204938,5.7406504936005796,13631
228497,61.73105573203489,49532
111292,85.7606994432665,47133
176685,66.31475419184527,27302
178999,79.60870217220665,7221
23369,13.152857515991174,42793
144089,31.71474924274514,47292
146307,50.40705798431209,40894
67373,44.39455976053385,24954
113105,26.038043675511048,1480
243807,47.449780331155694,1329
31821,15.747056833665555,31290
18619,57.46544539710244,10405
53158,3.47545904132813,40138
90366,85.73172292138294,18129
134530,94.57737876726145,9975
88271,96.30375240632183,1459
213909,13.881965533791504,25186
106854,18.80101001295805,1289
221839,43.245255567261175,2351
231170,82.86974458665777,25461
23591,39.243015984884686,8338
93673,3.970058496426445,10514
165775,54.67603463277438,6408
59139,42.88220845238289,7351
81938,25.023388512979576,22089
66933,73.98147493088152,30219
171565,84.08167714523361,32335
36148,3.1218497520254562,39597
21988,16.46006829242246,35268
18605,32.33391452685261,34666
243727,96.08139949051957,14996
61157,34.84415059494286,14043
157323,58.33452851227369,33970
216732,31.09808288808102,31668
146464,43.25749023265484,6566
16181,21.91302509035598,29350
84193,73.57290864942726,37476
112207,70.66891534953083,6674
100153,69.91832041995282,44064
41479,97.9036989720278,7206
103470,7.540365086086674,8423
165713,76.20145947771091,21247
148563,44.85956567382629,17203
204030,44.563470259508925,38385
9937,96.36083695825695,9030
195823,6.763729384255199,10865
134624,77.1311781044815,39404
201623,61.7332040310776,13419
144741,27.934117403413595,43769
213404,10.4496141564818,22537
247454,96.13177116771314,15519
28602,2.750493238088973,4302
80556,81.78336328812189,16434
115391,11.825706109633108,25569
229620,63.32567817569227,19397
49328,22.73941516687885,40455
243012,35.97086349434853,48226
73540,28.662788755570702,21313
248421,62.21960266531605,40143
90099,72.74931686742697,24503
111488,58.187251181498496,2414
127283,68.39577259947362,45788
91864,12.410309638171388,14173
182786,63.615770052708676,9635
187562,50.30217054397457,46947
241825,22.531220628749264,18016
137182,37.606520941020754,22610
150011,93.64176601210897,46242
176031,67.35277226435167,42453
182280,5.407974672280248,142
109641,37.58264728359357,6453
207339,80.67122998482618,30428
91153,69.84955605797798,5480
29100,46.51204992454248,35389
228221,54.79652835984103,41340
217087,31.311066080506514,49553
204994,45.94894372948821,33744
134765,47.24143853234925,34514
76038,65.10855764927273,35901
236702,77.06063271783648,12248
85302,11.868433008637266,7307
206623,30.906818353791717,32261
182495,76.02588437890944,46577
99795,27.613569881537572,6228
30611,21.403756221131843,47611
191498,70.3716703120946,39594
162161,14.507900095057233,22679
245373,86.07103261960667,33164
70724,65.22442187408336,32409
60151,56.54461586766348,23067
179986,71.84017690935445,3461
142513,75.98817923084388,42407
73162,29.38307349910695,22817
187453,72.07807249241674,25136
23898,56.981695277009365,10466
18189,91.01177453149161,1480
216648,68.2768221421047,22311
19738,92.60385719372907,27647
19645,67.79590696755443,48716
35649,20.089674128254988,15893
45276,57.050672894666356,16017
184147,1.4747201193448196,15411
174016,23.691884126208215,10307
110111,50.65925877356843,3258
140779,47.163269505663884,43746
42260,28.215401178405674,630
143674,35.94602947507438,28450
50713,61.554647119722134,1559
137712,57.95049008955732,18420
122995,67.4592654111291,25528
20721,71.50244954226605,35579
167979,83.0682511588188,22960
92692,59.568879188549424,18969
155873,30.90940080300705,28857
224160,41.76179296574391,13793
161827,74.65427826441113,14767
193305,28.280438308560292,12657
120676,29.100262312531648,9901
78182,55.251705791007055,2084
50223,39.840180786578244,24624
207789,25.100128637246776,13464
166089,24.294999004495985,14483
185509,28.575190517385973,25845
87026,75.77977167788735,18330
133026,62.80386130105273,37708
177181,44.98243905586793,38381
78096,88.79569933392763,22341
6195,87.50206569324689,49023
12442,49.42507787473972,44690
128277,15.427086018818414,16354
136518,42.6350673292947,46460
101434,29.17751129684869,4733
79081,72.16646042392456,18998
212303,37.597978750906236,34953
55033,65.13541184371658,22842
127479,68.67100046597172,48531
180299,65.71717500503672,10127
163546,47.00980699715859,18717
175749,77.92159322067438,4061
248205,83.40201841075545,9307
155755,97.52372994345794,32875
33924,77.37019657778141,27590
231626,13.74888748083882,42018
223546,8.857298638752681,21786
93427,2.9319368913370267,2991
81857,67.97995610184674,2300
179065,70.18343289514638,42085
217040,62.55650114532907,157
93820,98.45908017357704,28690
37509,16.087961985918156,43098
172643,49.7169933144872,26922
201678,24.878117643989892,2919
214960,20.357159569447205,13441
177789,92.7551621851511,47029
37907,56.06357164390855,32671
151260,45.746309360935605,10148
35393,31.603882422311983,1305
121539,40.027290732159024,1516
188883,57.21289643828527,27139
54958,67.4164107779759,41467
226726,43.28676283111599,14796
92457,27.612033297454595,33365
194318,63.544752674052845,6438
178875,61.11425377513589,43175
166803,29.64011653263321,47880
219661,46.04027676890473,18994
52280,43.40842375820133,11385
169901,35.27265750487718,6343
56128,42.37520743809601,34791
98014,92.53467345990383,11457
164593,46.50277446368083,4292
129059,45.02711433452955,36642
90386,30.75673483088984,41889
8779,24.178373739642197,8212
188699,57.19976367483635,30680
109759,19.504389931091723,28354
155308,48.20302781840061,30963
72486,28.40572653942282,22904
112682,64.76072502602102,48553
145937,71.60939364349292,433
136997,37.803705947475294,1729
202429,60.22142414469707,13154
195081,94.31852113246885,17215
47672,6.24922642320614,4919
238246,16.31831742124861,20743
115464,22.717279852427247,22431
200232,39.44096931677824,42427
196390,65.48106190563591,131
130042,89.46511747012113,35893
175281,53.19840644123651,41787
11007,77.7511988781397,44017
114494,77.08428889578536,2915
173548,1.4146395441827817,9568
88010,53.18710515065277,24332
168138,83.87864786383973,46980
14200,48.98121729613108,16456
159423,27.835792836375205,24190
224958,6.068005760728322,34438
194073,50.01281250305291,18305
116543,15.690848799889174,49179
106873,59.1818202464269,33656
5652,13.712534054920653,10362
237427,32.979754696394735,35530
161185,74.08507772428416,48723
79791,76.95268380807119,14740
157565,85.17782650469931,32141
140141,75.45548346601511,44743
25107,66.49770169262618,18482
223408,66.18480954271016,20054
235905,66.24503750363527,7332
226980,53.42806092419706,2557
166934,37.6012812299388,18487
241136,98.5021992479391,38432
163486,32.347255281921726,20772
156671,80.51521399662657,16345
200623,24.056099460357107,28850
50873,90.57418067115508,35166
102043,89.02508556129358,25238
199147,24.66413771468162,48620
87804,28.658932815617163,18049
154399,13.239453835287513,48832
22162,92.55246309805791,8405
62070,97.2325956977684,34406
181455,39.09772352722501,5435
219823,55.950218950510276,30527
171670,8.401664645715696,4136
159381,89.29529515659061,212
102100,79.96404894514613,40780
125602,21.006759365923603,34581
126253,28.608197264008183,388
73975,29.005726827892996,47225
193799,98.32536908373696,18003
91938,49.101556591807935,47394
196331,78.1256411649787,24773
150357,59.89475332590789,43162
21152,52.7746051440126,4069
37791,19.58708809424348,37946
109714,46.85732868496137,3665
67716,97.1142360082859,38355
65167,62.46139828618879,36110
239387,43.67047834310731,9657
18579,13.891420997819393,10506
93052,78.89214869539536,41247
18599,98.57026233990001,32949
151281,64.54447208455582,31558
194257,1.139311573831444,27078
84828,47.87253842983518,20237
145171,8.754643052180898,9252
20255,83.2758278415516,2863
20045,87.09173749516823,38680
249692,38.99783541355701,34226
245579,92.60924460761605,34919
59740,46.00661670068896,42274
161032,81.21410217759106,14459
118233,76.04652341196659,18941
159231,9.204201858745302,27084
61041,87.56525846126802,12079
216619,90.16732962213386,8225
231246,7.348752579834042,48595
207299,55.29797165043686,28266
56907,50.49531679650986,14344
202918,10.211622574756687,15203
75873,68.91896973400655,21119
135875,67.50552454477354,32083
207598,2.212272013040775,42895
241008,92.7988014826143,26093
201003,62.97002577519526,32990
33946,49.48850572833622,19001
44663,69.28850447848077,11343
54874,50.516674472152964,12790
180435,94.77308754697775,3112
74869,51.071025308912525,19013
237327,88.10080137925263,20161
186845,3.1195517261096377,9499
238406,91.6751127439766,45112
200403,7.410220680384821,27156
169262,44.45188091736642,47209
154704,51.964630484443845,9176
213899,25.7278102878313,13362
210569,35.41359055706521,7321
153784,43.88162939943664,1496
57910,15.3970650641765,36981
165866,7.788390345494473,12489
150478,53.127181591370814,44311
63633,47.48652896414871,1559
106704,88.02056747485278,19177
30889,18.904380428243016,41717
40448,46.63666489705712,30791
79711,80.11064363175089,47518
48438,88.46096610808162,18061
133971,84.35901687831578,19107
172760,56.19025642203659,24420
199067,25.299028314700713,48032
30390,27.90441020403839,37451
244161,23.078864161719327,36017
119867,91.94257651006149,42642
225438,92.54679030039584,7552
231151,74.71012492382593,25681
75346,54.69422421829034,9045
212174,73.70211694349565,30635
245978,52.80865252733252,41698
182810,17.155625863979388,33143
58251,79.16442583074331,2519
246179,68.23252783188488,3426
193787,5.625594125939564,43998
166731,25.303967601475513,38365
123210,29.57303157710164,8135
199914,19.832145882577247,46223
228874,54.68792365778326,26317
236327,93.32233288081525,30537
88848,40.41822683861792,24911
16830,83.46792553589967,34258
97359,76.88536667875876,34390
39661,15.880578660729148,8160
216800,7.834351522429128,28133
89656,65.26315319114636,45942
72606,66.05868166796732,26776
83113,86.37575252005492,42131
161348,51.88737795980909,19890
201937,4.583053891081686,28112
242911,4.96909036167073,46147
176694,25.917795716210787,10162
222041,63.51341552996103,38298
170941,24.411810905408032,14229
244820,95.27175709912403,32056
8417,13.40505443676571,32750
247554,26.292476313445,1893
122887,47.19290637462696,14014
142120,1.0516378218863052,37755
231842,9.465588095486078,21541
196893,8.379422948332037,40036
118235,27.29120952898791,6180
109821,72.52475884299997,48479
228206,77.91790502125153,15700
82234,84.4672015863666,15111
43256,41.09966972731748,43538
205580,14.40431719205351,29326
241128,78.89175495289403,38716
205202,1.9319745880786692,18296
240668,52.68193531990999,24712
126801,3.4518657035569302,49050
140856,47.85802631188062,7509
133101,97.7920520493263,9202
102979,26.184851279251532,11430
160152,17.107148450283418,36928
178489,56.522610058746835,23869
22045,33.58655478222223,40574
150643,3.5547396999007237,8120
92034,54.54675635119467,42840
103993,4.956293788105305,21234
216405,4.886737462358418,11482
238155,49.70646090693437,14181
211181,95.9230014993508,19802
132778,4.266262231376417,45947
44480,98.98918769572352,20991
22051,80.0038580615325,36895
207393,90.55458083053244,42583
198163,52.94492756030399,8044
130661,3.396447581750179,7460
105811,89.1009836586721,48235
115470,40.665501413359934,11338
176091,13.080000452440425,11296
87974,19.70662318353403,18846
122371,86.9308793877149,37552
66211,12.386586803079377,18058
229737,50.875247278952074,28235
22821,35.90509699589673,46632
102527,38.07130319480599,25572
40761,72.26414839932774,40061
152735,2.87837444464472,43913
78955,84.9086530092118,15563
188985,98.32574667066862,9082
34562,86.3812959344993,17288
181814,22.030778415258503,18622
209504,7.522629931046114,33133
248759,10.999056869815476,22309
218433,67.47962982887024,16662
238132,9.836540560895155,2952
26708,7.126622920717511,6897
29110,52.53834723073868,7032
146079,91.07442783340882,10208
175060,37.00021729099904,6002
70983,97.68708702969182,19227
23829,16.98053685011165,11834
102990,68.61832399555915,35551
212053,60.64399939907914,36006
181133,32.51449837465502,39873
216135,36.2006602338775,20115
86942,96.3556611852376,37541
219804,93.58258392129025,40693
207706,81.66683144551436,14183
147202,9.183583438712663,28339
128661,24.15405123830137,11595
132378,90.77290651011886,22416
49692,68.00308449046992,18513
40605,22.55599614041633,6582
13631,55.891684589332236,32309
30284,91.86873691302894,46501
227350,65.69707563674113,23801
139731,5.1868680320696505,22668
213215,82.37189130443075,36640
42407,20.142670670355805,7201
17196,98.16365892988028,29173
188802,50.79894061089414,21036
47731,50.37383053774114,22521
224046,65.32063753619623,41623
88949,78.31791130647545,9762
46622,20.268920863068125,47924
26967,92.18723097668452,12735
169896,4.133524611628811,6251
127833,62.06651360929665,42755
83808,75.33611034934754,1387
38425,53.64670680194265,30492
197905,37.48565340420687,42312
96847,19.978273584466063,2382
64584,85.77984233079363,44335
90254,76.70591638308723,42837
109062,1.6418146848317263,34494
240966,60.582934316526334,43929
238486,90.56203091028966,19997
15865,51.74911621543151,20843
192961,40.50902737523058,36641
28229,63.2954921015846,24955
116147,81.11211497779092,26148
121316,85.99356375507303,26418
52155,85.71018850041492,43282
182224,4.277465006960867,36001
110433,44.24160811458576,38131
212914,21.031291199015154,6275
174314,45.1190241792555,35482
178378,76.72488490009893,24975
36900,74.1456315283502,47517
247873,23.353352940881248,33743
50341,64.30844911640352,13707
104101,17.349423047882727,24709
132552,75.6717745047112,15520
109845,93.09886399968086,16487
92465,40.32096549997155,41553
9490,51.82650339421271,7851
189792,26.474977345063444,49691
138214,17.367704815785054,28942
166013,53.22793137095836,27930
178403,47.07402246270596,28892
123057,94.67073190037317,3851
139250,25.052174629841883,19069
245232,6.165900773174396,40692
20879,82.92612510841047,39216
204410,11.80212272521355,22351
87450,89.37592161576144,37327
134443,8.86113622880383,48348
24486,51.03753209278966,32031
8535,85.54255190631372,42290
138604,92.97071219086821,19019
89860,40.3230048190913,13157
37799,90.11982643586619,23148
13990,82.12989331300605,23018
186924,73.32333584979263,20421
85889,98.41149508706629,14707
15542,36.374029539052366,46198
58438,9.800941368180062,16738
159424,59.7753592984008,34294
248802,97.38498118279112,41880
99115,63.13401190658966,42036
225614,22.593876183669064,2591
147892,23.44916409185232,41047
37710,20.01174573002264,11668
113163,78.70549490368558,42896
25393,83.73933234124817,8102
153301,91.64944939393527,29956
64816,3.2616698409458733,4401
246353,6.026993771544278,43579
76167,91.87108582617614,42171
137200,46.71705762806003,32584
185712,78.2577819091247,1381
158228,2.627269264099586,16642
170395,62.962918563024644,26820
119733,53.100953019864335,25280
59034,53.949202296399314,1461
183053,87.39789822588268,4420
224982,89.55768993084104,46120
94782,60.57441300193422,15843
243003,28.849618027931072,2904
63471,36.19465366237839,31464
132675,76.50552636656124,12648
73225,25.54747293011796,26793
141148,93.73200560809038,39729
232888,32.47697999597355,3133
100145,13.276775672116555,48158
94581,59.78317982034427,18310
92881,27.10960535958036,39759
243517,92.97591058687979,9051
88884,67.74130995534091,11010
15719,49.938770000693474,3442
35301,14.825098920391664,12303
114368,78.56026616901889,9426
128177,7.529376614660772,36130
228400,89.6978652453872,47632
134418,92.80738695271435,44874
97052,68.7495758033112,37143
126181,37.70077503677169,23955
120233,85.21358746583145,42024
61892,86.47178237763917,41730
73234,44.02290426140709,11618
77087,65.55269360721898,13728
219548,16.379786795190455,23197
73163,81.78509419749011,43827
7332,52.95327752456479,36361
231148,80.59153842113791,17082
210781,1.3827397059433724,46780
191880,3.635015703230664,38498
239111,36.58523049653548,15733
186430,67.6491221850039,15565
58629,79.59985403579934,1699
144025,56.028421485210586,30114
25492,22.183894506349652,31105
100446,8.324111664339743,49330
128859,82.42054096067838,25022
26316,52.29989407987423,12235
67886,32.125304284675394,15432
78974,82.7193606706189,34219
131972,18.14364647319543,14110
83438,49.3873968973793,45004
249649,43.85361160701474,44297
241303,30.540930640011602,16573
83427,27.512639709149916,34473
156120,70.97338050740451,11400
41035,73.30487169067959,46942
5002,56.418796823643625,16494
94649,29.301538381955822,22587
217123,82.37903753790857,3050
142393,67.971126083476,1181
248255,33.1924067805058,46182
138929,52.31598110035407,11477
165378,68.63707910254539,28673
248990,16.458852456194016,12242
146425,45.912264116819095,49639
169273,3.663749723765941,17537
65282,32.55030980189651,22124
22098,41.06996369672422,44208
119220,88.89360744245906,38444
99042,18.46397433200216,12054
145081,36.29742617755306,9477
83900,37.969102489660955,17690
105735,93.77702787153972,46906
184994,96.51644506761403,30069
246847,96.23715228190379,10591
140479,33.293198236425454,14186
25033,70.49827804460634,32479
50987,47.859968055963016,24905
249106,19.281338806906206,4533
65260,8.391344151540135,20477
62614,17.961491975873145,11788
105976,95.150586285514,32376
162541,52.73566438458845,11209
71776,78.42500839689086,26172
166823,13.965586368357869,22045
109443,30.051643399561367,4308
164960,35.30823725889192,401
37184,90.60752655373912,43858
26328,24.45502441803832,6521
228490,68.98664107786554,566
33599,59.16426409924462,6498
196064,67.48996284609834,28349
38779,22.353158110366543,11025
245837,85.95072402090416,20687
38609,5.176694503148085,37953
246552,77.00703052068589,43262
218471,92.05067215628591,28872
85987,78.0210720976197,39468
248006,13.93239292679928,8477
137552,74.8711808033788,21307
146167,95.88864816034375,25269
43216,61.638968657499966,35365
181243,52.12492638180367,11558
18955,74.62829081227915,3851
9878,4.7719215131202,13225
180426,94.9479131045437,47135
23493,51.65886575055968,46161
34399,63.73478800150139,47720
75042,68.15159793555728,27425
126629,68.73476428852547,11636
27162,28.613246552414942,1210
94090,87.60395859616389,19944
218889,93.80728659815941,38487
190318,8.051349893954958,7851
140888,55.230912634056445,45890
123063,17.59722375967151,3882
40291,49.89758645300556,7259
108112,6.964249611857467,7613
30379,1.4529024535684558,23567
145179,7.6031733801451775,31121
100573,64.89803749231929,40114
178553,25.852954505487507,36655
9232,90.67452803252935,35847
197047,58.20747077086049,16508
183109,48.79705209482012,12688
71908,42.391268794362915,45152
42896,50.91503288593861,47910
117788,88.88163235634568,36339
142147,57.48140447875493,37438
120316,13.481512639291296,28197
48902,75.62115575074365,26809
223592,16.48266892110169,43969
25539,30.87533729130103,30984
203640,24.011709350152877,8250
148195,94.35066528282643,34430
200760,11.64428291708996,12487
20760,79.63107461070018,29372
15243,5.315878994507174,28632
30254,27.71627247276126,31135
30414,35.651109349901624,5501
95732,15.91371501545043,17553
8486,55.07637254201095,9277
121122,93.5657718031889,34320
93183,43.85937766304277,40896
35590,27.012761304402126,43964
188899,44.4605343353816,3643
18716,92.90359171880955,1504
109085,96.477450299298,45559
89697,26.625964949940574,15450
18327,53.02191682364685,1898
16789,61.3740578056132,41807
205534,78.6321952318906,1693
119461,73.21699137081374,41719
216721,86.36691036876583,11883
147169,3.261891033627853,4631
5942,2.801029293417621,33783
177090,84.98393828257724,29982
106734,95.46121752987803,20028
76871,34.360777183041,42303
183205,87.76993811873795,595
248560,76.1220943613148,20514
77504,18.2118567828934,39850
115972,65.10994012725922,12190
218361,38.751651206287455,37085
119596,43.44193081299771,16319
123520,71.28209382092575,41526
93653,30.070173377036884,20821
202928,48.00477524003442,35983
9341,2.772617766314098,47973
74128,16.359924117278112,3305
183294,45.331864268546845,31570
79955,22.31341293296075,12594
149441,9.65746355576435,38872
150198,27.67115904206145,45630
9195,35.090660932542846,43842
34260,95.34791720388533,29425
52634,6.1000547836202905,17191
32920,70.74357189023898,41586
240575,52.338782726473006,46603
210836,96.82520666730846,23307
234640,76.95892417997968,9348
189655,47.36817131525539,35057
236598,91.05212945249741,20368
90268,34.70583732293165,46840
62376,88.59394747824376,29811
208520,38.69099040294183,6467
77718,72.15835752667971,37016
196983,97.91665855839891,10639
206306,78.88828552547288,38367
215013,5.844050719252588,23514
195279,53.513390576161456,18960
229962,37.378512999434605,20896
221629,9.086465819465428,13534
121416,4.367051485235931,48105
109478,97.24656789838357,1294
81181,30.543970275312436,27266
97591,56.57407198367422,39256
144278,56.00533515703419,37623
239185,90.65082387828578,25161
107914,92.08038556247864,33813
155096,28.436847017695698,1600
92837,59.05764873769929,12609
8847,83.62426057305326,12408
232258,95.65990592581225,19443
99496,72.36458628450693,12456
180703,35.58763446101433,17916
87355,11.807166424151069,26588
114423,46.92779528075235,16823
199534,22.29986217219439,22060
144805,93.78343829005344,16376
17977,12.631063459619758,32351
59740,35.85525831563894,49302
194529,55.56691704666594,44964
43542,85.45990225775141,11286
247526,33.10290650587258,16505
18780,76.42012663702735,25614
179825,38.15742424807222,31785
81280,94.65840424930609,48103
30051,6.451761739622101,48346
35372,34.42152208974109,38392
180568,87.52075697368069,6457
197336,71.74865804070555,36227
129695,56.521072640964995,5122
96225,25.415126169576208,33388
104454,79.12948478715741,48944
109167,45.48237788842297,4383
28215,95.84022961084165,26429
67392,11.528118319809508,5527
232975,41.153034646573914,40734
148277,84.85125441955734,38287
82893,58.74134648330423,49443
193763,97.32982334680555,21946
99534,48.79302726972266,27954
119833,55.1156837479694,22543
118673,58.78420350722266,46561
76109,12.549757322134424,23140
137526,66.76166632655124,26267
226700,91.80264097299329,36003
136795,19.437996441078734,6505
140214,32.671678418226,7020
159904,75.28920482935655,825
171669,42.54345828921706,3831
74343,19.633921361209673,38591
168237,39.649013612533274,29431
235915,88.46089059216915,8658
158538,27.915214320169845,49312
115817,85.91983418038684,41507
71808,49.00094618795556,40741
16740,61.91869932196954,47751
158079,82.15977943637846,43522
89459,1.7553813636789186,48782
79809,2.2819838786803066,24004
119480,12.977434738908899,8266
132213,18.251592849921348,3118
241161,42.85727337204794,39333
14695,78.556550383249,15863
226771,32.13343932391821,19453
137818,98.71822770802065,29810
116518,39.063378113011744,34064
103650,63.51818723031984,34867
50190,40.65749746811712,35326
132525,83.04995832138327,41554
94293,73.52078658012259,16858
20584,66.13071124049519,14496
53105,67.85727407293753,39402
160309,4.197654872587325,8994
145205,47.72478243420803,23887
8917,21.16266056745415,28340
124696,5.871926995689606,19328
8021,95.18720292182728,45166
160245,53.2213053055319,28279
108210,67.28222639966643,45949
89797,67.65173281046935,2347
181693,32.03312672164361,1279
239781,80.63995130544671,3127
54938,33.339978978614404,44642
7588,60.94814663371656,45426
193504,42.38748285866134,13793
201608,46.16622882845047,8535
7961,20.637282074310612,21430
232405,50.0840808483288,23277
40206,61.01463837987372,10646
221065,13.883703043836944,48587
248636,53.477002223255944,14337
239779,78.51144186961949,12727
80102,49.283401682714064,7205
214275,93.20639737068765,7237
74771,43.44284934641546,27892
113677,6.430804591246381,5678
138231,35.65035485652973,27767
110146,70.51396931009151,36091
215763,14.28321973955104,8629
157862,51.02773348780925,24134
235381,82.8458255237948,15492
25789,97.06795807134989,5792
66135,53.12212344967596,29317
173795,55.246180200699925,8152
207755,3.1304529845375786,21797
222592,11.807077475468994,4512
239094,45.993125384603964,5129
125205,76.77090546167881,25098
215008,17.010788983484964,11672
32446,67.98173040385443,14409
84230,68.5465347635091,20541
184185,49.78918164812055,21792
40375,91.79847408968783,26634
9549,61.66275217067433,31722
45460,92.98386531912828,42752
156286,98.1420278940553,34929
94643,7.690520334845643,25369
25934,92.35124139753282,42930
222181,31.46118667377054,14242
120840,83.42410858267917,46530
108985,44.12405366958979,24934
126480,15.387859850837302,37631
119714,76.01570123156137,4881
191411,38.93700195698199,23859
217326,57.61973071623444,42446
213245,39.54888568663071,14260
233377,48.56072258627486,28525
71141,76.37838425267861,40163
42665,60.037490929979505,28038
112226,70.32136195230659,18765
226427,93.9676266009424,13546
244248,24.28094270513832,32238
25407,75.74262639569,43667
239290,31.851755602782003,14397
77243,78.49961338857524,35167
181435,29.46470223268394,2552
53327,45.03789461975836,33078
103636,72.94974683249704,26441
194953,97.42681987740332,26187
80812,71.44436507836458,39590
204146,15.380840882637578,38004
89539,37.428224610968414,17058
174652,59.858240181694654,33218
31591,45.378764666355536,3403
147011,86.20322716355754,42190
218177,73.62206696091307,14799
219793,34.20696810670953,9895
135588,6.520971889276066,17599
37725,22.97515103020396,21691
187996,72.52465326163487,13288
208751,18.941431943077944,25781
195999,86.86618974889439,14524
178112,68.71769560058527,22838
207353,86.23125357904604,49227
120989,57.44303697430658,12332
202925,85.30906175931334,26716
228906,5.886936811831604,25110
64769,5.324966501774188,25990
105002,39.11646249284506,49191
195358,65.78152196274586,39372
71197,4.3148792259946545,25382
56348,44.345623152942885,44739
136543,98.61823936923153,24440
173254,47.09058643290948,9312
65960,33.59080670999053,12062
142465,62.35324397248579,26481
64040,48.936568869451726,3984
201721,43.117884232091576,14950
88856,97.30832412625783,1873
223480,58.30384310431376,46374
218052,88.13120584510115,41451
183044,27.581356394544446,46658
6830,9.915543345949958,26345
189782,52.77497512496196,31831
92204,96.26937747724665,399
92607,49.901437609497876,49385
8721,88.64301390114933,37128
8010,29.006724476445132,12144
39299,66.41919177291467,16041
21522,79.69526079751076,49905
134959,2.92370223578515,37886
64392,57.18749391772893,27363
232330,19.484154498731773,38535
110867,29.07561051480748,5161
52936,90.12881109544901,19730
82581,55.1049088703825,34163
128019,20.46597393883607,39261
28176,87.73400915961314,16492
162192,55.53780153552569,44043
36842,62.05976918637495,21424
246389,8.101722314571447,45677
143591,44.82196383858317,10399
135652,52.83487175987514,38490
22998,51.10416384249505,3759
35180,14.58044577170641,18782
20456,92.03194192649595,21297
190242,8.227783536337618,20731
67221,42.182455869401856,28611
7771,1.2739300495667572,25434
173447,93.88971308890919,28125
58171,55.9091777097568,29228
187611,64.96643421737141,8439
147059,15.584365371194128,16507
25219,59.73071500610892,29852
153356,61.895817551030504,12899
50552,22.843525672178878,14605
162697,4.4560319797466255,47920
85080,5.346324568033021,45907
184664,82.98207608111028,44842
115496,85.58959650276633,24204
79031,48.23442886601616,36609
31069,71.4137996336531,7046
53735,32.041165678801015,45394
36484,91.56642453242237,28261
195091,5.494254827700173,43375
49371,75.70035774239149,18971
180137,14.09540781859294,19912
166156,1.9026682346051833,20421
122851,47.79886750998954,13968
239241,94.72243810156876,7089
180140,98.72412246644315,6597
100530,63.50035834642865,25412
110163,14.287514566831764,35502
196926,82.71735485175688,18262
166043,16.27793857607847,12563
226007,14.65137854729893,19760
237468,90.22742581099389,1983
14608,45.5991870512615,5682
100281,71.23018760386681,11269
56525,41.718460645657366,48439
208968,82.40164662034613,16206
209264,92.05020871890211,1597
58764,22.752114927104124,1789
205530,65.54785962763668,9586
96379,71.02462438741836,19051
183675,41.206094892922245,36210
34952,22.926088963495605,20423
200296,31.64890704534319,19254
68359,72.11992289333602,27616
102458,17.33707388639457,35335
169820,8.548328903954909,15341
53295,18.569213994035252,22524
151283,38.48493285489302,40810
150015,12.145994135184896,533
223952,94.56157547976872,26624
197322,78.17353102444164,38818
180995,10.690722616355442,48468
30810,14.205483822544661,1516
41848,50.827256170265734,34641
216189,74.74983036138623,48643
169569,59.16865333069872,22851
81427,40.65335481204368,2901
203601,88.20207330385031,25730
8779,81.56178062203448,31507
127354,95.21221754975713,19158
104201,34.054603149662576,12037
52405,5.827860051798034,35269
219812,79.0945263390145,21246
173955,16.745921251446447,45586
67176,89.74191404469366,25160
53210,98.88751417080798,29024
17733,53.78250484806986,10432
60949,90.67031094233062,45456
179304,58.50336834380229,49338
186444,72.90789675576725,22519
28345,6.620495510017429,26486
69686,2.7120377733053846,5885
9088,57.47413286977465,3574
197657,42.63030793465248,46940
110913,64.6082475933631,10298
56652,77.755078887476,14844
59701,58.77683796408556,35943
193583,77.63217599144168,40070
150879,94.0650886178564,26932
42259,79.40118100374818,14829
51697,24.441977087324858,28288
238876,70.58650440078893,15809
21553,43.95491937972173,29347
22447,60.215821581604246,15144
242246,93.47020720439589,3053
81264,36.53223863261607,37627
232092,35.02150503288493,47916
69603,96.7306890921502,33861
225602,23.03318474782361,26639
181614,72.05044819817829,14801
190071,61.62909516827822,11653
27758,4.374763744030827,23366
184676,12.339056623624842,30204
173080,5.584013575643629,29116
169600,76.67270113584298,22268
66890,17.087306868002802,8515
212682,11.761649101480714,12961
15097,61.99392017766046,48683
140979,74.42794325018025,712
58374,50.00485481498682,48887
213121,43.9439855633864,36925
34675,81.46170944476889,38188
30981,95.10816272937836,16993
129732,42.010835930004326,27870
110733,44.61571012595115,46311
91309,6.685416765042833,42902
154214,15.343504678394932,3963
235550,46.52131659895912,6100
134875,38.01753803034346,29861
65515,28.562753188946907,47326
24881,12.880621769632626,43748
182085,93.93336245532775,28947
139562,47.95141014330521,29609
212909,60.85782150235053,9715
173788,15.334927343762494,28978
132442,52.48022062868284,34753
71311,57.89263053996729,49833
107838,30.387827988721988,17817
14133,34.00579614037004,45876
167363,38.15821034531806,8430
222156,16.790966005506213,9297
223022,68.67167829821483,26635
55114,91.76595010391632,39565
124651,86.2372168910104,37037
82420,63.27672563085264,16869
239937,77.67100916798834,47069
110124,60.579688862909435,47214
160345,33.83684248313159,40712
164465,86.66922281804864,20805
171180,87.70029700025846,24351
222481,98.92425839218102,32573
117582,91.54181987757764,41129
145742,44.48230936104612,15261
123569,69.67093146239306,32371
147189,81.57376607101781,27642
128193,5.851170736644131,10306
169112,23.883084058929853,48675
219832,39.93710980320068,40107
224278,69.25531569070104,20034
157235,69.876899213031,21171
114002,22.487107982379186,26591
120791,37.604546747474444,35390
159124,90.11416950464722,48707
217011,24.38041864488863,26267
133045,46.68048182527396,13500
225209,74.19073048986705,21915
72905,42.92154558051378,41885
211448,27.511240390091043,26193
199630,12.230588931624778,34506
33402,21.554276694054774,47899
161340,25.000278959259866,37176
74822,77.92728472250602,28827
122761,49.92246444876835,7299
114963,61.71331055224263,40235
57095,18.243152688628715,17661
157869,61.83507002256242,21376
114130,60.68836056441354,30987
150208,75.09554588412156,13374
247070,71.18316025619868,32701
22461,71.98289686416695,32802
156837,5.637086897118786,38323
219657,45.23417090826551,26407
116631,48.162202425623924,12007
201681,66.83305759282557,30751
127270,35.21998908170191,1840
79600,68.58860264383205,526
235512,40.91410540778486,13441
109562,97.80105243040592,22623
207875,49.23292635767001,1733
208617,14.827427896629233,29655
206144,14.155106131858195,10994
77537,62.979638754468056,38947
73787,42.56501647006391,13410
117126,69.84901503424257,39688
62095,80.99815105217569,23516
190973,64.66490019508242,29938
64663,48.30467077264073,12045
75261,4.2835290247617515,11337
193183,46.326102489427655,45256
242763,92.74552501995063,33248
187552,60.215050512664384,951
63160,93.28106569948052,41253
102161,3.9713846446356547,39595
40726,54.657959032506724,32349
165033,15.022723930793166,48104
124312,31.821851747133472,46366
142548,35.679060024370905,11065
190938,5.351476320012571,20117
149419,54.652789557723075,3170
140748,19.234411340272537,34013
86198,56.24628735822694,25430
121910,42.783896396632954,27168
157023,83.77611049399466,11206
165112,7.897161691801749,9042
77908,90.68100038228567,5799
93652,9.060086567470812,33412
235566,25.684808495035238,36503
107856,1.6980747263811844,20538
216350,14.14834770638682,36946
20622,67.13571154117535,10408
106253,65.38369137697933,25945
72900,57.18351126274305,37829
223648,33.48353383113154,18524
148006,30.800905194074748,11516
115053,92.60080184152127,39304
218172,17.850764982171544,457
222918,90.44561566883544,11231
182161,66.46966363439526,3506
98727,14.081287945858477,9620
67024,10.762794095381269,34509
106378,44.3446339756897,26931
163775,14.16534452357556,8510
62194,32.33588258529259,31433
61380,93.54835546252652,11451
34168,92.1908080026975,36268
173446,84.39211856520711,32282
193164,88.31874836961032,30709
41195,33.67379367691839,20247
46798,19.36217662134559,36530
17019,75.19954782110834,36737
33843,46.021941622637,8696
57028,34.12216550795972,11054
112155,23.005461382103192,36009
107418,64.71567049276393,30079
246286,25.02022527372552,34469
223721,71.14716059372644,7686
211336,51.55452581485979,43275
245096,16.97258676213413,37767
205235,85.23208033079482,31905
210676,72.12791832926665,27379
113809,13.81211525575592,38872
48330,87.08968233210796,47883
14177,19.4233581795422,11318
79045,96.7121046407515,32348
6063,10.479714047611822,30297
41184,53.10237293382736,45511
9388,34.04479890136025,26057
227703,16.1672922759589,20855
29477,54.11828783621526,35426
190191,51.57431001684861,35445
111071,89.95365619603126,22121
96658,42.1866471175725,4263
19687,44.989597526702916,42547
180851,56.56630013591791,35851
164057,30.76422024193853,15057
158753,18.559349923945025,6191
111913,81.25863847237623,49116
94288,84.57904863704265,11587
33775,82.32642273073188,13728
95299,7.46730899993003,2601
173170,54.689550980427654,4664
198804,34.56036423376526,43467
186654,81.51862550628658,6217
91771,1.584357818029723,1015
247557,48.6016072003718,42187
75186,13.797824002263894,825
55456,15.915334127328634,42552
44394,17.281118200650685,17587
172636,75.66897727190147,22028
165463,6.058436603877999,37182
125153,10.110076484156819,25196
189558,54.22120264716725,42332
135933,75.09929144094758,23454
176424,95.0831976460532,31450
142632,41.52058169096563,21339
96479,86.22033459621937,12060
95620,51.855892023359466,26442
161842,84.34199050245128,37714
181201,91.61387258573181,39869
160882,63.878069982370235,8796
173818,25.426087336342615,29677
76282,43.32040498698974,29852
204017,73.73636431838368,16147
207508,16.42495783461214,29140
185641,72.1942728190682,49799
80763,92.31596920939573,47631
133242,81.6818940377804,3302
78238,86.63578375748601,31575
8179,27.449013130186746,23785
94992,8.835448339166772,22637
107434,87.94704236472379,13995
34098,93.61490132901272,24306
25936,76.11428671278165,18624
96891,49.20745559728099,45636
135388,74.68302455955467,1713
246796,8.863476429809449,45947
84220,36.15278196089073,6219
154559,91.78326014905458,23925
196483,67.69699307083931,28057
103814,51.30826107780433,35580
12303,94.13455610327402,25335
126981,45.38378390335605,7480
234786,54.101207273299515,24341
108140,78.8246200981646,11209
199827,92.06391744254807,43363
45837,77.62739039797768,33633
64224,13.490778867579325,45343
20521,1.6707232413791315,45426
182565,38.22905364700654,18243
41045,41.3954413861539,46561
212970,54.922371172218135,5457
218624,4.730701711438652,15279
183122,6.542498161298455,25768
10167,78.06121097921736,32746
243091,18.40083604725142,2558
83222,53.06466539855789,16390
220031,47.59931047419431,49891
164726,60.016108550945,30880
220115,18.95972142522318,46621
181454,77.22796804040331,45979
63275,41.5906949830661,6329
209328,62.065208302907735,3343
26148,50.17963995784452,33710
27157,78.7340048602105,47375
44937,85.115312582232,10009
7536,4.631370468311044,29741
102717,32.10303328685227,23193
98593,22.099545174524753,52
45246,44.16831878824744,4540
23442,22.50173926405087,3129
103764,97.2672376929725,49176
242850,89.44751139951067,36648
190261,75.04311660059695,3431
207881,44.5829703779544,41918
74857,95.6978967499478,33701
188407,14.492904871130118,7558
48534,40.76433298582866,35946
240694,84.65833775626491,15382
206212,47.36578369812914,11554
169707,50.566245448503906,12848
207377,86.607979765227,14144
7831,31.35316478170638,28728
105051,43.10209332310736,18360
155672,65.13509956794017,24194
95484,19.536338008678005,11153
53434,44.78518612749905,41104
98079,51.17246247338759,2948
162039,66.38448199074499,1534
177112,29.5999495040952,25968
208583,23.99019686320275,41639
151164,30.01071650718008,44438
110471,80.40256223870061,42700
246718,83.2121653776146,24621
169016,62.79827298439913,17633
17375,95.0872453015059,23196
227549,78.00104004784623,47156
32678,21.779878244382125,10192
158212,71.0996376814993,35407
249032,38.150473542298776,30463
71446,57.09341711970225,17043
10300,33.75058355422411,8206
141162,69.41649162147846,22034
218202,31.665126972057426,16299
193810,15.251293442871129,46493
104833,95.89359588446425,24617
225469,85.15874578548123,33533
168674,32.15064061260047,49451
89146,10.509242378348615,24865
116436,69.13740688839182,8209
98639,8.950489042392054,9562
186107,76.20474134857056,3919
200513,64.88047312817349,22061
146647,28.441224796929344,21411
75435,32.55831528956607,26442
123379,31.32142110423161,7681
206710,46.418982164992535,45859
223855,51.13381937524877,9959
168159,68.50541228596929,26640
29994,59.132535981160935,29217
10386,41.080473053326955,37429
18818,45.322619838474345,25283
189978,39.457349384976226,2456
195226,36.116044114569405,6764
31053,64.24008918443226,1213
142214,92.2780334083498,23147
145594,70.41450674260042,2148
230822,42.26665112940027,7969
198378,62.81531404799169,30181
130715,73.01778806946854,26444
192094,13.801443510441166,335
16340,46.53824850284352,6394
56362,86.74802038301678,43481
46992,28.33921470499016,43926
104281,25.275998179609033,23426
76657,21.53109837555776,28980
179571,55.32786309127643,8442
141979,2.420732017215461,16966
248785,49.76698336088562,13800
123317,62.152318173775086,11503
238224,82.60240106810572,4199
45713,73.6667344600606,39707
23080,81.00672746873556,4181
150528,91.50834618606004,35616
166588,80.09929650258508,29929
60337,30.114115558327256,36945
208019,54.09224165710388,39675
192560,39.343884809512794,35901
227396,98.37545233374175,22980
55335,89.02907454086177,15481
215269,8.941378469816888,36033
152508,97.26380584123515,31248
25760,7.914916110379303,218
117126,6.086778918468974,26653
56268,56.764509379056626,12488
223527,71.7415590424675,49365
113248,29.711135437965442,9488
112713,60.85015905961855,14711
235568,87.93671418364258,15070
51738,42.84707311366073,30129
86071,97.88790474783774,22376
149763,92.57715104121533,13326
158000,3.844944949915444,693
32519,79.91542698470414,32288
190706,98.8474453687306,14100
226620,25.82351373904194,19305
90050,18.332416393111227,21438
97263,74.20665530416574,45244
93954,22.360195654539886,22834
249676,92.97057954354447,29797
133642,14.62007409052585,36242
147118,7.092479617450817,6810
222971,37.31295654327673,35005
92755,44.05289092025714,25324
49862,66.27150710368741,8766
184041,19.84277125845076,6194
75699,40.421725623367685,27681
53843,39.74574726767427,41878
200505,61.87052846051512,28997
226966,84.06842983412534,24249
101675,73.9675773816145,45058
215530,20.73859709132917,34760
237736,96.86499730861243,27863
47090,80.49700340687357,15675
193036,58.158435013399824,3131
183939,84.1943986307389,25313
195807,22.707567064318347,271
161918,54.944450934139816,9783
78336,45.7260919611845,15252
116505,89.32378525224135,2114
112726,32.79110774807883,7399
100372,3.2659830630150966,8016
69528,55.10578010149726,5831
119548,25.427798545214465,24459
245595,36.3877311361486,43231
170758,18.654118965536004,38265
85248,75.69946594722721,7418
68462,22.282858338687966,5971
121915,94.7885796075842,24246
88561,38.235203875652445,26913
15973,71.7708650236357,5992
203469,87.68630705018765,36212
242329,94.77163387308413,20756
128709,36.36165631589068,38993
211260,95.52469522573823,5836
215292,17.256013364007604,4654
200061,88.30504357170189,41588
11413,63.357241530455155,17068
221156,95.0697081697782,41746
207563,34.48493167533641,36387
144451,71.6558350213842,43715
242738,20.477604021908963,175
127532,2.104509856912853,22675
186403,90.75431533488356,15730
59300,12.66458790708729,43112
113077,47.00504269595674,11434
109716,88.21393597936023,4736
137930,64.70212628033335,11008
32642,86.52095424120961,49543
249209,48.61148395766942,12467
158681,61.99716470525903,48769
225775,82.36367505586101,34628
146479,5.527351223327952,45740
170802,33.854915236383476,25794
173847,18.679843486432116,40574
163855,43.72872651212057,20852
107556,68.83474454135953,44389
156207,90.96753988310282,16715
33335,9.150082141645399,21510
158185,46.681056204905985,2337
16183,28.704160657460225,7258
80241,92.68008057145315,46126
104316,87.6824096160507,45073
7167,56.21101843560506,15054
241936,70.27045099255363,1772
231667,33.75808347474595,19137
113552,28.102325068547856,6893
168617,89.67109731335769,6278
44193,55.2520095774693,5020
66868,57.289073290052926,27405
96975,55.598298104346895,5213
222138,55.67494007919753,2987
35450,11.175745416549644,40422
157637,10.47729343811019,2308
240575,55.05476793297177,14961
209813,64.21034577279997,30615
160388,49.53016431308005,36100
54706,84.1608845508901,20382
240981,80.73863364362842,4330
245342,39.67494317529818,15915
77595,28.433316523361857,37154
163496,88.27345250623469,29479
169677,21.75256570828863,9257
70793,71.46693047680799,43820
31104,1.6294536960127661,43559
165298,47.86229572385318,3882
63371,48.47437660874445,49629
91047,87.34400129791383,32219
221195,85.67225387656129,30872
29816,93.50529403988483,9327
27250,63.350400796336146,4399
9186,76.25694628478728,22858
249304,14.579152039366823,32335
74299,43.31735771163924,19298
108927,73.20923683857447,33845
117826,72.00076608447743,11983
150818,28.847984334263117,11904
25503,80.8778286532146,32372
21471,43.26616447780934,13456
61885,35.09196650824284,13328
228973,1.6875064976261995,6470
231054,9.676141491704891,44089
238200,38.92097960903704,34627
212291,69.28443467717119,6656
180696,6.48931849932203,38757
120626,44.8880355466933,17729
161344,3.0517766805927753,16527
24165,11.224799813664177,34178
116242,18.072795407248627,38180
64666,36.884298183638414,42521
106772,44.150650080280386,17261
42813,43.83733126613749,17827
18365,77.43299584062007,25715
23305,21.660879020767407,37169
174968,14.451236238507573,11442
134388,19.903954224580502,8604
101608,11.785614555889882,38936
148372,88.06613480066588,20046
55076,48.26679374428395,8779
235777,42.953053819177114,11137
146312,86.55021718849869,43426
224043,21.54821927600501,26335
43379,62.5543288101328,29456
178341,36.37145532090148,40553
181041,43.291638718662796,48800
214769,7.402242359436733,26499
193899,48.25082869249139,1404
127309,15.911963242176533,15260
64505,19.907549861001243,8655
19752,80.91068623852786,47694
106319,80.76268227020836,22815
6639,64.86490506325202,43989
102709,6.910947557367097,15807
226636,75.92204442331465,10356
171905,67.17237863636466,26670
64200,90.55871293517514,43866
115279,23.771654708576722,30285
88597,89.47560381878935,7766
201781,77.6038989833469,42531
170434,25.441090297776405,4593
168285,71.65096112611778,7786
106647,73.87194078622802,40824
216071,1.0991724772367562,4573
25270,22.009607117913742,15798
198143,40.51511449698828,29687
58560,63.899227058599,30723
177781,26.051851607609226,41600
128077,25.758967142623227,7404
60861,84.62605928533048,2866
222450,46.333583648705336,22203
138522,35.30576102618674,6188
170134,95.0014787352134,28922
118178,98.971641369096,9644
161001,87.5568957727929,24544
68844,63.9524323880692,12503
172515,80.70931622556357,2488
218376,11.701318869773662,47308
32540,24.470564338916624,40360
106505,46.43617614670618,37777
53651,57.28752387574414,13295
203536,50.11067622899357,23764
93364,44.16899081342179,4388
236106,49.54746171885528,16159
224339,92.5700718136184,6797
193915,25.92478232361851,20968
103513,4.2026815685205,8804
231422,71.44103848587834,6518
238818,82.00649678182965,36312
170983,7.322866786294653,28038
183367,88.93017509922906,1918
115880,15.189573341376299,49855
118862,76.27536465111322,40027
47413,64.19634434859748,27665
161611,63.03045025407971,39150
174301,92.33355537320162,29977
191330,49.59982276203467,15224
41916,54.857743023351546,43621
243640,26.15922549307263,11436
88675,64.22565669807271,9164
136110,97.69766713064148,37555
40576,47.20134836170066,46928
191235,41.73271840563826,40825
128650,90.55446928284978,35976
88239,49.412961441820975,45062
45242,32.885581732470236,25669
56537,6.778960943922206,1444
201370,50.09393149385452,13577
25070,93.61433543167254,42864
114178,85.55540343862086,44884
153391,33.46059891709899,2115
126527,80.42310314821592,18979
194212,36.2939034719802,22760
189483,13.53833009152516,1134
82826,10.013949427338929,42611
30922,18.90765661127895,5713
163653,19.620017779735996,48670
18969,91.06360720953248,1955
101968,73.24878194528299,8411
210079,22.06332645193287,30593
209181,22.834831851763063,44749
81925,54.71717241699738,718
180946,61.07583574559816,4241
220032,29.47296151039931,5228
209511,2.9089396898344804,36042
29448,55.94570968934076,27287
110122,19.26083454367964,8756
19070,19.0260777364302,24015
135049,27.683956940156566,46192
149729,96.41758182259696,31214
115547,7.264622532015558,16687
157759,60.858862674532816,24185
166082,75.7832123252305,8896
222079,29.25260207165878,5427
210397,22.924914754050477,30052
204116,89.0850403197005,31988
200255,45.73030102676501,43473
149964,62.0565258450294,47541
161288,67.98630461352083,5937
6707,43.04589972819236,22823
163686,89.96380771964891,11242
132163,53.29682379550003,26486
201763,58.14214434894934,24942
146059,71.52545702632317,38470
207129,24.266809597933126,30192
77370,1.0531682044286848,12098
129149,24.45176429262642,30929
120563,78.05972796252121,8067
12736,33.64362636641773,16934
227221,11.752901272531053,42268
185856,30.34914578171977,9588
61647,35.345449914284366,40689
106483,34.17435385207983,49221
185866,4.642442826832172,43196
57085,31.6445190305788,18946
119021,10.422546398945368,26457
74947,25.83581582667046,1315
214061,1.6991580858081112,32376
112769,69.17461130431042,37585
67766,42.558028291537795,16343
38161,89.09309539635333,23258
96871,67.30356121689296,9094
83993,34.38680532852726,14524
75970,70.84606650705045,46797
12058,41.78178885724991,40258
209224,92.76560271463643,21985
162506,43.75622423218577,34647
95549,4.8373654539420174,11484
140189,37.884364276883254,43142
97566,26.869468836636344,38766
99350,64.69163028953696,45575
68007,70.59265526403502,1226
21260,27.399894316522776,26945
7771,96.3101983858461,25152
226700,89.22028951700517,15560
135676,83.68868996489203,36048
215223,93.34541972283279,43054
102321,19.006846305188986,41018
108717,38.37398379317391,25236
101359,64.05107769303277,16601
25045,46.11377006051096,1753
61171,91.3468422669633,23945
147560,21.380673190669906,49791
203325,4.474369726323783,34554
99451,53.54185240605763,16200
239458,14.06409096011545,25680
204569,70.84914326504214,48732
238270,55.08245488113966,24339
220029,52.371597319098115,26199
41927,50.76348606035614,28447
21336,80.94778605306922,42472
98908,17.822272966536254,42113
149476,40.51263949114034,47578
46398,81.7219221855564,8250
47260,62.606984940104354,42668
28747,9.008568978710032,25861
41538,32.18850552897368,40449
54314,27.560203205564946,23277
39901,70.18702326269778,29353
28153,5.612504379593403,30100
198609,78.8859126093761,22292
97493,80.95257835126456,22988
144526,81.77062884334835,9940
29380,49.91008857055376,23658
107551,46.34040159298282,36737
213869,60.42964415817741,30506
236206,30.15207358851233,17436
120007,81.20997874299522,14152
161048,56.279603444448874,30812
65515,22.19265799936971,39807
66021,94.99348650416187,23766
205938,14.152763378808626,44941
19757,18.273505637922213,29125
75965,40.49987151221943,22297
190821,44.476009469077724,24774
175669,59.79469322557889,5620
168588,38.188729015731894,42645
134044,97.74141368974911,9958
89922,18.847754890237358,38864
160589,10.008483092829536,28313
238358,86.7196473986842,17299
116515,75.55052993015612,41359
13272,94.17692587686766,49767
58486,25.99531373462958,5041
220312,67.99740597434374,11829
170216,13.752779722394191,24360
68346,5.774297669172265,22587
72220,61.600218581000156,25334
129167,20.13842900652558,49500
184647,66.73688724915382,26149
117880,60.92816798115366,47937
201659,85.85259624858074,3163
21056,35.2318612445391,13402
197329,80.63807535161682,39520
30794,62.81961661420337,42387
67749,46.36908374535745,33039
227400,59.794856101601155,3010
71920,49.04571153497904,19954
92213,87.02322254738654,2315
152961,2.2988498085538738,34242
197056,51.85069171660889,15408
41282,96.42146822226661,469
126470,25.087830135774304,21398
72420,73.90292441868931,4250
177781,10.920337019910448,12977
54826,55.3750241803122,41034
96787,1.2030291563390907,26662
210539,73.95875238339592,26455
62076,89.20787655880326,15187
155680,97.90507449107827,4296
73930,8.09502568838401,8843
11160,63.40994178402401,23014
27269,87.32440158742436,34660
208299,38.00686997445979,37109
151688,7.130022437843931,13068
71653,80.15405191049862,44842
91475,84.70003486246688,29342
133612,50.56959065396805,24053
55940,45.21818473955961,19059
116693,42.91851501494532,44115
23116,66.59720563812145,49894
242219,61.910372997409276,29684
170386,86.2858612682848,16902
83969,1.0868373559854885,6303
7802,68.4378053527314,42370
92766,74.44308232370665,48518
42239,85.07057712056286,36477
88856,53.69636538055986,46172
30929,10.675426648294776,40339
64798,67.66157707522508,14040
167886,9.068869533702415,30067
206869,49.16300430063224,3478
30669,57.5772291243153,22936
47006,87.25286470549615,35741
149541,93.98664951913639,38500
104782,66.40175308916993,21578
96774,7.621989262520619,20273
160881,30.043632586886286,11103
101020,45.86526222402423,46017
165515,40.207766373444876,13933
207497,49.69738326525603,8411
177547,80.14694429518426,24659
120342,22.529668433364066,9621
122508,27.022072588162015,49542
116357,69.98877518347123,37573
26878,53.593158154127,16784
123409,53.830831256337895,40239
177556,78.85916742488699,2335
146078,82.11638355772935,41387
33336,10.990885616678526,27356
224532,17.37972639331663,5687
127763,4.985721305344759,38725
21705,84.68840211217139,26535
48567,8.128538421966736,28813
37223,25.932759028929773,14899
97170,73.61257549426706,23016
131508,94.59552005824739,24649
38920,14.294970911782533,15504
215116,68.94020437127875,43515
30788,4.523876729158829,11225
139731,52.70210498423607,20640
210853,96.16556878587409,40005
59944,29.809112734468854,47977
40638,46.65497926648989,327
9380,95.25966601887957,25698
5616,45.908786802370464,19082
39248,83.60334510156154,26045
117763,77.46899665496066,43911
187123,26.266540699939462,49847
206763,81.4380640542431,32263
189281,67.87834699984545,25291
222865,95.33716876826506,38833
48725,77.6190887020159,7232
90773,68.53547629111377,33778
73390,94.1780897328241,1004
126819,52.133509886847456,19534
39142,31.583592380584744,38420
9025,8.318447845852731,4969
185920,49.10773384832593,10250
96468,77.62613310383396,18620
215103,49.90498482623243,12946
218692,69.21144368340177,27676
36683,85.34858686166847,27431
138002,60.77847104133326,16829
241065,36.71174491666047,11120
59476,40.63252422933411,44811
150402,94.09193445721368,27527
202869,94.70855916592917,8865
219261,94.75082391098715,37827
193602,45.57052240950876,31228
25072,57.89295970223917,28459
42522,28.212554637367504,11182
164906,26.78274005504988,25420
74336,54.26752121996169,41538
137820,89.17794468978819,6628
80662,87.26365068587242,38254
198440,35.54588668017458,40563
166919,60.56273415772402,13201
198818,16.903662883498153,892
196041,5.900098773437577,35641
248898,80.83689925324978,6162
27748,88.35568834615228,10290
15966,94.68788593820564,12684
154293,93.62256019527815,6219
187345,44.958760552864064,45359
181886,21.412448256931096,27740
69390,66.8842527615485,24609
211913,39.67049314814266,8658
211820,91.92352526915442,618
156491,59.797993842525216,37934
10852,22.769817530734333,29989
36310,91.68099273044692,34955
228562,9.439671903063408,7838
116436,89.63074639633905,36449
133766,40.046531062363115,22481
230094,42.34083280987031,16247
80679,40.69045962501712,46136
201769,92.72715058527098,8726
186875,98.49665886269848,35837
144516,60.33762401045556,29013
53077,1.842265207687562,8419
91463,62.129347201089814,4751
68641,98.90418487346999,27522
107105,19.14758089758474,23492
149694,50.497552994103415,41222
214297,8.77885138800118,959
74246,17.239158453801025,31388
244357,93.706678924325,49543
55552,27.577881165234277,13431
173630,46.66104471746412,34266
162808,68.20547176416503,39505
59863,67.18439658260888,34491
223483,45.21486965783142,18097
24738,19.990201231966587,17507
132479,2.1882449983662515,43085
55311,10.279693069660896,40246
72035,89.67136366338455,647
30390,87.51205954459004,30448
140121,72.63338905003502,23960
30905,55.60281116489507,33273
64904,84.34912441888136,30093
80008,4.120157777060808,16974
14633,40.61043761157103,12822
77975,90.4667320209786,35779
220652,91.77669160466091,43714
92449,26.676953473319983,9589
178771,72.01779206466892,34008
67060,82.61697910279585,34646
216318,86.70339702622961,39469
127433,29.6063185215492,11847
153128,31.988257147879782,39627
158054,29.4839859393106,33048
182813,11.047799092388557,70
37900,27.49658835849047,31118
96391,74.61727240555851,9815
112677,48.019354560360874,39593
157704,90.41311633267706,8632
55727,63.23636510974949,12190
208415,93.91666899216953,11818
114443,97.74688262981469,9446
23786,68.1464763487115,11606
81962,46.72510297802112,10160
219741,12.065410280265084,31570
98137,2.1936440678528397,49706
61230,38.49347501877718,5186
96753,90.00961392499674,28278
116885,92.97683323903571,2593
73061,97.37333573163134,37387
144005,20.82007780660465,19738
31300,27.556298945246787,41448
92009,47.366786777934216,7345
248298,19.404341406331792,2534
58582,73.5498983676719,46960
70597,31.86993197634428,20276
38374,6.000260226201437,41847
247266,4.864053746666299,7945
96336,52.40483627516665,36964
211311,58.266725522914456,32060
32920,71.57816418775336,16579
135625,97.7389801190517,36900
45665,42.98556727544598,38483
128414,24.41752893035671,17525
235026,69.63688960459758,45024
244697,74.76301825633918,44043
194508,6.842912846152881,15261
115447,14.90403355661145,25587
52997,17.5132401240173,23368
12392,96.59997044488172,3697
81676,29.62548189610821,15729
62014,1.3488184853762406,39029
173869,93.29697774520297,12948
161894,24.80878358666787,7866
148492,47.11114744426045,40618
45404,86.40338953861391,39187
94791,4.571063459559701,33092
179829,2.912311974483657,30973
17171,15.92725219518884,6400
180007,2.163119560685252,36778
163541,22.244093859948833,1807
105870,82.11988857174896,14367
72698,68.44466945061434,12985
23628,63.49176021136919,45912
51177,45.53115585738628,47163
230431,19.193624741445767,36291
162839,98.87618292811497,22402
130476,21.371495727247634,207
168419,94.38984519232937,8588
202485,57.55437973053911,9220
38720,40.44597240194976,49742
200790,76.36330746649044,31609
159212,35.174195406758265,38931
40847,22.48486992462572,29640
135885,32.77252893280074,5964
36882,32.04059367849557,37389
17865,30.973283235834362,45802
44677,61.44494570357798,12294
70706,13.041223822532437,14652
147910,84.1010923880983,36804
98771,72.82345431977122,34203
95749,34.357753095528274,17597
191758,14.38780280990104,48398
109155,87.73494705882285,32995
227659,90.06018953439428,41256
28375,68.96426244237037,7304
82836,26.13554721680236,39311
235280,66.7704652714223,41991
120145,63.02223675503377,39430
151378,77.49389911382947,15874
242249,66.06921183993843,32288
67256,67.2179317870374,432
41434,65.73969061964902,16504
114820,38.572572881603016,36380
170954,79.18789827986666,10502
98128,55.41451168563786,39446
43610,89.57767282911469,34596
197741,17.735343514837478,24243
117020,26.127161911533,27660
9463,44.70799643102408,37924
69075,48.13771331372717,14746
170790,9.134438007817465,6562
20401,28.750439582068918,6881
16569,77.2343628513985,32278
20759,96.5646161674194,14510
60208,18.40154499868594,31883
85114,21.477435975367232,3303
145978,54.91941800690465,22576
154460,54.19585881554558,12996
67903,60.947195099222476,13816
199749,70.1554392855095,25066
161805,38.59606805066071,17124
11950,79.32619904431112,31063
211767,22.221633745813623,30998
63649,28.359516750126446,28514
86982,60.95225258297685,34093
14705,22.613015596329507,8388
10674,40.398290860200525,13915
216104,12.556887480022501,14552
103063,58.70530286375447,21847
174639,52.95352213441732,36070
231094,8.35998545823533,33140
106189,11.382846623468518,16560
198480,9.01605820840098,20997
36890,43.46269136468879,17713
138964,19.89948491538589,27509
82354,19.504459526029912,36909
133837,34.45343828689804,11030
73546,90.04767255982043,7247
68555,7.102248414363673,32038
190937,32.55423325892788,45053
187824,36.461450797201294,21247
109357,91.64883060850732,44897
173814,81.56288785584903,8208
103829,77.37934066546029,20644
205224,11.868468423123273,13012
195870,13.951791209257038,46087
194780,50.935679882520056,7404
15437,93.0256553330675,25558
158748,81.87853501984418,25403
170787,91.89153328116228,4906
62027,88.42574259925746,16238
141341,97.96536813567285,8247
76838,56.54103496216295,28815
242935,65.86289423199206,19160
104642,18.844089827915468,38608
241466,28.25656263406513,3859
206933,60.80026773359997,17619
192934,45.83699018560532,26592
166145,13.741948889597118,41431
248788,22.317138443085327,6412
224529,72.4327272542472,14714
161574,29.561201063777514,33840
163183,16.79661628454619,1035
28824,48.114553860548206,8972
196876,41.69353600363109,23601
228902,20.6075749066603,10401
44588,88.11534675206893,40924
25073,64.87664249181194,18123
97451,63.74949123123263,21923
158377,26.692627432494188,23364
114224,36.89759688333594,17080
211834,19.64355258731767,27561
57027,60.45195606624085,26381
159785,33.459412143893495,35380
171244,95.43110685487625,30322
141120,6.490256807871164,34817
87847,95.91730651741749,29089
63779,66.56404123536213,17754
202265,63.50861056174594,45510
236225,85.04912118563794,20123
240095,46.16365252198621,28868
120643,15.519440475579138,26081
150755,89.2131310604019,45692
194663,35.82603171413267,27865
219573,5.926641761901646,6497
207331,7.41023303443428,37056
247829,80.30919088421773,43617
9566,42.35539722103082,47716
224161,87.50043049331933,27969
135954,7.302005169979679,19615
191833,61.83629403601541,36947
135680,71.95925933237365,31155
37111,5.412634855567326,48135
6187,62.51036584915412,31306
65319,6.750906478252015,1086
8745,15.64813040825249,26143
85118,92.83275271217241,23939
19662,71.08340626201931,34727
16997,15.496700247703082,49763
188933,96.89497091666333,44725
218931,9.67997064572063,26810
163262,90.73762624474885,25738
239444,60.89127735167676,3440
145210,14.749803544168639,26943
140304,81.66132906396571,23400
79531,22.279955032300506,46867
65507,32.48949208773412,22603
65624,44.639403022657106,5976
130038,66.31318736916616,43850
133985,91.08090382895371,21483
55846,53.131542550903276,1148
30054,45.44947576884016,29147
126769,32.785142687863264,1918
150236,31.762191946715657,31609
101091,48.03331923563052,42491
193941,70.85392694264615,25512
21091,32.4403599137853,41301
58683,24.470044666416346,4052
150635,63.97507967916166,10422
39410,63.66235462667172,42555
167181,5.408424618773054,37528
13975,58.23900364454089,43657
127255,21.808311325657424,14782
181783,47.194757161259446,4176
145136,86.35043899132924,31001
240102,90.80356705942876,14221
31777,85.00545107085695,25828
146033,74.6005862391693,43509
129170,61.07412606654452,23389
27121,63.211568942988194,24093
197633,6.602831086699368,48624
233417,15.090354359528382,15545
90632,21.108527049607186,5243
19462,2.5378670469060367,1539
87919,27.077653670049923,2317
152411,55.74663384955453,7192
223001,43.959689725320054,14073
247827,69.00065807441432,4575
99051,42.17696778414572,34750
149952,48.55911227695916,11326
65195,82.10240117056486,8272
119401,37.54471190935067,19839
222457,77.33120734039302,26224
142884,34.575090284194786,17281
247206,63.03998897642976,49254
19059,61.49169887034332,33904
161167,97.46964715431834,11561
126266,72.85361066151282,24226
33267,14.582141015365202,28165
66374,62.70584232982696,17298
248110,46.73669190719277,45065
220036,42.468253181818035,49101
15132,71.60775722273446,2542
230663,70.31214531047807,25625
128805,41.301225468856515,226
197296,82.53787351561388,9485
143758,89.39560716206333,34468
150276,47.231661397002284,26944
127382,93.84227597689603,7875
226123,28.755511388372476,11350
57284,69.39106552914026,39583
110408,9.475503608850621,22762
18961,13.972075798860267,26259
33536,5.281858341684446,21214
179690,85.00204615916448,21274
238962,92.71211781408262,12103
29711,66.6519751487093,9209
83202,73.48367219531211,25876
75251,4.160250992604343,30798
77096,55.681326855398325,38206
234950,60.65014544750015,47576
57787,36.83435467330036,14778
172886,14.146594150661418,14678
119575,79.35410656164088,41164
47794,51.55246949661692,18109
197506,51.186377953934624,36751
32719,86.6533608104976,39067
34665,15.782480164827614,2971
201130,64.98619763330997,31534
108232,37.57908296122654,40517
82729,94.9151892933639,8422
223397,61.65583047807259,42972
19997,3.0825180118601567,10743
170690,5.352316397851393,45007
195987,56.17261979267889,43445
168019,46.77668678589037,24847
167344,82.82925885524011,7976
34644,58.95292070816887,27772
98030,2.683706353690652,21624
220496,91.92947227144016,46112
53232,75.12075613829592,45385
222189,95.03439706345853,10292
216442,88.2330022945472,1577
14199,30.999433212201108,16989
46508,1.623193212787618,37634
226537,98.68953111685146,34639
157424,4.100462228979535,39969
175044,45.7836625318979,45368
108749,20.82730278647806,46161
44049,90.22901791776056,43483
217732,5.308896306701116,2987
171995,3.749808568253438,43311
141520,42.67402515844333,4625
58500,57.96444110855829,26182
217207,6.8569215919675734,47614
197525,35.79190391255091,49937
6063,64.49814532439606,32295
84499,81.14836189795406,3685
150741,75.93132271115407,27633
71603,31.701020089693937,24385
117359,12.654810388851473,46972
17445,15.709030218237062,34502
50752,17.360004791208723,24445
109665,45.15382361378224,38882
85066,31.767202093477593,36169
85000,56.39480623849443,17269
56892,96.71051937612475,24757
229028,3.8286930342058674,31451
68546,97.02894779871647,8015
15383,93.85440452995813,11771
153316,85.55262866413732,37069
116991,38.712492572636904,35668
205623,13.008263607832932,18693
114743,94.16483780859465,20195
107660,95.63755085244622,21533
100915,52.09389988750079,35144
170242,26.961267390760217,32596
10595,24.417031108758824,13702
212105,23.302396313670005,34960
199314,5.602729290337498,41941
12966,41.041325248930654,27276
169350,76.96561909590898,45272
97825,32.4779712937822,48537
156509,97.7087826742517,49096
140660,5.189545624380627,8897
67677,68.17411829657559,25517
138867,95.00145415437966,1456
161705,38.61846948502169,2929
229375,71.69747743315672,28191
190338,1.6917959734571306,20070
62127,71.18659594736651,9105
216155,37.56871751373292,16264
125128,35.32496828092782,42076
114806,10.517789984155769,46330
188025,9.018852800943543,6785
181271,57.34675455981403,45156
86038,94.52053679727643,44970
122986,84.48231926240636,8513
204747,10.243529131468721,37356
230864,74.63939722037925,45015
40458,21.359432281682395,33994
135496,97.03062736402077,39636
214991,28.189316108041186,19414
203102,90.30171746976838,30634
100746,62.61234210012281,25193
118257,60.80401857274441,30858
30078,98.65878960679505,8101
12451,81.44640965463603,8139
196748,1.8389286753878742,18115
87068,48.95796043374135,21587
192329,45.19486673448281,27789
22538,6.89410464981188,8000
176913,86.72749046235111,28101
75851,33.165065439252885,23815
202782,79.08387531558589,42341
44347,86.36432727496802,33093
79008,18.882469165811983,31277
167986,70.63576969033802,19127
217064,97.48729140312076,22733
100273,7.80743762386208,24633
85066,56.492368770158244,48267
119689,86.73136292900419,36835
186660,93.83565474976979,34893
189936,7.465525826855201,28427
39775,16.423033898391935,49118
127087,92.88620533182029,5184
17312,6.752397160625014,11023
74362,18.501610627684236,28531
19139,33.91717484746183,9351
155488,76.06747722523296,5547
152098,90.44228226560286,21919
55770,55.04495024934713,23854
205105,63.05005992440271,3040
128797,66.09346830158971,49683
116976,67.30824715758453,22430
137163,60.039841969341154,6416
160151,54.78502950578276,30537
242150,71.90149571996712,26800
104177,70.99679849884548,33968
178406,89.29530401876748,19042
150974,64.57815087273762,22710
130301,44.71894301474016,4699
160789,69.49192558179776,43999
26659,57.13090004184316,26868
91853,37.4609481443272,45077
126226,59.045688185177156,8707
180436,74.92436385503838,47125
144556,72.14130616836938,5788
222759,49.363447958906136,33001
188304,55.61835375328542,45302
157775,10.917059474810818,38780
124445,79.36123466129592,44519
229721,96.93755827346641,3914
163213,26.2146980105479,49621
28003,37.33161091250427,47448
229200,20.194321055845442,31833
244346,61.26441303608736,9529
128974,82.76378893923079,15887
209724,44.695786956629824,37650
22953,52.8901559959186,34142
57023,65.27869133363869,9603
125645,5.675129908472341,10750
130889,1.9112353706577265,31633
56918,83.5055450967794,28129
205378,30.71016749246651,35813
225868,23.519591331526698,14186
116317,43.16192399343671,31806
200960,69.68010955896015,31328
196075,11.538281387793106,6830
167312,67.01482466182267,12508
149309,38.39720325244678,42254
60344,24.27572242052184,15747
186884,81.75613769025757,21557
22822,90.50190851246431,2584
92230,39.24781049908728,12643
117650,14.705638031358328,16624
59783,92.64793458381695,27153
35292,25.827112386884934,4814
107103,42.43104860694005,4575
195851,75.38268928532459,43658
99797,42.413670920552114,47542
105029,91.77437319427504,35420
151387,96.45795669391872,11055
36472,29.29380412762175,40757
48217,43.28283491134543,43913
198940,29.393253817932766,40720
156337,87.31063775114426,33941
171446,18.39293603496113,39069
86438,23.602826128582883,9957
134934,61.062578344988225,45075
78888,26.372640156473544,9947
80357,45.42518983328149,35026
233404,61.24775261330354,32821
94354,73.95770785918754,47388
117906,84.98469032766923,20774
170361,24.553857664798937,32171
198009,43.75551170179881,22430
71495,45.82850676459332,41209
12560,21.517667381431284,2716
18140,30.81419136286128,42073
79613,67.65958864723848,7514
18960,82.88888909031402,48501
61528,87.17278193116822,37437
96057,93.35869660789695,1033
28206,85.2072014339424,4329
204295,53.08179017861846,3661
128090,57.76064290223895,6770
36767,52.496611078499484,21585
54351,31.484979237237116,12728
244177,77.6101241118023,26572
137068,93.32599602930803,30598
76027,60.15562528920583,23142
37528,15.304007784172903,10920
44982,8.715920057597467,8898
157652,80.80797847150241,527
102157,5.69470528063616,30874
125590,62.91057731650596,44867
207598,9.903684880139394,8221
111649,59.95342960854531,28551
88839,50.78518090469586,10362
63818,84.04657663229861,8233
25885,55.11721363144035,14497
63796,28.0025424375053,22954
230639,87.25368693916901,30943
174157,1.3911582058222955,19239
105983,19.992867251416783,7980
42923,62.881698508210754,38618
177376,95.34551732790538,21122
70563,29.828364053280982,3571
129771,36.52826227590359,35357
13534,82.12535572175152,44893
101842,26.349809762116273,314
50372,69.62147506333662,43552
152810,74.54164495628038,9984
42298,23.027990688496203,12136
73972,59.152307745713436,41736
235054,87.36221759777196,43127
37530,30.27498184586132,42057
179302,87.30751248873844,48537
13325,53.98533091256515,35154
112227,32.70836323537766,23335
29807,44.99217919192956,35037
93984,36.47164345353031,34563
76265,52.45456555825704,10833
24524,54.87071751273667,47002
5731,49.747141132778324,1803
139841,1.7169923928226882,49642
132676,47.626621536855446,28664
13859,21.050021286367027,21978
42924,58.64315972125201,549
182919,43.11358498909053,34642
92539,54.65711965782276,32747
126522,8.517580488340949,21411
105524,56.84157973266914,26184
104944,87.59872572823276,25271
177878,59.23678087417925,1992
80275,59.46192361596743,49426
41420,83.77109287693744,33981
91895,87.75507748332035,27891
241055,80.36107856388163,49034
248350,96.7478610854686,13527
162585,69.88476777570554,4762
192412,20.966273649895175,47555
188753,18.390167511592598,38267
54621,81.85892808954613,5169
139049,38.81593773342084,5097
184658,76.26642364259592,11112
116552,40.80901753095919,38709
198700,40.64793085907271,17619
28151,28.393372403399283,5243
97539,96.16352961534345,22761
117751,41.03977388496983,9362
128788,59.99235853411519,43428
248431,47.48533453640073,12704
120632,38.32128254620393,28620
211261,74.77595574687392,30732
144814,74.52295777868514,42190
35421,59.94734475916397,3593
104709,69.03937916495538,35173
221808,53.35852162711416,48067
68285,56.56924616411655,34425
37822,81.37045211949682,43136
57816,19.082280223791432,27361
38331,48.263767923180545,2111
99804,66.7861966113089,6378
77571,48.72462832691602,49338
91591,25.89885918785481,24542
30403,11.713691009328713,12357
193434,74.12468077668848,11952
242173,52.59796356980436,31352
231765,3.575152828753229,10921
8609,10.928223257905422,15461
122325,84.84706802470927,7928
136865,57.118875242849,28838
152896,49.52462858673338,16350
40293,23.330789279407593,170
204840,9.855229522119625,15449
166001,86.05840357717211,27587
190267,26.139488429048967,38520
221925,48.27837776266312,10893
103230,37.39223761453885,32453
109687,97.56146467474879,44568
240407,84.58305512960911,22181
206212,93.28314905828724,6765
110874,41.53873142366759,14031
169559,77.52689181410071,44456
72087,62.43811099097657,48898
121675,73.36451988328227,15283
114422,51.63134673008362,6438
236567,68.5260859351738,7376
191737,57.177240613248536,1862
129571,77.89711219035712,1990
196948,93.22236351259497,46020
78696,17.650133072234034,31476
23269,2.7988503323317504,12082
102797,63.277920617079,35915
152249,75.22583499254192,28220
132243,39.34561900077462,31916
247908,2.6883195273361062,37278
74822,40.809847234456875,2877
74557,63.93498125328351,6191
108156,12.447689654387865,30893
69683,56.51608846135838,23297
112490,44.42485819103471,12364
8080,75.98090163668982,10591
49090,49.46278044015089,17467
99780,97.23361686836047,21591
229437,67.0206282945862,2914
59011,30.41153079642304,35680
121918,6.6675401266665775,15684
35322,32.82717287851991,3848
56593,21.579483538084784,44086
18001,19.405611151114158,32941
138991,64.82452949373585,19572
242738,16.633488842958215,13407
160541,29.85594516032001,30584
146664,13.28111670706375,30701
75642,11.022366489156866,41016
15272,1.814821672579805,29439
120383,87.1226709142534,23062
222963,8.18058169204673,24267
117189,78.69077959045502,40221
108607,8.123898176514373,30459
20804,6.2435204588766915,26821
161553,62.787949099480656,49650
71579,86.12462804610094,29551
37186,47.38508596690347,46340
174277,45.21766586124367,40448
199241,71.59747085361708,5062
48462,64.42988546950276,30025
91777,43.361571573530355,27201
125033,55.29553015752511,16508
207079,78.47471830865788,23943
153801,49.43071376697639,17548
75499,44.71746610167954,32848
106348,1.645894057191343,13777
55662,37.03807508277867,21330
55748,73.10216157471054,3306
242335,25.287110594832747,15562
147944,22.56858156322108,18266
30397,43.528015428068024,25928
232880,68.46655235939733,22285
93350,5.358383737862921,49016
108946,31.51061069575814,2583
123143,11.376987740949243,49392
222790,68.05615140429035,2342
182119,41.69097746700574,35643
90769,88.76988226381728,27915
12821,11.14734853222251,10724
114853,68.8756372112036,31872
222771,28.755350069296092,5675
109976,45.720194597331904,12955
30118,62.88561796027262,41911
223105,66.21438718051873,28670
32797,75.26190487148905,35791
240439,76.01261985571071,2630
86088,78.94106163181135,24421
55517,10.419978545459326,34038
12495,60.662726069915,227
238659,37.54680599305876,35386
99733,52.25525412360002,592
182543,93.11602401950061,26284
30943,76.31371116611541,15177
137945,18.230523790040994,49370
143558,82.08566924412935,1563
75603,58.82295004350231,11797
207351,52.23078297969255,18617
12100,47.096309722688524,38018
87934,19.23567701646916,46934
223318,11.571961195129589,19875
22664,31.21220752147473,49555
163062,76.1985265682436,1311
248071,39.286607061101435,1066
19285,13.173207303577758,17964
157211,46.32592893075215,8307
130241,11.639958335457544,46455
42654,97.78011700684549,36870
135354,84.13760112364194,44813
119524,55.32858560622396,13329
5380,80.93287200509532,31214
152786,98.7988714628156,20070
136660,60.97321328504174,20277
214464,20.51565742037168,22859
156733,16.589819274967894,43425
170784,75.65138611848674,8052
42535,95.72289337080616,42820
140715,29.73945614569267,48839
229301,70.84180025843244,27915
171311,19.465912159697456,12132
236481,93.71795208536635,28985
193967,42.993612174254594,41040
48602,69.94785221717937,47745
97078,53.95066223533558,10044
31920,32.0980214315566,27847
161396,17.303681835571115,46034
184210,20.925960370220842,33989
122426,15.901473943428686,48751
94265,40.74028324635779,7374
103365,35.67605204235132,18934
65396,73.11348122981292,7703
237580,11.811297260704684,22233
175520,78.10475594198394,44799
100081,58.48875931690735,30505
163424,89.41599690145897,11384
51363,89.68920843187621,49655
193925,39.81097273316387,41698
121991,10.608637957718017,8763
182549,60.92095875820452,1027
40717,98.28061473641404,3735
226446,79.28347921769988,25326
135490,75.43701287412628,21597
230961,43.02175788765044,38554
107682,76.69865610307376,42860
205375,94.18648366628939,37543
65956,17.196535005161675,25628
244314,4.962188607314073,45686
154031,97.04668784879284,30704
110727,25.340956562441903,32939
17917,21.708931725381717,47823
66301,38.111121675241094,31852
125078,93.15652702109134,6545
192014,45.91109144268097,9229
5999,62.41084193943821,8282
145893,35.60429448700064,10281
216176,47.855677236385716,23542
69091,12.376510888623734,11061
49120,50.744249577657186,16615
14517,86.92392062819191,35742
154819,41.68535309797814,43383
208442,26.299390047475047,20003
102923,81.45616469254935,11737
55071,79.03332475779236,28728
67011,72.09203606072629,40223
57867,30.275165836087467,29920
6430,32.56166796625723,6540
144563,54.48649736019921,39800
207164,12.679092668720635,48762
51179,17.583570838731312,48591
240827,4.498081310312992,28891
117867,92.42889244047731,1620
73030,58.03433802757684,725
112696,77.95754118003984,44720
124461,4.934234152383609,4015
94880,47.82052028537355,7694
86326,28.67281430636052,4932
6735,48.88687077322388,21752
182782,12.70638360840544,28129
40721,49.79945181093901,49259
25816,59.75335420199136,28783
103804,43.43461599223668,36472
83616,12.97635812590464,25517
185661,23.187596329621822,34743
47115,45.97557069036533,2388
117634,49.7472302568927,2524
150638,58.09675565137406,46787
161588,70.62143009190754,9025
161138,76.59286869974923,28300
55658,44.542968770868804,11439
131804,85.29780403146059,29492
49658,64.57347490167456,1780
89023,94.10514207813539,48476
79575,4.908768020810416,16111
200383,84.01395937108393,5008
188517,26.755748832038897,47317
23751,27.80506474960927,157
114656,2.541944989842629,47748
6655,40.066665982561005,20701
175090,33.42025315888912,43048
181606,61.46357214824862,18703
136227,96.5026181450106,32221
248163,48.3753059701431,37369
118493,6.6081950489107815,23894
95509,48.337401685660176,41166
181638,60.42002961391566,19475
101635,17.853821608433076,4224
133051,63.123158137542106,40227
137503,2.7334681349511896,27907
108361,56.52162337395536,29394
143568,54.278406452109174,13049
166424,59.17796725452826,37805
38516,35.36241318100207,15189
179743,14.47574005432782,4561
105989,96.90846499724914,28934
198865,77.94225879767872,9290
134111,76.95003399586038,22246
20578,4.354604080766167,4986
156753,10.050475284119857,10834
108527,86.32410514585486,40053
37911,44.0705314736936,1499
122541,95.36600849423026,20301
31674,60.68555579678778,28005
173121,80.78198512982756,20531
78816,10.773690923726644,28023
50772,48.55766881213707,44779
229586,2.668151830717811,19066
217025,11.150358203770232,28042
5600,32.694952242759,10383
243525,91.35794693676597,7445
185301,58.715951576232136,45997
10927,72.92704336895451,43791
190831,69.92161445079802,14857
103545,9.224581988763648,20234
166520,14.775402586468926,7856
154100,20.930493216836904,45172
100304,45.09628574140951,39490
225206,62.41313345465658,44333
187615,82.88150061115276,3287
57669,9.07379965282518,21409
164575,27.28119976236447,36894
57652,50.78561671592241,3656
228414,22.257796325591695,24005
114424,74.11065328269932,20082
240197,62.432478013801955,19177
218131,17.58705612883514,10170
193726,2.1482508599970567,20376
121691,98.8259375481042,3854
179227,56.20135199540877,29527
67046,9.301523327531731,18826
205845,46.44660810013044,5175
194178,66.94859108922427,2534
28801,26.83556214374452,42046
215312,60.99115046127683,36206
15607,60.79921426796743,34157
145359,81.63600960583932,40801
36583,74.13266406930803,19238
15122,68.92398015371663,46881
196393,33.90024655323546,14868
193383,3.2879014995729845,44229
216789,4.0054830794784095,20533
71159,23.026136764684,31668
79162,85.95706683770318,35602
9504,58.099892098477945,40156
55221,27.198130235860944,7936
241987,50.83655776102205,16175
113254,81.89933478471261,24411
175240,25.763737793105516,10846
179093,68.6402984203474,4380
19355,77.60919666771268,10988
150023,98.27578032748502,25663
69442,10.58377769289618,8745
141387,87.3253873054145,26785
65868,4.4196467054557935,11295
144418,83.61762408957426,9013
216837,57.55553533767865,27092
54961,13.839762996889128,23643
50498,91.09015940751857,30503
139118,25.903421187608867,41827
127525,54.05712552003032,42795
59216,56.68001519355418,33544
207329,30.42391441027343,31546
242645,81.99202376507698,29470
143693,27.972357187125407,43773
186808,82.00336514071869,39487
207750,67.3708737059731,49009
188069,27.39018996555431,41026
38574,11.337145330708738,1016
52879,57.036034768031406,14526
83342,6.855308541235099,46783
142190,16.602743076687723,35936
96283,48.77933850081565,49433
32903,92.6207177573465,38441
130448,61.906605960488044,5457
119016,50.32382272678685,35138
152169,23.273779610069067,32997
20985,88.06608742865838,21057
150936,29.63965869601903,30697
57890,62.144067936877505,9895
243544,56.838159319163104,14035
136797,67.27230122724623,34109
45074,4.703650830185933,24740
108859,27.53899799931372,14539
59987,91.16164598721144,167
6284,13.054354760881434,27852
74499,35.509502684948075,3064
31028,27.526670143137274,47224
194263,53.91950626987382,7753
185423,78.62805662560548,34044
201537,98.7740695587466,42511
59273,90.37424948092837,6046
183688,69.92243442413488,38990
94182,19.626461812192822,19249
214144,77.61286160542595,15343
5185,89.02050966462278,6622
134490,24.00563674664641,43270
53616,12.35741668912997,7497
68396,83.80020989154394,32255
236338,38.67160999002972,6095
235978,35.43339040474696,30223
29948,90.94166948547628,14790
181741,15.642835045032186,17031
213497,31.42382871963569,14024
165016,21.40566728092169,25017
27484,59.86114863424625,42538
209748,47.24189285845263,44977
242776,11.781939082057578,28929
120015,59.02021694806666,40588
149173,95.42838677006388,47558
232985,96.26428218515001,25254
162770,69.39849417779844,48906
130407,89.12094135190648,141
151311,87.5777435067386,9836
23423,71.44088519075055,31762
248400,63.83100430227649,23269
44829,75.6342744622561,25886
45699,88.09644416649247,40056
152971,67.01440198700382,36433
166329,42.12174347876146,18532
207320,50.459517249600204,45200
18111,63.0911294216553,33795
127956,30.793744246348506,21077
85308,56.58949991864748,41664
61321,55.949404331682345,12500
211746,77.50528262938153,44534
241222,48.04827553969138,3224
11903,19.553296506075895,47493
203271,75.41067959903853,42002
33625,9.49777459657753,13547
117364,5.188179715510369,36441
126358,29.595281557706752,31596
67795,1.708650035418194,35789
217405,9.964040520032748,36605
91756,4.473463539473101,14298
144867,14.2160018023216,39227
70966,40.351785514596294,11121
210674,89.99748704405552,41167
178498,21.139771577780905,4807
128692,80.0131871415919,42946
206082,98.74361226970859,7211
215412,67.14268814301224,31957
40527,58.9536695798813,10031
146090,89.78028641868124,31334
9349,12.01636430011368,13807
79620,42.81106346853489,27607
119334,24.978777249862752,29877
218470,41.730940298872554,48095
183180,83.81137947419072,49716
80101,35.59024489173449,30833
113811,6.841294631356612,38287
180383,42.14590565544751,29359
101979,60.742059710455436,38311
138676,68.31147810081886,24104
231008,62.159380708214414,25057
192421,19.345842727823012,36135
58735,69.60133407822039,38061
77565,72.03504177633123,47741
210882,22.346568684788647,1436
218081,74.97235693837403,27949
120742,21.039736582561087,48529
55603,3.699682754682204,29567
169446,83.31045868653948,23038
100393,66.11309248878224,45272
82189,43.247833461058555,36175
129772,41.64350411030335,18586
120691,77.86578813156768,21350
223404,46.20293352888693,13030
63538,9.530291387335883,8777
90248,24.99124578247422,20821
111688,54.53575986883485,6889
236292,72.38575932722496,17316
197352,34.93952766585101,1707
8053,86.30531469641035,37893
191582,68.51485494484845,46329
17741,8.4218826772243,35724
211957,75.53215787059564,33136
119741,29.296459491502638,17389
18013,39.85724613543613,39703
63387,40.97567590134371,48836
106477,43.45136542791703,11091
209797,96.03641535364386,6766
25416,33.401963296856266,20986
9338,5.0834026693265955,54
116382,69.48806778096402,15592
31805,95.3462458134729,10227
27563,80.41657267807463,45034
8499,77.45242415188487,44522
202142,6.959891543710388,9699
173112,19.40208825066128,14782
75917,49.8332855804453,35593
36613,90.47218442586819,29251
184608,24.03929654852705,47486
43120,89.87811619581166,15557
100292,81.6261792934609,25262
46720,53.078006813822356,2029
50820,57.65664305092086,26538
25110,35.36727430125276,10337
144241,32.53451561139447,17087
99382,62.39391386621812,29308
79822,44.44007949826423,24406
126852,84.46542944612648,14992
71530,54.982600334327174,9938
161450,97.85538330092072,40212
163508,14.444148345886992,48111
155462,48.31790339742517,10214
207920,89.09335078676543,40809
77313,17.27609883680226,13567
213843,15.516053924437264,35665
241211,43.53799715736301,21513
170284,80.25998311866083,28428
221965,96.27742196315522,45870
76586,56.384930432123724,43617
228082,78.70873246605024,45050
135585,46.93215108725293,9945
52158,22.75576208931477,12785
109337,42.4923711426851,4095
110118,46.8311365381083,4961
193890,1.9908891546052356,872
247459,38.13856101958657,9657
129658,18.2538989164943,3710
63395,33.82342821015484,36658
142176,41.90905003669023,40261
245629,7.705380436543778,25274
138198,61.37816689850702,33824
33548,23.104200680761096,10079
141809,89.12328908855811,2947
109521,23.60196866656471,19274
247705,17.79169730611476,148
34568,42.815333841580106,25786
107116,5.029998446683932,44742
130773,11.381996046459713,10945
173715,61.77077288126016,8968
159005,76.58825393851922,24332
177097,78.74861055447595,38294
72201,57.84357899952104,35098
116500,2.4432320072866682,42007
97862,72.1767534324546,13920
117852,22.292907615575622,24266
84794,88.4228280290545,1623
227304,18.950094137265395,21571
151109,58.87523642663333,43610
230048,31.11160575916329,24474
203933,71.76376577469058,22150
240305,9.497484314541232,21992
153965,76.38693290346055,16511
22761,39.50354065473087,48931
24765,44.635499431909615,24229
111483,79.63110885057057,2286
94574,78.19399524538936,32739
100490,11.52940760996365,46017
138417,13.102176157881019,899
27659,69.85801095966319,31116
32737,26.833195121961822,24965
185523,21.29680255184544,15379
102600,78.84449750633418,13488
186716,44.74457886945935,16418
48568,86.6269994605466,289
155611,95.14046538943812,23968
54195,60.68233258508412,9963
143920,8.923240438948495,33148
26401,68.49333923404214,31794
166476,54.150633654671545,8225
86018,12.868362767988444,34867
149391,37.01901832419603,41527
218827,23.707401268275643,48128
55109,98.0460466193458,1035
59111,12.975245659105207,3890
207351,40.95524101719933,45617
223761,34.197056498243825,32383
114784,86.13342906452715,21946
172597,29.00808876334147,22981
233668,35.727790672837884,40395
235718,67.65043079814248,20239
165784,4.9144571565644135,6413
147352,32.90938659132047,3948
75530,14.16601617752691,550
50393,38.29106305690329,40967
77796,27.85043595220911,49616
93668,98.92069349919372,33967
114502,82.49844531051816,43402
183831,63.16382319165071,42529
236894,58.336790628770316,36270
189783,81.44908407137441,38444
92814,25.250597078413037,39866
185065,58.034075285471566,13596
35758,8.160410736870684,29338
235842,20.90031557336969,2515
26008,69.55142576027586,19089
188051,19.233720157886445,25768
176109,14.783409460476866,18372
19902,27.90679074208104,4506
52443,57.099605397519944,19180
25299,91.98624762741463,11729
244225,85.24367654899365,26593
67277,24.181555436694943,36196
119695,22.1461804774104,6545
245308,3.5508411987529884,45197
240815,23.046594362909488,37112
41278,94.15702105457282,8635
91845,5.223513865114298,49192
79818,91.70523334005784,19600
126648,68.77035209328389,36594
151243,71.24648154941475,49315
10748,18.936021651108895,26319
45086,70.11636745105197,27426
57083,42.8977448885014,48959
68534,29.180329696152576,12992
152447,89.9417769371598,8228
82436,5.477163248712579,2007
88014,19.936590869242796,21371
13775,52.1558487957378,24931
210559,41.7922317824907,19768
138530,65.22431401741092,26804
25189,76.49009818264703,13500
22492,77.58787621734999,11269
127533,4.2053906544083794,32621
174741,76.59178795893706,38049
234229,94.72438891713675,37113
71189,32.853718018273526,22959
238048,96.58890468913846,16423
53288,27.155284537422713,35512
200303,31.608188067861715,27093
44102,86.06873318221845,36511
239363,82.57863949641862,35504
61011,4.735523113095226,15440
238104,35.135689858885826,27266
18696,42.86118916662651,44275
186659,41.19869238878302,1129
125543,29.136139838171893,27959
232071,87.38637804526441,30590
111741,45.462877639525644,7620
169748,42.66253750754451,21883
49659,9.312345468850289,21621
78219,81.52772159933883,2735
13766,73.1174010027002,21511
44998,41.24052887806122,38847
123556,95.74648398585859,32464
39594,44.36459876785447,17623
230370,93.22174844919553,6004
36172,39.493378538465095,35689
43760,36.77312290548318,34884
60126,14.104596777606263,23369
20657,87.1008368742616,5097
45253,5.971222418729331,43034
176723,41.56293789286203,40359
91346,61.88352926935195,37778
54076,24.83293825327655,39634
194780,59.33080285293957,20556
127873,84.95558127866491,23780
120235,10.706699581475775,428
182469,23.68865592240681,19263
181431,89.48383410748009,45823
193732,83.63802804499109,40218
118752,82.83280342969006,28675
95054,44.2266699033027,26210
14513,22.282154768224874,33357
134719,80.26076523717924,9135
77149,75.62380949670957,29328
67552,70.3773214505933,49605
151178,29.852397172653152,8034
13973,93.87768584579854,32655
55517,4.037312105329743,25020
80900,39.16911249222604,27620
94828,9.592853630847266,16565
112011,38.45337104714184,2891
164550,17.583574223620225,6156
63938,27.193809114611362,8464
111219,66.65262169839099,46893
141657,70.21307465658728,20941
95218,5.707627538869792,1752
212528,23.112924230866607,2511
209900,29.27501194004787,7956
95003,41.10898682508885,30586
152525,15.137057925166973,29788
36695,95.17623447646399,1507
60053,32.659821002147396,10111
102319,23.61993966577066,28473
126388,44.443486980343486,39291
167450,14.495084971474668,39252
23917,69.77022588610757,9460
158428,27.99721693736859,40653
133166,43.919929545987756,11399
51501,73.90922269341385,6497
229116,37.45743213945907,33107
44339,60.031629095533404,45131
234447,26.571895934019054,5665
39940,55.052127854725946,31293
99586,3.4009597566999847,1123
128020,43.12571114590326,46642
64871,32.421032793837924,5357
100180,94.47671706641457,16698
167738,50.6101994050797,11608
80685,68.60467405512,41281
208012,48.84075986473191,30122
212301,74.79734859411667,44735
168891,7.538925905826145,33538
190871,80.27289079916468,24476
199914,69.85796008077162,13693
152170,42.438539906536356,12573
28085,10.535645024929003,17881
163741,62.448634239291195,31707
34969,51.501080780173425,16904
8448,2.989554946963631,46770
214466,34.40640657194446,8624
42469,94.56300557840292,41138
215320,40.70872722108024,35434
40105,59.4869504615146,30493
78965,84.56488976294129,34861
49821,63.74507055468306,35799
221771,82.88748851234776,48962
55006,65.11667672131205,22934
70753,83.09853197542397,36790
202208,52.364499353114965,23176
72500,55.64703566838707,7789
142759,69.54852311275774,24578
194949,46.64653681974904,28647
104825,4.510023095474797,8601
195934,30.08359846008611,20459
70777,31.41617029253017,29901
246588,63.125703426618536,46999
81232,26.818862851168273,27595
64446,75.67156078754412,13844
202322,11.241889840624928,10920
104296,54.080481014349104,13029
16689,1.9943920256138048,25189
158584,48.213669861355505,22372
10313,5.605866403519106,595
239235,80.62196342016117,17356
74462,90.17765440584527,22457
180258,21.192317501294223,44170
221630,30.069966470039585,5692
223532,4.103255537279821,7646
136466,34.164870187925665,11305
216065,5.2295768791085155,9633
225487,24.070770673726432,23372
203816,80.40285434917034,16406
136602,10.492263436482906,41194
111617,47.962707285299395,37684
14692,69.51917070700074,49196
213013,88.53628447231088,11163
88698,30.843847686952433,34904
42744,9.597161434157995,15196
65593,17.532948393135833,6799
68784,4.324474992075148,6588
64711,55.27901931635801,41222
128409,52.982189123011544,4212
115254,48.23820273862717,41504
144785,69.57138250467867,8648
170856,83.33921652269909,1838
189614,29.531022222898834,48515
85729,22.119605580767235,43408
106084,67.5295136183834,35392
137406,44.302941933154656,27899
43044,10.526237447271525,48854
48416,19.234659884627938,3285
144580,39.25309257240228,4860
167899,67.82467211258741,35459
224214,88.33591956343857,39526
32072,19.31454845758717,14948
236331,50.83071416557583,21813
142856,92.05153398909958,4577
139239,97.88274526370836,37647
190958,36.80123599803695,24394
134826,54.25540178952607,4125
99612,45.75353570970778,5789
13310,91.61529124244127,34311
113081,75.96167979158176,49337
129178,97.07723473115833,36089
6831,73.62014444447287,34241
105436,14.709547305557443,21430
120311,49.96104323257654,9084
123499,29.415021337851623,49831
132447,46.708622094612984,46898
196500,40.19926415955159,15833
45540,43.48259899585242,42819
175849,38.338980591663315,9653
145953,86.49429591409682,25767
62050,46.190281248082556,37507
27027,16.56696245824874,289
124283,32.484224478764915,36375
196202,44.92553556897046,16994
208982,22.131279054447013,31223
231331,2.7195305221369654,28945
32284,30.870474268318603,23352
161410,70.42975561047102,44532
18473,59.39240619108124,48050
170598,6.214900148092733,12069
108864,26.8676517639855,18530
74651,13.852051386557637,7722
177330,18.8680662961379,15860
76734,13.457270734818055,13587
24534,51.39886632384627,4246
131647,28.218103017939455,27576
38649,20.261709816181817,10455
14016,67.98363639060858,9470
124189,32.62220695242057,31145
226089,82.97484324267013,1211
114143,20.987030379705075,29727
229346,67.67174446546706,47007
112787,56.74786142252425,42326
46069,7.946535408514912,27955
88309,10.575933990127057,13963
104507,70.71659835929827,36560
210331,69.26516078684631,32167
209375,5.049716520073085,17437
225121,1.0272014433535785,25366
138041,52.78911089247067,40925
200934,81.28507162403423,16977
229076,46.26879583170344,45818
81383,29.478672877119642,31696
83090,36.298370406286665,15060
123920,9.43910623225499,41465
119422,58.54998707749394,30164
231879,92.99861975820814,9982
122925,33.29334025498726,48412
60109,39.444677416958285,8414
30769,34.16588308482016,5496
154613,22.36779620640693,16591
184428,82.00197851510684,6613
116053,83.08988276559539,24531
104276,8.36209550858256,39971
211962,50.60708693187766,27032
156726,44.0273174053849,5192
85518,23.79303803170194,12013
206330,1.5210608397273966,45980
96724,11.990309390209395,38228
174870,60.17579238970262,1726
35626,23.523421108303417,16536
143630,93.99671148921117,33147
113473,41.00921038242031,18427
161056,4.122683994138662,8547
144379,74.40709377874764,4728
132521,95.29356616036932,43195
148432,64.27893508807352,47957
178581,49.479178705986655,42642
65075,6.310624408390964,16703
20189,36.00257735990347,19679
245394,55.106794006277035,41666
19038,47.87975273238009,28499
27810,31.946659797780484,4580
25388,73.92318610364784,12045
227064,8.099896698953728,44631
148273,52.24961942212099,4535
8687,56.10621499310798,22049
224455,47.91785399851058,48449
103782,63.67982740683008,49969
161928,42.02859915241322,21051
89204,36.33223174511777,37314
28145,87.32409503353342,24111
182261,61.69071740139817,37097
45215,54.12439172969667,38898
217212,50.153277856626495,5739
235348,8.13856172629649,19165
234865,8.316299111170682,20257
243217,52.7882922546509,6241
106572,88.21046263021435,29986
33139,25.135306875628523,1201
35988,2.0839892808040306,1956
71517,77.23182943808617,18943
112428,92.38449645753461,42565
179911,2.041794930802879,5164
58719,98.34729866780489,49673
177095,77.85614142166196,31493
117127,53.741344683822575,22233
29795,60.03635409959015,12518
29224,76.8114554024179,44325
85261,75.048573327419,40900
102741,91.01499019678556,22474
125055,30.343440537635058,11971
240622,29.651000568507772,13836
188986,61.478079782240954,40584
129566,81.31018377702935,47782
27087,20.574446064861515,7543
208831,37.09011948386434,42306
119596,18.86178133820277,47946
235648,44.22242526426703,4647
121884,78.25791149325033,14442
200172,51.42316022278588,3695
200109,56.25629172276813,16701
208887,65.46742330251234,8523
50726,38.34983020624361,44095
106916,83.55790468243025,32379
130829,26.384504306064713,16685
130377,53.059819151691,41749
101595,60.727014389423175,39806
236184,62.06427470861702,14902
50464,56.929225303102186,20607
248168,21.02081137527423,7263
21368,79.43490227661437,1137
217382,21.094614789690816,16198
17483,92.44356616481544,37630
45498,90.5018787808695,42444
156173,79.67591990969169,42320
140003,8.236130310477627,7409
98008,82.83188924446075,25633
125904,43.702126955035695,27843
87900,41.20095970945849,19900
44819,14.72928191225385,19928
212450,26.277372349155073,41021
24385,13.767850315370058,37879
182094,3.700607155329376,25538
98364,30.57913841694751,44332
90704,54.47375453601578,46929
43276,49.35531354817354,21646
125145,7.146342740296088,27565
160659,19.010230976914663,26514
145883,57.63133211848323,14912
92382,73.6058677900142,33874
125797,89.38144236644884,19659
112201,29.538845821805744,48797
172038,9.5637555605949,24224
218672,83.60359075015576,40520
157956,14.642999729226453,18183
248406,3.3499564105112762,6736
162804,68.63194630968054,44107
133485,27.4442749996107,47391
26042,24.590272249224945,38582
11293,52.864378449383395,25044
26008,69.37949216502896,11505
74363,82.19738924514087,27215
205153,79.22409565220019,13732
14743,21.45086345424918,12384
135874,63.712795683062105,41600
219197,65.62190255429262,12535
158212,98.60464806839052,22982
144003,98.41253998645676,27973
219242,51.70002234475185,43016
96168,80.4609625211719,10933
95762,59.54355830762974,35676
116761,1.172081986050282,3807
159997,74.70450851483395,23114
173796,39.00201817463562,34070
174535,20.540356000800397,1856
240936,60.588932201115156,29295
95155,98.22710244265073,27759
137790,35.50912216563957,30307
220215,9.28838928218991,34032
120269,80.64043552701312,244
94575,57.428866656752184,15135
186032,90.87512071771077,31677
208143,78.01867200958436,17068
237222,44.14219273984527,25845
182849,90.25179905826974,44715
87921,97.57187561098873,17218
66636,91.04108163937522,40130
122756,57.87843913047647,37600
33347,54.278870591732655,21741
107105,77.27542969594961,48598
137636,39.36554707949823,272
189707,89.07982105758606,40959
68898,89.59177592905512,23441
165206,29.442809708382214,37761
207429,6.54567799910196,46698
178386,13.587157192044408,21303
32462,98.04630612475931,42354
90918,6.885180530576114,22836
142474,65.36065485089931,14644
222726,86.25185179728608,48321
28874,45.18832208360638,18160
198678,52.38398120373945,23529
149253,50.54966823067873,24653
89078,2.0498136610356648,24766
69334,44.92729144442904,36084
122921,75.7835260549731,42662
86304,7.334716086779775,2649
128876,17.755835188752723,4613
126860,39.05747426846529,6350
172447,73.76216989880736,9457
164967,19.15727819545615,23690
53971,53.295475135115225,21889
146161,22.69602885410526,31135
215849,34.6103275971034,14623
153395,4.491890989966265,24794
189747,78.5554519749367,23491
122742,38.10174749843945,894
70407,53.90886518121049,7177
154589,60.10861607687006,27015
209823,89.29373642530732,22573
219117,40.08511019223319,6810
134444,84.28955638699182,42413
72322,25.245162658157593,37610
194577,7.394259407767513,1075
224883,51.16575080678117,49978
103504,1.3660977633380205,21419
62148,88.5290731386896,49016
235671,31.272240669425514,37380
111558,73.34147686693731,42611
136380,49.84491323414076,45196
35427,47.038097219562566,49930
47640,32.90367553284162,42980
146267,84.43033985507422,35169
122581,33.12431666217644,25315
82795,18.019085797679267,20455
16263,30.090076812032855,46151
29132,39.36182234312437,4378
163397,77.41431902158,44698
248839,11.578368401462248,13421
105457,61.8286325201915,45611
11271,42.03093388639906,9446
117700,83.74960742581403,20820
45943,4.230677169987224,15056
68810,20.06225337562895,23618
94717,41.605348185653256,42062
98163,57.39890668714418,32641
86409,84.11189705635383,18790
140942,42.835071662801404,13192
122120,47.696807094405884,45702
182520,64.7307808554236,49468
248643,2.7675540427882566,43400
180382,7.24496124526544,6798
160825,26.732760424628093,28620
17337,30.64038003590823,47296
194726,39.34855415988834,49013
138912,12.01483607323415,27428
34127,63.55150336741259,35231
157144,77.74973110810724,17745
114199,94.57998452466286,6511
28579,42.30354664934603,31457
22925,61.39652784424281,26881
227786,81.17908672942428,9996
26074,38.984752096509034,3051
197824,30.11645599195114,32313
21740,77.99692171629523,22000
68199,20.99684823717099,13047
200793,21.215544570059716,20605
44543,82.85045312718007,44174
78744,66.76783440947585,3309
180505,93.93348684962622,49427
227770,50.87779180703587,28614
179977,26.44737819878527,19128
47811,35.8937314055646,603
126558,90.10436015860093,35265
104251,32.699226854997775,18634
7601,71.09197594488721,21994
23385,37.59059557544339,23581
244545,16.369313009404824,41191
24620,98.13606350356952,10125
58844,87.74234450733508,41880
248862,32.1590485211124,34921
75296,57.91376319459101,42032
179280,58.998636035024376,4843
240926,33.361288470377524,9084
200446,97.35391180619767,15058
59988,90.7381509179781,1480
178145,95.17092999396917,39304
122273,57.444148076131086,40478
9458,1.6947482808696825,20389
232661,24.360360691351083,9032
129241,76.36742252784128,40013
226538,30.015652229384578,27726
50072,76.92635420511469,26178
228937,41.492602597017026,25226
110079,52.169101931095426,1437
61476,96.17132195333602,43138
8910,45.750946014402274,3598
234182,64.13882198070831,22313
222170,28.707465120535463,28396
125327,7.803560497725696,16185
54208,2.253932838381828,7890
14506,38.90576010021331,22224
103102,21.814902402547062,11084
14692,45.055363197500625,49903
154981,11.447112997087254,19203
145637,97.88550595762634,26554
157950,65.23092703995901,19449
88580,71.07934188332489,9589
48864,35.70561956464309,24944
29088,71.92115778447666,14429
107823,40.51102549012469,25410
237059,92.2057566579756,13108
66817,23.483872624715563,2161
88648,85.08806147772059,29409
152289,1.937359567531859,42786
194681,63.99383568161445,7745
74510,40.876131432181886,30140
110718,78.12181346822821,43273
43935,47.58063221755055,3595
83824,80.5231322066075,48762
46849,87.11278770038749,18538
77098,33.91096105699046,47271
182560,57.382389489305794,28511
44570,51.4921447955791,6581
27147,78.4099830394607,17223
67176,58.94746261490483,11639
172329,72.2564512253155,33547
248033,36.811279392765485,5781
198249,81.37680533291075,129
178129,34.03967477262855,1025
10559,63.668940688515136,13317
176257,82.46088414836461,45095
36516,4.509921428058742,38011
103532,24.17347542546354,37491
71591,18.11395292544616,2752
37178,41.07485994810172,36206
85581,12.449466845670315,49870
30462,58.20691523086245,11466
210061,92.1676819700083,35383
53144,9.574299886481954,42197
67512,7.765079735519808,25586
183441,76.18383691012886,46281
170635,1.8664780220607653,25945
127342,65.4955601232717,14917
146319,30.958737242617744,813
161751,14.579696475403804,6685
210706,40.23085030065057,48166
199855,83.34381607380904,20749
30551,47.16696355652234,20243
216980,97.85027108819085,31319
164042,50.81638629502805,36951
215694,18.26418115788532,22490
16948,85.07686337470564,45088
98306,61.271779689933965,9531
246160,54.382790497869514,40644
138116,55.78711768518444,20354
30486,27.642128787126904,39636
119435,28.791626323082845,46373
180864,20.16658098023485,27371
79171,48.024361056348184,45948
6227,29.296960397472137,9691
125657,88.35478101882758,26348
40901,74.38892209314388,8363
153874,48.153096182677295,1509
42778,47.414184335103094,30177
43943,30.30624818927145,5230
66578,40.82206814844605,12325
74274,75.6428307318341,31580
75568,41.71814878629202,7650
151533,87.02488168704033,45957
122563,5.429636119429774,31243
7657,26.90884116937137,19611
172226,14.769597208960503,19029
84547,14.924036310287295,956
249186,85.86251960645986,15575
182044,76.17346711465765,35932
140506,9.458981419867783,36930
39677,88.30908084697235,15298
84661,7.708384703961194,42230
53523,73.58732760482634,47541
207131,62.47800184242693,36766
22010,7.93808611738239,13458
31407,44.94885159042409,40153
195200,51.51839566632286,168
206236,38.1472782243021,789
224799,56.06445705764091,4157
144175,72.42795989205842,30507
94361,7.740510013353656,49645
84170,96.42297753545121,9213
139945,58.88921292129093,39676
90846,58.254428685622436,15112
97601,6.91931681412289,31022
141783,12.382045503866088,27363
86578,26.774250107218755,13394
204235,70.97060837643824,28903
65288,41.34082018600667,47801
224744,90.14465944982668,7224
233010,49.4892103180031,49346
221485,45.40490470155581,47775
201031,10.368032001312482,4836
63594,29.845325324560452,19747
228288,31.34167474634669,38275
231471,63.464600153306435,46077
193435,55.17107810899992,10134
218926,24.423515281522686,1947
52482,67.88730043634034,13311
213856,58.958268155781944,38048
5593,65.9445431554015,11968
159406,15.446750348270939,17361
233160,47.68347141421861,36303
195364,5.44252677590622,13527
238020,22.068626216572174,35828
91362,21.3732357421142,47476
51790,66.44935175113812,20511
141650,26.005752635456645,48888
107670,5.797171830693508,2715
14120,31.534235333965103,42574
247245,98.38446947477156,19301
144096,31.604691741197243,9761
62012,15.181408501278247,1041
6464,85.53352160114852,34385
96262,91.77113126169952,25086
28607,59.031838491688696,15910
222148,78.67554768700546,18727
65564,50.48564341333042,43004
96046,89.73650092052884,20812
220818,60.19231655522065,47037
62620,58.52097742628384,31297
129391,83.70819125468137,48345
161015,18.141615196877314,14140
26914,56.29154621064522,20199
166704,92.95467320371641,35129
247242,1.1598850356908064,13173
70678,94.04191759440204,23032
15264,34.147674645977574,24861
248752,55.49893890365935,39762
217336,76.7021647369044,44444
159974,5.720419601638985,13395
218620,81.97290242961944,37238
192902,71.9211227266077,35838
53924,82.7225233639896,14458
121667,55.941258392969765,30768
249633,71.5786619199588,42156
201116,84.6041488980496,41676
82435,38.86778063561243,353
67066,64.1180215375262,39167
189560,95.27395891358142,25631
118992,16.2407876276477,10133
161293,82.57987746464173,23272
204783,26.086436703199844,27570
172032,80.10333416562678,18378
72136,2.038744329057236,11851
203511,1.923275321298693,13830
34503,16.014041500123156,8374
197893,66.56245891600969,42558
213704,60.85211415722273,8734
5745,38.439934073916596,6506
224543,63.561141894065024,43975
82797,46.72579983730752,38328
142971,24.174726170502183,42303
62015,31.005776080395457,21232
26525,31.920194786802362,36524
148117,76.64015430327979,21233
37868,71.05961981903863,36346
222293,36.61204399627775,2540
224334,90.36473780067398,18575
148568,25.303449319789785,5399
140813,66.73817993611966,14106
69594,36.456399998717096,25912
77517,39.464222761377,33429
229407,34.494368105449595,9303
238910,9.057679953217958,23445
204416,74.16078269517905,9722
160382,71.20872983723267,11045
67448,39.430627883247666,15343
197886,86.68363145752717,28621
90863,60.4652349670817,3825
28446,27.51315481178689,37495
208676,81.42567456923352,19257
114177,49.01760977144241,2568
206579,94.77838053659897,21574
236695,26.987047948506618,18385
81061,1.0500376179151072,48911
19725,41.94648938888571,19386
54425,89.82047896161531,22870
233489,57.78013152644721,22077
12684,5.664017946350846,5212
58150,28.62939388824363,31381
103353,1.8593489755061718,40662
193955,31.452863867150224,11634
74606,8.88820717526861,6066
124063,66.30626186641105,1901
239557,97.54935007491872,45711
39042,55.58680160738045,21768
143781,40.39891662020216,29354
78358,58.956272196329536,20306
73237,22.31823030605049,31547
173066,96.40735191156067,14836
105963,52.18962870718301,30836
154318,95.80148932285154,41778
46470,98.0700931701698,32945
112119,17.42582193033547,12876
208523,90.18397870973143,42169
146926,5.808769694467474,10546
162236,26.814049799261657,26995
239930,11.510316630367125,31975
86880,96.4414618634376,35324
163111,52.373757456781,43830
243447,72.43744934167152,44335
15930,24.117023858248903,37714
187427,35.001497670486025,17128
150598,8.271167170157812,32723
223185,61.6282785466307,13702
184864,29.043854455984942,36350
60646,42.3928405389769,8444
132627,79.50957017205981,17259
177259,39.67632919407234,14843
12810,7.290773841900569,42578
82708,89.46689934664927,7693
151267,43.89689141783838,29650
115841,16.767163424856648,48751
44675,54.43689303055869,18342
218920,30.025447172369038,5971
122617,95.21175347775667,1041
24581,56.61540431139018,33624
45045,88.24381617561392,44115
112545,65.82150388838586,27537
228952,49.43814074720134,32630
239993,71.90071736726863,48459
7292,81.25239131427458,11389
173400,69.38689377304647,23835
110969,20.567889439242528,1321
106263,83.43286928325153,15636
193123,79.58982593214702,29820
162662,16.288756318827595,26409
106178,84.96345136117604,40499
236061,49.726815337737655,37095
239024,45.45777943480935,23732
183794,77.68294896335516,43089
176568,56.455048075244264,20577
60817,74.08812654620289,26261
243330,84.2031487540953,46932
221504,12.966311196963925,29229
37042,55.20888296268407,14443
207783,34.6298524623507,27181
173248,16.511587560255464,18912
120081,81.79918010981869,44420
58806,73.58542815029959,13960
75803,27.35946227022339,48354
188034,96.3053995606984,33129
86455,89.90032934612206,36526
40725,55.453757591377666,14201
156996,27.48905458491276,36220
235237,89.00665652485881,38643
238519,76.79106690280534,42835
133832,14.881011500501641,108
132711,85.73230126078931,25501
131912,48.752354600505,6416
28497,16.24132402287716,34116
68510,38.74667817782256,768
147921,31.198633646036594,5625
159427,19.263706729807826,42508
89156,17.778134966569944,6080
96452,95.51290349191082,21111
232657,44.330192061442524,1535
56941,65.4539904031572,21087
24898,49.12824559143407,41433
103496,71.84784314525253,49996
27299,63.74687880379435,8124
128965,8.942244242232888,19490
159630,24.259044345484114,40526
232028,14.766155827229595,46335
161163,51.23732109601184,6661
168284,29.790882028220857,30223
153807,38.160268026156906,33542
9326,40.03739990915896,47212
156672,45.32104850746348,15634
59684,19.761256356593567,333
56690,19.304658410509127,46038
115150,74.24721134926895,4205
121010,11.243511197783635,10812
194306,20.716379641212946,12126
30345,7.623984789400718,45758
7517,29.961571833442726,39595
50856,36.43114634124634,212
247250,43.544721143847696,14002
106704,45.93499114534178,34039
6898,44.15789873049551,34381
221514,9.076441664509495,49357
208639,70.64058066505203,18134
240011,77.73941810044677,47894
58030,91.05327182215638,7630
241201,69.26712446144514,19989
65984,75.51611525814492,40490
48979,5.198533261115973,7933
35666,18.650736094582747,31424
134387,78.5873636174321,35894
15335,19.807919363068756,19823
223633,25.55380950411315,22914
249676,42.47265232006402,18222
138962,84.90183861817144,44147
153496,58.693470461679155,21254
157774,10.660556281137321,14244
90207,92.37625233534659,43354
138307,72.57346619334966,11165
216278,13.365235285452734,47969
243952,7.223474639465328,20189
25214,48.54579194703775,33444
142456,54.168708253773765,6447
24975,33.123884192997124,4152
138659,42.457878155381756,36148
135282,2.770227440374754,26660
11979,94.2395888115301,18412
195069,12.510479392165909,20556
183666,25.18555458733445,33845
160195,67.7043202964023,30633
205174,13.106107799967527,27461
43233,55.355799394423755,49267
69399,20.477934681537178,25935
196951,25.53962750034009,5981
222190,46.43076625592199,38741
139923,50.285983471735385,43030
238564,86.72883858546429,11235
96157,73.59242317413299,5672
84924,69.31548992943641,47553
49604,72.46958827035833,44557
21259,13.297191690868116,5989
135661,14.037241507013041,20277
173921,58.787234152185654,4340
196240,54.2653729575183,25876
63176,78.08282023996827,4757
234000,50.97741507501887,1109
78713,1.8492570739895906,49553
184546,19.70979752932459,6806
176858,14.782180539906989,4357
230357,51.16878825400359,48716
102971,49.51072666937145,24163
171821,60.43591367887227,30312
15194,33.429499900000714,7838
243860,10.943741040809646,705
177597,40.27156674359082,26163
190297,27.74598632753261,34697
62912,88.19519081692042,46648
93369,2.151958446650921,2041
115107,81.75246697440934,44543
137047,61.79236968913463,19370
238537,69.75888387338198,23564
146996,88.91569311305241,3008
12809,10.365283061762392,42120
136964,35.9590486511292,26650
150080,33.08884908874069,37482
121829,49.41676192867372,20345
86710,42.14706344393014,24472
60816,77.5614758295488,5760
23200,83.30454171149313,26296
193448,28.83847854248257,366
68315,54.18440906211896,3310
62287,23.009050759244637,5013
202020,88.62099168570116,4296
178346,95.45127767051399,21615
136357,58.15112892317687,802
27481,75.73583912565832,35211
118778,15.392835660155244,25668
232994,83.48642583578652,3799
191205,3.3481993336212548,8550
142373,24.62940376731441,48607
219765,78.91448869845553,46438
71360,65.96424386559148,20539
87870,25.396448055464848,33275
173709,84.43844352435482,43172
244820,29.715198588134168,5122
227825,97.31511550666472,25072
126339,23.632704820301694,6695
100460,68.60702171735099,16170
97364,78.76820316066431,21958
128351,51.03867010672897,11160
181420,43.715829747385506,47408
78714,21.89761658919377,40345
12927,33.500260922233814,11150
35898,95.32880345358832,26080
154073,24.20347261980755,1610
118972,89.35936618555644,11401
249965,26.11991113028546,18849
78636,17.215012833965403,3341
35485,97.12269573416974,23443
33034,73.79808952825975,25404
13626,55.123353396512506,48174
72865,58.34929632134651,2226
78162,18.863835477583688,34791
122694,34.536209594811275,14934
38217,15.279725356942713,14663
66538,30.824512970800555,48178
11216,86.22863606872883,36781
132916,63.81112124528411,27640
249197,30.878374785164564,35670
82101,55.39909377668604,36902
102499,46.619713987255764,7905
65657,6.347055296710246,49312
237678,20.50217720203161,9205
184791,16.618535168881643,455
217631,15.070109755526564,45740
75656,53.53059774843209,33044
92697,90.23281315464413,20492
137284,50.22915618843051,13617
62994,2.3930155031844214,2332
62167,40.84662758765646,38737
42368,17.436570858927638,20650
216342,35.18279816896762,49457
207391,22.750308991502706,7441
88616,72.50911809138661,12191
24107,58.112637074183255,280
208126,66.19932660422641,8913
229666,58.93139719131742,18562
118596,10.457789998322161,35783
6260,87.63561058858596,39010
172272,95.35100416267798,42188
203984,2.941429945284157,34870
21222,85.18926821637933,28317
204573,42.51204191967832,22529
116618,7.815842285094556,13678
138605,47.81207382183166,2428
16300,4.752864732726772,40015
94074,3.880202513666423,8837
82669,54.51025804893164,6471
166073,88.99542603134655,44705
155318,38.272398697222826,18574
33373,91.58507864457286,22658
234862,42.857127192053895,38183
208182,85.41284731175048,25794
140186,90.65030640164258,11391
58388,82.57420767953833,22043
165455,79.37650796999445,22638
62977,44.63217582134351,24072
247103,2.580672479990642,11503
185891,15.881459855821515,15387
207373,24.578696688094624,10860
194503,59.43585973931077,16679
205748,15.720226231187139,38472
151345,31.35813418814616,1136
85544,74.43503384184768,22361
160803,56.01664829270972,15684
198764,40.31129939850171,33514
54509,77.84568489468144,5304
211566,5.7642334571778315,20140
246946,3.419415560512518,21017
185621,61.624031472156275,20810
195068,68.62070868945887,36166
26773,62.60696584534394,10414
38748,85.57957187798822,37117
246391,84.97169928826436,49090
171056,62.11223892184892,26287
50212,94.50210260615029,15494
182264,23.10922017478126,43271
180181,70.10988049739164,37756
51060,90.32952275521042,42726
49881,13.897356386629738,10146
95867,25.313656585404825,9479
246611,45.45761865744821,48104
103736,45.0607481320575,24902
28894,20.80603706549413,37250
102184,8.197304542513363,47034
81721,50.741093320847334,6902
208126,7.5543695796614845,30905
40405,65.16564530734361,37571
111316,56.83050054639269,27210
247304,29.498248909154906,230
5925,51.044992650756136,5647
50794,62.01625534928107,30173
53341,49.82324926189905,46279
249867,3.344004430411558,4696
8361,42.40238781771229,41006
18622,36.47241264816514,4167
245834,63.17313157625818,41140
47862,19.479245508775186,11538
212051,31.46237090902675,43246
132305,40.88166770842499,40034
243211,91.37541929520982,17040
144872,81.57496778860673,42512
64533,52.985489793326444,39388
228231,83.17148208562763,41795
232754,89.39460836679794,10779
129915,49.127100516026346,15668
213979,71.90324591421343,13843
172440,21.414668305132004,26163
113622,50.77263024450654,5489
89391,22.63257001611489,31806
116661,93.61430245911343,39213
236813,87.62126118482688,25121
31337,1.5700174610190996,13453
58223,65.45883040789502,28728
183777,32.37257231953299,7907
116564,32.00522586784015,16962
223303,50.29767540300507,36034
153557,97.26935849350022,13184
119075,17.545148622761435,34369
118822,39.2443278587571,5332
52074,1.0027288202330076,49647
157755,50.78293996642768,46356
239413,25.316770282671534,32796
29243,86.58497253083985,32482
35840,94.89038331090912,20218
44371,82.09616594279046,47531
52262,72.16653238069571,15150
183330,30.952447117153774,31400
236643,36.95958079660848,10787
87717,92.00375476772855,4169
236908,13.203844990500853,48909
103364,21.10979148819956,13797
41502,70.90155560395931,6390
101958,92.40980720363324,21872
103807,35.470174014982796,12637
90113,92.9051290759808,43132
19301,28.22252377438525,6253
201412,80.90161713108427,18976
141007,6.1057729571705215,10209
50348,94.98091017942785,47226
196631,29.988871650329042,44268
192354,70.98236829725396,41590
117211,11.884471125903262,48033
120234,10.560128782657966,15140
61878,73.92260961202479,23089
82564,35.32787152413436,6921
138265,33.70281022064953,15148
33111,93.44970353854913,15239
82988,58.2805454391058,46132
51356,43.106191017934286,40181
126781,56.285768329244085,39001
227983,71.30137169708458,22736
89800,81.43831903858985,4198
246870,47.825892460629625,14166
123089,62.90495978713281,21504
30862,84.1778802040739,32767
121766,97.32857800058797,7483
37734,28.172716257569213,6741
87873,11.954632202347314,29784
152128,57.855738788215774,25271
130344,51.44887500407292,43210
231418,9.46042924563592,27493
237354,85.84222968811189,13925
125839,92.34690782809484,31858
200641,77.10443013181539,43934
104934,85.86133401654303,9701
185246,85.79542270424389,1199
68189,81.08644596352494,28669
209197,27.523386261205637,46548
12413,77.57300197281813,31033
32703,65.55537042647478,29575
152632,30.37538166947243,34978
81345,59.593646694939196,3030
6006,18.04236112221362,32481
195729,75.62565542113084,35574
88342,14.701383174134298,19685
90328,53.496374522681684,33587
6266,31.189870081937393,21120
76524,68.76945842330339,17905
42749,60.67487154800848,7217
51482,32.08431307730757,40433
201459,44.61755747026297,29116
70377,28.29883348299767,28719
65217,64.42557792192758,12230
229373,16.10065202059906,48386
177289,93.45516528189162,11660
159082,77.52787679945594,49284
109905,67.27901801897474,3380
164953,21.175583658321866,13966
12608,18.280223669458604,44520
31885,95.86712820522432,21349
170104,62.59723329781571,45696
150938,68.68698713522014,7453
163252,53.39635072462123,18931
213778,19.496761336543283,25430
147124,12.22971151462182,45450
222439,34.183185033118725,49379
71883,66.65329562918475,16567
126921,22.866590046127776,14636
173829,62.414288843943915,38441
112142,28.79198007663585,30980
131072,98.44971005201947,24266
177340,1.9684784057876374,1152
69253,87.65411927878661,8696
21723,5.5614265064904185,3395
195627,77.3721445888627,16176
97522,57.156996838296465,48251
18327,28.719430842138983,44718
102826,15.662939479277382,42949
10297,93.33529420361633,29471
102466,1.3262227574060708,27407
132864,39.000456675974796,15449
80655,65.39974015185572,44921
172049,44.03541531160978,20427
9904,88.41003634205984,13553
146894,75.02358775898071,20303
27144,18.482184439139683,19025
81186,63.666554199743466,25986
108281,60.24022784444392,26951
221044,9.185087415039149,46469
185656,30.87365995376989,36559
213378,50.03167204389594,15681
64001,88.65274172408402,17065
56441,67.6931061659144,29527
45118,19.256036742502143,4262
229548,12.478295056907971,21259
225622,84.72254419984847,47212
245659,63.55381910784685,31458
90337,61.264262670791226,9012
145755,11.764178354747791,16349
153983,76.23603020188996,25506
102227,10.719705583078923,49594
131134,50.447797711186325,42234
57924,90.14662800622312,22760
33159,84.67164545887576,10301
178653,54.48156943424855,4138
6008,54.05786988217266,29319
68788,68.9003894733701,18098
101148,51.59079042957576,17220
67052,3.4391167025062916,795
108346,71.0648876482173,5661
229969,28.93022024949728,18718
180034,92.27989665885154,12172
122402,42.91240171848275,42618
139581,43.001003735664526,23259
50636,31.540527472872792,10986
213005,20.968845546424873,6805
31920,16.189573351593026,18032
214307,67.94524593917436,47063
24714,84.73513356175255,12531
156388,95.98400328027124,36351
147021,32.16995875121705,29745
213514,64.85896940994074,33735
72490,18.77344502083275,11491
82950,25.995846678150873,491
131348,47.348182785042624,17434
162946,53.99222683159046,48835
21181,84.67743356979759,30256
240927,69.20876384250826,19125
21202,91.20688894185173,890
194786,55.281785196290215,49675
146982,22.745739123207677,6343
227507,86.52317467309145,21348
60324,34.31200341677379,24760
118464,86.44481002786847,5112
131174,82.6054769210787,36805
55854,94.15277831941219,20183
239366,21.640691262106166,31271
89694,67.24338424425063,15192
74368,61.08852949182394,33558
16077,12.766015202503628,30227
125040,5.263503834201491,25985
39355,77.77498970391885,35103
138779,84.5493395462143,12545
67970,55.46884468976639,46997
39842,72.8411886757176,49233
75314,71.53471576207025,1063
38574,51.92455389726128,38760
55742,38.28600747367035,24420
30811,90.53229531831614,9367
69516,43.40743874879032,18176
246114,20.956848945138905,16040
58197,19.05232198384199,32904
138818,67.42778759012432,8946
31052,15.797358771512979,31859
137309,77.752308301622,327
137403,67.82498235329078,8184
216862,47.08916810944419,33259
135998,8.884994735371997,43741
42155,81.52624564397772,10228
175292,43.512296314697025,49726
136952,82.92645957406658,38574
201680,50.63773018458315,9828
55005,25.17739667357339,12215
161166,68.17269362804748,25255
129795,74.79769485395788,30107
209214,52.38608221895379,20441
238605,42.95283275663365,10489
143897,24.226857275171092,49875
86302,31.278679311893974,33090
36459,13.560840840449657,22659
187513,23.031960628091934,18744
178442,31.864452344304297,43006
86740,84.98054923796958,10998
180547,67.16334589208343,26044
103546,79.57232310092067,30100
109372,72.15450787867823,22261
40924,71.93851917894249,38775
189404,51.65450513162487,27167
88057,37.15750306897112,49623
70678,62.40547670518269,25203
90855,96.71861188298101,19593
130560,35.54610531611502,14836
122986,44.275295946886224,39389
236005,24.87927921949926,12795
135128,62.501513795665836,13498
226832,14.727667230637351,28845
146132,13.378967737352632,14588
67993,78.28435593965338,43893
27187,67.7321907823366,24220
242773,7.387846720813081,37580
121338,89.561471218319,9136
121433,34.69085856906487,48606
103786,91.95938454925911,22791
27212,28.39554574049044,23912
14139,78.99626568383152,48317
125282,90.86270137546305,1437
141802,36.625137480815084,21764
165545,34.84345665777958,34294
185479,62.80779872646132,16284
61124,6.391667033125273,22602
104990,8.931902092555564,45288
131904,10.8049494143602,8052
202537,1.2213398035369136,1507
62124,87.51207749425573,44896
162540,75.82535214314858,16136
119699,44.92443078327273,25726
197735,80.82641642739961,6233
116241,91.08689809949755,7764
100094,81.6133236842151,18059
249780,67.28825504323858,48995
14529,93.54588965014862,38695
205885,65.14230808780603,37605
197341,48.30037640491548,30293
183572,12.632565915482637,42955
147435,96.05174430164551,34167
193442,50.052803356984526,25185
120269,18.505315068747926,2552
131708,90.05050651675126,38132
239349,54.76207864308671,13896
63400,97.552852727784,40721
74257,79.63064304915508,13101
153220,64.0279642617149,39536
94301,22.783463354277313,11672
239702,56.502458321271966,10063
25886,84.19445318961829,11229
43571,45.21314775045741,4257
59620,46.9862551375697,42791
96830,60.09919350113803,15768
185019,94.09342490529889,44887
42988,98.70609229292262,29412
151175,90.44182076932456,28142
96666,52.91316483507098,49811
119113,60.066871236343125,4044
178714,63.54983703054288,19337
99900,41.382117848478,32572
138507,27.73421201859749,12121
239447,31.33763816358319,34063
70765,29.242777710850213,43035
126527,29.09280584404266,42903
82076,55.48361283614286,42119
59653,3.636643621313447,35923
94539,19.32553122436969,3271
141855,44.04246990579876,41990
121761,40.33582070733093,3172
163525,71.3034181743078,20021
22252,1.274582298714435,26183
215275,88.00064390206326,14619
218732,68.88557745052593,10396
16094,65.31893013309835,12621
61441,81.99653336813029,45730
44645,86.82536526449412,34415
121742,64.05408571002958,48169
142402,58.406834095400164,33239
75011,35.613496800229036,25734
54181,69.2453815990958,31114
171080,40.833465660579556,20953
141768,98.75592517215705,24059
200980,35.02672042256755,40017
197298,85.59614767590274,34511
52088,88.78094791812735,2649
118765,65.90261022096433,6777
21462,39.292502919776986,45108
229468,70.20266337937298,39150
53710,56.113933673640595,33218
67529,77.75158995900375,40965
133854,82.28529558313043,10297
11402,23.655206096473435,21606
106021,78.73951758697135,21764
132491,77.58020302023182,36704
225614,55.96817806628259,20120
203300,12.001180933139908,7005
221110,92.3478827852248,48742
42287,28.94386635497317,24815
77802,69.51127040790438,45456
235646,75.88065791774379,41885
22000,61.70392133676886,1678
243239,70.852747430701,17474
46575,61.26301348429335,18617
148114,80.7211795513349,28463
150002,41.88208918707977,27785
32845,39.75567521489363,25881
152384,79.78115721435371,14095
116674,50.3723216177257,37534
123792,79.08857979743742,7548
89722,2.1308315152210113,17727
50877,17.778616189126573,27588
55316,93.91179828537256,4770
198989,37.64459412176146,19863
10326,6.446253279815011,7558
224151,74.86315951428165,31357
131424,9.759577682661368,30431
113814,35.9096251352468,13524
41742,73.54202442228546,305
175819,77.36501702869164,27518
179887,2.301221993827242,29998
30556,20.94579784089405,21903
198245,62.62853635744395,33809
97436,79.7144825164401,4420
120259,38.760316325028235,49146
136091,3.416033636741047,48429
230798,6.354095247876679,39307
50136,58.7714896377635,19892
34042,41.206482744488355,21992
104897,89.87043426548803,34040
227160,79.419118641592,46281
37964,21.74830248148917,5798
10347,1.8384146194405795,31902
183398,48.770623624456974,8714
10390,43.846622606338315,41893
239878,78.41851776386909,32793
125462,12.078004542099778,17222
9917,14.148849012220504,47689
29443,27.0476251384752,47625
115086,20.33643387147375,18133
245763,48.072577869315964,2730
19956,2.0929397370040492,49146
92810,93.01885522830537,38908
59144,56.7480023789188,32572
78471,72.19478817129321,12249
157748,32.26302394398837,39074
102595,68.63550402862816,47585
157763,3.780782431493508,17398
151645,33.764958898504354,22214
184237,84.67285344426787,43360
99853,67.25272013026756,41061
91262,9.830389777382232,39072
130268,33.92506986365132,5868
63574,37.27701280264937,32173
7566,8.860897219898135,21786
76683,72.4234572634091,8727
227902,25.377001678376967,31259
245340,24.109756936594692,44727
11967,89.32866314806618,25332
105609,79.05284213253601,23173
96181,27.69048276280394,38613
237658,67.16463878821848,15098
77848,95.26173799007258,10468
34628,89.3042216100934,43774
207873,12.47864990609914,48981
171510,17.092952804750105,37924
171130,38.04109453697571,45529
99005,14.214001028723187,33681
175854,74.86886195578013,7451
43872,46.83772470833277,27352
99418,2.580639630735731,42648
69001,40.302718433628364,36947
38912,48.85495927904962,12929
66855,61.53850806423643,36277
238274,80.48930077915166,26196
31364,18.992320297506367,14189
103077,35.69511833903793,17589
201880,67.77688402880577,20264
7259,96.01927745015423,38703
108057,33.674276936162194,22433
81097,76.13096356889973,21112
16594,42.54598888134281,33007
100033,13.826178053157362,16142
157004,39.746761604000774,32751
215612,8.873315983153878,182
157134,32.87793327276335,8361
17947,52.16451303012836,36602
159017,88.84407859959785,38334
212628,65.3007636619245,44206
33619,33.18049849220013,10170
67654,1.6003947029234755,41831
145267,93.62159623078227,43126
13123,77.80264522813127,12103
22688,94.7697797986425,36542
67862,82.87195839827476,17765
173651,85.48572752410641,44452
97495,46.207099933486916,45320
182297,69.86290824700045,35152
21232,10.083822615875988,14974
21841,7.8256475297520955,7515
197864,89.26716947956916,46435
158905,6.6930261250736365,46532
177493,78.96680980871794,12825
228914,66.09733973554094,10569
147760,11.61056443955898,20080
183968,96.54579676845937,39973
91383,69.75211238715816,5502
75117,91.21606572143507,33217
56054,73.18330980245328,48943
36613,50.402634308003215,36835
245959,66.8378298579904,40344
145493,38.36354981178925,13648
44094,52.63981614133378,36916
89910,76.44502723304907,39905
6928,97.64667506018574,17595
210597,85.37228597626736,38941
90235,54.37090446404966,19834
245579,98.68624979979012,45704
71465,58.43143548792145,29070
124007,61.21280439081719,16614
17515,10.562407599265454,24443
186965,38.31163248443432,8310
149552,2.7384891405224674,9809
183035,11.38168090985656,27506
67392,10.103081795399993,42806
241560,22.980636390345385,15566
183966,82.45111472944934,39587
5016,79.42428670258685,22295
213077,34.43844560585477,25259
9381,14.16537500931545,275
117256,33.049327896284524,5214
123929,32.94701345678672,47551
105977,39.298208780194955,20349
219234,19.44418411152029,18164
132302,37.531811537197186,39777
205068,15.1256693618208,34881
221079,48.34515994060695,39612
35333,43.084938939191126,5745
217539,48.18904202096407,47199
209519,96.58373034293359,14922
99403,7.827351199439019,8873
178518,95.74331385468484,24927
97350,95.13169513308254,48947
87193,10.432355936349927,10322
80680,71.27168130227008,22806
175739,47.670397708555754,35705
17730,34.957710422106985,1963
150483,45.06040135826639,17912
198085,90.18515366611287,11011
107370,33.704144108009864,4995
185761,79.44143586302053,7651
67898,29.73430918081935,12720
151930,65.8078036567519,30247
50775,15.630922869232565,6000
5302,56.43813945720437,47875
240335,68.78802465650331,12460
66298,15.563167893997681,3867
188620,65.58365670084093,4439
183156,70.31429419482548,20235
228494,5.53728370630679,5036
157948,63.37949913841521,18863
70649,33.68175157618905,18085
81655,55.19692561620802,22643
104600,94.1877636463557,26878
19925,28.732423536884877,24744
95403,30.040921072184435,41655
35887,1.497135508024526,2958
6698,83.7816204883257,26345
237590,9.399609828755814,16624
234109,13.343033687650276,45392
140515,20.064494148942764,48768
213164,91.70538116693108,3520
22697,36.78733871337786,37265
130737,38.98076782068246,16996
21082,5.060961575993983,18656
32780,49.42345182269092,29143
214272,57.61565582029511,38089
241865,10.274605297984701,19182
84883,32.59469715072173,49582
38189,30.48702994055472,35168
63938,16.42864450683537,15185
30927,22.915439335055353,11927
174485,53.306986590775495,26011
223227,1.8996032053808833,14320
120045,13.886029160473758,10045
40382,27.653179782921768,11144
73513,42.3912076057383,38397
130114,78.79236453060433,37683
5205,10.562927454411785,17648
226759,29.297270730669435,22425
209826,79.33519751829927,10633
118546,77.07243835682709,41113
76612,77.64793488202918,10577
197468,36.800904588868924,15599
22288,70.99837078772342,33380
187685,54.492821517436234,17559
77628,68.82194280276345,27773
121570,72.14539761443655,44743
172076,46.309605455430635,40155
137440,83.23814774480448,49494
249118,15.222130675611414,2138
109339,3.8285143781412474,18041
221627,20.077322152214332,17745
232068,90.29397376498073,17707
209289,56.81071950240191,43370
220442,58.11425195138144,11006
171365,91.10504860006954,47576
232526,74.37349453796809,27609
170622,59.043873088678495,42366
217635,45.5312380335118,33187
116032,65.73054340551356,20044
235605,73.39827189235127,583
20234,15.503864658285504,22192
244492,34.278232104604236,20752
18783,11.013865803427922,15842
60533,84.84748404573261,48168
74994,34.31387809074066,38102
118460,85.78637160566483,2527
67396,71.85682523675881,29725
124082,10.106988650434417,39445
129404,75.36694364279593,43840
22456,9.923984422467388,7060
103385,81.03253118948956,27067
111925,51.51227850486043,19201
14445,15.984250839795958,6430
85621,24.455064783807376,28396
26131,25.659438757304997,39410
126723,48.84642893388281,41466
42268,86.44582310016709,8908
196171,20.17877612096325,4898
142767,8.373292617998315,26274
41686,24.104953601516232,37024
27515,8.863365150401613,49605
43931,45.19121548381361,18526
22695,49.91568043990789,21285
61011,59.005146495077675,8857
47085,11.952166101801703,19057
150743,91.79757721599621,8208
214206,92.35312238226251,20684
145220,15.718890285502182,40316
115298,21.18874536496829,21399
50203,90.35954232477765,11340
230336,59.76137215488147,28470
63580,76.28307141324936,27826
122575,24.786468638761885,7054
241616,26.940398105269853,20443
6790,26.597914940472716,47470
79475,24.164825030110862,44109
228153,44.982440683025075,2796
212472,32.327983102784536,2412
227583,49.618605315302645,42956
8280,86.93463530537322,44101
97874,46.746432594171225,24155
205142,54.36124548728493,9686
132739,21.250701507786115,17028
94887,37.033455288654146,49995
216096,64.80849953112114,26152
221152,58.45512699277314,18036
28146,43.12147055224289,513
166857,83.48904339105903,23113
51788,62.93425290757004,6877
103927,57.53828833374375,45323
73960,39.22517212399547,7104
48157,43.393598712065405,3561
25667,74.02250115691032,20220
76924,37.367140475994276,29380
71786,17.079348417236716,29474
214553,84.89859194458792,2718
191864,94.76146185247555,20935
199146,19.49581137320731,31037
20656,64.51082272147671,22496
185868,73.45204435291484,13255
7051,94.85892398899529,47804
23511,29.356235645841956,42670
61676,24.506129345783613,37450
33190,78.04657507773896,13800
220488,88.21922810354816,43672
89387,94.8665465846003,4820
63384,13.418531195053944,31032
247941,34.44426463095264,34535
77332,18.722691117671495,2871
189910,67.00155359064766,26389
132483,68.62682640707357,5039
187370,3.9388819000922544,301
148657,52.40700319708496,28763
114744,60.39794166091675,46418
220401,18.283969778620357,47962
124821,63.37884824045885,24397
62874,54.28210383698841,31763
136365,40.100871505846165,17608
150019,9.005308350253154,46380
121666,74.94184896657246,14669
215271,53.733898149155266,9551
207669,36.62463238252214,49294
9683,18.435156423612863,7046
240670,49.37350703334047,21473
72150,30.321610252760067,30090
75037,48.962168431715135,849
30758,30.44270834094192,15898
209440,31.617988779784692,4076
70060,82.06885092734487,21014
202383,29.750294300296986,16109
45279,85.9966026162424,34176
41705,16.999484217728636,40788
154767,79.83965084369487,20614
61830,62.56560803516413,12801
194675,45.00178127185074,22897
51346,33.031624510803326,24101
32043,41.64842822228194,41854
34483,23.474782100469,32998
218427,43.52915433244067,48034
187772,86.12886992203268,33690
218985,29.35200504393043,8419
88640,83.97392987455314,17638
183155,1.3899447476691518,16948
26968,8.519778271769043,45228
223137,86.37364822078791,11247
7766,42.29452331664468,49454
219608,61.84450908036917,22152
30055,30.446134374606466,29163
26926,1.551507776538742,48001
145138,74.27030516554623,48015
210681,36.89669767483395,13891
84218,86.5902519983734,46694
17243,89.18574121138278,42585
125690,86.64034754765599,35695
93018,14.780071472259108,22245
207057,28.940433000755196,485
68974,41.312366780801085,13953
227010,90.6247202461461,39378
92380,40.970481347014534,10685
96227,96.37846090056763,17180
81144,4.328477361613812,8068
81107,54.60377743454344,40869
121008,26.214735228897563,47133
130612,63.31850995268777,25115
217559,57.268370959405196,21121
178431,70.99877374049031,36031
216356,1.7581031832533958,39090
125807,61.522863451752656,28670
26618,37.80915380237237,3095
137669,58.61933389639068,35735
245636,33.15879577154632,26243
137095,98.83108047973057,47329
49514,95.48263146577851,45435
16393,63.41845727325326,17685
26870,40.870515306428054,35764
143868,23.883441071491134,30274
74793,77.16087897352556,82
140457,57.834885190939396,11902
90923,94.00673439450918,19983
245918,70.26597235720796,5779
147587,8.740639269944246,30794
32656,32.75105585018798,36638
208146,65.12593190125737,11565
243760,72.01468343567055,17597
74142,62.13229838712987,23184
84421,95.41796905804462,13478
94788,50.32151945173955,41635
5333,53.800591817171906,43113
239614,95.50773621445752,40332
166117,68.54990372284159,37262
220225,36.89091478852211,43275
201546,32.52908469056902,41231
238138,3.752961178516834,5586
115062,62.59772414514215,26467
232508,78.94928836666156,8828
61564,47.12146340691126,27900
94897,40.413536539004305,22652
37101,94.57643090074166,11231
6430,24.607761296840476,22138
242830,50.454241712192825,45627
57785,72.51642446655192,5415
206936,40.192731797285155,47730
115356,97.2265962423017,47775
162604,5.715682109304876,13547
164725,37.30118424026873,46857
222091,54.46154717832802,24833
110742,65.50501503673642,897
34915,47.05661756238656,16188
5981,78.53659514288117,34661
243640,48.49964950328234,27583
207452,70.23043846486799,23281
15323,12.142378689204664,29471
167630,66.16622450777736,45530
65302,20.04008317410518,12777
106058,74.60506004502842,42326
64667,67.32414147903239,24204
70927,33.65527038295569,36803
98031,40.33755057330315,43527
43797,95.66511969512088,2776
154015,96.10418068123259,22665
207577,37.17034878271163,13597
236239,1.7933119743521353,35106
229729,14.265856801163542,18258
155890,67.96174267070387,36896
84246,86.6972838306573,27287
82798,95.8922983781828,15476
214017,34.5629173608398,18670
148533,73.5951844212868,21587
64231,61.170820786586056,19453
157272,57.641260165631365,49996
24164,86.57332745204188,22069
192202,80.34856878310973,46030
92599,68.39113656493564,34874
203729,69.84024190625553,29743
18715,43.61359920915774,16976
153624,46.093480299964405,7485
218866,13.867442109701994,18850
176732,82.78460928491374,15712
219607,16.390548050336463,26626
88485,47.982126818717866,610
77612,91.79848674109014,46991
43700,8.197320584762302,37395
230019,53.37408407383238,10217
8508,6.1356747142516115,41201
107642,52.50565736331538,15880
208251,60.07772234206558,21751
118282,36.76483679122378,26581
141801,80.71383918454525,24605
203800,46.532600493231875,47865
185111,50.73638060313098,40256
172937,40.25317259639214,19810
173679,86.17141813970284,3643
20857,39.34609308651433,14457
185776,60.20927850868766,5482
6300,2.5010729113016135,31218
16419,3.82309428308692,43383
41296,49.04079485492811,49211
177290,22.81940061983282,34522
167126,80.17509760589321,22192
137922,25.04150045938013,39989
223450,6.933062518618222,5645
248295,32.27430111180401,1439
59105,78.79923249059088,17264
167984,55.258373659814865,11286
119851,7.544408556333364,43794
187820,42.65567288256216,17536
54430,86.81856344108124,10452
116340,47.690636139921416,44376
122349,96.14191050780836,26614
7549,73.92317471742967,17999
57556,59.561542768683324,6974
228299,35.48581355503417,16336
121028,46.74903102984288,42628
209380,5.613081501635998,6808
220143,37.30786543479808,3278
164007,2.344573564740381,22308
235700,78.8870288571111,29500
238657,81.96020914834936,23341
57803,79.54013599486092,34141
61307,95.87148769513625,21087
214451,45.30968713892611,9821
101914,3.4975636927798495,16863
186900,97.17957891344291,45843
35103,92.41489641114373,13819
27697,2.1386269469926833,713
9687,6.394951756778494,3916
216362,71.54003590201334,7530
122862,58.71577788237062,34482
249834,41.23895698028252,20556
126173,4.155604562047402,35240
213124,18.76991806464974,11582
56084,20.381348968350377,45300
105200,25.552538956454946,41099
51810,41.99164307479805,48542
14449,50.73471525917952,47708
76263,60.434629201468084,14777
236206,13.007998936563872,36570
167440,7.913379041010156,24741
39055,93.19853256994291,40715
14924,93.60628549357935,5928
150147,85.05347423346583,12243
234392,37.49693633138529,438
189804,20.462093060835983,43595
190896,67.5946158979663,33476
175202,33.741991131743724,38258
208199,2.600261121381682,2544
152211,4.054742811057445,31481
94364,29.811381750178132,48011
145451,66.98924838216985,1047
136001,79.84555730104643,32559
175630,82.77800986277042,993
13352,47.921908763392324,39045
90049,1.5298440320287368,38106
169851,76.33462942820552,41836
118543,68.30661932731729,8934
62848,87.13919291815954,33351
185546,26.874602085823003,35828
89736,75.77747444848511,31363
161421,71.95744299520089,22127
117906,55.52450797529293,24757
157182,36.064352483908124,23454
236486,90.12932477448992,17790
219089,43.244834923798,49390
47547,1.1123643490302202,34337
169660,88.58502370887788,15964
13618,84.41378131185542,12271
236945,93.74858774088618,15983
103322,84.12344425296975,45243
142893,70.52741582003037,30044
121532,30.073828285511432,18545
163239,59.98090874532836,48234
99801,92.73805627461728,10787
178694,2.8773582393892303,12016
34455,27.339873537254434,29028
102936,38.401971871139494,26200
194067,55.764249729673715,34152
72406,89.04774820944488,37230
11985,4.853264554832716,20015
212515,51.64184000298765,4298
166144,9.980944179755449,10545
139104,44.280834897281835,7312
173150,15.105663979023047,41841
34588,31.403973371660904,27239
189424,76.38767704429452,37566
212969,66.75740051381995,16899
172733,28.895951892384925,39653
155594,32.43046336523712,8017
236516,9.998542500540257,41744
243150,8.30582135470631,41969
135951,59.731428630237716,3893
118907,45.04874844915211,13737
74570,62.25300374347165,12135
36702,2.7823264810486896,1775
83693,10.463467109730336,13828
102097,2.2678360795196975,5007
192432,93.27523715029166,42834
32902,19.94804339498266,23047
45582,75.81500699604872,43187
214281,18.10191985645927,42793
16646,94.86221276337967,24637
63135,35.53771606714361,12759
81553,20.00397114074003,17139
46273,38.396675926118,27822
180711,39.34114388518453,22754
236432,42.70341355465625,3089
87195,45.86711351925754,21154
142000,23.65647142213558,43750
146858,9.962053219212672,6231
132499,15.74524304294659,32348
231659,83.67257891849782,37557
114721,92.10462597460025,20237
100338,16.3653881469111,23556
174224,55.98995922628075,49661
23099,78.47001473493013,24975
240548,38.685926132399906,29687
217537,19.866393654237605,11324
12110,91.78824639214072,45282
236959,56.984283822916595,12648
61470,83.59635098510003,8194
19910,26.49400620571489,43145
37032,27.355281406037918,9117
181749,25.135099977780754,27470
8584,13.998078930669841,12416
99546,14.001305631790652,17351
173119,58.03141861064462,20484
233784,64.58608695173258,40826
239450,64.1670137116457,41238
93804,64.48187692140385,22107
102576,58.33800932196664,7955
167626,9.430330233496056,18543
88494,53.68210053933641,11459
158992,98.45099338662317,43558
108373,31.167408695135833,22757
197643,83.92502011729619,6162
26274,21.17694671154537,11445
58147,36.83291101605313,34913
243245,87.4917337253938,32349
122875,11.858383992058833,47427
52636,5.296705355352524,16284
63592,10.382501297347906,20048
211027,34.603905516572524,43330
5450,43.55018605060422,31622
181602,16.62968622468389,39626
76572,86.07763908248882,16004
8841,10.671831609088208,8000
167401,82.50755004604558,48571
132174,45.7975925946022,20691
95075,23.562183414083467,32611
141466,75.73923832527095,42383
41062,67.25714339533734,36095
65621,62.40647422093295,43717
216856,73.78820300409963,47539
210857,53.63045043982144,43277
159866,57.972828532768325,26459
165828,12.497173651909389,10874
182844,2.4393144831422573,22142
129486,6.519532740616622,23128
97637,91.73233610229265,474
236155,75.23851722969448,39000
7408,64.56231213275612,1704
87974,47.275341736225855,47923
10775,17.993048054935965,21762
183392,91.27537117528188,23226
110446,9.286879006416363,29429
31795,15.365156367850423,45767
205157,37.40203506458485,33911
145624,51.63192496985625,19138
7591,2.563369112971871,45452
180015,77.9504494143368,21759
39787,7.1161602035586355,9678
133215,17.11294207149185,5834
133747,93.52945671740083,8399
40457,76.6256743602702,38243
80258,50.10549248552947,44629
240564,20.655843725974798,33488
211295,34.98110454738265,24906
201626,59.544278611371155,15521
67573,41.2791068998362,27129
150657,88.66188283907124,12102
132190,39.123895576076926,39241
122341,31.115072481885516,36189
129036,57.52177335084296,26160
72323,2.241096610388431,36974
241563,50.71740018996378,23776
125930,42.90487028570222,49260
170262,71.47848576940868,35735
81725,36.75038757807012,48805
153926,25.492776600462555,23311
13546,93.04080359497873,44497
149721,93.21772381500799,4368
208791,80.08902259527244,16089
60120,84.91250873814356,43557
59021,36.06930806228924,31136
200734,7.297068920725932,3149
220366,20.078068013219244,12209
212360,35.32022586173699,9249
187314,58.422956604902616,19750
149893,16.689244771635835,21654
16288,57.826415475944714,22932
90120,52.20228417348129,28494
228360,33.715283008198085,29522
99231,86.85785099430527,42015
158597,83.75589712572729,2598
119725,86.26214780723808,24729
104134,44.030712017821244,7228
116850,64.31185489463036,5311
82974,9.333921786114646,24540
159438,20.62374398316686,17641
97597,23.909706982596745,20081
20609,77.03241968675559,11298
6882,85.38384868324471,10474
190905,26.656141350076346,41771
234721,51.571351128048335,47963
142202,40.88941729346734,10506
221636,18.2890177529804,31303
33651,85.69488699669363,32513
214713,5.440003539288723,36432
68069,91.08735331363307,590
224252,75.47597120518355,1197
142408,49.864811758836126,1561
145956,70.02549383654271,5717
11735,79.69715429276748,33176
27245,53.96881120259236,23117
75850,22.413456044670983,9523
11152,24.11645023542158,11224
226099,95.20176830199073,13850
20914,42.31270512105923,32668
244005,5.304259012195605,5686
180880,56.28213061127554,48778
157939,19.636460061959014,3729
196098,93.47658132540376,34582
230127,69.11153245701696,35963
81679,35.628055358099246,7235
82383,62.53684590227305,42939
30450,23.52399899284398,31268
31535,64.4129919284838,39151
178469,98.78726416410566,6241
157383,56.359766493039906,3290
176431,7.075595372584054,13044
88691,7.911013580890228,27089
158329,15.879755247739567,11873
11302,59.63870419710863,1413
167769,24.25429335847364,22275
201593,57.803290246581525,3687
217041,56.60242719166484,43900
165412,68.55619076698923,22473
219937,2.1138624061580016,49951
6805,43.98020050297795,8067
78325,91.2985545707834,24206
84988,87.79081128629036,23807
209100,31.44940878152106,37033
118454,50.65217826793467,4543
231258,34.15917548699726,19841
85573,13.400153712340439,49760
116090,6.367456259986211,2036
51246,40.67221761410518,42904
83026,86.53104759817205,21975
24038,12.754872072038587,11301
20119,24.181630336765334,14928
70085,36.408800521624656,8891
39990,45.923288762050994,47639
17200,25.343618136001158,27750
51667,23.719906822398762,4652
83143,95.78320634846929,30964
100967,59.56215248313199,29586
195899,14.246150403348821,45830
114672,80.15508618920981,17372
174796,97.02962136637986,2642
141674,55.510003361902996,6148
76097,71.72110776620133,37561
246546,59.50959871716963,24351
230152,50.45406091934523,2604
81813,95.20637147054906,23621
48141,54.38948055653632,39184
104425,63.1147475486907,382
132605,2.04333449468618,5689
243099,52.460965766481934,7709
191024,56.2574566803574,39713
134761,65.30948106217886,41836
47114,87.85012917138357,37039
219717,8.42561966108118,17449
178097,51.1098859731095,39591
44327,50.80712129932672,4271
196435,78.09885188788124,9107
122358,47.072762436016596,46208
40701,22.208935851679062,36584
73531,29.04347031484731,8616
199988,58.977633547155186,3152
37032,45.96613178045967,11994
51031,89.26114175525534,4612
241907,81.26635505105808,21899
84325,31.436334516299027,22760
238907,25.625284373086753,6616
8543,36.628956511507404,38042
249800,50.24581633518512,31105
111257,90.30299918829996,30461
192464,90.02661101694679,44907
112588,40.70565939645969,7164
198394,45.4132054038243,33320
67560,40.83224915047711,35751
39953,80.88710669229074,47847
33429,71.80178221930363,49737
10166,79.04488119464898,29003
76465,52.689828524251695,36172
7933,91.71841827298081,42812
133852,21.56594439978277,4376
111905,87.21860269263126,23949
186107,98.8993443675965,30054
133163,57.284813751370514,19664
190253,37.924805497842335,42569
110744,1.6765517873768148,45904
141671,6.753569855568953,9436
20478,13.437716525404404,30159
231566,19.501446660644802,27474
60449,1.3545286031220733,42838
132407,37.2315697111704,31874
159436,46.76335327106642,7921
70871,65.70435120320879,9618
33457,82.8823416096916,48145
7685,5.296530980101101,37584
73003,52.342000399542414,32529
114472,26.95427396363637,48492
187441,96.74125044720782,12799
30097,58.683563667444325,37494
222015,92.5959571607441,31966
209841,63.330803199433795,15141
167379,64.47086107966902,22367
90005,25.922099038591718,21295
84691,11.538144407321333,38358
162151,51.63386954779357,38767
217077,82.10495612945759,17158
224693,26.228118186461465,10601
126532,1.1951293935289644,19098
233690,25.23863232886606,2571
7929,54.28290778562932,27918
196307,97.38099251455108,45835
152300,25.713062514003692,12216
248792,90.99523201270684,8681
219709,45.51230762043152,6994
14002,63.691719876802345,17402
19545,94.03493602851823,6191
180011,89.86510672988206,19875
92027,68.91424662935249,22792
39426,6.638856176406998,11334
31469,22.12352490211369,39733
99840,20.59099193149872,27711
137111,59.04509621286,44855
226544,43.584226046259765,27065
48615,29.45258160955956,38537
98019,22.36071597533451,32625
156294,86.33473210416508,31798
32535,95.28536218279524,22367
153931,80.79916830917915,3554
107132,41.997593113912934,25390
124941,17.345900083758465,36547
48700,40.591836644555805,10493
132032,50.731440010904294,597
163004,34.858267406129116,27774
116214,7.269694388607311,36803
146468,11.063616980852146,39645
55998,75.44973425468683,33671
211633,44.70345567886766,14285
228854,98.34010081241436,17094
244510,81.61581534087587,13533
130468,88.12910550213292,3867
47766,8.90433532971305,32512
148293,64.51067962344139,12096
118358,58.76517855823325,37600
233368,21.14140069027394,24374
224756,52.1696669878869,43435
179429,17.149984797975925,44870
244447,73.90929611107062,10275
177092,95.98911224340148,38563
92179,65.35752376176,14818
182471,1.483700160177275,7600
101265,63.45440902427889,39213
198100,91.47503116706896,4812
244168,44.38888734600601,16019
49893,10.955037321563584,41635
106988,77.93861894425727,11696
237868,52.58231593413586,12717
129571,48.139883269794076,35271
243488,65.5359361509751,41789
48347,62.519499976799175,44328
140914,5.935295260779635,24401
147356,76.82431559964819,17316
103380,96.92133782622493,49299
105512,57.14212773497431,38578
114501,91.624393656204,49757
30065,81.47005460356336,29649
231513,64.41859422143648,41972
21917,26.40283580837158,47890
129489,69.8121649697649,17659
84326,8.93711048030795,37655
164392,84.19546919498137,41530
31611,84.99418050357895,26801
159746,95.98003140364831,31471
51536,86.37635969420336,33864
248954,50.351660225885986,28920
40391,23.038441168030015,20601
162988,49.06517742505447,17147
16680,37.76701381693271,4648
138156,75.23523078038609,20712
68556,18.840231435571884,508
225071,42.32586045626471,7745
246715,16.95630523445456,39222
101917,48.096297104830036,12628
14557,8.013236182090697,36386
71276,48.659904210019434,5016
187511,65.09688166955027,11504
74194,41.351079259385436,18487
98543,72.08642165270447,5951
220010,32.93189713116246,35901
148189,71.63192415452758,42304
98492,30.751959150266742,26820
53459,31.952939979538694,12969
155211,44.715419444086976,9598
165670,41.172209602841775,24082
68289,66.70329019853061,8168
163765,89.63687467542306,45345
109680,42.81213910128708,28255
240576,71.33838419276621,49595
155679,8.763477089972065,37193
174686,17.970442218679562,7528
101427,27.63714853446443,39059
42713,57.333171952285454,44031
107368,31.431821761629212,11980
83158,42.3617998648555,39638
206084,61.88667519292377,29507
24382,38.86595351020027,6925
27060,85.12685671381332,4024
36241,19.418406603637873,48716
146794,76.06747097472224,44719
93663,62.54141375897631,42440
147479,17.597423186664418,30613
74602,2.418976493982645,314
74229,9.179891647047807,15052
48579,90.15924376740418,16962
230158,26.634127403462376,26988
75128,86.63697202370518,44664
41913,37.94758923071041,27217
156289,46.764293958907494,21146
80755,3.8001485394198182,12175
244299,49.33528594174737,33788
95360,73.34772143040517,11279
206542,9.364856308454842,18771
140996,27.776297747046915,31990
51595,55.520973193257056,25130
174050,74.01082902574932,44325
229964,86.14413229037967,12207
231276,1.689702063621966,43941
107621,29.114547834995665,43845
224769,11.928197605554777,26051
173604,88.05855044310009,39746
29927,26.827706791429417,41689
136736,29.471690242764055,8492
207620,22.345801687804393,41605
97795,5.812886959737034,21816
41865,64.36920243553462,12001
130903,71.41463277952698,3163
61295,34.60827699804635,12960
159462,9.787432752032023,47928
227453,45.09899034975599,39625
159768,15.58114803084135,22852
144649,35.37271397609911,21192
211030,70.84623357933535,11750
36619,50.73420616043443,12223
108808,75.36245531658835,7696
162117,33.451169067864264,35644
93477,56.972766892206785,25378
32019,24.72112687135776,48989
123599,66.35944914152255,23864
231103,77.23765743351314,34833
188451,96.22611120583531,3424
172582,78.17430503041155,36937
23036,89.97574506341702,3256
52554,13.62268729830657,25217
247298,40.988347468472796,41079
205684,91.10119459858228,10379
246365,71.63549022847218,12726
52198,85.56130488517661,40747
63884,32.80060058957329,18004
13340,85.10335217778822,44239
132404,59.773606108914144,15063
146430,67.15565068411283,46711
93778,58.668104917020464,11201
33317,77.26549025816092,8876
164142,95.84021903740214,36962
220243,1.984443136796585,5191
235732,13.593203870515957,34755
148628,62.618418189012715,43299
56476,33.58774288788513,37854
166607,10.33836342624682,48731
115010,69.02847956045629,24986
78468,63.2437935443415,47727
13739,71.0342258358053,27534
144587,71.54618019301219,49250
140057,91.10490831751565,6633
160314,68.67334890853313,48637
125905,64.8927613769965,5832
109745,52.71496328857718,3193
9587,23.70201024362057,33585
66442,75.72534818087084,4228
9079,66.92199549287302,12965
75443,88.18209384058397,16255
65111,40.42128763088005,49500
167914,3.3920575228794183,34663
193678,12.041924920410267,3506
138524,11.820537271259292,40638
198475,9.352836410508132,15523
220821,6.564898233250487,41713
226725,72.71704287095972,16758
249023,65.30805050735759,47408
54521,80.49161970137894,19249
177291,83.15464403258547,7859
83821,11.370061777866555,23926
171783,83.55723912547728,31303
39662,44.33345970223819,8445
143180,88.42309211134436,16613
218344,83.97224957398709,45200
28026,25.088936645975014,35730
62317,25.138450425695282,10914
11327,90.71676356584166,36204
246636,78.13720689508847,18533
246154,95.25262719303183,34095
100217,70.83589636779759,20822
142205,45.13422034649487,43853
198702,98.99547138232566,43018
38665,24.947210181417887,9875
214332,49.902559426479414,39937
216456,86.4100063609414,36931
141938,33.04788538964287,10953
215703,96.51514598221063,25045
141627,71.28902461978792,32437
140153,80.69858966782665,20187
66983,74.87926347722363,33474
65165,58.101556465436886,40847
122656,42.45224978659682,26898
123799,7.069996807729435,1902
176781,46.31473778287056,22084
215798,32.5633481957088,11192
63402,86.79637702378793,4047
103116,40.29159985344815,35253
25025,56.14579831719817,45430
112180,78.90732532322953,1579
58563,92.31619527490693,5758
183403,76.02970007713833,33852
197170,79.11498408985496,46886
135800,51.17254874999413,48685
70893,69.54578824209706,45623
70328,16.178426738300352,22674
218022,23.003810017538513,18724
9652,14.081230376260764,21037
45619,71.62775732563071,11496
141467,35.75177905924355,17651
179688,85.02789344037683,48543
105537,6.948160432695763,35453
64163,5.611732313766237,28406
147047,29.19568172132261,19965
18340,7.456063034817583,17188
243474,83.13742408654247,12993
40576,37.877556360013855,36188
112957,82.6223804097443,39504
23170,7.689909759068286,49922
48843,92.0329019220514,39802
22714,55.311912350123826,41379
211131,44.46323951165175,28240
124073,72.47948771577103,314
93311,79.77094083472743,32322
102538,72.98177557576881,5090
19227,67.24245265734655,49239
137055,57.19774352780095,37888
27363,45.402626568678464,14491
74971,75.2947643685673,21147
121178,52.97524734406156,22970
88015,15.344809549252087,23503
120894,62.282827638687834,47743
89550,76.64887597660058,40726
241231,55.42548792709499,28184
83027,81.62818958279962,29528
170867,11.00224470339362,36445
44595,95.15813899289692,34184
189875,86.56027434315568,31598
246212,76.81358898141436,4302
237595,74.8093529169123,36066
133248,18.466345215220766,45026
229598,64.55880029386378,26719
6874,79.53443518584993,31937
83717,35.3753496198171,19667
37045,54.068517706009985,16046
91762,61.38300264159296,17196
120020,87.70484396524978,29049
55105,29.94760544841749,1009
163227,17.598987657142686,16788
136740,9.091313436941098,47738
113613,15.17676167192219,21303
230287,91.58566737177973,41144
169207,65.69559880720732,42193
93182,81.14209164122634,34020
198817,21.120878648818593,28303
61171,94.41493385192669,26238
241486,82.38741632773223,6594
5877,71.28241244064426,5130
95075,44.154630755586915,511
153216,44.534646407264354,49776
229591,48.290824025739916,34415
204661,51.2124387603581,22752
200046,53.68458750892277,44296
58502,67.09303208211125,5691
233482,27.721474086850932,22074
195368,39.648097770158145,973
63688,86.59987393150506,15069
249555,69.09057389121574,11288
213854,5.2298775501813815,24836
125413,26.755802986210487,27634
77046,41.54726601486685,8280
179572,57.01189040861437,43036
203342,65.28791244154105,33235
56599,33.151681506577845,17745
11987,72.54544384282046,12406
173603,11.990267143467381,30477
22144,18.362371151141176,28730
78102,16.23381028201142,13878
17250,46.48247023111912,11216
49318,62.99943894543156,36782
7852,72.32335906369771,30597
108039,82.25448502665891,2627
121774,54.364923720803354,16243
196068,12.29747828629159,43758
67796,45.91710905182237,37103
21417,59.198611937161566,46921
242427,58.06423229792109,17238
80723,53.47354076650453,1151
122056,91.05674220790767,10921
138696,74.26805831535998,48575
171900,91.07439018201887,10490
171497,68.49449613814619,42431
41865,14.153035091749423,24205
115734,96.12697317336107,48673
24181,34.31297919666633,22878
101057,44.77111111802243,26374
217173,50.95841467079152,1612
119073,71.05968668201817,3635
223337,1.961944592339446,33747
22652,95.13111659111782,19120
196866,86.536522397513,9772
108281,96.00708864937806,43536
63403,74.5666971023922,8679
37400,41.02520921327707,44533
129601,51.66500664733902,33082
245163,46.23741065207668,434
56794,88.54266772676138,23428
10923,36.68546685642539,22088
14839,33.28164588967614,3452
198654,77.19400054697581,35402
167537,33.758848733594945,47976
5987,17.435430399116388,36487
52203,75.44365313354895,9794
206225,96.84833291804942,26203
9755,20.126132012904492,5494
165434,26.472743916345863,5260
25094,68.74641098162974,4416
22800,16.630234099362927,26886
238098,4.267938273878389,354
140275,75.8167746429282,2430
82808,58.911889975897665,37227
82084,55.376933203921226,22913
105679,40.98603161569474,31887
163603,24.189673768182768,15091
130330,45.25549496955447,26838
69250,33.86914736137819,14445
228172,52.3370860235032,19695
227427,22.871078882938612,38034
95564,91.2699817367981,45718
68975,47.539285743702365,37747
115567,36.64028183143937,44486
235221,40.37518199732848,27101
75562,76.92004185822935,7456
142840,95.0077863469103,10959
152164,41.05630631182213,9784
234008,52.63334903524693,15904
225056,65.7763637183858,29540
146813,1.7945498598173408,49566
109030,79.80654752248222,6564
43197,4.685605820956082,22568
230526,47.37784465440058,32446
61586,39.64316989169201,14790
229772,80.36106250477839,19115
143075,84.98315830057895,17075
213415,38.63279673058386,613
183550,38.6956040901281,44224
22654,22.53282464969364,43691
67977,79.15429763601936,28881
219787,77.29378824774503,30541
107173,54.79653798103139,41236
72552,40.30444702061505,4390
229767,61.87906643702032,35243
227125,9.979319390158318,31436
234319,5.926022876505005,20189
98096,27.97640209198905,3674
243640,71.83037021740807,25046
30990,41.47515662821954,21392
28223,19.13712619391399,44178
38910,30.118277525267455,33964
234955,38.02208431277434,11187
213699,89.4526294356109,14770
82625,58.885405251428054,26849
138334,53.243530103347126,10113
188720,58.79231768709578,17143
98312,70.50137504152731,49441
84295,6.80153899043174,33280
59412,45.70625472281981,16475
160043,58.82651410411059,7680
13606,5.00888018304955,6464
230511,72.34436043992085,38977
86566,72.17217866557908,23897
47256,87.42115928252869,35634
224116,96.66408970424806,22326
141635,32.91609885222405,24924
29953,67.40721775371433,11255
213894,23.685956611631607,18315
89443,86.54955211853141,17404
223162,73.33794112962289,4154
196477,65.5163464268839,39281
66055,4.721292023911394,5266
236344,35.89224069633019,44426
12579,34.5853898501587,3096
87637,68.03850206950298,32658
51711,92.32833559376517,27358
144769,21.19935099137546,28617
26729,96.63631083002872,9911
225230,29.880535582572442,32798
30036,57.116095006042684,5041
39336,41.84470049563179,43733
216339,5.896577200304566,2543
78107,74.58456125191334,44211
129627,52.624846321067636,2178
149647,32.887217429944826,16562
71474,65.15183420048552,38339
42747,18.21606234893106,48439
187573,43.41523775119842,10018
169129,74.18357405237926,16868
106738,63.35298307982499,34777
95946,80.61731289600604,15791
242404,64.07445263527467,48821
241498,4.08716962694191,31684
14304,51.09032684039798,20505
226715,6.5615317708687355,7960
241472,25.739839552256342,32179
29445,83.67112127460439,8386
193280,89.83702659806109,43560
33310,76.00904185225967,23071
114497,27.820008446976107,32965
132386,83.3198425865675,19928
14837,74.32510499521572,5535
242829,12.397269466724007,32881
66405,51.35116158321628,48684
75979,68.93497250638116,11648
26089,44.20321124899545,10364
120130,35.30878607848898,9997
125635,14.71739041702446,13610
181672,32.89576759146581,14226
49586,22.48957662787232,37601
151312,20.285987523930103,40638
122855,31.778996671515056,14932
149520,56.78310124959127,34460
143229,64.20095401087161,39091
244987,42.170615899490095,41515
182053,84.37519779974677,41867
51619,50.509128953009,39892
130040,89.23378044812587,1169
217894,30.14429324026522,20066
83811,87.52698479997906,21848
141708,91.08747830046188,43830
148657,84.86487625238358,43475
49543,54.74020986219593,19969
232526,24.06246933299477,24892
84410,59.837009856756396,43494
119974,9.335307623083214,48169
209270,53.91955468358814,4053
221777,11.965092941689049,14515
76530,77.87042018149096,7570
91828,27.80471595057368,3327
74246,53.393320450388195,31797
29112,61.946566336681684,18779
203656,63.35598579652656,46284
86520,33.19827011611932,17558
161371,98.65748385059518,7744
41089,91.25022533764563,46178
98691,59.86374936683302,26339
18154,80.50263768957959,16854
202477,95.01500910072319,31759
59055,62.99739997809672,16880
7126,75.34456620294758,48583
215381,39.3143017429659,29933
11412,63.534492627937226,31903
109250,52.82155060713303,25835
17590,1.9240014099067915,40838
131634,38.085079886247996,13649
18725,94.16299312352439,14481
70548,33.793337940316476,35479
131642,33.04101864247988,20541
33669,58.23949868249888,29622
81373,29.76464509375751,46389
60623,85.93809874027635,47436
243599,12.120885593490888,21255
142142,23.110219091822906,24250
62317,87.81272058037455,16662
110986,79.89166700648256,22279
80940,62.916555029727775,41281
18908,12.488589062415155,45776
143395,20.698613710042146,31140
55864,24.87391507254666,6661
66237,88.00325501986032,27866
30095,65.07210236099756,25741
209730,19.836543947951117,33089
170643,47.13882709211985,46751
49721,94.47863591470153,11642
232240,74.58044935065249,31392
63504,10.158984706729614,10463
90978,62.20814889847045,43856
112629,1.8629133844177246,4746
217099,96.6316162088052,9660
36760,4.503025153570111,2844
42885,39.95988188084627,20720
187123,65.00657405850411,29529
202094,35.52666727280583,32541
93494,7.085982044579815,29201
59874,96.88619548686863,18338
215393,22.432086704114642,6567
64221,40.385484710430426,33416
48102,61.3795223600785,16722
68197,58.2253702671017,41724
196009,4.248485727406155,4465
200043,36.79742807140704,23969
71343,15.28915245747146,34349
70527,23.79457045738096,17714
104797,33.73776371718012,41161
225094,95.43397645626472,43067
172812,49.00894435612843,8340
156001,62.84759367815199,14001
154024,62.46512926960832,25909
194833,5.496916740457691,25043
143740,95.60999430720368,1413
183261,53.02577392528792,27510
242718,75.1109740889043,3334
114139,84.58930759623141,30163
95057,89.1210683404853,36162
183034,59.52260612180235,27001
45601,34.97860674266541,33321
23575,12.908628084073152,20987
182096,91.48754182189381,38836
60554,50.61059179046609,16584
126609,27.641775705241596,28503
230643,84.96919955907225,39074
107793,41.197530443426096,37511
9268,16.582449552378378,44791
91165,56.28432494799873,38411
149846,35.97724536741927,49514
31515,70.28396185636605,13406
72496,36.555303836879794,45276
198090,55.52435750963179,35364
115728,46.435165287686644,27082
234644,58.836633276472,48878
46564,7.306021687841825,1294
97435,28.024092585511198,38394
74096,22.66816257065059,12192
134653,30.434397610332823,38618
144893,94.72953250971418,43255
78575,27.62321926093242,10369
229884,6.598792251144565,4705
76160,89.35846657785878,35654
165041,46.062349789565936,6327
130243,73.32235579134783,3330
191495,89.94561354372111,23967
138101,7.489910281122439,24181
117288,24.207797905809517,11146
92778,89.78093162906166,19584
75832,68.3276880124479,23283
43041,94.90355359025963,16213
12174,94.30274227734208,38810
213259,58.69869494041175,19221
233097,27.780780193037597,16134
198158,30.273600134930717,27373
205087,84.15984270224227,49130
242492,9.912148052945298,6715
91963,94.79440466029196,47197
27631,13.599538975804956,44386
40361,81.87874067066167,5521
203742,50.979405813786606,26592
51284,34.1276929212797,48346
11298,55.315989627871076,31006
164778,18.245511256417497,18698
147958,78.04201079803745,35147
111197,43.095781340994755,22085
134681,77.30091316956955,24882
171360,54.22066053019194,36522
34347,69.19265295316909,9310
22732,27.313354043906248,19326
50080,96.9931388586728,47871
49099,33.23579712395972,46970
39591,42.79694533630505,24365
87989,39.69735923121029,12192
79545,25.545566864309155,10024
154108,4.555449042607542,1624
83658,58.26621832092077,29264
91894,20.809988957782817,36208
124162,46.252465158907896,26754
237086,89.61771541402757,13615
31426,59.185305272444964,48736
31797,79.64831270804376,17493
40213,21.728900291433582,1076
227520,68.39004574670619,5537
213894,14.80889056496982,48905
80869,21.668756120460756,39072
177729,21.615793977167048,22559
236716,47.88083380958256,9644
47943,62.22073894836202,3235
87697,16.759582359726046,33799
83919,70.63066873784213,37333
10100,31.259781517357656,5627
40121,71.76258191345539,47073
178703,70.56175555709466,45893
123626,85.51176525692917,14305
148663,45.60351216588916,37660
100270,70.00772880158303,24296
207930,56.294064524787444,37240
91364,86.29803351478677,12140
58806,41.30729819075165,40918
240647,12.269605020118272,38781
87562,71.37907737118039,26320
154776,64.16207755830399,11306
24113,1.7425023259750783,14683
205056,25.731560437376846,10595
73482,68.38533207964892,33934
240998,13.036855567916653,20501
24823,94.01787786309274,46847
82316,5.123036513834659,3311
160441,40.49556024802483,5259
78792,50.314709858351584,9572
120766,6.800729180955241,48113
58158,94.36555330895746,44908
36678,76.19964530310878,21206
238976,29.499926656332388,5159
245897,81.4773882877265,21165
194872,58.08702978836332,3840
164350,76.27839094927869,13224
63914,83.81169069343474,24290
206423,62.72151658175392,33423
151969,21.133200260218718,18219
247269,87.5568322808086,49290
33364,89.15300253182366,42990
51714,94.29852820367532,17017
181927,46.59480057454753,35863
110861,25.346694593780683,16637
227203,57.66668101203611,38859
134028,25.778184752731516,1714
177136,88.81933647192338,392
200278,11.256933880319043,46272
113328,10.295040994738184,18778
136232,35.55666585862014,19299
50971,67.73251200991359,46545
238580,78.69300294514079,3265
243608,55.68075237623697,14062
162894,32.773090631233,26094
175218,2.8218879625752136,37265
11949,20.047706184512506,37277
158357,18.302916305181704,15254
221496,29.845944214179173,30024
39118,55.48710734995471,15936
212953,44.82166510195217,18363
83669,93.45608016906853,48418
249423,52.56376035906515,24076
248404,79.58753785090589,19475
41148,84.96595968829463,32454
218206,46.42681729495105,315
174886,75.43117117132337,48251
123030,71.74510533124261,1894
149589,12.810108102141093,3674
239851,89.57821282541732,6472
143900,40.48369923799276,2948
190113,8.354662743480818,16572
206716,16.514167216763916,33843
222993,71.75347749377676,9532
186612,88.48715167167012,8016
206562,55.24636262548424,33500
60630,63.79728056392068,29377
231798,5.339605096246059,31142
96823,30.54347406190128,25005
93003,85.8861695559224,15564
219256,27.948086465936335,44327
201959,77.61148101378089,31733
111141,60.309004291992714,18127
105096,89.00521112546303,44973
119414,62.30674672797264,14354
145486,41.940951765179015,17786
61347,82.2069285736994,14754
161388,46.294666183030635,28022
108458,67.12560656839283,33887
203121,15.353745436233364,43398
216754,46.122663761743844,49668
166684,62.05611670184897,1736
216539,6.813842028972133,1188
157830,71.61495080465302,45442
104713,62.52978583881418,38086
185456,85.80478900924764,14258
42525,25.266882570940204,29003
54592,3.9927970277788414,35748
190514,86.14128862587326,38203
112435,16.01353210436639,41867
59528,5.245805982191481,8814
48214,89.56420618847481,41665
244105,11.747871249051887,17793
42230,54.149620267428475,1228
96588,37.63394168858273,9064
10893,35.35706826528132,44135
103765,80.76827459633417,40996
247278,76.02877277573424,8916
182287,87.41160557911059,15172
79555,8.135860105214283,40933
188272,21.708730069534635,18837
57133,17.14059631454987,18240
24136,73.38200609026647,13345
108511,79.5031034116711,25304
233188,55.08125441741608,26946
201188,17.400260442045983,20767
198696,8.66408092185991,3753
33274,17.85540695926509,10558
105641,17.68801051567939,23400
215285,92.54889212062518,28833
14674,81.27199749737392,21984
148853,38.487695033257054,10125
41922,52.34921055887881,18881
208760,73.1947711952543,8943
114429,73.26422969249224,18992
186310,42.47289656402484,7875
124526,30.57078503857662,5196
144020,83.92769353952787,19005
164860,24.30587854157025,10643
10998,76.73730850657834,25897
28014,48.44385895950741,35308
36399,67.55395618151407,19962
41943,4.148279023811719,14442
99265,7.2710477965100155,41467
180309,50.438552850582866,14277
59286,74.35818778430549,1487
42487,73.41847442290916,39162
45488,52.80420159029644,18209
190807,73.82309714419067,43063
34290,26.143285772237746,26563
58081,12.420869980540262,43946
140749,74.83905665834239,28976
43030,49.21347567320942,22730
197975,18.365808812671823,6184
204130,7.4628552008025135,6593
22735,42.13705933244313,29423
27972,23.477592615892657,16207
112398,95.25117215352918,18882
89975,89.73005113737726,49952
146672,51.938494425474865,71
11853,56.84263311277522,42879
56490,76.74835983856094,4834
208994,75.4402364715591,38405
51312,50.31053730332643,5463
210196,16.167445957060373,49420
145585,78.80425487070426,16604
20490,20.9577978398694,7041
37300,74.13733355329656,37026
106489,69.33570404896983,2891
182662,27.609418163223157,30548
209917,83.08480216266929,376
244877,17.270506728361866,27558
198018,43.79315496339152,6278
237272,85.63413917366623,35414
182955,1.2750014897874153,38224
238490,77.6683414522359,34200
188739,8.343920496177194,14986
120405,89.33769456031877,17552
63010,61.16024768969048,17201
41340,2.727909516457787,42980
231142,86.60918740785544,21554
58135,23.164866513845617,35904
85046,47.219080984926364,37234
88331,45.119286849824746,19251
178967,32.8304886151102,18527
110105,53.05522932955788,29733
61592,96.1632287263264,16085
237489,7.157178128400593,47512
107880,38.85892787119333,2583
10712,19.709920188557863,47381
71788,62.533947688648,43164
29421,76.39935721808718,46213
234823,96.38865706625944,49581
222442,11.310215687787762,49902
242821,1.6770656476004826,41970
51569,77.61521603948167,44440
230400,28.919541006118948,9043
36834,64.86714235846765,20619
116492,84.2939594177904,10032
8794,80.55991844516672,21097
155442,40.49874955281119,17719
200904,45.83296934357715,26003
60549,27.09567418882831,39437
187758,14.555555896727569,26718
141072,4.015778228984028,7172
222816,9.849985876788763,9854
189229,14.513635761519128,43343
112423,10.226556350232581,10916
248384,93.95899283342386,31177
110819,38.50991900098261,43477
248093,92.06799228902688,11166
229800,70.54194574430133,13173
222734,3.6751632099838614,2706
175666,23.70330522128282,37596
166614,29.037294314818624,27261
131477,85.63413526111935,21210
160791,77.5732911636936,21504
175302,65.85704786137318,23004
225926,94.35974659758976,36804
86260,89.43361487988759,17969
151077,14.405676690540549,20152
198412,8.448442685436678,24655
146171,19.164818441789297,29107
93111,7.401711359364339,37045
115048,11.869057798297392,47626
113037,79.208932601974,2833
163577,32.96936121032515,4650
123290,18.693953745494692,6345
225474,43.29456220341011,29833
122244,84.3178720303969,27163
50702,53.31086126785769,7543
248046,70.41781608563724,12835
189742,60.71998103218767,48059
209199,18.66801110762359,26521
76524,63.44803898908876,6692
98396,9.431404841128657,13668
197265,61.62937861279924,39282
77475,79.5586823412019,743
227305,46.668358448469505,31772
8218,39.672799643579474,39919
62623,36.352696303383254,29716
106146,81.25102159576765,744
242912,21.51776139499051,31313
86473,30.25915521019495,30875
213236,4.573194500509789,34157
79047,13.270194651753405,28899
120595,55.92708858604083,4205
99144,41.519952394796114,14362
59787,29.104524544471083,2955
96722,5.010148880386926,40814
206740,36.39553599486578,18503
91194,86.1508104971664,1688
65431,26.82320722028919,46995
98228,83.10649024644626,23676
83904,13.151825990874016,40456
83728,21.11134511888606,30356
32004,40.92809898353055,26241
203313,86.32552080514908,6848
17408,25.03302249926444,4489
77912,4.075818823185434,44629
152563,1.3423970580677154,39837
105614,77.74438004898035,40348
167114,47.135695852472516,16575
67384,57.20461450777952,49437
75737,90.13737753793959,18369
155716,11.293681247084493,16957
151568,22.451990715010048,13932
150845,46.68467334473812,13200
19556,90.21330829778464,48250
212132,64.53488192457843,41346
5033,28.188549194078995,29976
121320,15.065264173697091,10405
15812,15.060567711025225,13883
205736,55.560267325665194,9725
29260,83.05415118096587,20948
27883,88.67666657611299,45416
174642,97.40129586661334,40312
170203,19.248419444503114,3111
151313,30.3595973889037,12921
8465,32.24620337418436,6025
146959,65.70090950705186,10132
61919,96.01646623372802,16424
239088,2.504512848096769,9033
43949,55.66440906999351,28723
155240,48.96544757781419,37168
124681,43.91543359556777,27652
226126,26.873618141301268,39927
177280,72.04983761777358,45411
156584,44.92979411411697,26285
106170,75.3409404864151,1883
40463,78.42960961929603,1637
41250,14.301922904974944,31096
248810,8.254587051234846,49713
206967,72.2627387561036,35042
80172,71.20901404103952,19166
108753,89.93190301908416,13911
5151,89.63930429966024,40068
206046,18.80399149597545,44563
102023,96.61073551548684,10796
114475,47.919939893081875,3444
234567,7.436182574546907,48723
199382,11.411928279426064,41327
181040,41.367065878257755,31440
177866,90.28252907608191,9432
122828,47.826096169430514,14355
243425,24.201404604568538,8989
128636,72.76701663327052,17478
114968,97.41274732068473,22668
165054,14.978316789227206,32336
205400,91.15204026534106,23181
94558,20.160156563454827,39873
139159,44.08530718135572,17561
10491,89.24621058940704,48676
86316,19.262541133694775,7007
16177,26.787468386273904,15149
58940,4.542110830012202,45930
248884,90.20246462431577,34321
213937,56.949439486527886,33719
28294,91.18749173237167,16818
244043,96.87853458277833,44409
114098,25.07798465715934,33848
85689,29.54565001185968,8549
97617,29.53796565155572,31419
100923,98.24686469178327,46030
135532,47.14977788009159,39843
233590,69.78958114453869,44618
112062,35.00667688313285,11682
5487,46.74960178060052,32061
184143,1.2862486818501617,357
191348,49.72759316628027,17727
205590,10.566984508081381,19286
28154,35.57365127607034,45568
99398,81.46768441387931,16962
153272,26.035792821775587,10067
170481,36.04433103628268,26795
201812,58.91026163153281,20116
175144,87.73734224219407,39852
149388,36.53873480649813,28700
41389,31.135046465556723,19329
14895,47.94008159670484,41443
134611,35.51238689912888,24592
162325,70.11407147160887,6437
175059,93.00448856962906,1959
123678,46.74352854832455,34688
139670,86.69017186767901,36933
33356,25.692173496227273,44309
63178,6.315439088053595,47780
110069,42.133120736678165,27332
216733,3.111503994309777,5701
23884,7.368840665359396,31749
164608,63.738742395539404,35742
37650,32.332654576616676,48224
159894,30.11506011208404,33173
61353,77.70505139957251,24041
170538,59.578672750778644,39360
47623,16.646316457945435,45462
226881,61.988919876668,47073
206249,88.95568070002739,18173
217409,40.0878613015482,8949
177957,76.88341206980573,2462
116607,85.80124098726053,29810
43448,18.298884693462767,43510
166948,58.66796846862503,20415
112975,61.7254679589302,28458
10898,36.37901060996748,35904
123439,33.692606415241755,44068
161282,29.143470231172717,15809
53262,87.42040798751378,10443
15969,97.94112160295504,34288
223472,46.78710023115332,8013
97317,19.385944468885043,40402
145178,48.820898543953675,19554
97161,83.11058000507055,9932
140532,28.041365770788328,10855
156886,95.50704050306892,5534
100254,1.3554706278902906,17914
166640,9.191730494402277,15958
13163,74.83804214601764,5644
73240,17.62914888925383,32897
56250,71.63679783775004,33909
241853,34.7295289877747,11520
152796,86.32020393379733,29438
181067,7.150112675259919,10230
70134,12.627178844098438,5023
66067,62.79222205801476,1898
223369,26.24654124451691,10877
214142,67.51527093474853,3652
149596,74.36371215298723,20188
242176,21.948676342577105,24199
211318,4.843862425890617,46409
194222,10.077761404925441,27042
39228,5.332598675774632,14428
65143,83.79991258935381,10177
200695,21.599395992885075,23547
110647,8.598614757390639,44219
218821,36.947619927765544,16733
107758,82.29860329900158,2020
162190,70.41616458180604,22032
194564,79.38154797105004,19654
178925,55.2049980255875,28058
195173,36.72663935491343,22883
126227,5.857938894865412,27722
107287,54.49100006758527,27296
91855,63.515987256398425,27325
31303,90.36154293020964,24410
134831,7.443555920988125,22484
134690,30.31686609972096,360
45893,28.72792039713767,33305
90342,95.75095396547484,1462
181656,86.2948587706665,46874
199914,36.98228514746867,48591
38565,23.18848069344898,35852
187451,80.78749059113447,14192
47506,88.46770444189052,17742
102786,14.449535497289407,36537
131401,14.590745711657211,30056
245832,6.000356829236414,47994
83495,96.95397217827099,14967
193216,51.635090855080236,43262
92416,93.11252807350323,504
214896,83.89953925714266,43759
167390,42.08373766300967,34145
234769,92.9520550890206,37849
22369,56.56814786809367,379
77319,58.34333132531824,10593
119976,87.1802387293799,14848
227344,86.26995855553103,17947
188777,27.17311702352832,41458
94097,9.578575804418007,26737
225156,24.475210401859737,42453
172223,67.16966996421142,39896
43238,54.14411729284051,35357
49036,86.53928679161073,7867
233470,1.3000843953444412,3927
136205,85.0449289950354,25981
28459,45.05176511003369,3001
229450,2.462110343945378,20141
205284,78.06842592590827,35011
68403,48.92055801990936,3863
53121,92.71033610944137,46660
43374,87.89984933943433,26018
197023,70.59176050190779,8329
231776,32.56314742083234,30274
143751,1.2129606286808665,49867
128729,60.967108221225104,18488
236054,64.58777377191815,30204
56750,74.16712532125398,30326
82383,82.84751146032016,10443
96743,5.216494887340947,30446
65628,42.23887813854676,17878
64430,73.62304447442745,643
106274,16.282703246748362,4910
121754,93.03505482978312,35259
118401,68.41561413238544,27653
89392,54.859484218468445,15806
191997,40.7233535427191,4425
147211,31.04919760959459,32752
217305,37.62777633406235,13307
83941,36.049491401705005,38367
21600,80.80717439921396,48774
29244,22.099422718441506,28553
27812,63.66211307054432,2594
94347,16.294507274008147,7292
139118,77.19841885837066,41422
89943,7.730250822895593,8632
120432,37.04676079772685,8671
126348,51.1601833071118,10394
59038,41.50415220839845,5660
24284,25.065729532006188,46549
141983,98.77570768645208,15414
61694,14.102830010524672,8209
182003,19.427791718401025,38350
242118,41.090327907769314,46359
127596,64.4858880799099,6873
200226,91.22471042400431,2362
214938,50.359356417753425,9650
99007,12.366547559504722,26693
47994,16.891166206980124,14976
115598,14.252749291072133,4000
234032,22.228841385327907,49620
103584,84.49344892336974,36493
180108,59.90621600816566,42337
35560,95.22024890670306,11475
98630,88.15936658636187,27928
236567,75.73458869930467,48021
74884,43.29331217011865,43971
117734,53.91491683181735,30370
32892,68.92186060277393,4445
103111,24.77411604993155,9235
180801,21.009702544079598,3978
224951,5.005343724711171,49459
6617,48.55027507662512,35450
174436,51.042791044012255,6720
128908,30.695310549582622,9443
205464,66.04031804690936,32932
15393,87.27769774600343,35045
242643,64.84559780528976,13517
230146,25.891383058629536,1172
106800,13.117740716906695,31027
128189,65.44410905956804,3796
40044,75.96747120045174,7349
153457,23.887679497843216,20151
125478,91.37695658981428,38666
48864,73.9244205429734,8168
173173,38.989523290575754,31917
180129,2.6027690062225313,16678
116714,59.92901151317646,21600
6367,61.55565131575891,26858
52447,55.51178081798177,30964
105459,3.590814391425136,29219
127649,8.14733529868767,12154
238264,84.57697079677035,14887
170491,84.65186155869672,13597
8977,39.25895628130363,42882
91974,83.66687165346445,28406
63861,93.82929818289526,33297
127965,8.504616579990302,17946
229177,11.565697349544356,43161
68835,59.56161902242069,9308
87194,33.471080290450516,43097
179606,61.73960758586459,14051
178742,18.32641203610349,38768
69322,23.18476833924677,49083
136442,1.207901564092841,43011
229635,77.20385526156115,17470
164215,27.22201399063198,1842
205082,71.61686940127768,18474
245462,81.52953054657453,40920
218766,60.802604972162264,24679
88443,85.48093825026645,27536
152018,34.629673967942054,19197
202595,63.56512560104426,46078
225528,92.99920776238082,6228
74717,73.90630362708382,28101
161802,25.36165180957387,34679
102522,17.281552776187294,26575
206322,45.00605606290496,41075
19656,62.77215568715941,24919
210663,61.44323890984768,10648
194120,53.055282008590524,41724
35899,72.397797643198,14963
198179,40.83058281609507,20105
34144,84.2369486704003,10459
106288,3.242235871275697,37847
229690,88.05325600986339,47666
77483,91.83731973444527,13239
114818,79.84538628308086,9499
177438,9.09909627153267,49255
243652,80.95399226435069,2521
28861,8.398396062065956,2417
93214,57.31114406454396,41282
156138,22.02589340969529,24922
136861,94.02628693567507,21898
97407,43.075718404628816,47316
80435,49.50495675946084,28033
19357,1.182196828196454,24522
89085,70.99747109622714,17940
53014,57.956117604105835,46004
83880,29.483233626574936,13800
210303,86.76966854027208,48731
211786,54.82419544936928,4565
109991,1.8726218154045824,8957
182426,64.0197947093867,13294
159554,42.417499487391105,8043
105172,25.455232018290648,22707
7717,47.825756899580725,9427
145304,8.744918295894209,31871
145441,67.58249025895273,45417
107178,63.752586740229454,23220
23780,52.614031373462275,48926
113831,1.785308932730464,20911
248530,42.483963524561915,42662
71894,37.315150878482314,33401
220086,37.78729457753372,16745
91215,39.69939295593105,26260
197784,98.37074228592596,34452
43379,37.365769899246565,2059
22248,44.61329843600617,14582
109599,91.9923713423847,29150
144787,23.65869939727881,40313
140924,57.47853312505758,5352
116228,22.968192523151465,49990
171817,53.79816588322338,32847
150333,21.742671008173804,33993
124198,41.51786433241795,644
35100,93.25939899610731,24223
115924,43.59110617293211,18327
224065,46.2963324054083,26441
61657,58.384889071901235,26371
39990,84.37165187784362,7818
139887,22.28036137133839,44021
92461,73.34824358457034,40854
244727,28.000315896256115,9297
23662,46.537182542916476,27164
93444,44.52582007705687,48429
26768,58.397993992877566,31563
228180,6.25380425636284,3952
63107,32.855032528324564,17857
79205,53.26632536825803,5206
36884,9.152159795583652,15656
23633,22.097428938051863,16341
218143,51.13267013625776,37427
163589,68.41492659201539,31807
19588,23.49877975843942,16220
149433,45.47113002310753,34973
187376,60.99578518819156,42587
27649,42.34994529165289,33218
109315,83.12239184942277,35708
40026,17.900995588467232,3843
188283,86.15351882372444,31714
11620,27.93312413177131,32123
77409,84.87971395990928,21979
87044,95.25325005887777,5117
19020,43.511782878696835,15758
52611,20.42752863577415,8317
133858,26.087252150517923,34234
37347,36.02829627798953,18321
163357,74.93442125293754,12988
30059,63.313880823930894,43604
125295,93.06230872304816,10240
52445,69.60691087222946,35861
22961,98.82417844382789,35050
34199,67.2144751534607,39863
19979,83.2377245443405,23057
164425,80.83009921912416,43265
101917,85.26608833944262,30844
65358,4.477351856713524,24751
38232,93.46180170717993,10353
118754,74.51455068277352,29874
195455,4.352744058510499,330
168437,77.49995791046334,6632
117885,29.78455202877786,35806
125058,63.67372867858027,10278
141324,10.855339642199203,30651
180303,55.53757817712803,2075
31260,24.27561212594453,33840
195114,50.77570371189211,34089
246994,19.978276363698388,43410
220227,21.419510145114717,19404
91044,5.839674910143293,15607
119734,78.57735782153613,25196
181383,82.58235562355149,11194
84725,26.025031196824614,40685
89175,65.95247965756403,28454
168139,96.11661296176541,23036
148047,20.267514154915503,38526
106958,70.26621340350799,49432
171383,97.97736112447183,12070
117152,1.7910042886159265,24124
133983,93.52301987592638,15126
93842,39.52701466756023,41390
199005,17.525479159226894,5543
242205,97.874659496997,31044
159073,38.31621540589991,40938
205719,69.63934976491092,31036
128740,67.45178339480148,933
212281,17.736493566616666,39376
237176,87.92461576878334,16011
147314,46.36655727879928,34591
230422,20.072119874784953,34154
196552,82.78842681232835,44927
51319,79.07520594936906,40266
112014,71.72660187791087,21674
197625,2.287299812094088,42674
75897,63.328511034119146,31515
177539,58.12241202464651,31966
209431,46.66105500748683,373
230584,73.96188608087311,37604
246296,38.527223534427414,16108
234174,2.6120108399208855,11992
147226,55.53892607389573,40001
233913,42.0520926518513,34789
128952,92.15118845731034,24909
15193,7.513993824382311,7021
121059,27.743485766953505,26528
22046,77.04170059197371,7299
10887,34.29155631881358,17890
171392,33.57369991864417,853
100065,84.54525114462925,33332
191802,56.94866194325474,20764
125806,88.7177069187219,8457
214287,32.83405959592153,25565
36284,95.08236462919763,27795
247585,13.3572540064807,44513
195138,30.985892282050152,44876
238357,71.68304985275115,48524
228633,45.010535193557565,23072
77380,41.147942777337285,9728
8667,56.170626652260445,38520
248626,43.20294570365579,7634
165116,29.59040826009921,2271
102778,81.61933087781364,44728
123569,49.876980678580416,42695
44753,45.307790842560166,14983
61421,12.185294815970309,6209
41178,67.54318589046139,5601
96820,15.91656576694004,47800
28719,5.696921215034017,22278
188952,7.594947554019404,6204
186096,62.969802956211744,6348
245635,90.80504616454154,21572
170674,86.24908642831984,5980
222021,23.577265616873596,21646
180814,29.825649640424228,8396
74017,69.16614591409098,25709
47154,88.28245476604812,8353
227218,38.81639089014122,9808
96469,90.78837723784791,27847
87123,41.679078106377965,3442
211933,98.81045305385881,35308
28785,65.34274013257584,31046
241630,39.16284446378049,24063
42391,40.433203941087044,16415
189054,47.46009338015398,19112
179293,3.8288318467357723,41141
19464,95.41750644362013,23875
58165,43.592677103992365,28709
222047,27.213938412095356,9700
217887,69.65324333641544,38309
48277,94.54442393719432,41688
128040,93.72211549139747,19663
226378,9.868769905428904,48133
220223,95.1158331146774,26124
109739,27.649946438996533,35085
93749,34.37597479163575,4126
124764,38.975814825390906,3118
205588,94.86373302633456,41276
37050,59.93720532303192,7717
210736,96.76781065013459,1416
201292,34.78738392111075,7906
105990,58.77040963312012,31183
168181,23.07986711885851,23383
213608,29.82999973831302,12911
35428,25.08983597865297,28374
131194,82.41093074871335,10513
128721,68.97864864914224,42073
149416,55.67581043071572,38517
79027,38.005173964962395,3039
58568,52.21125261875517,5134
99246,57.94305716667094,37167
124110,16.103219226174396,26694
186271,61.050290738829815,48611
191619,43.55340021333999,8420
154380,37.60414705364128,24328
93747,50.024929951503964,24525
126032,27.011904931551484,8098
99172,12.43835095558976,41145
237822,58.702507443980956,9117
228038,67.63430496807543,22674
98403,60.32852795590306,25074
89552,40.91626009151223,42957
191999,96.01579744146927,26686
131963,17.119986656657538,19626
240433,62.10611551372645,4370
214963,77.59860081548786,4663
21928,6.199895307154994,23218
49591,69.43859409400356,24950
129992,90.46534245570729,2104
51439,59.03197079782058,36279
189091,3.5299719616687977,40717
70369,4.19512877104824,16993
73820,69.44013250273703,39388
177871,19.943348169592795,6153
49145,56.5183867453005,46196
207518,59.23249824560667,7414
237404,59.121548368687826,34199
122706,9.983355122352624,29124
198941,79.4801480805384,27952
185502,94.56722719399153,34613
40197,12.09772642278965,20115
18241,44.96764398789315,31537
88275,1.0353450731581968,21733
91271,16.796914654969434,14404
233674,90.85328717543922,38903
199606,26.65422488212201,42290
111095,76.42041794847526,8105
9983,89.10772677168383,15877
39817,57.82986618108947,42096
203938,93.48430463690632,10568
123041,58.399137479940556,31776
244269,98.74479584466553,27281
130520,10.441131266105904,4288
112296,87.22140901949511,12394
162923,74.03421662449655,43788
6869,62.82781208833263,6038
225715,26.14938489468327,16930
10097,63.9731559909103,40169
192244,70.18176751603352,10165
136808,24.102743402290308,48438
26157,82.8282115805895,12036
150611,53.31733769468023,5481
43836,63.35677921068751,9875
180563,59.99549357445375,32958
202265,36.13573670896762,9056
142943,85.74197592289777,14777
104290,28.271591317561402,3072
104085,75.10252284033665,29529
220818,66.58686227522661,11716
129952,98.31268217324916,43877
17069,32.74610073671,33893
159417,53.39485563781021,49681
41842,52.287999986288455,23889
203401,74.20368785213091,42313
240329,74.25663099626358,19867
202496,76.93004417744841,21756
41365,60.91736546150816,25744
227416,93.78357636422496,11289
144199,47.02777334188661,4598
178141,19.09571558213903,35413
240687,92.00973183746405,19979
249256,54.72362108524643,13922
34428,93.24984525021132,8502
74665,10.545077377167805,33172
224293,92.05136812350189,43850
223994,48.147916844468874,48139
67920,60.167565318762165,30926
70386,94.2569292614848,24600
177533,29.047049629345494,31013
99619,84.16422082031352,36508
189022,2.3453060655478613,27035
151671,5.191136289414258,12139
83279,45.68708129599309,16308
163805,37.84294954864744,4140
182688,47.52057986546333,9717
19105,91.23455122788334,34161
181756,3.656478873819835,33487
58605,63.56834538346342,36411
114936,53.26404317677591,7873
103039,90.58062026491965,19257
42826,55.05492091935842,31974
96435,27.690146934000357,24075
177375,25.91060653263914,40093
95525,45.76944102112767,12402
47954,80.9685998472235,28699
203700,22.093539282031003,24625
136791,93.43285139085356,31902
157329,65.309557534269,25040
94875,81.37461967955394,17220
46978,7.133032892710638,20747
243859,82.62187167810829,39364
168987,46.47325584651885,33139
75657,35.24713395264616,43201
31140,44.01185191657465,3079
225520,64.07343976947777,10608
112949,24.4288757820089,37966
111894,96.57439041159407,14814
130107,50.75340218856298,5547
156975,76.9176002337063,36491
175930,2.325361917628781,852
245016,7.706337710074763,35980
58199,19.268453495997367,20053
108090,10.91111700988928,5370
100596,26.123138950673336,49011
107381,25.16272752004455,24969
112993,12.020539001408931,49419
135159,80.55937635157312,45886
170863,52.061689449183824,6823
79141,3.208695604516871,11248
142571,24.68277363623961,44681
226196,86.14174986860128,3200
210563,13.348522189498997,16845
163782,53.00857125383577,32802
70791,40.769162076174865,9992
168066,42.24491131789574,377
39088,60.158642928354745,34915
213150,94.76438691581255,29049
195703,74.17869905810508,30647
168133,23.20980277052586,16103
246406,63.612794051223204,47906
49996,37.3304598067545,5068
132669,22.576367245417913,26444
233705,15.857083737786146,48458
149921,72.25741897628255,42697
172658,7.976684975745431,18388
174535,93.50966316010323,46324
112375,89.6142072968586,14328
203813,64.91888871061823,41219
230115,36.01326438516858,14554
9174,40.94184136886407,712
193278,93.56497237973072,49669
38648,97.14615602076256,10442
44836,52.58387498187985,36371
232451,13.699040250347489,35460
65435,40.83926590102179,9958
104607,23.704558264563346,21680
114295,91.65428593916414,31356
17260,17.098840116192484,48277
206382,45.30377674991136,37470
148464,8.756079373325985,21156
92893,55.588065650594416,35381
118304,29.083546202619193,7363
157702,56.62108453856899,41967
200589,68.78000179686595,19846
182603,23.763222651228737,28452
147516,84.75412660023484,44180
156602,22.785154745311786,39970
125802,94.34289022773373,25369
177762,14.35207635468338,20407
119045,23.800420154996804,26782
157112,42.364198926571184,35018
75076,31.010743792114695,45727
135608,12.505540398866152,38802
124220,98.21598534224948,25693
97510,91.79894046295472,30262
52441,31.46615433670365,33397
25845,52.411329738269025,41559
27662,43.007493718776814,29231
26656,4.985046487169003,31184
176295,55.27746552791435,10177
79547,56.178520955781146,13657
130501,86.14516363392036,7031
88818,80.01001222134651,32831
63194,13.816786909664751,11609
110410,70.90118771812399,7470
143010,54.57757614324022,15191
182138,81.38280219357492,12265
196745,23.209805497431827,46819
79485,81.45571815785651,45897
185937,15.319850770334098,11767
190058,95.66328031745851,47162
75811,65.96195293320856,12545
124694,78.71701641628145,45242
48440,38.273325686241776,47372
102170,69.84730009314315,23128
46390,23.211035635265375,44623
190672,90.46384477755835,17850
84303,28.573296934130294,18015
234771,81.65473395691374,9261
189178,64.00098770086171,37086
127768,9.563875213447147,17364
104470,52.12362781703434,684
90972,48.06281722697864,15824
163248,41.1202234646632,17382
209408,50.183298817517795,6859
194476,55.57908032024066,39459
68478,21.306804244234645,12797
7836,23.902051770917282,21737
139924,41.36862062322911,43714
115305,53.17431813815488,24737
35491,30.304498939233547,12287
63014,24.726085012643317,30887
135029,35.042709636657854,25304
118765,15.33975280086294,16178
138605,48.7360835421635,47155
217308,27.011790916851183,41991
70852,89.04324436764904,38672
35274,91.51374713186739,46650
97630,97.60113470241224,26924
84941,40.16873513385601,32280
239774,23.70278063808805,7555
96593,11.844321462736515,31721
13030,9.42360943760557,44302
144159,20.816985558043164,18157
58671,83.90254460157881,40815
103679,98.46648232566365,38305
229898,93.33439585583746,38435
236136,15.824019334921887,21522
147346,85.81844511556592,14286
60519,49.7269302416279,23651
172526,88.15249846308424,46224
110136,30.67324805277999,32414
147266,7.572734207008564,4113
115518,70.63928315111356,32328
36309,5.304582443740835,14589
59118,47.46885781512585,12158
227200,24.841872484594052,984
36372,81.4385896843513,29347
5596,50.08900851096782,5338
192398,22.901628889112644,17350
219993,29.903556448500595,9541
141348,29.254721079680657,19189
58648,31.588079880217315,8276
224944,49.58891843203152,5043
107280,38.61136395473046,26179
132074,3.2468163993497456,6523
91403,34.041216164119376,18567
149236,12.08510287774199,4397
119904,32.285295263021055,2748
132702,4.26954619040319,27096
237253,24.87481793217475,33485
137698,81.62442919860038,5321
8951,26.821163788944247,36015
219760,98.46073274755351,23474
218586,8.967089554337328,3428
189226,48.24025465251367,32149
219076,91.1576701068287,40650
159241,6.090566529036244,9983
246910,37.51066365218368,10066
146761,6.731026637539465,7169
97432,88.7112495059314,13266
180781,74.67948449631727,32091
224801,60.3411127802603,11737
178165,1.1601730258207876,7016
135898,10.948233845891242,41648
60427,25.066120944501677,4435
208408,92.20378168797544,3595
44522,48.65444848050418,9945
210400,62.77799923243213,4674
125891,10.859032469712657,22067
210605,81.22437334004366,49420
170216,58.52137817058494,21718
17426,51.5596408704477,39503
26021,32.3210191967665,46536
101420,88.10732385413611,11582
124404,74.42542871291957,35293
103696,20.80488019678224,693
144042,17.471291668927716,30952
36317,66.6253716183677,24188
30382,86.88031256654895,23310
220117,50.307512887403384,10754
227003,44.88027369841504,10752
28702,34.687160489193886,42111
27432,37.79581164560766,11222
9977,43.62130622901419,21317
8520,33.0977354520857,34416
93999,33.27332181995818,40704
100717,11.926686502456059,38314
116979,6.793856109451063,27385
241570,86.08000301593506,35326
163356,90.86302676684407,17895
62475,6.352684201688072,37574
179606,48.168720327363914,16104
211861,89.127601716296,23119
150127,33.82056208837019,23860
51895,1.257531047406545,26340
187483,97.03363625062339,10295
34213,58.16567317765938,5434
73297,61.39627751724989,33015
203327,98.20972362076287,27949
146758,61.47778297703489,34080
39119,96.87642614326408,34072
211048,93.78997057022993,10270
119085,22.88771713720933,808
209097,15.34876126440195,37510
198850,62.15989463339874,44198
25439,74.11962365441329,38319
95234,76.06807344423166,6562
77505,18.77375072366006,47626
10491,4.952067451339967,13785
151728,5.509459057851345,5012
85238,76.74690612096366,12770
196856,92.07543458421655,23299
210603,15.65813844194075,38493
83435,12.508243860555632,26284
229166,73.24417376540708,69
142113,17.22670613191263,37003
131097,78.21241329946265,48597
245717,61.70818776182829,11458
144658,31.042751782467885,35680
116856,62.02486287769517,16018
100418,93.91523639922141,7678
100106,23.101722306268,13142
27154,97.98987593267616,4011
185755,6.055514560698313,14073
243395,54.12653152283538,44210
160981,73.32049512306034,44903
110874,7.062392019963931,45759
249515,79.62672940329807,36801
137044,1.5887101823953496,14081
122608,92.11679726613052,32563
65005,74.11691026266398,28274
248777,25.304445950186956,32575
12293,55.62990643143743,44290
245321,25.52068710875895,30557
81950,63.26359252957229,35766
62317,67.06650345438946,14957
22570,84.6605047681238,24145
121950,90.47999439080367,40858
132793,30.39722729172846,38443
53976,18.559729055465354,26190
98601,54.6702975480523,47657
146591,81.4450551427322,39781
92649,8.481189010264945,2356
80742,31.33680677366146,46911
29972,47.457558583089636,38438
121643,24.813310451214104,29228
212056,34.66966213107233,35658
95768,65.86871226920341,31944
162302,51.9197304455708,38568
30580,73.68419865737148,28101
86177,83.95942597654427,38392
214020,87.44767602880088,12696
223554,84.10003397377402,30643
149783,40.22403526990201,28682
100785,91.40802136054259,32518
56125,37.935958577231126,25040
14195,7.866969707236065,46562
165857,42.05179970823841,33567
143974,14.094321428156707,30777
224238,81.63893389185657,4263
184081,3.4783188679688113,46010
95629,43.635258476678295,22136
86012,84.75514407000325,20578
144410,34.27179541129581,17283
81154,70.34707290583768,43178
25759,33.75979946452313,23416
17963,41.14391845661339,42772
201023,9.176797748657345,47769
37182,89.71951571394423,36851
76318,98.33055217039907,3498
48935,69.20276267380628,38483
61674,37.7750433060933,16557
152073,22.476455880621394,32840
38466,98.53288662850932,36507
7687,73.90911785267238,43214
37631,61.20527944897518,19917
41469,33.671833797538696,17353
75862,89.37884051255436,22139
215194,62.59083032894644,5960
25104,10.067649973125434,5811
194339,38.94599352247224,29156
209531,3.4093665712997203,2738
96503,93.26587347591679,4398
93309,94.4316780795681,41779
226415,1.783963379810892,1390
95046,55.070285698590034,45812
50379,30.69766922718776,35061
118255,67.23101948501082,10503
102066,67.58100554004048,46728
145606,16.41317690740528,30015
213719,80.8239767154788,14262
147016,23.077940429094163,22217
205867,81.16079673117115,13325
214276,61.65179956524781,40685
144903,23.96992650477296,47794
244207,25.05133259583354,8157
141510,63.88598440482112,43518
197229,91.18371580252187,21025
17251,14.155857325361055,32431
218776,92.39621880638363,17880
36169,52.87411256201681,7887
54210,11.852170434912404,36416
111191,85.87024070072991,49907
87702,52.64941800596703,4032
54564,83.2907115415201,1402
165733,15.393483506451698,8411
5363,21.384290067118346,30164
62691,86.32803019926513,33440
188561,19.370645558694573,27645
120931,24.59816958434231,41164
139508,47.439648461194096,20976
7967,44.56416467225266,33117
108441,22.98194839541193,43923
143221,79.7844681798157,30317
67956,67.13974553449295,26448
67010,31.54918257898694,46477
12545,84.71793889575977,26960
149922,67.10748202223375,36038
132855,70.50503055579345,41347
19998,89.00310045342812,48426
211801,67.89713943993723,24084
13294,32.572723237454696,10085
171030,96.15322277995821,32486
95728,76.5557936434493,47431
61467,76.24449383026227,11111
249466,6.436833748227869,25834
249736,47.605308335032305,19065
32668,81.76963379192014,28586
116185,53.689336707967264,14644
160137,71.90697449577014,36473
95418,53.09704766899841,735
99214,63.50496947232903,13596
224811,70.9689328736354,27279
161396,88.2106327341002,24749
200798,45.631996767078455,26192
52934,87.94446827315656,21540
195750,49.239223172617116,33742
211710,33.63043730794915,43824
148798,17.541109112587208,35942
162070,12.354349527255392,13577
83026,5.543458062316129,3240
100759,81.72448198233079,34719
103451,77.99794158197946,24717
78047,56.99556512250079,6715
152150,58.46808248927486,37785
88210,74.71041882041925,40157
212070,30.84388861851322,31310
97975,32.18207873936614,34014
6071,87.58393000692934,4669
144516,88.93003041363866,8027
7675,11.105066112569565,32182
206981,11.659607928361547,13901
76831,96.01405214397691,32293
65769,22.037537027014118,37929
51891,36.48240515501697,14790
179627,51.15947678541633,42381
229486,93.6734405391528,33891
24273,96.84623447641816,38689
141752,42.462869751574296,20202
113329,11.269090348085806,10715
239508,40.32765120433633,49025
141273,39.012801695415604,22860
61881,85.04955453890908,35438
71601,85.83907547304439,10721
194267,30.029147321240846,22502
88392,78.46621496584517,7912
238980,8.137993236398028,45374
176333,16.979900865686446,17035
212862,35.572809928580526,41996
158582,96.80053399968709,45626
69134,93.29036063727224,32970
33576,10.411429350255375,10691
33457,17.67287177756898,4242
147847,38.63369492282873,19391
58970,61.46092906045636,20391
86206,66.00172038623354,14157
59350,70.9550463460708,42628
173349,2.5327991299408517,31904
169353,59.76122846216861,34227
20373,31.290278446446997,24538
176095,8.153880018846612,43959
203504,30.63567837400562,16694
231725,21.662605913226077,9528
98735,51.589067320907795,49957
185213,90.39075156537959,46379
85137,9.585676063518505,10126
136910,19.223518418129355,34599
33463,57.56929524159301,1690
77536,41.26374770379484,275
208978,69.42847218487273,43830
247322,51.74426004186961,15723
199488,33.01989002774577,25606
126258,86.55466112343025,7724
61586,20.947491706076253,3227
52123,48.17522612236032,11190
118414,20.34795078415331,10846
55114,43.039875919428354,49371
78674,44.19857075660592,33048
173768,6.3628430200995325,36354
114114,71.29660719702194,23943
116361,97.65517758209214,48294
168236,72.66392476843883,36898
203868,52.089047847244345,35428
79400,50.80493278225284,45750
159838,46.825000636752534,2661
244052,41.0881911695002,33339
5197,92.1138433054803,39538
239997,87.84478257938511,13389
204041,81.86098661376505,41728
244290,19.328314850085146,30121
43465,84.73627499529626,21085
197300,66.36138566149383,35101
87309,67.99957474316618,33270
86707,45.422920274247126,18244
128527,12.331887939746702,40599
37578,23.06773742638622,14578
213613,38.676989536541186,44483
56680,17.07032534154191,24561
39474,58.19620493459014,32066
72103,32.56676760987793,3285
106146,24.330882691254843,1599
223581,80.9778044675392,14638
104225,82.98934591465242,47667
214151,22.090003815041467,23267
202226,78.10163072851049,8051
174461,96.59846349058898,48174
227373,25.29484308836291,20206
194530,6.35838268509308,35266
53568,90.10342698295298,45692
84237,67.95797174473131,30122
229078,44.84186860396901,34987
25616,9.875147992310483,43891
76748,71.00339181514526,17914
156109,64.9151487099851,47789
176511,60.01054837538647,43662
134913,76.29113806771039,37343
22363,25.300859993682494,37702
77602,43.82166401213934,354
52423,1.4397726476074637,28451
106433,45.784651083206526,819
19185,39.4419622199574,31806
210356,41.715307787708284,1510
194568,50.21266518140468,9169
148764,34.05456630460006,4431
75456,32.80300717127141,24661
134459,50.18881001935527,32114
48548,3.216088153113363,6361
124818,6.149125359666117,23579
46239,45.158777605169306,36466
29689,53.70466793552728,41760
108775,57.59622711442383,36334
221174,42.6625171477984,38544
87374,5.146052784970001,2469
175545,68.72714765394804,33157
141098,69.26330113861621,38237
175089,89.12400801946609,14119
212188,44.295415132662406,43890
226005,79.16445861537382,18127
125093,30.324048167785406,21649
200939,97.19507276855012,46950
184133,41.74193086450101,14954
120081,13.525243632461287,20821
137947,49.16497269928278,2965
140977,68.14246874930676,43810
241394,59.53646251431503,5124
31947,2.314977923603957,39050
80898,58.428585924450886,15883
70907,70.02549608105929,19326
207550,7.80572468471324,4060
150980,10.651061818870952,19793
6303,94.5636268020727,22564
63796,77.93014389799532,20242
82001,11.695392020729024,3343
115554,58.85404196394007,16221
124083,25.148940502415908,10265
84866,57.88360005656498,8330
48992,48.8055216544324,16339
171339,36.54512112094881,6766
101007,57.84879299703891,27039
82189,65.12024279700387,33873
55653,13.356887225591034,30662
193915,53.88430936148701,16401
117254,77.1901873221387,46069
168898,96.66838768602727,18922
123315,45.37466293448217,2490
234969,89.58846218369436,41095
61568,55.713560117336925,45332
24259,80.20420283874707,9476
17546,79.2887817241076,42170
66029,77.98148589060042,34365
227070,54.435413148666235,41012
67124,26.856899471953007,49164
227016,58.38253787968411,47983
198761,39.12691670906088,20926
46556,54.456919277497256,31366
163423,9.259955346042048,14538
18299,16.00558179937436,40519
45277,62.677093952380254,14540
154633,36.63532532116543,1325
120921,45.262497783920935,25206
15267,40.983986087409804,48641
105120,47.24225508831288,45807
206854,78.64453175209385,24820
66202,33.46512419998932,45996
195018,61.99993289425734,19792
149407,1.0326537922367809,46984
157952,25.230187662061713,30088
68850,78.9143653296926,37587
163681,51.42585534616785,20380
165285,56.484834176132836,23055
106352,59.8619169807536,7115
103874,28.360463161619546,83
40192,89.07510634778578,31248
130869,20.465216624838124,1078
222768,54.83452954434135,25963
8282,82.0129587666967,38904
225945,46.16960091568227,12058
98580,69.5342020523356,31095
64329,65.76751549385924,2821
50209,25.827927347956646,29570
123682,54.5585100047947,16139
104569,42.850055440789454,19298
34791,43.050761991392186,40255
64461,63.65309209547256,2832
219722,46.531072202697246,17843
161178,90.49932078702518,39714
54441,46.21574073505658,22484
231485,20.485919346453198,28645
85668,69.60891623742376,32121
136271,63.99039140614349,2160
179848,41.01961341836503,14560
41755,45.208032811254874,36915
86134,21.894757408928715,17023
158559,81.74479107751868,122
109064,48.47106249136184,30326
68719,30.16433252405055,17135
240691,53.65768688296313,33122
39158,18.192806499750397,22141
94879,83.23172234140472,49123
136158,60.34669807744913,10780
121843,23.083449591473617,5193
100555,55.92959913370402,45902
84149,52.94541799869248,36960
58837,85.42072357106383,25214
140597,29.781101686858783,40975
126170,65.34547575598565,911
139256,23.85267957822928,34138
176664,1.082727106251622,18769
178639,68.0519053013003,5658
189465,66.7678806366148,46506
111486,40.34264180310358,8015
231353,13.832593064560573,20010
77397,1.4350943710259003,19977
51443,52.39829311624228,45108
98747,65.03615027966718,21859
11412,47.50350067924896,2568
115277,89.58541333421354,15824
177608,30.93818489725194,29826
236042,64.36003810817174,37973
80150,7.853337183247508,18900
84706,96.18654812356594,24408
156856,16.640388028949694,42762
219456,50.138501111040775,44130
177209,1.212437971481096,3260
166728,80.54063016731662,35825
14940,97.04556846203056,27253
228644,9.201460828208704,31480
241845,66.3533113560813,160
150440,8.53726950776253,28431
93775,62.54991625990076,37957
76744,18.495052469546263,11079
55203,43.4907304456474,46008
43270,31.97976994439572,5799
219702,76.3017107919466,9895
196741,73.9408178900165,22376
30882,45.01463561464405,540
190665,2.028193801245523,41756
217236,16.737247402292333,28127
216852,24.102895166715818,17024
80705,34.341801728672436,1610
239621,11.65312027805248,12437
165482,83.47420064849778,31580
206079,58.2834651479914,40102
157156,19.943287292344312,37846
219277,84.37120546988989,6703
124046,19.9280987114988,39159
247734,10.40478810012696,45552
101669,12.591966924346938,5565
147597,92.38725832475089,19518
89233,21.46672132202079,23405
54978,69.71239899302742,12651
128533,20.418868818130296,42110
168847,98.32058459499483,11837
93750,34.26677517627693,45933
168159,30.894686831461016,47073
168025,94.30498533750648,273
112409,75.84162901287928,33914
137568,82.95441700110332,43089
53909,19.12872330438445,10127
185269,81.49363315901861,9997
193458,76.1644821310083,14663
191838,76.24787318045429,49002
10947,36.055875414334245,39044
97674,91.31040878772313,25663
147230,94.21121490147793,28057
21420,96.8884175902943,48968
190604,93.45264354325761,14040
150812,83.4660573614482,29543
49202,15.714684623059963,45749
33658,74.79739619990431,23791
78044,57.10512697585172,42136
245003,47.848401372018536,496
83740,43.71948087583322,42280
91453,78.36794174200406,3443
35931,83.00365458303472,33096
24525,15.468838085947489,3430
85295,64.537697084531,646
195557,34.20035516412291,31176
243580,10.837239904502209,46884
248435,87.98316503264051,21034
16539,50.80562984705086,35474
38065,55.0347711835875,49725
186924,18.64849930931447,34775
187793,28.142638398457617,17486
96275,9.836612180469972,34846
206015,98.93125865939473,35727
94619,22.95426533770988,31926
222805,78.86198770537078,19796
101238,43.91651033035697,30786
197496,33.18010803581179,26517
185374,68.50063279717591,46733
210850,73.546599054868,3846
66039,83.96181800158728,27619
239022,18.490331096382853,21550
73267,55.57185034997358,48073
99745,59.262098702962874,28834
135839,22.154177523446446,38409
68368,68.46641087795987,3879
155580,76.63463447156015,41383
69631,51.12498159529839,16507
29200,23.85518008993655,2266
247499,53.284380035328056,26160
208143,79.05593756711342,40531
7229,79.0147735256534,21276
188092,36.81859815606227,24086
236097,22.351156688857376,40180
89417,24.619620022142616,45372
226158,43.04736333012916,39795
27356,21.597652789127665,30276
222240,43.92326657988443,19076
179364,52.0952264395402,37903
152720,28.98414185330156,12148
31286,26.764961275762257,30206
21714,27.93731751023672,6408
103441,22.816186073894045,5915
204864,12.371794123021196,45072
78607,80.52053233117822,23906
52063,54.429953704049154,182
157954,60.34523087678595,23197
146136,8.098569358812085,3835
147296,18.796241193531394,21323
209921,97.08179629092815,48701
58792,8.337726403890178,18185
159667,54.65919338183912,48559
19786,56.541434662484875,29471
164222,68.79173738781725,43633
237370,11.340321948350592,1920
205505,5.558049422332647,8333
23189,55.60800986737448,38399
236308,80.85055682349126,16358
101674,44.15800438550773,17193
220506,81.30040641929845,48999
177030,58.85518597117783,16404
144470,50.94546896274087,9819
65623,22.720567321643557,10260
142981,22.764689367526987,48256
160877,37.808968230757216,34635
86084,54.62337099490755,8493
30777,87.74399217782378,23813
202426,14.34222933189217,28503
103160,38.26606709715012,7314
154076,50.03062752381084,27423
90870,81.72288318575596,21751
140325,52.51678011581276,4846
91695,90.49959782996464,32053
117690,60.73936816298351,13529
200435,70.0208274220126,28851
51337,55.31889550097814,15148
81027,96.45968853778852,31881
73885,21.95132124637549,8615
55620,81.41085883864503,31693
196892,63.61237410436891,47030
95182,31.796067312330926,37040
119112,69.19394539639136,18976
42149,62.24797477114019,31659
74700,91.46022524839513,48701
15913,35.082617193234135,2943
188932,47.68360178302773,21318
232057,41.04929799351661,28573
157326,91.55717775792719,9406
39362,48.20861816550159,8043
211435,48.0734173803564,29041
60305,16.85474766588527,390
190911,68.24777893400022,26809
67115,83.91375008737047,3657
246853,43.51385057589108,24779
61899,68.37900872463293,5337
225030,86.40387440831593,30589
77949,96.5721441784378,22885
48842,60.8213223885466,24292
126191,30.11187770275882,29671
119729,10.768292294710696,42147
121089,20.407043530856882,16248
10114,90.70226139328415,26699
214319,48.768417446739825,48797
125535,50.64008317234247,5939
58999,51.242348767616285,14380
6029,21.7136323015355,23130
132144,59.67493846359386,18855
15818,75.8928781822184,3812
113167,38.607532724201185,16128
192277,91.29458086797618,9552
183200,57.74357771028768,27470
116252,6.460417566784287,19041
240138,86.17377465217353,2509
144328,62.20262309861828,30619
109109,30.673556294274338,43150
214727,10.259658754966054,38325
91325,39.3425414947826,29745
7616,43.2177752842886,8946
240245,53.58940710927777,38564
115674,17.8681581944557,25458
178881,65.9922349136575,39586
49827,95.90034400140625,5773
106635,7.044672763973781,4442
40628,27.081256055153464,28552
67468,71.66071551216656,32573
143507,89.57172860083902,8610
92972,97.131123201006,42737
226741,97.2059587825658,35923
225391,98.35558617302976,4589
9029,63.881823532516464,43491
248095,45.39692020718623,39263
163831,79.59343468960293,43557
236302,11.843280855996621,10548
105180,32.148606659568046,19006
132025,25.077114265954727,32723
221305,36.67529526135749,22871
29632,27.17416776511554,27143
108545,92.82860777248925,35432
94892,14.509459412222167,16233
114094,37.60451309883316,46767
228362,49.17997365075129,1859
247262,69.66038999324856,33041
165876,9.957407704342359,5337
175421,94.33319421485356,19200
106809,51.63580057901825,6342
51045,12.55661785699804,50
145705,55.34020735100675,6770
121149,60.674899871122875,11855
55644,75.88907686975924,48806
140307,61.567723070805926,8270
59697,92.96059991254562,23144
191411,41.678317675716734,9409
145712,68.92721592514044,35018
102335,55.2838317863651,35280
99711,52.59698002533768,23406
106865,73.6041773055996,27256
230738,30.425157173820494,49819
145539,62.77457651262862,34790
115414,95.7709945746978,33790
86438,21.843836106675024,14780
204459,19.980690573423896,13459
154652,41.905945550197025,38354
151769,88.1373963945571,31221
227797,98.03393047230553,35602
184219,48.00121725711385,13707
219838,51.041036056630354,13378
199726,6.846714519946176,40293
207011,93.55545553667261,19748
47400,37.34666686747429,45886
63067,28.052073190821208,30563
19094,59.59028583814808,9891
228647,81.54752454527991,36176
40057,16.26489979036851,41486
198515,11.282717992667635,14172
220414,33.54232961965717,8236
242544,2.2012603582812424,24408
193948,9.877967413137311,22845
194571,6.21007837431823,1992
177974,33.43076319097374,21115
198023,70.70216616819528,5792
213307,69.70609105815718,9589
185523,16.079505114966786,12523
61711,82.98897941339396,28291
147000,73.98271156047251,18700
193184,64.73229092156296,36288
100836,48.33417146971699,36133
216698,11.585306187185553,29404
88249,55.85384056131398,10274
78260,15.41507307496229,1152
131479,36.353243605531866,11748
23642,29.872675777982554,37022
194230,44.09486945630036,1525
145768,91.43087210071603,40308
245052,96.72318404583764,31101
113592,91.46695055113751,30900
67310,25.51665816385456,8888
22871,97.04724274891068,26609
87977,41.748295821364074,7784
238542,70.45970530944089,47508
88223,82.27641633293989,14582
118285,15.474410063604816,48780
117776,40.906243634968185,15237
135318,56.10148137169306,29994
140740,47.24121351080358,20745
169972,76.16086069902535,44176
53836,96.42586109186699,13807
244120,26.17449021071576,34099
113765,86.456682470121,16339
95051,65.03847976434929,22963
154134,17.38390453810826,6913
161735,63.90678236795443,5826
101282,68.46554838712684,45659
224579,78.5047887494826,39014
223896,93.57034096478094,46336
73476,57.594735197469944,21359
59746,4.349996207269387,47463
201172,69.72154743314037,35212
42781,83.59682225350903,18490
193137,13.103445709048067,10050
40329,40.764029535454675,8188
87068,62.689342544897684,33767
147448,89.71902316781731,18202
152697,77.30193254148895,35632
161454,85.72802285736482,17589
122524,57.81069253227459,26644
169280,82.53526656609752,16884
200131,64.85426796131388,5630
64180,7.907174548355677,5405
232785,55.50153578033151,1174
61491,6.047589216432135,32559
157482,28.196923399510087,10312
88574,10.05903597324992,826
126841,82.64898700218433,32945
154254,17.711898494890463,44693
111224,12.444629764865265,34363
147198,25.526695978387256,23526
11043,35.59371660551828,32031
128996,81.64761971095527,14043
222982,67.73851276729918,18204
26805,98.58479059310942,49592
26239,50.76436435636533,16150
19750,32.475699402987594,6710
127404,54.35130010209772,36052
133796,55.41671287724948,48248
212975,30.570540796997847,9900
164498,60.0475369193425,24259
162798,53.76918149269513,35390
139325,54.442740659209136,24007
5212,75.20025882785906,10164
228794,47.99961413223392,8284
217751,50.503267762505466,26079
167178,41.89492476187267,38697
30487,58.51109117788214,35384
34947,78.1563482804115,35419
92517,4.8419385090527784,31666
202504,11.878600139804115,44786
8824,38.6048108685008,41615
187703,75.4538619848754,42957
232532,6.637808817819323,7471
147053,10.261992982053478,1503
180633,83.2036835530834,46118
243152,76.71891817528291,34045
199701,92.79169600966542,31207
56054,56.57809955091128,18023
205549,43.507516407335395,24650
92863,17.695568500085116,17262
128699,42.20868967200819,3273
217086,24.19887074452776,37054
236445,4.475593764913802,2804
211077,35.02673017739697,7998
214938,89.84034134425836,41364
68725,49.12536501776036,22692
47890,3.4721622574704547,19765
138128,91.44970841310023,23070
232334,57.57392849992668,38061
10381,69.32181116729537,36848
212831,91.96323352981074,11534
69815,97.32773171216513,31108
12649,6.798105648520594,21741
35174,10.109683511464402,37039
37499,5.245107681728984,9125
151238,20.73062064402238,30745
171881,33.7914495678429,23045
169460,5.9618455661421965,32849
78789,50.05151876233979,42391
28723,79.23249722910009,24621
110821,57.18295042685375,9567
191185,17.450516770541096,10203
229390,72.99996858612838,14278
32682,56.778971917422446,9253
59625,88.61816469612401,6301
147212,46.453936225188905,4117
222926,39.252781737578225,6187
57490,11.463820628689001,881
241806,24.041853233678257,11685
94133,75.96382631782973,12961
182651,54.17479664146136,15911
169133,73.93028139656867,22774
206227,77.00844897622197,11626
12254,13.041491026575649,45882
82580,78.79253951244662,11946
194234,78.90125947456286,36455
201210,60.56880509317972,13867
88425,24.959874049476444,43740
95553,42.269821224477695,24081
39727,67.393204244312,4160
170044,75.79006304681137,48863
203806,87.00248269898252,13626
233424,80.59937220963862,21901
16791,17.521779874915556,2553
233606,52.26960872114245,26054
62241,84.07863525625525,45353
175816,31.73110791805638,14978
114072,73.77666078702754,45968
163924,48.34188113646522,16877
169999,53.57134698218385,44778
135883,8.113699990092314,35505
159712,66.53844501815921,8173
52163,32.660388263199835,41393
181264,38.64373147976952,28491
13006,19.873425159705587,39407
115069,44.38228175542858,33059
109052,82.8186009076882,48392
17691,43.616736999820304,4927
135538,66.90428536423606,38808
16700,41.749692660165245,45683
113779,69.93029482125533,21226
243515,78.8765732608587,31284
233516,76.53944162702975,25283
56794,35.92138670591597,1737
109303,2.1406269271334515,38166
174996,59.10647785344371,47960
168095,52.80339832706829,20050
45210,59.54925986383393,5658
52685,62.98020589296553,18303
149404,54.40270846875752,15313
42465,92.19454717219402,40046
119588,65.48046406012521,44040
104023,72.53866184129535,35684
199309,43.34313274950415,38824
9599,36.451287190985916,41933
184610,70.94007127866709,49406
54747,81.48093019639296,35516
152074,53.60904214606816,25473
135022,95.98011471529323,4491
194898,55.45007416901701,44485
21898,56.833565698411995,30894
33606,20.86421031468357,46247
69419,36.101365024924334,12044
187791,17.22115948587418,40247
18064,75.62007989267009,22861
176971,9.433023897389834,18660
228226,6.414026339352961,13925
249089,17.120493670305887,32270
133614,42.18933361518291,111
112933,23.045492988057283,45449
19736,87.62140052375064,34057
157810,30.734414116482636,12994
117541,37.14125712231487,27169
153318,25.67858906034692,3999
69512,6.3584302306834335,35933
61239,93.34700350113675,3179
67303,75.88975304097735,21425
197452,30.328628208636506,3561
7605,58.960268988432965,20005
192969,60.0411221913365,29725
29120,19.077613445642694,29106
23721,38.7065752282671,21305
45083,22.528499382573834,25258
95306,92.02587730150056,8783
242526,59.56715799208802,45385
187213,52.273053651818515,14941
216799,70.5065584867652,41757
236025,33.025002377847095,17690
111611,5.260164554530002,5729
174455,69.7643762257361,39680
225638,70.38870314056135,43668
89844,46.87325807998117,39323
147224,41.03471342449267,21548
175574,39.2168449983101,2198
49764,16.86952593265883,29851
30382,32.86192524454649,37329
171222,13.998043350127146,45539
116730,43.214395914570375,44651
79594,89.29315142775778,33772
135174,49.34742046197671,38597
144624,83.07870157416802,41074
73891,70.45388786527448,42018
119719,78.46425744063234,32385
64638,25.171536842748353,39719
65132,87.15287164084303,26967
30852,98.52442550723423,41963
11995,94.19486363771756,4506
44291,55.34169206662406,27131
184798,7.520589045245309,35842
70141,27.30562265033216,37306
42691,83.77195778491254,38110
90729,62.6860962411388,44058
55568,29.375537101763726,41781
244980,4.937430093410649,30782
225424,35.23327801200746,27053
179774,56.71123794468738,28841
236167,63.44748643341717,4583
32848,61.59822091787912,34950
187336,59.18899101577272,4505
113012,8.200751259232455,34948
169683,98.17633324712608,23911
168773,5.774878896217485,332
63883,60.34391012566484,13318
208599,55.87330187613692,949
99789,5.724662423955983,49084
77146,5.331558332460917,3354
151365,7.815559260196763,5751
58305,71.17757718965368,15123
20963,66.22793547740419,29201
57547,33.34337077537273,11649
72390,51.566151978609035,33594
196853,94.79797471711133,27796
102336,74.0542548605751,46837
145157,51.49716736955359,4926
163572,24.674848137405487,38813
113211,27.574491506760832,20994
239279,49.71805048929652,20524
54783,68.47178886148106,45625
160338,50.612987298504024,20348
122209,71.68180027708057,22047
75036,7.717000045830065,13359
175733,76.17455801107444,38796
68116,39.89621950021112,24445
194239,54.810227542596934,4132
63128,57.46048555705062,22585
243646,51.44970929629314,21334
216733,20.521004185898413,12890
35058,48.02443767673142,25322
131151,73.06743213224524,16697
56234,3.6326837276699355,38593
28765,51.3893494633144,5186
30940,19.31960575621335,14829
108892,24.422045389397564,27260
223221,74.1800090961645,4884
24599,51.73444988183845,28749
97279,23.088735864634394,7424
198461,63.34643282602282,45299
180031,53.55714383716482,4640
46692,78.25351192074365,19187
212754,48.51167446485247,8196
168073,86.24325498492544,40591
31029,9.79026557311902,14958
35184,5.4652816399483015,15392
248811,91.7329008651823,49069
75312,40.12348411131126,41148
71051,49.53448833921199,4267
144175,93.78980023587619,34843
227967,24.289361399563838,49469
239931,74.10825045212957,28515
115235,13.265085668447131,3950
140464,35.558829863299174,46945
183797,22.46583733086495,2373
149411,43.67921987362232,41987
126431,87.60821553072043,46568
9879,45.58244538058787,44392
73230,63.86750148406518,580
198419,33.11119278993267,31925
66188,63.03636109897374,7805
89237,47.27801036661186,6144
53712,83.85057668206446,11710
112772,25.603242815962403,42426
119075,7.32358839411802,13200
84854,51.85319936647989,24925
232461,60.2830200910405,19292
133615,12.386933044449844,30146
7107,80.79372680595492,28533
194004,70.79783295132962,30648
129500,88.6568431421906,8336
83422,34.473185961040244,37484
151350,55.88914173081419,40142
151634,70.38279406006573,3736
214728,93.59107358912976,16595
10817,4.989606214512106,11504
14339,26.259814715163017,40686
102917,11.212040189401497,766
151386,82.51254919239597,35643
151074,92.59156733723025,21927
209746,97.8614048039106,38638
67737,54.35469612213643,11514
88803,10.252115363087178,788
44055,19.12689853867832,37787
114888,88.05156116780483,39569
133224,90.00204742517877,5403
27944,67.04146459845948,16847
186706,80.02278980774865,21588
236587,60.76015192955525,36796
26699,73.19149427904108,18060
144072,64.2097105230959,8903
224970,72.79004741934291,8381
42097,5.551762669170054,4587
31906,71.06689382313635,36521
44415,56.186923522737736,2648
237958,80.6078336662666,7672
83715,51.371634596050555,45277
114597,93.39593760890439,19862
32823,11.503832123635814,47289
5735,50.89531590911596,8521
72807,33.07527763700932,26959
159193,39.915995481777756,26860
247690,87.49959784014229,5518
61266,39.157181996746104,35240
163929,23.73912373821949,22171
133857,49.66639171064751,35325
78542,76.03724322372173,135
168053,61.832405833175514,34809
235445,89.6061894702043,41493
80482,20.761577875983118,28964
30216,97.02625894118808,34459
50576,10.612829219154943,38739
7962,93.78570931421444,18339
236482,35.040575403214994,48838
25460,27.346903854063168,10678
200571,39.2664497134346,49323
179850,11.368911384209627,36852
34219,6.487125594667903,19736
238920,38.4310157090898,26443
9431,43.99818652738071,19186
191252,58.47077555147841,43293
167291,57.15345207034957,42266
134118,30.226539921859345,21737
240826,71.46769475147487,19864
92164,19.101714528581574,41700
68214,35.229438894103616,15647
216600,2.6659390507198264,47213
96419,16.646001041942313,22961
197944,65.64778198853011,15629
223637,98.93276636596171,15194
132712,27.57999981948928,9594
82668,5.787230196809806,29495
129607,27.518680188508014,22755
178898,75.42455241643,33495
173764,98.3323727883855,25582
87974,2.5813688964994683,2997
141895,44.01804809434366,20546
166971,85.86432415648862,39211
55977,7.672055754677592,49911
178193,42.07557992640167,7171
98986,76.96182466595204,30967
235897,64.69853923282872,26278
94000,94.9866994318681,41023
153278,8.701327555897523,47466
104285,62.0996406345235,44104
164740,97.5911012312622,22806
21316,16.813555336058844,20093
38476,27.147698215799085,27217
67879,52.83080215807661,210
42623,97.40461241815112,1630
122206,17.65355336648538,47611
30547,5.6982717112684265,2001
171845,46.532683363535,17640
161069,47.24434656877137,15914
124740,88.19227382722892,36752
12013,77.05187999041867,49135
58645,90.6231497955572,24630
155007,44.91999946375654,19993
83063,71.14617741269167,41646
147331,60.70584167034729,38072
46354,62.64564552927164,29378
119088,70.83037735202441,32261
164188,85.81942394150374,33634
134080,60.346136747773954,15035
5395,83.25264309200517,36265
82850,83.5218108079071,48457
233257,49.95065455378916,13852
78106,82.28328799317724,33622
29706,36.31926299134874,374
145970,55.57315133118904,23863
79778,77.22219203473303,3426
62079,78.41038324277444,3778
213984,14.500319054420128,23706
81721,32.67172260364354,10701
66521,4.289160332044691,14700
162294,94.87813012423234,34734
229456,64.1580598090214,46438
133450,56.4511370816853,12295
37584,20.558308181201173,6280
79614,95.25930036232118,11595
84983,27.246323007099868,18373
166357,21.760207537957083,4456
169523,52.35594507557583,27080
157432,24.77125975618843,40097
119300,44.98747458015418,31235
148623,8.13859280539527,36231
191752,57.25962441957488,39730
233954,44.356460196599,12585
67333,97.75413691290353,39314
249360,52.17330569608621,43343
213569,59.75811923738575,12563
30844,71.36242344726188,8464
245734,79.94647119629178,15612
31984,76.623162398245,17150
145654,98.64694683574619,38514
75055,91.98745800287911,11075
151154,28.246438420763244,15712
22332,8.684445134569764,16598
241015,6.971926979495453,45179
148162,11.443826116410008,31052
75231,59.08209626726405,48319
98209,29.768760650984046,44870
60585,63.794061870008406,9738
241233,75.26608533942004,7423
180760,26.999238659721343,8756
70141,73.54619870484007,23550
47951,35.43510152334903,1061
66273,38.828608988647055,46310
138196,49.35785585056749,796
209765,79.67558556718052,43035
77287,79.27573640750924,27123
10204,80.89989989676188,30861
201782,40.86639876544729,27244
172352,59.267987296708256,35304
139438,41.162922019013784,2982
43441,9.645620598037727,41425
150187,57.62667362757826,27882
117320,49.46940303023637,19873
183986,56.010499269279414,38127
60837,34.37110661588568,8830
212287,60.68813885272345,48838
18887,4.289729617375347,2159
129492,82.15873165149738,28806
230887,50.00076989426466,1188
84495,24.49292761245003,34507
197338,24.71404617360235,1052
65969,45.606346904149895,36443
126146,55.19541412891897,22768
223606,21.32716684301557,27836
95792,23.869776419667993,29903
191156,55.66881247527914,17281
35142,71.29553497395175,43657
83141,45.437096777538336,34865
109243,92.94852250324044,31169
164575,40.27301967864453,25142
91474,32.836985623720224,17163
218545,72.40058093369487,28959
219119,15.867180945103636,42538
143973,21.304769327110048,27152
6140,21.1644127931174,44958
117550,60.19507681155405,41198
142585,27.8907969858093,17025
234630,2.120066073488427,5477
199771,11.89924958727951,12999
236965,68.41113931055038,31756
188861,25.881115815196786,31103
54889,46.530864754314116,38859
147358,89.44937791892377,27100
231710,74.24946976434306,9726
130125,13.211737394774877,1280
222385,7.028196935454822,22183
41002,23.395588232371594,30468
21723,57.40638239194868,38982
32414,74.35882591762693,15382
167524,98.9399910685677,14473
201195,25.271137702944902,10369
80502,23.150961567342346,22498
53873,46.310677364692545,31473
202714,18.867339068620442,30836
135429,42.61613203151181,14055
100415,63.07838086458738,12551
96363,41.09528046444706,18561
23813,43.93840138736303,23226
110307,26.645545357641456,33492
169137,38.47468524459243,5834
37217,65.43803112078984,34516
19547,37.13101215051742,41683
87463,27.453129904280477,39308
58365,34.277533581745296,35842
196578,72.55575023680375,35910
227063,85.71025024278661,3991
25499,95.4986893522846,1167
100021,56.78107839754637,2494
106489,43.58488440206514,43898
195270,7.830852368045831,38062
131269,95.29237506628837,12371
206620,46.89333611565761,34785
203433,43.57074119048819,16251
248805,12.676418762998905,21077
12990,5.438866964783497,25052
158106,59.7257236729642,25670
189952,65.6930908159433,24583
143097,46.8384588566973,45704
216148,98.27253606494118,1708
23593,16.278559805230866,14508
6534,89.97441699715911,34983
103105,26.789306557347256,19908
66860,6.188415766379519,5137
140165,87.95308292942462,35047
147655,7.035921383882197,44996
139471,20.63608252249878,13621
134753,8.246929846963962,26566
181135,26.4707487036625,41144
226583,47.78317576969908,30461
245693,53.78530836004804,31730
185532,82.53897193703982,35501
240982,68.6380777305099,13175
169506,8.390375444381956,2064
29512,28.549828299576422,24841
239464,66.29682718701041,28185
133711,68.18647153989204,39243
167107,25.20519248780709,21057
128685,33.48951503350087,35956
139854,4.6613402197417555,25570
216635,47.75267678331757,36649
173990,14.04076509486801,46214
207694,45.754417017720655,39707
101130,90.95561368709954,48672
187606,40.845126412547145,27539
14323,34.30884137138749,38507
162587,90.63316085418091,572
16243,81.09356495171464,32807
147675,52.83527218734991,13039
110994,28.47920512693908,11509
187046,55.164428697286624,46202
232011,65.57876263912536,18484
202266,36.04530828242606,13626
66663,69.64520128820055,39624
110271,16.718270259784738,10139
149959,57.36802102416245,612
167987,24.208158937175668,46212
130259,80.58373094103979,45512
29121,60.10005774525467,33613
202835,44.016890725878554,12563
134808,60.39761298375308,10849
228649,19.888183191171716,35639
23711,39.64078859945215,16633
187676,46.13087433750025,9586
13150,79.57579510789499,2120
79770,95.6153483772714,32175
14279,92.39605277531209,39520
247731,28.545478561105597,38115
187888,20.992035171515628,150
162773,70.68959684892891,25722
6304,32.142608276362864,42865
8263,20.41870425633643,8112
228336,63.55787328622996,20226
114220,65.98444987127223,41187
41146,32.88878900841446,1246
59318,77.26720846816004,45864
33158,73.71247771797269,7605
206103,83.65194113861577,38749
63664,48.34142029607255,15226
173405,79.59987957256024,20764
132634,66.28563797866809,25148
158958,67.08597699196795,9824
195896,60.84660777376248,19866
201855,74.8221403509573,47999
8633,79.35440050782269,45881
100663,13.8606018904683,1710
72448,31.45448950645397,28829
169106,74.36361332009076,43622
29492,91.21381626574582,5210
98711,45.95815962795149,31581
94270,12.88441333403414,35804
89604,25.9157233135994,19310
196632,54.81313536723869,40499
9989,28.901628999215927,16805
119420,53.42750519699033,5136
82503,2.1592890193527428,33161
245739,31.501049098771645,7274
176879,97.92631019157434,724
28069,38.46901446317535,18381
69432,30.51989618681539,36453
82573,48.67504292912883,33561
120458,31.9821551835854,39095
171145,7.6513206613131794,4726
111750,94.56271318001505,43938
78072,83.66187306599319,2782
82958,43.93811443447448,32988
234462,7.339819421855298,6617
108456,42.50344647878997,47088
47551,9.212516538204829,43154
31380,16.507747368307026,32955
238598,40.71852422142536,13669
175642,7.409273899584697,15982
179158,45.46321128317753,31772
230929,67.20799682446408,41620
166762,24.289651902544243,9020
45837,79.85093762624604,20926
173121,37.268836501352915,31430
246630,70.75393429140972,8683
106162,59.58708238380504,4925
109193,17.866233239954735,49989
85763,77.23273391606047,7564
87872,10.306549379409173,18991
105474,55.45053594713797,35377
138716,18.678048254771532,15032
215935,78.98527737605674,37348
23780,77.10163038148718,28963
157112,90.44509055534881,33577
103455,37.57638266830116,1026
71796,31.08482744577105,2103
248410,38.3841300239827,36589
47078,87.32336745178675,24259
34559,74.0799353605472,44572
147579,39.61595959590953,6539
114198,65.74342058165723,12804
159967,43.980928636061364,34099
23110,28.99575059493992,49538
71588,88.76962220490792,38269
97308,70.66993182716412,45237
33247,59.07115662684083,7177
146438,22.470185383797187,1170
131161,98.42305281527109,9170
116343,96.44627499067379,46370
161487,30.06930444495946,30974
181974,80.61538658698753,29351
161914,4.865382995893229,44882
222848,46.84197137495552,5343
58150,37.68146000876571,45618
166761,56.31463028785713,21543
175391,93.72127826717306,27636
39846,64.07823613313728,37543
143464,84.61766883057275,33291
164592,54.57373950106398,22605
229497,42.69548709920574,2020
182201,3.945536576883315,43455
238965,66.61168130963465,15508
57668,87.47183853442193,48097
225082,80.84954655632556,42310
202890,11.68350383874064,2457
196847,70.61984684850258,9691
105302,95.8833102373013,16277
245915,10.530929323593442,25635
197586,19.456148562316734,17466
247493,5.75700011869186,13104
23055,13.2840269426393,43334
197691,9.292954929704646,47761
100121,86.56687522856932,30321
164439,9.881703429075369,30179
148773,1.6062701612732837,35377
9030,46.6758798877381,44459
153367,81.91433431084016,27850
86318,32.42904929279351,29536
225609,98.94493849058917,18929
14649,74.98786758317875,35763
205977,10.605624475030409,8838
222045,69.56777917252553,25943
41941,47.70145092688149,40515
245728,23.013360075190974,27377
126770,48.35186828403651,12516
191944,40.33029574914921,10627
33338,67.59933302091672,24221
117371,60.5663385185994,40004
51534,57.80262731334767,17384
125591,56.25528597457089,7651
119599,85.4587831650848,17489
188220,66.02284887600611,6124
187676,18.365655819309335,42698
152146,92.80346592602005,8922
247162,25.248426906056977,1741
91921,4.77857313863034,31370
245268,58.07129655145195,10526
59085,13.884623665829501,18447
239597,20.50181956891533,7494
69662,72.19397440719406,18738
226833,30.111604671514478,37179
65015,29.246236807080344,29915
219698,16.402934874873495,44080
64751,31.108763760508925,29888
218867,8.175623275292105,29863
246716,98.61182268141691,28960
185960,87.35316373382791,8824
238648,12.68823626476641,8008
242874,91.28690184507937,41252
11599,42.84846461798934,13186
173158,3.237375577908072,16459
72075,70.4639239406024,42731
133857,31.989901399165483,37279
245066,65.72431153439813,16863
13707,60.22620349078771,14245
109592,73.73588821691288,27525
161074,78.67382477649312,23550
247964,98.99135052550069,31712
134553,4.533496901296964,27132
201426,48.59639470650818,47187
88502,59.8956153941265,10388
107045,89.02521513207807,47802
46399,43.69175859597431,14495
178195,22.054225020698656,15081
180770,54.62546286647476,17238
91098,42.81324890915366,3685
7384,5.439107298541444,18506
229745,94.46741421537013,41979
230799,28.97960887537109,43268
190697,39.32762978340214,3567
240411,77.01790436236352,7080
147876,16.742794912050012,27685
124991,12.28587605841775,25299
60025,90.98753443163703,994
154747,62.27499115156331,39143
76237,88.86403832363517,13961
117212,56.557932443982224,14115
200124,81.89603670264971,27184
120332,77.21541723701623,14991
244340,34.07803693248889,38320
202590,19.03546099611251,34493
235694,13.7604876518831,26881
114115,13.067508719947991,26924
244062,54.34096168845749,23903
237826,85.78486121918807,48329
113740,6.791347101224889,35458
240925,58.71512986649427,29493
31195,6.338118258738937,1525
14828,30.920713245634335,20646
233299,41.47783455702251,6149
243713,87.38881873108724,48748
196860,36.19221342988932,48013
98573,93.35221732498778,27265
12575,17.799523377004842,18857
153943,61.316524056816526,49040
120711,78.50677440262919,35918
209992,61.064813304683156,40071
32236,42.66388947542401,10529
165878,64.13405432413113,17119
166869,73.7963409937578,12272
34369,70.17952097694307,9580
92715,28.136843844628938,28729
28489,75.27900311524918,9992
147664,31.829480942322288,33279
239034,87.99241157096172,39545
115396,75.91315057863288,15564
64589,42.455071556891504,16917
57866,32.14916912319404,30552
221806,56.10997729553274,14184
163907,5.347800394535589,23091
94332,79.70872687204647,1287
144721,7.46431945000583,8911
183797,62.144981168906156,47021
99357,19.960595603829884,18373
246152,17.720104540719078,19143
243337,27.255757094968708,15156
139473,55.55937301336234,15405
186548,60.68766295937332,21343
225136,67.26165892742307,26724
37738,44.60513933642908,24456
18245,90.09960633022054,44067
35236,86.67041478652867,31725
92250,15.639730836087745,31223
83315,87.5596015765128,47640
116060,79.38487188411638,3418
203464,95.61855902824392,30978
104592,69.15397456602585,20407
142935,61.182179013033746,28709
209306,84.34703621091926,1002
63318,69.33438589598225,26131
146920,97.29612622716292,22681
126387,94.78244133698101,30419
210116,80.10761781703563,35117
217472,27.68739609318336,13082
59661,25.124573705917275,5078
223336,98.30201082502941,49302
143714,43.12738476876777,30579
53331,1.713800414569355,15725
105274,33.14688436679939,14241
86303,4.638701842058918,10019
119043,15.822921358913367,34673
24130,92.53060270836947,22993
46164,12.559994093580375,47413
173529,59.412368115710684,49208
139439,34.12656075854619,12779
18646,6.372042705014971,24910
210077,33.56138372678157,29153
64981,73.92219389990534,27029
17730,82.4021367810002,352
237506,20.128467740329402,31853
176960,10.47995586827512,2508
194624,54.141499369413296,940
238879,44.55972008816297,5780
207056,40.060879066781695,33948
23330,98.2905900255404,12386
21348,75.68061330837236,38881
11203,91.35021986748968,41691
28278,63.451955565131136,34105
19105,35.818743387378575,41767
194446,95.57237701838154,42613
6305,91.35621713518424,1972
248290,66.76150007381683,29937
177261,53.51127895963292,46197
37535,75.83891828611253,38109
84856,3.1254993121161494,36694
86863,57.29955909268384,38534
244478,15.7996463152692,46977
226097,20.090326047093708,23453
163457,50.87277683384073,39644
160654,86.89303336482969,31476
239302,12.382899698620495,5534
78853,69.3122881857428,1976
118541,81.04881647914632,3658
48680,73.19743108366055,18293
239063,29.623732772024958,11116
28109,1.6629688396791227,26645
146041,80.05683154549813,31605
192141,84.9088983625585,9442
114592,60.3580123736159,11301
29159,92.9552643178141,1236
197036,29.858576565964288,45001
79121,67.87643291440503,7958
191468,44.042228268748865,29193
49901,94.51058190620152,43449
84163,6.871525953686772,41457
62949,88.19962413466422,24371
117349,19.004253435941102,9782
209690,7.587073422249905,19020
235562,94.91485347770792,41132
32690,71.65836182739147,44109
235488,49.63054725805396,2507
217267,81.7064150165231,46066
194943,43.57236253413148,10251
95164,32.3442797998586,31482
149862,31.387600214760674,42223
243569,95.9689935560425,22383
175846,45.46997477037701,8987
220988,7.491435387808607,11630
160385,37.59077830680475,19272
124569,1.2078203666131482,27143
227991,53.48369863750536,34674
77178,97.33961664860837,24533
47416,36.015107586672976,36430
101129,35.81873354876721,6148
143957,42.44373885366116,17890
33098,48.89577423862259,40175
25254,19.408775145622656,47552
221752,33.67247003550648,39383
213245,50.434263526012366,41005
134827,45.26404493469652,48550
99160,78.87857875002446,11263
209670,91.6891261156424,7301
133506,65.7047585262456,43613
238318,18.2149716502402,24397
239171,70.86825854876943,11278
152533,74.06495153628211,42642
199690,91.33889880003548,27423
139212,58.84174858396842,48242
45191,98.84158314487986,40695
56433,43.56742944556586,46075
144797,13.434412245431854,26173
214341,67.60325422741435,29882
137495,16.70210809704836,6890
168247,69.97925685942039,38628
37356,39.78591861414897,12657
177321,90.92627317476087,25186
132486,39.28853013783553,32509
29025,21.60715234051587,3115
20713,2.7755772420127727,18890
190105,2.9854182517900183,2488
42127,55.141160261247016,37043
180408,38.060505691821895,33858
187926,25.186167112297326,24426
236021,20.749861268057415,47054
159597,72.65473218266045,48289
58632,2.9657149552842803,21670
142240,60.70178745183129,47770
43278,12.750510304855808,10248
228216,31.69026963539589,13558
202768,90.53831038766143,15289
206812,27.910449976580843,6850
208510,86.80093928199123,44062
81727,46.41200270921216,25797
77593,95.39393679506001,42355
197459,5.156538156259015,42928
211554,9.269042075233248,1039
127568,68.61529145762542,3588
227493,27.6665283755152,42635
206791,88.20388325316516,42446
135240,54.764608919804914,47915
19230,80.59351518058284,11411
201198,9.53756909464051,34436
146886,23.13811805157699,30208
200634,86.10267602788602,39458
195659,70.02879628654935,31166
34389,75.63949195201685,44164
248961,25.338670423932562,23654
242973,45.47189882959922,28591
183751,67.08986405510791,30873
145728,55.68540725582309,8587
5678,12.12272484755605,19004
189918,75.7273040364358,693
232461,13.823374900310782,31971
83577,37.84839652168064,2405
149433,53.69747697192066,42560
62134,52.52685869576731,35995
13312,41.936262326560495,15947
155565,86.06311446316009,35452
192235,67.13949158351822,12780
100282,61.46313142409416,26000
147759,83.1029258413205,2817
239158,40.361686892246524,47367
237633,81.6382290494642,33754
70161,6.9879587541930785,9335
217309,25.73347557882994,35056
139106,22.082533085745492,31795
149949,13.817145062283807,25591
42220,92.02890399047371,35722
30789,13.018404238419405,36335
205334,27.65882086118605,30962
247981,32.61152126196568,14525
161438,12.512921517505912,26543
169228,14.968912047789777,47032
139787,87.07774798670287,46717
112250,42.720220442564674,32684
42678,30.7778190549483,12741
152200,7.350630220845464,15530
23057,65.54326271983706,14531
58688,49.927758131793354,12984
175338,5.879732686551097,41200
42109,7.413431449689498,36142
92958,66.65316517995748,15239
104723,2.8911274412754144,36181
115763,7.026485362770769,33420
194013,78.03440115561476,39396
10557,10.83325933600434,46599
77960,10.409551635857373,20820
50896,73.72656289311503,3388
191328,77.6930424578077,27379
97321,43.12255616867515,15325
196126,14.93512303332312,30942
96848,30.01812158903467,30167
132938,11.360401419263637,30243
210448,75.53934104482086,20325
29154,35.74778593020823,31095
64199,1.7897626504114688,6815
51044,11.326357735376748,16102
16037,70.12981948762773,37170
107236,96.6037300507311,11632
9354,98.46359405381334,7313
237560,8.163188443444689,18286
172365,29.042147187813242,20754
78697,41.922166591141064,4029
87137,36.96984951370366,34145
95738,47.42283802634568,33959
168516,6.73893684463265,22319
110214,55.61065695770933,17047
133863,30.751349219156346,9747
201547,15.117378325500393,28940
82300,55.50852929583286,6475
211577,65.14815158780333,47650
22122,57.52915992504398,32324
9542,80.08238438670978,19707
110790,32.861758793027576,6895
221989,60.78524264301172,22036
215428,89.5242445340577,27311
244030,67.9167309220713,11043
203762,68.92980274906002,17406
169999,31.420402337080834,42551
248499,26.06900382612517,18292
177916,47.14973895683816,10986
120433,59.97667797168374,40895
232474,77.50132121280268,32112
135312,77.27921248217562,38437
173519,19.63304100849667,28878
104957,33.679256522982584,43167
137895,70.30143492320525,3081
152026,37.49129101461446,28415
156335,30.222901588036567,33766
147100,46.759387598495174,35647
105392,24.504059677580045,37861
235009,6.7182172333647685,19630
9214,46.609045925558625,37941
25792,19.00959360264661,19470
160516,2.8164199228308417,42898
32059,59.72857515059176,16143
37456,49.21196166084381,3461
76312,43.40209847256029,3199
214253,20.05342265170826,1539
217368,12.682978510977957,8058
112467,25.181219969674952,39406
112715,16.18335542447401,15602
196639,26.495225199087752,7691
13167,1.5794440944832038,36433
136101,53.204182075840954,18330
245099,20.17116217392818,12664
150476,76.74414375452096,43612
80161,30.682551644827193,24126
11195,3.647731639666434,48008
89854,25.996366977537892,23726
243305,56.24158493528311,47212
226776,66.14986533626906,4389
14001,70.16488631723166,6539
138832,62.7802096308169,16863
152957,13.776464698161314,39793
48775,10.686936133194585,41986
198829,48.549475895564534,21048
178017,26.415849046216447,19272
103994,74.6511675097809,9148
7137,15.12500825942569,8674
214436,66.40555793502509,16426
86037,73.86646357608885,31044
141357,41.274869690984296,294
192342,7.0095330173093835,19863
84969,62.04226292790116,16361
199407,20.774998748419872,17053
13421,69.78766990964809,31620
42165,38.26269237559235,27239
170718,49.952734990668546,14051
124957,89.25543174639907,11773
226140,8.131968359243903,41974
79332,51.93534653595469,9747
105508,69.91216831736868,24965
135484,73.08705053874877,1952
248913,96.09418949008375,27516
94397,54.3771761939315,36965
242976,82.35285061626249,22989
205570,14.839085539410604,46833
139689,90.69443090880085,47851
249434,14.882737032321788,36537
97635,68.97175799474658,47834
233002,63.42080282810757,13160
6182,24.894634927465983,41733
244412,26.970565384696137,3555
229348,28.837242193092006,42173
20548,4.8170424803292855,44841
37711,39.42206919442657,39540
106728,66.09827772671375,16887
167243,53.73740901899268,34571
111894,52.14811348751641,22787
242661,76.77387002093468,45650
16388,58.09561181564801,5019
173967,78.10983192055758,45826
6290,36.09284252272213,12213
33881,98.22561875802444,9051
205971,73.40143673025901,18778
107213,62.27523383794369,46955
148891,56.54053974931051,27582
171399,32.757388509248685,979
63057,13.740139379562411,31641
113303,77.04719610778982,13634
155900,30.34978292985847,31101
167981,86.95564911764602,17471
234874,15.606045484639525,32894
182264,64.61506953856154,35806
169695,72.30109569326476,2753
35242,21.053091330248805,39518
175783,68.34653044980814,42100
117300,10.6598224225317,37128
36669,55.69023692448753,23295
153426,2.6741554223455624,13376
62007,29.383608429928408,1713
139906,84.5399806386388,38179
138159,75.78704546350554,39205
73380,2.8538749987984615,23544
64370,39.96067065748557,26905
180144,69.67743962855698,31328
81996,37.49125453723631,618
166935,2.2231981078041443,47117
34815,79.42616018424437,35622
217585,55.89272255789665,37902
115304,33.601178171677425,14748
168045,69.88508932095199,41162
44631,51.175265040439385,39383
55781,3.207819002946813,40345
67066,60.21078968854818,27406
178489,12.755563142201297,26095
195809,33.68021145586859,27779
161127,37.996295817675055,41674
48122,2.5326535556192002,11930
48957,19.235504553224086,383
178719,60.41448828740679,40806
132173,33.57925504505812,39107
30788,90.64767106979303,48934
37670,94.23003178304471,6652
73428,85.65784880467652,47138
133858,9.39783664437172,5766
196926,29.91415598881416,35073
219835,19.583345978650645,23503
93163,44.96323730260405,10857
11076,18.166708937290366,10690
156973,24.166226474403206,5183
97080,90.42870161429673,11295
97350,83.2555298317986,15646
203270,78.25637194917202,18450
179570,76.03329543824832,9238
222094,44.42488284955953,31985
203618,85.6765428298416,2381
92648,68.58498849396686,34788
71971,90.94550491319347,35391
159272,79.46118911272549,45271
131860,8.434207452760953,22458
163952,4.597585349210142,41556
50471,98.63039262484732,21907
206955,44.87735162825299,1279
237782,72.25250896985757,45669
59216,74.61697549968763,6448
176427,73.22558795478118,21519
213924,85.75373587428491,2110
235200,10.60291355473965,30147
84405,57.56350666021649,7432
42171,3.1456874273700137,23757
80416,43.36926186875895,6041
89100,83.16187395039937,2365
6614,42.04650265846255,20193
219794,30.494268163010524,43477
183226,2.8248158750735346,80
162398,57.72215663718448,20850
31257,43.762392164571146,31699
175104,77.35851990240944,6590
104190,32.054901790990286,20958
238543,85.21666643273545,3302
157237,80.37656804585822,46403
32163,29.666670214935536,48013
103317,80.5215121329309,9061
32856,61.35928389751826,31863
133414,78.1217568469738,34979
170962,60.188983739395304,18216
23336,44.898821034145215,3290
107430,97.30483167203212,8621
118977,9.118093204730359,46636
106030,2.4953938104297326,33500
172636,80.54911303815811,12846
223341,84.35999563814428,47377
49196,6.8867103358712125,41122
201147,68.60537216130898,33088
210664,43.11269050602002,30800
98329,14.903795222649544,22781
104437,33.429210166279645,48178
210891,55.27218712904887,49836
51805,79.43684117748165,48684
71239,45.45195661209507,11776
57851,73.29288786319839,29452
59892,56.08938461346477,38717
58510,77.01234892707392,9774
119466,34.96916168363971,753
32245,86.83070605953199,1699
63030,32.58852107138799,7554
217591,81.93382732028772,4266
244476,13.727587261842041,21808
153464,89.30703869085465,46969
29376,47.57298363445595,6086
86745,12.663630706817676,47461
159403,92.99173433328848,23537
153620,35.3703018498997,47627
180000,90.2004940035971,20107
122526,94.15016430841473,49303
179024,40.67440514271591,30820
133198,68.60653419283713,44657
142593,29.95987026718177,13207
138507,36.21492310734744,16530
170969,1.4753903888409299,25523
42658,38.883203452338705,10929
200655,35.36925121862848,23937
109599,77.96341441839557,14917
90980,35.09722631198168,37318
205172,16.179893116410586,30729
148080,39.81802660810841,8233
234456,30.159076603357015,42823
164428,54.9429464682116,13005
6676,13.993469969245641,23007
60648,78.36689240012527,20247
234875,34.65082747203828,29321
197868,69.8569393728744,49651
240096,12.552322403728304,4183
76775,64.16090301730652,29626
115005,23.457850751619926,48671
31105,83.30446119312957,29450
154374,18.112170995403456,13002
126310,34.36558388602416,22227
79607,93.02337553852696,10324
105230,76.62571545836306,35691
81417,50.23674130268488,8492
142886,65.82894235384391,49587
223544,86.30946336403446,44572
152381,7.514417369861259,4166
206803,74.0109043883029,42771
174257,41.43516831438873,16318
201263,26.82163723773797,22267
160895,77.83052853531294,19291
194926,2.6503454355363965,20149
29573,38.57865692136631,26086
149743,61.43818095391394,38089
164294,45.873413688933205,29362
213565,61.063461928080926,21270
63483,24.49922818032391,16751
8246,49.87843294689672,37622
167980,74.49088604201098,47121
175857,64.07414229472374,27459
12799,58.49036250627048,13747
88837,88.4419931910834,6536
83143,49.037449733074894,32200
143616,34.69273192500347,18823
22976,89.83895974683635,33473
90522,9.57698941638383,17619
5146,75.41236572363663,15192
161159,42.46449526252597,22189
248254,91.37015042189859,12912
133805,61.561710744736025,10150
166339,66.48574278639721,37741
118928,93.70115344939752,35025
104360,52.29295698845632,16589
191351,97.72668276758365,27000
126248,19.34345217409944,48360
79582,76.01036606417723,39127
119690,96.75336579271674,22805
110617,37.66051992167932,41984
224776,38.5189715483631,3806
238874,60.55237177829612,21778
161255,92.63209979963418,19067
234977,76.24883276813144,9578
95802,18.225468564214268,39849
207171,64.75519322349598,25561
149166,42.431051750704846,31731
154094,46.336356373252556,7395
24384,48.88175593710434,24926
188094,42.14075164401483,28445
127996,53.500024927117956,12341
127065,1.0255565562325188,3103
20386,64.23620176406241,40989
74300,3.5985543996143403,35805
101706,89.93896449265185,25986
172333,43.95735940734259,40247
171782,16.841496998547708,19643
32145,8.438923838260104,2457
94880,46.863957069326176,28420
100632,13.021554326418375,6255
99880,29.50006889872963,41775
76469,13.701666747742362,36525
241926,41.30925120400366,18021
107863,3.847282116610631,4277
179883,89.26678875340762,12759
168454,84.42420062654544,42101
71254,48.35629588650914,2379
70426,8.56821985681843,8155
117707,44.106872193061605,43191
19022,12.40620173322004,28934
222046,70.23135680382255,17672
133824,5.003488142624413,34116
79672,7.391090320423803,4472
159565,39.111351352708965,17120
89129,32.55169642522932,7906
167525,20.695991155821773,41025
148785,17.347628506831676,14497
57324,1.9765833343207608,15233
63097,17.49486153919415,34190
17655,31.575091132911055,28135
81216,57.28311064807554,43110
83451,35.08376824562815,26661
196058,73.20114444515055,40418
44760,73.85374811948236,38248
116441,53.76517112360299,16949
149017,52.24329370475754,37948
106486,23.411106736746568,42138
21385,40.452720976109255,30432
25481,39.668993631023625,14758
49037,93.96976910572332,30731
99103,32.14192637556212,3622
199616,73.7543615688045,45217
155154,21.166116878824486,7072
117931,81.42662970321558,49972
225411,81.90375384821056,19075
144074,74.8111893939632,15528
53209,79.08097209414795,10084
141231,6.648560009318384,32207
203741,39.41880987398308,31634
55066,28.341793958552024,14937
199005,75.18112435210695,22111
139236,96.83638624894475,14966
71411,35.91285800427982,45781
244276,20.294564331608147,18838
122385,47.57151960490311,3200
237149,29.195341184026493,9917
28062,57.95815333029038,16766
44774,9.732467516411175,26099
38622,83.68946229093244,47851
115441,26.964536199444893,4622
124570,31.722519540448722,3814
53766,23.327926893939765,37028
203985,30.211874602961988,10287
197939,87.6018824805358,47004
13759,97.5683167267309,11338
155034,45.99104480671134,5739
36407,14.741454328886856,41444
142453,85.32124003660374,6184
63273,77.79953234928067,25445
222925,8.554456740080973,48655
234835,62.054147821083426,20967
133155,67.63567778135888,42561
6581,30.86872293887412,44104
244369,5.433796151675868,30025
131552,15.441156158517511,1257
142370,93.02590752239558,11218
139867,25.24638683791167,12513
50047,29.775848168210935,4382
36297,42.363114205698,4507
149332,31.430691296265405,24436
181028,57.53990374880718,12596
24586,74.18374219102124,25689
147632,31.96209993017155,26714
196733,2.8549414406124183,3752
207722,56.981107276796095,20504
181702,3.361170643508009,8265
18730,77.04144012471511,38330
30521,42.2462775317378,37380
14314,71.61581489653592,42433
66720,6.242969418851642,14389
97353,10.213076354124437,36537
92769,14.991795499338577,26134
179703,56.283915176426895,40323
112992,51.53868804223384,43436
60793,6.527264169857666,38943
100451,27.745563704011076,31162
78317,57.85616933116914,48598
55453,77.20898449159878,48021
150752,37.93363239477847,23691
27490,64.92686538177256,15715
23301,81.40210492493595,2232
136533,57.94083182284194,7388
132382,26.44911534318662,47684
56622,57.611598857792124,49901
24652,2.2762410696120834,27951
55695,82.6065110634385,15740
202390,1.7327035410043392,30184
157354,81.69491270471791,16829
246126,85.74666531116632,8267
215182,42.392293412973835,17373
64401,34.049700107622584,33406
108005,47.10574210913609,10184
228607,47.956210986761825,9909
154667,24.726039156996343,9743
237586,96.31158471750807,26550
153963,4.086054602225412,21901
139883,50.22031112484523,22778
80512,65.00225011898601,25348
132350,9.278752023336478,4897
33552,19.336499838559007,20214
180586,57.549253220225665,43475
115204,81.9859711157779,42693
183926,82.45383594323003,36828
173712,14.827020434116317,25230
194637,90.52633553467727,4017
148535,20.448064527571773,27945
156882,55.76383330525305,33160
177453,16.97808755614185,21436
119838,55.81324928847555,15252
7104,8.462729685372526,32030
244434,33.19758500514448,35850
23685,9.636560307634944,41320
147231,4.1176549107102645,31217
200914,74.98598635203058,31019
215219,9.961008470877974,9412
53454,34.7647713089118,40771
243193,12.316980621872666,8034
81600,63.915471847139735,6882
72855,35.03626458295637,31634
220512,88.21291534626175,33837
91451,69.44050733863234,3558
62123,77.27119859594487,48989
99238,24.364907339479313,30398
213683,64.92865881170431,1650
34667,30.58050620566678,36522
191936,44.788650890512805,36038
132847,5.652612965238224,26120
247094,76.14792123219455,19618
179713,86.35780581490144,20715
110468,54.105331888503564,18016
236818,58.31151284384305,21007
75488,59.39274620590196,46612
97622,70.97882612175765,45718
91413,89.05444978721629,7670
211239,25.943498716922743,7556
200715,27.717731809726022,451
156123,38.08868622771306,11628
43298,31.638595507547862,41922
183897,45.980726973446934,14238
37040,54.350054044330356,22114
82525,24.283287472720552,8413
132490,35.01477664363861,3548
208064,59.88147717403601,14259
133431,79.69135911508529,42214
13380,20.567539509867455,29869
96998,83.43590231568832,20905
206127,75.02355222586169,41934
134824,73.59814227994607,18583
92048,95.87818064759718,49978
90323,65.46010018972292,13950
229811,48.504007581436134,19990
17635,1.0412863670111911,49408
208779,98.3522873305328,44026
241650,19.105043361983412,15644
74654,62.487272761440266,20605
228533,39.116039168463075,35759
38780,42.38329931962703,33022
154061,70.44303251372631,8970
248635,71.91527070095322,30224
203395,69.05167618473466,36620
159364,81.50256423004969,27657
6548,20.872104201369083,44811
24162,73.94703667387162,45506
163763,14.538798731818012,11469
164092,26.79243957127556,26627
59438,2.704085922617433,11626
217782,74.85337033392689,18223
8206,18.187078667717962,43560
49604,84.34699753182788,37037
170818,52.52216432488463,17633
159344,68.14007254098055,43496
91506,66.88072130232408,614
64839,8.707412398813403,36035
191099,52.02946880288853,6476
191628,45.245944983297626,21887
134079,59.01273313754508,13552
132079,82.68578980890481,9475
181550,49.95658504457568,12871
230108,91.57561503974311,9748
144403,12.036723490277824,1133
142605,20.909663192879776,36945
249640,17.4587650964823,5782
47858,93.64774241146937,40468
29153,69.99110668987495,20230
165207,36.210960367295925,27020
10291,79.73656721913801,44500
6448,68.57068150032386,13993
229786,67.51643897083748,4587
157497,90.85911297985942,30414
66737,77.49581607593254,25163
202383,53.66111201049837,16178
67700,4.941163694504485,20118
210436,60.45058251898891,37273
151451,81.04282634196674,31313
149279,67.04773434455106,38166
67889,87.874089301802,11538
134976,95.73635907485725,38181
236885,59.77648973768435,40568
152760,69.49992608543475,11060
124177,31.213443077542404,38530
155855,19.594034406173105,24566
157907,22.592340746865798,13209
145460,81.96274704782252,44213
128743,60.603408813700625,48991
123651,65.09838147519751,39925
114961,73.3682443781392,48825
239801,41.07271373300496,45212
129018,7.299776709230959,25040
169714,18.304303664017965,26653
19287,66.42498991505194,12964
104512,49.5056287054846,24481
54357,67.004634151701,16972
22896,59.21302834363929,38806
61479,4.5135175750807415,49451
66728,3.5533959919348512,13604
75017,65.91600165291233,3602
190414,8.646685784900445,46697
30022,55.890208925805844,42266
237970,81.11565805234106,14515
116610,87.25740135291757,23327
65781,21.834835794775042,22119
25049,65.93038915174687,41079
155219,59.706497056391086,42212
231864,73.15410652123231,24464
166173,53.71574292948908,37854
35210,56.701521463644575,25565
165121,92.73945119012589,2318
199135,35.38385252919052,25532
104560,66.41345473524656,35023
192297,5.634081360942969,15710
49451,47.56955691976132,36115
242415,56.53887077380051,16008
53690,48.160759681626764,26197
51747,32.98583490811604,30952
109208,82.71961872069767,6291
195666,76.21374395532293,27745
178244,37.84272209580482,3188
56636,75.74245207659685,22646
107826,46.227332517243774,28012
77300,93.72589720815722,26042
146554,70.97506966053578,49188
112507,42.304847900206966,47104
60881,10.266360658437824,16559
175383,93.13750443368872,19949
202502,64.40407722755315,13651
186217,40.06545570469812,8408
84144,82.96799708773383,17185
25073,80.55945931608976,35063
149622,23.053166911730546,24965
51648,69.03842445268297,32232
134694,84.64424741486145,22317
170773,51.61914199513078,15695
142622,39.94717439400852,44821
12861,52.96830443040873,35460
196100,90.54817904700454,3585
80993,88.38411024586419,8540
84538,42.28406675143094,8072
36079,54.558848082942944,16073
221420,4.356836684266961,2487
232888,84.07053039177943,37201
233540,72.19338164426308,279
166616,32.81735452170205,14132
194383,90.18133607518546,12813
73870,61.72265551798222,30044
131248,31.756492865066143,49799
137369,2.8613183805749394,36430
161266,89.80116917684825,5400
65005,74.39433321189534,39077
247622,55.98462544108185,37811
223751,10.923476697047505,39104
123914,66.69925111186727,21778
121798,67.00988122487166,42003
226279,38.25249360810618,38662
235463,8.457477763884185,43664
193551,15.474096649747244,19214
102572,77.23668389102299,4440
213837,28.769537295921726,8220
86278,81.5938103293989,10976
129323,43.4584697558101,476
197284,51.64800463857231,19707
224139,68.49204557671968,32684
53475,23.842271977390773,23911
70822,22.985266455884485,30001
224113,87.13637983700995,13534
223044,62.63759486863621,38158
77340,2.7974768503899003,36845
51238,27.960666294581603,17379
33374,7.183639124178466,49043
179973,80.58793046572929,45486
25796,70.11647828259666,41443
132678,72.98122991194813,12199
165210,86.25150599393677,48761
189951,66.08342230291146,8051
5424,28.773580834586767,42228
90376,39.814810660105096,26071
7497,86.15801351586649,35831
55371,88.44443623301574,8753
70195,92.2980962869299,31262
239226,10.392841707945857,11954
143459,47.17857114317975,4215
7492,15.015635737740391,43358
197508,65.96964491452285,24851
217201,6.174792744736083,15139
99765,92.73181252957838,19793
65243,46.475980900049706,12638
242352,80.02124647389543,35956
53649,21.606966367011122,19812
243757,3.7196829915700453,3413
58882,53.268416209032715,33711
114954,2.516505935662668,8339
231673,19.03926982520487,2835
206027,33.870742605443354,7702
21942,76.61744275183153,49524
231231,89.69949794169824,43780
63304,5.334023848953658,3155
89705,96.5452038065167,45872
107283,53.243342326038814,32366
163696,85.96024781426067,32294
47647,91.13575061264152,10963
164439,62.679573480521206,42594
177417,20.8814415686973,25339
109727,6.202847131719758,23646
90386,21.13346887912573,7064
48758,13.266222597960585,20270
46888,89.63488582151783,32449
48837,54.36106705410781,17509
41018,30.58022000217672,818
145039,2.940808711161104,23502
32913,44.52293220595058,4923
29174,34.73002407861837,2069
216274,15.42524197417678,19933
187721,12.990940629455224,43262
214400,2.149244970871359,21610
148338,58.41082400333059,11162
93553,2.912525983490796,31126
108595,50.13641170703404,32287
37700,93.2693553268135,20775
200143,37.14346707941175,46603
8248,70.1562255810026,39658
89714,91.928135089583,34110
171480,95.98526354846435,39137
155542,70.90695722404831,24591
109681,26.450072291874896,7228
160949,25.41825718258659,14855
127769,96.6149185237095,29298
184651,87.54469336814324,18825
161104,73.4923591723525,840
62882,32.781690233379535,34565
82419,93.25210914547809,33273
110456,16.665067631790723,18536
79674,57.42466362901417,6235
46663,62.436180788587734,17185
229433,33.27845087538136,6184
233021,28.271611363734824,33681
113614,79.42131651189013,25049
123869,2.4230805125705563,45285
148867,74.31212804272926,20547
123732,10.773266345825586,10989
32745,27.418029581916645,18149
131655,34.54073362537569,6035
185578,53.63209015209551,6268
161663,50.76564138787157,31280
25812,76.9213274947304,8138
68028,50.47426014662279,33579
154079,14.904590257774078,29704
16525,57.71295735591067,21820
212181,46.4979440117673,14247
65943,13.33892943160451,42352
79271,66.35681423544284,41912
104484,37.81905059266047,4134
6844,3.052254296154929,47923
120801,81.67820249432827,46179
193005,80.76760771648927,558
13827,32.27974438618372,42329
124778,96.62442765948524,22318
102194,86.7857459052763,25484
42810,65.06327529644803,42451
118538,16.56745628706666,27569
70768,63.84032345599202,48569
166415,69.48216515655595,16377
151252,61.005649733740555,49258
49365,14.348637204674812,18385
230886,34.71366859215102,45868
138332,75.12395493375749,14566
23560,38.57523760117174,13442
182778,77.81520487288603,48805
101060,53.549971404648154,19760
220082,60.35737665100839,31410
67370,30.4517585931878,47139
224024,68.0953695289514,33300
52678,53.133482239768135,17172
241636,95.48430327620326,4826
217308,39.49119939970536,37252
40864,56.492107748628804,2094
100961,45.081486078761664,28357
235297,57.21072959817745,2075
144988,95.10254297496974,1138
75447,22.965082980431124,3682
207808,7.214175431821546,47456
141956,69.06903383943146,49134
161643,70.23903519243574,6676
41578,13.170748425718774,7178
247540,9.526286290178296,3678
68675,34.34819988966548,46680
146314,88.7275127705605,30910
24232,69.18059908303228,37811
158383,22.140530835716945,32796
220636,93.95891812531787,33192
50860,20.326123391445424,3332
51247,39.61729170049833,1774
84366,4.693130384212253,31892
11540,39.578773090180924,40396
59440,30.80963665263452,42038
186745,82.13281599669185,41784
181753,90.92406488024888,142
223161,31.3638999076857,15397
122571,93.349416700516,4385
192811,28.4900745922489,34561
51888,27.34687223889685,47989
215193,45.90943555171292,18098
14915,95.50969557973706,12638
165261,40.99126376195258,15153
149967,38.162962368218125,287
72574,83.68007175733601,5154
134037,39.98948365716543,13326
93648,75.18510305650017,13468
14877,19.689417365573085,42767
213073,88.64916947446669,28649
160851,73.86904821089858,40732
9151,33.73126798390388,14324
15124,42.49307243257624,26427
39590,97.93293982590662,46247
49554,39.81488385986991,46390
82669,91.75399410314486,28304
207417,83.74715352243743,2247
60966,65.34168744633895,36436
247987,16.802474290855777,30677
172645,6.30400242594668,27107
219773,11.58414440915998,17322
37371,56.66617588420389,34451
45020,40.912128512173105,9203
213903,42.92514666409958,33151
188896,97.49000257918357,19465
61887,23.847506637214927,11264
84472,85.7987147518669,6189
227861,85.60045763558155,38782
25232,20.275994763830365,19308
158990,39.33960470168037,24212
106057,6.177203026079889,23087
31488,80.72702676807492,30883
191437,46.23218842526623,37372
99584,75.81302291579739,36547
73597,97.65570598668131,15939
149292,15.048440581180305,48432
225879,59.079273998080055,18793
8359,56.03234700995092,24098
42197,43.066021808317636,42881
162777,35.37319887761108,39890
156155,92.84456099076432,21106
28390,40.082662415042606,48884
37615,34.05359639535935,32576
177802,76.21005288679007,19085
198364,57.97910323356416,34606
124168,49.53551969264753,43828
124422,88.90642929191513,27819
39644,66.27381309468517,7108
240189,82.94304460874689,34644
177259,91.63317774506773,37863
156720,91.95887190040642,38457
42107,6.628398263588597,25526
179192,59.308421184254684,37462
185176,97.46816385819912,49177
119600,60.689030970873,274
177144,90.30644492316348,38624
76903,77.07446541915805,26154
220526,62.01180973743595,2100
143662,63.24491722000864,40356
159154,15.329335169951312,300
91268,33.15417262451306,2141
42389,51.53427252380033,32875
120913,16.797587028592552,30075
113950,31.480486665290133,5629
62077,74.71100328474057,20927
58890,54.70490399557157,39010
31800,87.4543929704509,6844
187057,29.197539293020764,13534
164691,44.158578301925516,2216
90220,36.056085441371884,11756
65148,34.453323794525275,4002
47930,14.508035910421649,25433
212832,6.5731000331916825,13995
160819,53.175630873474596,48706
77579,14.25175365170385,31628
57382,74.95818120091133,40382
242993,85.7476161642494,15371
57477,69.88947582308082,34530
194409,58.54981669535135,9547
195767,21.29657992787061,33716
248218,10.133808618547175,12231
89668,13.119269225063027,10014
148627,94.59631038596646,1025
33366,68.90492441277888,35828
218719,89.73983282767149,39520
214914,27.50722150859753,6182
202443,28.299617963503017,48757
64315,22.112166247015104,25936
213773,25.80357435221946,14146
164470,51.35572256973326,17875
204213,65.563414465142,40451
248701,42.20090397879661,10040
174636,72.5203162590275,16106
159680,66.99804798093295,22967
120651,39.910136304584995,29314
12642,54.410666270597495,5761
141923,5.577019670005061,23396
213055,8.351108854395335,6575
159114,55.2550884405014,37616
102186,68.99995470041853,24606
240246,62.51473037055786,32530
246899,72.73697753853456,41488
43905,79.67669738176153,4614
33367,90.94173558474476,12301
82597,63.342573273631615,46626
115611,3.7989792667763753,11233
53916,25.245220229573082,1903
50394,60.899539467395584,25959
98836,18.250922287629848,37183
132310,23.864084392866502,10710
205093,5.344750889400583,36150
65953,98.16282646549568,37731
43709,50.65426507274776,28971
127833,16.29766952551639,17741
137775,80.83935404399737,46584
245331,22.907003762106218,30569
15401,78.60698990886357,16933
97121,36.470805897885576,34281
108149,7.350333639181744,39881
125483,42.1947504593242,12041
248133,8.047499845476999,1339
199429,31.43264455630585,7713
171016,84.1678096582593,32128
174096,71.3580335223669,10591
42777,15.736516343809154,48693
51218,76.98309797197017,44994
17143,32.8987796854209,6633
227254,96.9356893896528,31204
56923,88.05897929745733,15209
55576,42.86505071589178,46979
40435,39.48547967954976,2399
28939,19.428767767681222,24385
215809,74.30632725444073,21616
20552,27.48954226322703,30043
77446,61.29173840388659,46564
114107,50.51523724480446,7650
48722,95.08985715760079,10643
103982,87.64540106424968,13436
220177,34.85044365734843,17871
160910,23.562083721052517,5895
116093,60.7568617245824,21942
17880,29.683313540374915,1865
21098,52.72569067071873,31575
21628,69.66362901820344,4128
96846,85.86740535167804,29771
100975,25.97047491212375,17403
139159,53.46547716520989,27267
36555,35.88307374455994,1169
50843,93.86973368206885,39946
64345,52.2252974339259,41597
235666,60.00284328296042,4845
5780,76.53315493737432,5654
167072,66.3178288166115,4384
74143,63.74817717808962,23643
101393,88.33920579440388,42558
193973,48.8671163758412,39013
35974,14.29210495761651,29006
216656,67.95567466880982,35072
21264,11.717717956027776,6845
176064,36.3624149924587,46055
119733,18.66241717360043,36899
30112,74.02137110934008,8708
190442,5.419343058150482,14918
23947,30.414053741335636,34573
35131,71.79897147375384,20834
177954,25.008180428623554,40248
79007,94.30522650077178,21026
34340,83.98010841261653,31585
199402,87.71099159183301,24963
132750,32.731943068611635,44361
7573,34.28141692437405,32723
23607,59.06564549125054,32187
34718,45.82981775159053,15773
11954,79.55903137333341,17486
131574,79.75764648029505,29639
238014,8.960611398073226,40733
130593,76.25989932005439,30974
38554,30.33802303345729,16529
44220,56.9392226407178,46086
95269,67.39414896324901,26463
215525,24.035279111629126,12221
146708,49.94578146111009,20289
167253,23.52270616476145,22541
221734,73.0405555305721,4120
142246,30.609085816599695,11525
16726,10.38089420676189,47632
63520,51.67049373798021,29279
172239,87.88137239993856,12251
135393,2.0183366896400856,47712
236625,59.83343383565927,32452
234377,27.415811717556164,18727
151318,66.52815408803625,48359
144196,3.653610456201621,24756
162974,67.10367593918278,11010
61833,79.5287391336956,26781
127646,95.78019127387073,41239
186890,94.93799870679774,20785
93773,24.62923652489035,27610
231421,87.40354648524055,4613
149071,74.70445495796069,10924
103218,9.507697906332577,38311
64974,5.468318005334334,22032
102360,24.7067553547998,32614
41415,11.538337040350841,43503
199819,51.0496776793202,23574
188727,97.50298342460475,13622
168996,34.303265150187386,49442
249415,7.2167000443035585,11766
16365,82.25870486562575,42423
62197,64.88096676111834,15159
29064,28.28773763183145,3557
81319,72.36451781152803,13249
220115,61.8416587538779,25562
120559,29.053242437425702,31311
50621,69.11677416669637,48797
96895,72.70297841016468,33968
152979,71.08832781282531,49494
25618,8.99347693862337,2353
227650,92.5919848556881,31018
119127,90.20040994669755,5917
35411,86.05854722023257,30424
126072,83.97807772242965,17267
71831,2.208838605207008,355
249970,24.569853230520916,6979
117540,50.57327286587677,28907
236981,40.64774146034035,12256
134563,28.61978164409492,34700
83844,96.64942405269312,40863
95163,16.847774396764407,14172
211452,65.12926640563977,28807
179471,51.123970332625724,32344
221910,64.15071270668098,4587
202535,86.00100844727845,24045
222618,94.66284438943828,5706
39203,22.47528853955848,14781
52050,72.64821625299437,30681
200198,37.763051319138576,38684
207343,10.929816659350523,24030
40396,90.93672566715277,47254
74411,45.99160526154832,33544
136743,97.74715449933194,9919
218702,68.30813808286258,31689
99193,26.753213575583835,333
21281,8.586074217041755,17389
245541,40.4841834438419,1543
199511,89.22223305592205,22526
212557,39.27256834044624,17058
36505,36.07683579697853,18091
95218,37.9831393287051,28193
38184,29.83880416955303,22371
249294,3.448283650236224,10120
213926,31.915652085582483,9633
104418,60.82523151349071,9788
23128,40.16876071890753,7961
140122,52.64075483508369,30955
21539,42.1048669198106,42011
248358,46.30217820411124,38082
131741,10.905520554455055,38247
23933,60.3245768192657,3441
45897,95.31045246599544,35673
63704,19.238361258348885,13267
205404,63.96191216259436,23289
245402,60.06955862855419,15205
47464,83.85540651310333,33429
27035,39.98015030575325,47805
215426,6.939616308701089,4983
164386,14.120637170414135,36893
120111,96.3322016106648,1240
54200,63.87372888765902,49416
235907,77.76825277923902,6011
202614,87.83289756793567,9677
161811,33.66860950409628,27545
203086,87.27819139591334,4108
229193,41.21355026371706,44453
156038,57.157313414796704,21574
123074,38.189009014756266,40354
237612,98.16966498033234,24401
7695,53.03416270273114,20976
126035,35.878719628079374,30705
173741,93.4706613815248,25904
165029,20.53844104412428,46724
186475,86.4278846073079,34583
218881,78.4293012666927,14284
122187,94.41051795484141,6189
96700,26.851077089853387,7999
15776,37.978172699505706,26667
202784,42.766334926599676,41424
245270,73.40548235941733,24928
91487,81.58804426879708,7670
147190,64.45093664312184,45001
40084,98.03541118952633,29723
7885,80.88351197895831,42291
210888,50.33386339938266,8382
181113,62.11560045064889,22002
239279,16.272447181348696,24111
94569,35.315915290704886,14798
55692,76.10857704750109,16424
67601,49.91319818229963,35017
171432,19.847307819734738,12420
133154,53.34702207672078,2278
91738,11.492867620065889,34442
97694,19.931901834932756,48276
151970,40.5889345809805,43502
84750,38.172567407951874,49660
38442,93.42234993466776,10857
114813,23.829913369749313,43553
86625,70.11406027418147,39703
224388,93.76051962637216,44427
15790,20.68294773134729,4131
73075,69.86343950618499,42558
212832,48.71093233547858,37375
26349,47.84557105409531,8621
62842,26.14422805841943,43214
240601,84.13983881748659,31608
29455,84.67911378103986,23565
237960,82.97356720063438,48255
178755,78.9302557433263,13439
236196,60.05990273358351,14682
151218,8.971178993872822,8394
81623,73.0460461698296,19476
153325,37.42131736385421,40736
231004,65.96969767522114,20669
27554,8.036802236412964,3000
72338,93.47236234102009,40105
18166,20.575314547646546,2622
171108,41.24958853467653,39122
50930,60.32980858608251,41593
91249,10.756969246552519,811
230777,79.18274808735713,23190
141491,60.4460599427955,41493
55745,65.8932098632475,11669
188168,13.619082153686264,2100
107581,57.005289979006264,28079
185073,73.44700352848781,4262
50775,95.24062179856064,37449
37116,54.01840740716744,22483
179568,36.86825182511228,45556
248780,7.827348075609271,548
176150,55.84485192677886,19271
109433,5.316087063121843,181
113264,83.47807371325172,26891
141891,20.747644704114826,7163
147394,47.35274401590549,9424
113756,6.137433431928834,25550
174536,59.63937277872314,23020
24840,46.66938211056915,15446
115764,45.1769834448059,36343
110815,5.48865903036699,40068
49784,95.22362589100536,49609
121627,11.702108499815104,49985
42988,43.20261946954565,5796
74841,47.431473539180004,11688
193556,70.67215737740646,20063
183280,35.544754247180485,15917
232662,23.93415974057223,31877
124570,38.54795820010812,8459
174367,11.126051007197516,26400
6650,85.17690905609007,36253
24547,92.49222959284536,34997
101924,31.442867084897916,43412
220758,23.96128108209292,46506
215733,24.020753005138214,3411
222008,19.913422754557924,38777
77598,18.13665927642569,20673
246367,36.96322684769648,25449
30539,38.319125641227096,41952
124652,96.23578898820676,33460
70346,82.95203622410531,47200
12021,11.323897271630566,17131
222785,62.71441214285548,1387
140609,31.532364291223896,44388
99480,57.189351315423664,25642
176006,62.101299940581875,17726
233578,15.762704901174132,38711
184850,78.0299501641457,18774
141935,69.78565046764366,14351
193708,75.74638518600298,2508
122487,2.0412367159437057,20965
198176,94.37184360333397,32999
43221,40.63658623303703,31416
45992,10.330832030116648,17743
164113,89.53028613451298,14762
10646,92.92609264308297,37367
208047,72.94532961843379,7722
220887,53.89868720416145,13534
241095,47.09980744474038,10492
162396,41.617258634414576,5259
187944,20.925019216539816,33617
148093,64.10885888813115,7675
229242,27.456628265454185,13195
111346,20.82637844023838,20384
229389,20.85715370928104,44003
105807,7.447195110591271,31194
215379,61.36743014278224,7611
181502,67.23732142289292,35677
106149,54.870337239314374,5844
177009,2.2088538550527677,38447
159505,28.94540062722347,46420
170776,39.57571651760617,42022
66576,92.15039646454524,29511
220179,34.386836611175895,23074
69092,83.58013815404362,11206
131590,15.27866664067503,49235
68342,44.93974448855223,32623
137879,60.3897914385197,28551
244310,53.89233574217631,40531
31543,86.08818792208932,9989
245089,53.899362751104604,22933
168999,8.295127329517012,20422
173789,67.0484751213573,48366
10891,39.65022054426476,3869
245560,35.89914739886391,33642
125632,30.111627869939838,32829
18302,50.24259809581692,36141
179173,66.15699916822108,22649
239548,17.461978720925906,38579
204773,4.621633592086518,48116
120251,25.488676783020455,14710
163692,76.96772158677314,44111
193541,90.95919109542305,32711
139943,4.952621497462039,24144
201444,51.38064826656366,25779
196310,3.7089008344914394,17294
58220,12.867178341537063,39833
149325,51.955607046377864,16045
122857,79.41036491767711,23843
149581,12.060910797328892,27659
237783,49.248882722754054,30883
121868,30.980324021080104,5833
33046,7.07972000654574,18553
245527,13.122762381453967,34586
121508,61.03824616941442,34734
104560,95.72109013478176,20385
49352,40.403987768686626,24120
182055,40.365986760244205,13203
232871,77.67276157978256,36185
112586,23.8943306493413,7313
32127,34.75864993582023,40928
202082,67.8690978574544,16227
233545,71.37703934067774,28817
80169,52.32310187859042,42409
5605,18.270633885539905,43717
188716,75.67491023207407,35378
99369,83.11686518733833,31721
63114,47.04854312901169,48190
61366,80.82167253649105,42732
97531,53.386427728720356,44073
230576,3.7983517325033147,48889
61740,84.25610769060175,33880
148476,77.39612010774596,23102
177167,41.879806108684576,7267
16555,75.87712256469776,25582
202373,81.03728658816094,48207
52249,3.967758859660779,30312
187470,31.988796091722957,9037
160329,97.56541824972643,10725
70235,79.31364920624323,40742
109733,84.568135659292,6600
46212,35.75249366696717,25135
197078,24.57407541599043,40572
203138,78.76991925131998,34452
169217,45.91027869790938,1130
192259,6.561227599495301,49014
150706,27.334550419760372,22768
173803,60.277336173835806,8223
231983,85.50152789414656,5764
238282,33.35685570527517,20788
5862,16.304147437066433,30419
155134,45.9960676605486,8970
63808,51.404256472296254,11578
186631,34.5342002025802,19607
213545,96.51597354553681,46470
91776,11.897322549268223,31695
179625,69.66443814242531,341
33501,75.21397001016832,21866
47169,56.42075737798446,40437
148992,45.06614532731503,26273
70730,10.297940388057867,12422
122799,48.07070548800954,8939
135466,31.834792219578663,47727
201258,89.86093852315027,42127
233556,40.76951203728606,2077
50214,64.01607614522054,48156
135314,68.82033954027767,45530
59225,15.685415283925042,16900
214693,26.927420456662507,2379
137644,79.90302173544676,26810
183749,84.30537638304392,115
131262,43.852404539189266,4234
166270,72.24020238331585,2331
70883,67.55944038700443,5612
27503,56.63226380449671,20702
207206,39.118309824719155,10351
159212,55.338125732166745,24416
6436,97.36119859592134,35575
123646,44.70032005004128,683
231785,26.43578064211934,24633
120984,10.322670799737294,8749
101048,81.55935125250092,2525
70172,11.251073411560615,42795
123393,78.18467761318638,25157
44395,49.646335327861436,43540
101785,32.806782657500186,15725
25092,46.6224437637016,6558
172947,16.33637800983615,36254
97811,88.22265984520195,42151
29520,86.22403647054696,24863
144555,23.952119360503517,18805
228339,25.52267200984738,29666
197481,9.10899172705094,3352
202855,93.03887135478696,31019
19671,20.69119244217482,14836
136224,60.48827022233576,16989
160015,80.73942106946916,37734
58526,28.619581526720605,21859
143131,34.885526790458016,7730
103388,93.28306467622949,17311
219398,92.82704229507577,35596
28318,73.31339410155627,38706
168043,24.499568998917873,29742
121277,27.322713882075202,30461
24712,32.364574604555756,48855
183967,70.42953947168286,24108
28163,36.74308473159719,15239
183722,88.43726157356693,8720
130449,51.59582134260661,28398
206435,23.003473146861474,26070
162649,6.247324013736959,46500
78868,71.61156143174404,5455
208052,77.22649181110475,29512
60787,96.99281181823508,41364
190937,60.76337487030906,27303
89772,93.25658405649096,7608
56032,80.72052735322353,14169
55889,84.60000374255769,27054
201560,47.56558789983007,13300
201493,5.632383135135899,30149
168880,2.8053280695346223,6232
65364,64.03696313355232,35018
217219,53.47383923959727,26082
127581,38.60434333125795,38780
16871,57.027144188679515,4551
73928,90.50687633467264,24718
56076,94.8136105359118,25411
44126,29.359109722396283,25452
153750,66.84085646072673,18860
104455,92.3153237065868,34535
124143,49.48208633936907,33348
130299,50.271339112738104,39196
7858,72.4071530714483,21365
199547,87.80189267095626,19406
217859,48.00477658290204,33734
38608,46.50084525454669,37287
61633,37.387922877827485,4442
186053,3.1303896068221966,31099
46465,84.19234163273592,37098
132420,63.21421712805031,29560
7662,28.86615198136968,49807
42176,2.8019848985312716,6604
86820,43.776861762575535,23144
184689,56.480134544243896,34067
82583,98.71617707122982,39633
87763,97.21306613978636,8894
242328,84.42970579919925,29648
43905,11.309576572601856,31388
22948,79.96870739339015,25091
25153,66.47879243953874,43960
194689,91.44542739557433,19945
179780,76.77376055919501,41830
179277,61.82838791011125,21152
228804,41.19739671325489,9066
149175,38.00248894284893,44862
75938,71.6818025898241,34871
114717,29.718766987258984,7690
211821,89.16808035802384,30020
103820,94.41836915235683,35053
78784,86.31926829357934,44974
21373,93.74854679488628,28381
140225,65.36450565859228,22925
230648,51.69894460555914,20454
13119,30.24322184272183,48534
17120,14.1798035080721,34243
154966,35.78337432157635,26557
108597,1.9843875194107568,25965
27546,75.32064868225291,33272
249034,51.89232379679854,39917
220161,97.12891573970295,25768
9183,55.207193854339216,4405
233925,80.01818071059898,30590
236783,84.52202280898419,20845
42303,11.201531975441425,1396
164586,91.95879778308387,46080
42475,93.09846257538443,21378
78586,76.34825631137335,25231
189323,18.03406925445902,44121
199210,74.5138903125672,46522
238321,80.60442001825199,19126
162886,27.036141590930967,49406
236436,51.36018201663075,2348
225917,10.871355221612214,49500
219552,12.109490034555948,40104
233829,24.16103427637253,21820
10257,62.48431243969708,34830
36793,82.54124465941175,30088
32905,79.26899913480943,10319
138413,47.1000169035705,35800
114446,76.23114750615035,30615
211415,45.85102378563324,38720
43811,52.49062248158253,41357
106844,52.48331043188573,37684
24105,27.842263815565477,1606
18369,59.88309769239842,17905
200866,19.3120324127035,32085
175483,10.129382974742322,17820
216750,49.24367482734246,819
61269,46.20827676806957,24630
180015,10.061650116080582,48557
218336,55.24590054984905,4453
178105,82.38402247022789,856
222541,12.229983931828473,22863
166443,44.31641039671039,31212
52482,28.747558323164892,29240
242442,71.51391364534219,6536
196382,4.487547259416824,40052
120394,87.10580988896602,33456
76766,7.093649866485144,37861
195541,83.1897092880283,47046
143438,80.96384536716886,26403
96632,76.58362373809989,30068
161166,68.0086097146843,18838
61111,16.633013528500932,17983
7656,23.011677115327803,42808
225329,76.96431492373877,16396
239511,1.4856592956169556,25349
124023,1.7958896148019565,31204
10856,70.66493347558608,15674
70605,7.6525504458153195,40638
73897,78.8495480134811,28723
182200,30.217187857642894,43984
76028,43.7928615822623,39162
109235,66.7589638990907,14629
229242,1.610704633885604,30586
167278,28.906578601671473,8535
80188,89.24982317346291,37868
222179,46.432518873141696,950
193767,72.81958310833272,10469
154131,5.594893134845603,30448
131430,88.36495953627302,48907
127892,40.15285836947283,43343
179340,35.37035216375784,33265
139115,58.34125163785771,17462
143813,95.56360886889887,3066
24395,1.3702192943986575,19432
75985,94.33817263371199,8174
249210,21.570822845741713,12605
94859,39.7518542186979,3376
89847,25.8677919025006,12629
125810,37.491570076959036,45201
102607,52.002022058204716,31859
28125,34.06694194429264,33400
188543,61.90481671268059,33339
68920,56.70522917361878,39472
127705,52.08247682013431,2599
182099,40.28705811180926,2297
225615,24.3319721972879,37491
143564,78.29288122604392,29433
108431,67.47239130399883,46583
101717,94.15942353715431,47002
20372,51.99160394319807,49698
133555,23.32986346166048,27411
84477,35.70728836818604,36793
206236,56.487236675558464,13550
167304,27.11551662584247,8738
35434,54.18487167993873,12658
245616,52.55385745305162,24440
8060,80.79112653597117,6013
234702,77.29901792167395,29905
45188,63.232836347133414,13699
176500,62.97066887962536,44329
190058,49.58052165703467,11747
44129,94.36986259037694,15122
152322,88.96900554006781,18227
175495,61.43506519475921,7196
19494,97.08352765173674,48416
73291,60.48982977823995,19586
229620,17.35472426675165,29505
242222,61.228605542841144,38873
193561,85.67283764807426,38441
237541,87.07431963046784,29667
245782,73.62839069763106,16995
216232,65.45126368949319,20176
71285,19.190337952904446,27985
180984,32.258575376657795,12845
181585,21.868403246003318,10224
231241,14.362369011477625,36158
249139,40.770324713937065,42678
182365,13.464218263390395,15883
92648,21.482116981920143,10618
78843,85.67264045358934,25561
48731,75.18066833413623,21196
11976,11.860452661015206,31666
128488,69.61839847480866,21202
67155,88.78681125932681,41991
230731,68.93708338309024,6176
245938,53.74376577335045,20561
82183,87.12778991020518,6632
31205,36.32358125584814,14752
64899,57.1421909214103,43776
19464,27.09746613459558,37624
184675,1.6949568425643777,21713
248473,86.66216486052983,41189
212278,59.82975933960078,32131
165619,56.87870521782277,32516
219983,60.74008918942877,34552
204135,92.40305067054518,21505
124772,93.10046147089713,39467
61794,11.82861763441799,3416
22577,55.17089367843156,33529
18951,53.21108850059126,39996
235586,49.673479172173444,32553
138377,36.3919625158776,47529
218854,32.601426035546524,38935
206506,59.35374720414792,16451
149956,79.98077658898927,37926
199068,23.03069891960021,37403
227116,92.74966950506008,29546
158264,86.1059319790552,16594
105436,24.624844214445236,7673
61584,38.134476225626244,36421
107861,46.4696476069638,43112
62899,51.59077676808488,43045
247847,41.803513895370465,2380
249785,31.272055348280137,12072
46571,13.52837992783422,8101
85524,96.76676111742253,15153
173505,35.87573690395108,43053
5353,21.66292162737487,31836
73505,38.62200659864821,44713
149404,62.04509022708035,28523
218686,25.16726254988172,39169
68915,11.52403180063243,186
216113,54.16444841149825,9649
188883,36.159932872094885,7462
172893,88.45512977437902,17999
150929,33.9780459262596,44378
139537,89.92522133992654,1799
146379,27.91320980129738,6992
111591,8.396866452013459,32479
16868,55.82306793268152,24883
132761,9.550771800174116,7563
68771,28.565937498043965,35647
78275,26.68686823914677,6114
133429,73.46260469753165,32057
206574,98.7841122559058,27492
155629,59.915107925219026,8766
76881,59.338488025129294,37727
202867,53.04983691316294,3360
123901,46.83558703358477,3387
37875,31.037050546642703,26106
221790,53.335302012570146,1832
24398,94.79992447067906,43303
236066,25.41765731750593,6020
246798,62.304085604769895,35982
32300,7.713829347269682,11777
162955,88.78721826613955,37343
16576,77.82749357659608,393
52617,5.844033287420306,7565
153965,16.57296064914025,40107
102148,15.543175076221496,39013
87179,94.50347627510793,48747
149722,84.5620224849122,41105
64633,1.278053436813645,30512
100543,84.96605101434778,43630
153996,63.780701999689995,11831
144842,59.85773790426311,48424
174485,46.67105851935026,5035
212900,5.812788909995477,18905
51729,97.50553174385408,17729
207026,61.366044255551536,5174
123131,56.321477131725835,17797
50580,80.22104031345718,49594
121713,11.290192069239959,2820
87816,11.274555869579778,29760
115991,87.60841526785856,864
70577,29.73512996918499,24492
120356,97.0044212891666,44679
211519,11.715434469033841,45282
168814,54.22038258697047,14466
115523,2.8899339029107947,19338
223039,9.59891915481921,30683
165031,67.26875985004499,23693
91718,53.57327727950369,42319
191209,6.712609283358228,44752
41280,97.48518192324889,18589
191178,76.82834103587173,19997
91076,72.57264163977878,20417
57460,13.078696332122098,45689
216185,65.56955790183905,22786
148133,81.9300981065011,16748
176239,40.47172597563469,17071
11185,57.93004695013417,36289
220271,55.28282194242588,18212
14908,14.92402969653018,30345
237187,14.193721152125867,14316
27474,40.60314354363803,20563
168336,45.99932453394272,38939
46334,44.02309111564301,29614
238487,50.04298713570845,27116
122721,29.8504495360041,14614
12298,52.4986489124957,5801
31045,18.643244967450475,17658
109476,64.3116987323377,20036
93123,59.16449539813912,37707
31024,92.43376740517405,31387
137822,56.58873845997585,7021
230363,47.56322176530881,48010
123555,35.959079640063464,48685
140930,65.99741825130697,42105
105643,61.50636729860712,20512
78621,68.13404631356353,6880
220204,30.041035640802615,754
16782,80.30827663900456,37959
149945,58.63372271609413,39981
68675,89.15287909160233,40981
211546,41.43012337245115,43256
62107,69.74158209841832,26193
224684,59.3032987000857,37755
170304,74.36883650188643,13839
111049,66.98000514877425,37785
233571,95.68064363107138,21640
138467,23.582344612831864,5020
222969,20.620531441129963,18524
12907,85.88532974909562,37081
177572,73.57347668505102,34888
145582,95.93151742054862,33001
41647,32.732315727083275,43746
235772,20.557981698721786,44224
96793,95.98070233470189,10346
102677,39.69375019740244,15199
68411,30.302968554668663,13693
117039,17.900955484047547,22686
137807,28.793624407149544,17550
57881,85.0713088994502,22017
190454,93.9002382111012,12342
203292,88.39387243849482,23524
178753,47.6124718277043,37205
174284,42.631003995868845,11807
53808,25.396792541977494,30330
5587,67.10448084782668,564
11114,19.162152392388364,8806
145531,40.03069642061829,35836
136806,86.8739031107547,4421
18694,13.938393828028387,45902
101016,61.01405502808246,35292
57378,88.64362200965003,42810
200673,90.39038353441606,43289
162595,47.93736908336213,16068
53425,82.56406387583546,13343
46931,58.45427733112936,41259
155749,82.76764200751337,19645
234428,35.62324815212608,38350
69891,71.10699190508377,38717
36624,37.73423640252662,4088
40312,19.0970015453724,13443
56074,27.496706030082986,3136
142295,21.834540752021937,33489
245589,85.75653639444414,5770
132120,2.5909751871003426,41239
77422,64.92979763771862,8000
233933,97.25900423188892,10141
58719,98.52147747158632,41422
125239,87.03162256889671,45026
73932,84.53911670049216,23233
128080,29.966735962192946,15613
8123,20.46629157023251,47529
55285,46.17758051700167,21554
9982,27.855365896298434,17432
98805,91.60842389160085,43103
5154,46.34692007708634,9341
21584,72.51559728430918,28441
231979,29.198571613901414,23183
113805,19.781953237776264,40206
121717,85.97526461968131,24083
110328,17.456929055311154,15024
179998,32.14283785408965,31640
122401,35.84468970646214,43335
237568,12.173865142035366,25874
84491,60.098003983563544,44461
123851,19.9192855700417,38538
23014,17.83695961196546,37995
249377,11.876806618501261,40199
132189,46.87741390435141,11811
198868,74.32317699365362,39568
26211,74.38059039337949,18870
95037,32.284355625651145,1066
93804,9.004507235503764,209
236318,73.79778532838199,13937
101215,74.31050339615099,44259
204544,55.546420430992214,38109
64357,3.413498023861398,16189
31118,51.33723445503928,38777
225362,20.96830827098601,36186
144547,6.952859363448788,21664
174538,29.922804229216574,18775
193604,44.91289305416036,12555
104767,70.34701705145454,34868
49277,92.9291019099262,35520
183554,88.95396751281812,26085
232565,49.77817850217454,5625
181639,67.23918238350959,779
166056,83.24406931751037,31248
12890,96.52919999435682,17949
50813,81.56024624209428,41745
188330,20.175206922107588,978
209372,95.54251108619543,43693
206782,47.95025868153726,31981
52586,14.660011969835919,44303
62096,55.616965284308826,4803
175821,16.323081757926673,41896
14456,60.99571500372187,23598
17984,64.33964440655959,10026
246834,20.661936923963104,36179
77570,98.08591960787032,4161
33523,19.491200794318075,14380
129093,73.45014765443325,19473
48892,70.06599213793557,22047
229540,54.79534611250403,26014
122282,70.90879716414545,44922
98416,36.40704608188564,32576
27702,96.49713610109511,31446
83670,37.89708766295272,29629
74284,69.3864623810912,45508
226736,5.829659962572466,15922
7635,62.417159430424675,25084
128879,5.126887867167059,30276
216907,48.35537777773039,14156
106532,48.094818517422226,44528
186808,54.741206842677116,28261
149696,12.261626851806371,10921
64016,83.53294938845117,9219
228550,36.66275324461183,36460
129349,26.597213276541247,23495
244257,4.870416263489986,41195
35475,52.00305205782264,13988
64744,4.088078040507275,24936
235798,82.24692461446199,9651
43290,8.134632271416667,38384
219565,12.401244361254339,36801
68816,43.74334427367805,25170
189576,80.07062299152577,3583
91328,50.10185750441077,48525
225805,22.146382050039456,27984
163214,57.968889015265425,45546
218087,43.2637067811904,48935
77317,43.797590378240976,19380
140140,92.33898240205518,38152
113372,9.16211888979851,16996
135463,62.91234604459686,15534
57890,29.219294877648355,33326
43083,72.29031260899117,49559
80687,64.01484181925744,2407
21647,39.50716101133306,22880
113593,67.54346853909253,44941
35409,45.38527847344889,10697
15624,31.010421218136013,5436
192153,65.40937210478948,44400
195804,70.28641476215262,40806
235429,93.08572375231131,33941
212560,26.40985096944616,28128
135480,30.76754372516368,33653
125248,40.0312397894025,46578
11413,64.10094529344616,40579
165627,97.47820789260143,17538
42113,82.01041399292886,6026
162241,97.168831104615,42739
75808,25.634906835395807,9306
75808,14.536298278321977,3604
197843,52.934703404819835,3228
39222,70.1499284757393,39630
120430,95.40882062150912,3971
118407,82.4295118811781,46149
78741,17.642543388441716,5120
147317,23.504219409644218,27996
140793,21.211212934458157,15516
134797,20.09595611434063,37694
159337,83.47541644086684,33019
167348,34.62751998897234,10517
130464,60.034474876114466,44469
100898,48.78145401261285,43784
123663,61.6764612544303,16671
242917,78.59867437177904,27837
216729,30.44828686957745,4033
123926,7.6975558286842745,31119
218034,17.473752680807774,27576
216714,26.067942527712294,18511
69554,70.751162767445,35854
84553,71.7344185810871,20876
73059,10.816109684898075,47024
10898,30.61561659920729,3624
62483,72.62807662120274,13906
67176,72.89021644060765,39041
25283,26.52543312981368,1403
232836,61.39717631901299,44463
110657,89.98248470933049,36972
185600,81.3900035289777,13923
247055,95.26621176665668,27116
77205,23.54036297365614,49865
156945,63.69795991586432,46011
168523,35.38736843273783,6254
162641,55.328425101718786,40902
206964,87.24253481015975,33520
88528,10.258434548362695,13486
239537,41.54013444997522,22463
31896,65.43037853365864,28107
33540,14.124624515805186,14797
35582,34.372481554992284,7467
90588,55.033274650080685,39922
177983,56.212324738448274,45641
35431,57.901827902442186,36342
181268,55.08174679796061,44495
190259,2.608729347713221,34127
114788,1.3066032829546996,18975
24724,9.653278016908914,26549
120096,24.306887596935912,6923
126104,91.9791098335179,48475
163956,94.62931755631504,15068
93963,33.65473079628095,26384
170205,65.3084326863562,8900
57318,35.56198877511376,17281
220361,83.93440504490766,28794
82304,73.7572875781737,24720
121476,92.4625029379568,8111
87352,31.50047390216789,24637
236464,65.42105962047896,3242
70984,31.25267245710472,22550
188529,17.212696897699935,15688
123020,6.399441466656543,18048
89846,41.258282382825705,23898
240653,46.78493770834775,39202
61233,88.94584307490618,20578
34695,49.238545042955245,16003
123811,34.061986664505966,6050
243333,33.36127413782192,24883
72478,94.8450363681434,11886
160234,17.75200386352708,19383
212264,98.86183634690761,28403
6816,86.5890855572931,10126
184608,44.94810815677173,36861
7557,18.377961425526646,25690
215072,97.46655537192251,44824
195104,18.091190959374828,5674
29331,37.58944062149282,48270
179120,84.9531068242359,27506
40915,32.94647967272215,31476
54873,73.69870578612235,1167
18982,46.15649309693459,9705
61868,1.4929299327237493,18117
230243,9.736434698888555,31132
65138,35.33661623814057,4816
52276,88.64812559671039,16679
109302,6.1623560844239735,49174
10109,51.30146481137638,6710
97876,46.94197687946932,3019
238982,51.60507891732815,23345
19982,67.28855189422659,42763
12635,68.50360526680753,40522
38315,46.499344384461,39718
82508,73.92271334094585,16899
11850,62.74797529666212,39324
182934,47.51049086037597,10364
198869,56.17549736237395,34168
14325,67.12227203198563,21721
120921,69.27026014928028,15738
17414,35.579461195340365,25628
7793,63.22893567867288,4772
86097,22.08721436078905,31411
45978,82.1195966157077,47819
63501,8.841595734177954,30986
100696,26.718790347467525,40600
194530,41.18240567551912,6417
197870,9.112668022715031,9100
12380,80.19592397292627,39250
65619,74.20691566142335,39924
223879,68.31233203966828,43499
25528,68.36846473757535,10173
190618,29.04158866255992,36445
42860,85.98945239750705,49632
143204,73.66601089833895,47697
234579,15.613866495662043,26231
186450,2.263886511517185,37582
107582,2.638570915094408,10309
186951,97.64739139365747,33216
127213,76.46374362165034,23312
192780,25.672780633296686,38143
19325,85.18980142245158,27361
83806,55.20360316074479,29808
52767,14.54180220377782,35473
124358,49.229218381747756,4192
223802,35.84724475296028,23198
49335,44.72662715018324,27762
116620,28.263375721764362,26779
149191,31.322188795060818,36405
104213,6.783469896825195,49026
20948,34.84085199317685,26486
156941,23.159040970982826,21978
58568,55.34961384596135,32147
88270,75.83435461777178,13858
46431,12.811829366399502,39181
107775,60.7867472146469,3851
248998,92.23261357688544,25079
120535,92.82524616390563,17182
18747,84.58188730041546,588
55717,93.88854770495008,40966
123905,16.003642402360324,10855
115793,4.6023442599064515,59
98709,75.78901531607544,41840
8769,4.237899738702421,49782
15760,25.392938498515843,25061
205036,90.80435091456123,35751
158035,51.61333060377284,14173
174152,52.12751484974674,13309
74638,85.90045462083339,42269
173920,62.693427170273424,44594
43316,2.2868900303249076,11316
217751,14.608744368700991,21380
17116,1.8145340954344158,24491
187502,64.29498683818329,16199
74344,98.4544726044156,25059
129670,41.01419178989418,297
20351,76.53682110486463,19720
182006,41.947280652423224,22688
54832,91.93996143136869,17434
206044,34.46188036678436,16661
61693,43.26852898889243,3453
195540,85.46711383874826,36767
45167,97.2395541044245,26311
28033,84.51862930275904,39064
60317,73.89727240726292,9157
116563,30.95807258390399,22247
153372,90.18867661655614,870
157510,59.5174669692825,16223
170535,18.545027989703247,38594
126176,53.03191486924226,48838
156868,73.82548242274322,9998
180181,93.71935137182108,24476
51560,15.274592215175005,13646
90171,74.83846257581492,45338
49396,9.67469515675576,4751
49280,11.72138423906542,18967
155307,87.59327150355925,14622
131153,64.13274431593291,559
18806,78.78523532620959,26761
116473,18.167717653693405,34236
181866,12.466071459996297,5746
143268,67.81471835556881,17841
146005,50.78969345803792,40621
104562,52.74224362293785,228
97773,14.687497344631419,19627
113696,47.41798827764604,9563
85221,78.94315712224795,27641
115266,45.073064562726984,44443
192179,65.97141979540426,33334
147334,77.32481570655959,47649
16586,9.63192453871786,46240
124599,79.53750310285643,17900
9692,70.05524757938494,10132
18973,81.3621420605851,41718
207419,46.15137846368255,10549
6674,42.960150306972224,49349
202011,56.09810913235184,2250
191651,29.16858951696515,2769
70072,74.05683242282447,12923
214845,44.45377319476139,5166
85653,94.19399739887076,899
128115,39.673140354755496,33755
12755,38.24541007669227,45506
121404,58.7967853048592,21993
46277,32.64797364261424,3774
65018,93.80857376628512,9746
211676,80.55613941275409,19813
6303,1.5162054316821323,43211
171324,85.03048718364823,44118
107391,44.14104670652384,6660
221032,66.22600845535304,716
235942,3.602703147733333,15202
121241,18.14910990865058,48349
5069,87.19570740015165,30614
236563,28.40901253375425,16042
194059,22.09705845628136,981
224769,32.436978779371806,4123
37034,45.17914116547409,10805
135548,40.82482570620343,38519
105482,53.78344317125656,44504
104015,4.019987432385982,48068
240670,11.73950620236591,46137
216814,88.30895626890178,48255
92342,18.277878480402435,44205
34311,33.06471103902353,15235
211694,38.29834873373944,15194
129728,36.529132258232735,28134
97054,95.2379973127695,38022
29772,21.09576607136295,28412
37228,9.563143693148582,37467
130996,31.311139750155537,3281
128892,46.67920674817431,5921
216050,44.21813331370894,1095
97009,89.694250239987,33692
197824,98.39365733120711,42134
10716,62.09203899979922,12391
239958,36.9207152813262,42022
22224,84.6894054729923,6442
37598,74.54795279865925,14866
217546,96.56250885272556,41905
220162,95.64082238279084,33876
83507,12.782329853195371,41282
22501,43.316600107717875,39910
124293,92.65078122552941,14872
177389,96.56890589961328,34601
210126,13.297540721215723,46670
110669,20.8064255182281,41029
204424,88.7002834091547,3529
78406,79.90731202975739,37123
112068,14.589440001763956,3725
37476,13.107497937282346,32859
165353,89.72855902853607,46614
135832,9.5061233510461,44260
203506,39.00322827899929,46522
233911,19.25329704459228,17574
57719,74.31477845268016,30871
125010,87.27162950686066,35883
91773,60.968427509756,27484
219283,37.08165815176674,8562
181604,36.12802343371879,785
31189,81.27130680584911,21311
109839,64.60676062562251,2795
200498,87.46708234013455,9106
113974,27.982204827561223,40036
183966,76.02884016630787,16460
221111,59.70686843341668,22633
206721,76.82091347492545,42605
173841,31.21782404124807,7392
93048,81.39744100774156,46522
17215,6.978049306216559,31012
23759,91.95554446058988,10236
168530,65.36950657367235,48636
196122,88.99745640701383,18923
215807,46.77555694725751,29704
222505,64.23258018206587,5355
104324,56.34015095430693,25168
137241,20.462049811441602,7620
241240,70.79825175117935,36382
7517,76.97293946237544,5949
229837,24.20574738204878,40950
167251,81.6750722935008,32813
240604,11.32779818796239,3559
244154,1.469523484180768,369
165151,94.01251641282342,40735
209912,63.905012853149145,42026
183509,31.981773296583572,49693
8593,62.726862335005364,23336
167272,6.467958286636352,43259
6509,34.3856306553153,11783
227996,42.255345993737215,22490
112035,96.53179753054702,16571
149518,27.344677287228144,29431
70386,79.00343195296074,24797
52915,40.677893263558886,5983
185521,74.15151897782484,3125
225971,55.25180075166027,22956
13652,32.314725409469474,2800
111112,11.862586860078213,23366
140061,82.69030978421591,18509
58042,10.871758315408387,29467
138520,17.647986224680288,41245
111149,16.380431781850973,25414
155084,49.04784905747828,47059
147473,73.88819864411435,20736
43876,40.640414475681695,4083
125218,10.401489648827404,739
63913,28.81763384031515,6079
213602,29.52093792080302,39701
183438,61.980571588465025,47439
205083,24.69046236742926,28944
131884,64.37763625663331,17972
196970,45.92367462080132,49543
155164,31.232446758836733,47665
221207,74.74372326366309,23899
210566,60.864367616793146,39042
228912,8.092040526474168,43392
25740,36.025828379617806,40333
246840,46.086077516561474,15464
185859,75.67317491299154,20324
155458,10.659439490048406,3283
218487,18.669979688487267,49627
155629,21.3011043540424,27513
219132,14.735560872484065,28544
18500,3.690940436996195,16345
122856,18.502904552148152,24193
234944,5.5790577657999165,46779
204622,6.560708197051776,17131
109356,31.592037890875876,12222
5309,48.0937454710884,31755
135560,26.12622149324504,10426
240909,24.115605295334923,49797
141454,50.71797906711374,40891
195434,81.354260150333,19635
248425,45.73274670254838,32840
114397,35.52267192643504,34764
219235,89.44124846178912,9458
237888,40.575120981312885,4532
128701,16.09023227443688,11685
142210,24.079314944386674,16222
240263,75.69705454590161,47804
208012,81.4450089112606,23692
111763,14.196307088585144,40990
141546,29.513031115045912,38645
206188,43.45512653062013,37987
195586,84.28163755722701,19762
179715,28.90632344538698,6069
106047,40.97939542385248,27108
142345,95.80917861730784,26464
215790,95.53499637314549,17093
183047,15.898934738609114,16535
81456,14.470846029687456,22784
190392,36.42432189476523,7084
135302,75.65281570419718,8865
113366,85.10297837026539,20762
28494,9.785394036219191,37644
63036,12.40744166805966,43560
173178,58.9630579809261,23484
54318,66.80954381228943,34376
226914,13.822468441118424,19931
131396,39.53655753419626,11194
224523,72.97786234253297,32679
143328,15.61314886505461,25623
156157,82.15046007761777,41760
105258,42.6552690375387,4930
118749,92.9081459304553,32917
170603,37.37062180894666,14528
63761,72.58416689229216,44134
120033,22.88291481452187,2100
214867,11.550898683672532,9937
117628,83.90606987005508,296
182638,27.292488259725133,47402
123623,24.572183947405332,47635
128332,46.18179228198869,6965
79382,56.257169633695014,42931
119123,75.25710433826379,3306
46174,41.186131245565356,34612
216876,86.59938642159224,269
212693,94.08438916995921,29421
43592,77.57085756732245,46546
89396,4.008869372675291,30425
104208,4.606102054024296,16600
210913,79.38253490009853,433
21885,36.07596566926592,23099
97376,63.42015545190887,46402
29767,53.32462948778123,39242
94155,89.6612462615422,1272
96007,50.32286767570638,12160
107443,28.931700677714026,542
131895,83.79536508294973,41554
97816,15.40418467765522,39259
178003,74.36713906245126,40308
190118,22.436621023122104,35046
72960,4.69639367547741,33124
101788,30.39501222586586,16337
174874,84.81550625466681,23272
139313,56.77966647415665,46395
247883,67.01890601260273,7081
189664,24.822577257656878,13362
112744,92.84765326850717,10729
13102,3.20771428404593,37359
67282,53.677263171768985,29560
244529,42.857384013095825,6864
111337,16.530466469061345,9414
40019,31.673438914601665,45151
26341,69.87431464284023,5911
201494,71.84964511305843,47674
201038,74.49613543796299,48933
93333,81.7679745135009,30547
12773,92.63710281913959,18662
12997,35.95392393321451,34371
34934,16.766989910657077,8226
170807,82.99905543977887,12353
148606,60.606951564381234,35880
147880,37.81882690873317,41833
85451,30.814864622339094,7756
149642,31.457942899963218,46803
23144,85.35224184630194,1664
133618,56.34238769950839,46179
51105,30.47553439182345,29084
146933,52.820887067491924,5828
18100,98.88485955980035,47781
19644,19.97343694923893,39960
47758,44.45617977872161,8176
192897,11.657530345452528,41392
75170,57.381444942795554,15805
20893,97.66066679389768,3607
23816,28.25122473271829,23843
61821,85.489606507278,14000
42495,33.65141580599872,38996
112546,9.243181992282754,35280
13476,81.24193267333575,44254
238101,77.6449561502471,7395
62555,21.466705666357193,161
242844,83.58533212102813,30087
52792,86.08159087933612,42587
114044,36.25189017276315,43643
166207,21.374361468757446,39699
144998,93.71872707616109,20252
191977,67.92131859604459,4466
48255,19.40115223660392,48499
208489,65.07256633234513,14452
64867,33.435115480348,11687
163674,45.88075368616698,49325
29082,73.67637094646335,29974
115705,41.6220274924148,19948
164556,9.854010675152802,42406
49277,83.34253513198887,22079
209682,97.86856518824423,18209
173784,64.52547778902678,30262
119780,6.965214610641484,22711
242267,73.40085048628777,20486
179757,46.23686650756032,1726
103770,87.78231135969503,21813
207325,36.787149236784224,17752
155874,74.40552286391842,701
175921,22.915451490493215,45216
228959,70.3432875755429,34465
206569,94.01910535441834,34030
187948,15.545813614516383,19153
186632,85.16325036823059,34142
11422,26.703705097667687,25302
117431,65.91270527827349,14518
143986,55.918089841101086,7492
66422,24.595084542679405,12942
54862,60.90906718235254,34941
52305,36.98991813658482,49831
21584,24.017059496993955,22313
110024,31.929501913186577,10078
201321,28.11088262979914,6255
86837,39.48571925346689,15155
215870,59.67417443483004,36158
108712,58.98038097329019,40899
157890,59.030585268423565,9457
76414,25.606693919457484,33278
124040,37.75390507588846,11232
35490,79.93144032291453,47652
204634,89.90913516494663,46652
197067,57.334006136654295,19524
222660,54.68963667754115,26111
50212,90.43411138601722,9685
205306,77.51333571012056,47065
128838,16.786446139280685,39229
156912,36.41830663483703,6480
42050,84.82624614077515,1581
151246,21.30831839145377,46916
130881,21.42326584869524,5562
16853,64.12212023428359,12355
76202,3.6443596423848947,8961
212063,26.980087151943817,39997
121554,22.2879668222731,49352
92363,82.0198754016709,12748
62027,53.89217691352857,15427
74228,14.69787851156717,11697
132325,39.52629294791037,12528
176614,34.99875331145655,29328
25702,28.44994290230085,37866
212366,42.22326234894665,46789
181119,8.250582633670204,28687
26987,36.773783652249165,48952
127827,24.43670020817925,22439
122719,64.30991692553904,48390
184467,74.86897415816152,9491
241174,72.49352110899332,29172
101725,46.40909378195348,20124
36099,46.335476557373944,17847
162495,75.74508236577459,25618
85165,46.16829708181016,22208
84618,11.501396025865246,31196
85656,36.17001196823704,17180
135819,15.20981359030749,48635
236757,53.21515426605605,28865
169078,76.27487873815451,9145
26882,68.90355755713436,49403
50145,50.87621091365554,34319
14695,16.478637049188418,8799
101532,26.472072812178716,29734
122148,24.275399328109668,30128
155561,58.35986534530508,23170
60083,38.91088532014669,6907
47922,24.717654761413105,28785
120798,6.746414720017851,33515
48090,4.013976468680257,47416
7402,21.3459581006177,5809
166477,84.35713259386472,13188
249003,61.52321445025929,16768
110165,20.75728438695376,41299
193021,87.1644990260144,12512
140222,57.44588788298634,30502
103386,66.00689198960052,2977
55091,91.24434140823992,42745
204335,32.09148524765297,32980
239349,98.3301753224589,4077
26909,92.1707261649743,31665
13036,55.257507872041,40105
98991,66.89178629505665,41671
189477,54.265433956217635,47492
186413,17.470650484941284,9294
9010,13.316246563052218,28138
160112,65.28409309979453,11327
176313,33.47504495624718,44877
39089,27.945591357159916,35955
100452,89.68285204235657,15993
35854,67.24336399516399,21371
230730,15.859973963847338,4234
102063,30.166098446914198,40156
244363,50.74457727950883,22415
224382,81.47733170425573,7951
44295,49.31292610293546,44681
49645,6.918791932222402,22266
10305,54.78167081219049,36219
238136,82.3056563703913,26270
8461,98.48456351267964,6759
55152,55.45490170994583,2318
158571,34.68765122249981,35521
193267,84.24052296297751,19822
73550,78.6992968008583,36646
225655,39.227085396908834,49184
124971,31.276232589614793,30805
122240,66.33100783692309,2241
7414,81.2836543620933,29542
223594,11.87993600801237,14766
224718,83.44985795250243,16829
152438,43.24658281880544,36222
84979,25.138553748792184,13863
201000,4.012607805951301,29583
127398,74.75657342419498,19570
235479,94.58042042698857,20057
117670,85.64659342066928,46682
58099,94.75302668722672,15318
201473,49.407720967815386,35296
155165,43.141764775192634,11200
101761,6.832813391113007,33682
142807,81.1710989822579,3602
64292,79.17616166136287,32131
144452,72.78347778617712,41861
88891,27.914433643116446,15627
9288,31.69012631711803,39062
126840,60.1250940457972,20751
54747,51.22454134537161,23717
13541,31.355596246215487,49164
152198,12.121704931902148,49635
181756,52.73644115304358,40810
158629,1.656790796396271,14889
217977,32.99994964939423,19451
96905,36.94619081192846,48038
133742,31.266575255374793,39120
98301,40.18519993787859,17568
125929,42.596251540476366,14555
67950,14.701805740338088,42706
36849,15.15753061291011,42394
99975,52.655462223161905,8074
96384,55.89399533747255,621
109804,30.30429169363063,42084
41503,43.822294171211496,7243
77577,94.87122405108158,45224
80946,77.12364710664554,48298
185576,19.48493107198658,47928
245937,17.252997841231288,39146
178793,5.134667728282407,10731
178795,38.181743887801275,26298
190619,86.41863860829052,48810
242424,33.55836818145296,39722
97334,67.92621830473554,46012
166828,14.580106166960588,17844
226049,80.89021442336423,43709
27522,19.637617736453677,7630
33612,19.465081254251288,18915
50839,55.34219691373299,25270
26449,1.7596256483054653,26241
97693,76.38702561044336,12989
50449,65.90429091239285,39323
49973,14.277509848956043,16123
32825,84.34681563678373,33680
228845,65.2681652621114,49567
95635,89.43129905909389,12590
50183,92.24745781469102,41879
120000,31.053520959286327,41554
238252,45.128069282791934,28134
35572,80.35185574912839,33162
109797,68.51581849213068,4187
89716,72.62396809496265,17589
167027,86.47893427645694,46608
50991,33.40365288666837,34516
224359,83.50985729637553,38923
107178,25.786947666987782,8434
77357,83.3475203265379,11065
99087,48.23352256783602,3320
128897,69.19808855088858,24060
9550,38.876785239059,2703
181376,1.363126871021394,47896
96928,71.48373293432579,40232
47074,1.5140429305409249,46341
122139,52.906650385367115,30584
184793,31.95207947424623,43317
150012,69.95488998750058,30368
73231,8.586761111712772,45649
50755,38.172573780918874,23685
19394,9.516680916427644,36819
106487,87.33635196229693,4882
90769,5.573346566514953,23120
221171,94.52226481492613,2876
120947,87.92355300960782,18333
14613,13.084248600016378,27721
83951,16.570887134325528,15267
76335,84.26833489308424,21224
166170,77.15649540378153,6796
108512,58.202582492813086,4464
216605,57.805879474660614,29472
211525,54.453423016284894,19017
163479,55.5725523955743,38420
142140,92.96343042999715,6296
58805,67.920577507906,7023
172474,87.50777240422693,15937
155068,43.118317992485615,27494
16452,61.52900371680897,48361
147036,28.99335743380249,10887
101524,65.06590477408973,10417
54298,75.67027204946831,6890
152607,65.49251506844936,46139
139730,4.842741315019378,31025
130631,51.43992943544648,8218
199019,2.961798978168169,22463
27869,31.90631267928007,21802
95860,24.34577020597613,3730
175706,30.042466492502633,24965
171103,16.08399522147223,46999
216387,87.21238808211939,13639
135068,34.92695012575443,10043
147032,67.43033911499677,49021
193169,64.10979124146243,7981
113048,11.569086548302865,49970
240731,34.9127013027801,15388
207592,71.95824708472806,4795
221739,78.21157890889218,44883
82014,28.519539659443616,6345
237341,14.840458496574445,19004
168739,86.76496090851707,8885
105709,19.255422649938918,24531
5937,49.60568739423696,8098
78707,57.691028556153675,18672
228863,24.21703200272265,44931
70500,49.259717373227886,18842
57892,43.329381152583785,24255
177403,56.36374537470656,14560
7499,31.16666946045687,34176
109026,39.14130747287204,22203
35666,24.53571775544408,45005
76572,36.602183517267754,19331
99723,53.606241334964864,47157
110894,41.39839477718815,27206
217607,70.7830265523446,12710
84949,89.06468020558414,39019
203751,88.83278189394419,6937
173558,77.29619711384167,23833
195638,68.65200874872404,46266
81893,41.180529063201064,22517
110693,3.4606154344070617,9337
225210,51.34600640643494,18648
93084,18.548854420005895,11815
194357,55.50050454031041,13034
112296,59.34398187914234,45633
12435,49.50312809582973,31366
59037,7.4784538189126,47838
122369,94.97843903963938,20894
194515,91.92114172991971,24546
204734,72.00300739374853,2017
177303,46.318706454555695,10814
185619,31.453619148633226,46459
210816,30.55460974524431,2946
120483,77.58732945790521,28424
246325,91.43693557131809,47939
8443,54.87984048972238,39992
241207,48.068823692037064,22079
243278,75.28538433073535,20437
113209,77.16969709794157,12261
207409,41.52957569710779,9054
158207,8.00462460260866,19571
21809,81.9022346409711,14084
204939,14.883645118519361,38122
37573,93.2473952579306,36683
174177,26.425461328424664,6183
12250,45.306256199179174,30846
221190,9.80485984852948,43806
107030,50.55193212266035,5578
144980,31.37467061244272,25689
46631,62.081325136278856,20547
185312,57.38860193542598,4655
177941,8.9972707268639,44061
50132,36.94103436530955,3329
174065,97.17066597112523,30652
125534,79.7692989652667,11354
172879,22.466856543955128,15688
216878,15.772417238085325,41265
246037,95.71578534005482,37811
80645,42.94388928000477,13864
16758,25.287855178162925,24208
147015,88.5566352415724,35677
220295,70.81555770985781,26827
197204,22.367151255703718,29211
151900,93.08459440734116,7235
69128,14.178159638407465,26664
149402,23.424826384880518,14982
99799,42.560630974049516,842
29546,98.06438274626035,45785
86823,59.57537177950836,26165
226455,18.113151521990424,30156
133292,30.63458048629218,13372
198313,35.49384794899975,7939
201007,82.38147303254968,28821
92386,22.878619602813398,19661
225657,17.01137483192346,2775
93596,43.441006346419776,29144
195726,8.742012192164347,347
231510,72.25248657711552,14971
154537,87.53764800758658,14929
216533,8.087876579653797,36456
96631,75.69705371671151,33049
22252,79.82412957964027,36390
132472,26.255814311771495,28978
205545,84.96233140295537,40778
46052,74.62978389787253,16555
88383,39.97904975237767,33684
164880,94.66324308384475,26618
230384,31.91995580262794,42762
129821,84.6709525478641,27147
33863,42.08422775063082,10216
207005,76.55204031256324,28979
248306,22.047108420168193,10629
213927,80.65875219691087,29168
117930,21.696046342552926,20488
79913,83.09365619636257,13681
185052,53.489289281916754,38274
177440,18.639853653198415,23800
188317,95.59932431509102,11002
197073,28.07521946816672,19272
121846,51.11598366484178,5632
102826,67.19630958298971,3465
47614,77.25293854957145,22569
7255,91.85921751319503,14207
25560,38.52700931233646,43918
67779,13.106391137657308,16470
105706,40.76182312323667,42200
156743,63.029760886347105,16442
30499,13.55329131566778,36774
185538,44.40898651886619,6028
41136,5.713459670826451,5220
103345,72.30416560977345,18993
22553,28.482810030329627,11946
144053,72.99984709622832,30093
131786,36.66132197580771,27603
205059,12.408438509324187,32766
232887,94.17966582086889,7304
66979,90.28534183315642,146
5950,84.82072779842231,23751
126225,76.9793016009556,577
123781,21.331999127139284,33993
125514,10.599679493955104,5351
169565,23.913757353011604,13248
195744,72.47390029090883,14776
62981,72.64354004703563,5701
184854,21.954342703703443,44613
59675,83.68967149222804,45613
152636,17.14270066653436,3736
96158,39.38846732019498,19570
125881,72.64128782279796,36577
133672,57.20708958022673,17975
193071,17.892207061306696,16045
166162,88.01597642399304,44929
35154,9.503873458173867,6985
27939,59.25719671094043,22166
105817,27.048297859864906,27007
218289,44.40813884999043,1215
61845,13.306908896238948,22927
246106,83.06343714796681,22814
7305,77.86209094385103,15953
184929,37.918188966397,12099
116649,27.452302286361814,26490
143753,88.7516886230498,43814
188305,36.491601816539124,45189
23339,55.90917233977698,17195
82113,56.330203130405344,9979
137709,40.14516519063013,37127
197757,43.10488520004822,26278
98091,72.59037181547725,44637
51376,87.83714129816455,48410
149191,23.431530303199782,875
7950,61.461832816044655,45071
108667,38.791181129824146,24661
209317,31.3000180607838,40374
73579,62.34799036976464,19793
241831,67.43602637849499,47690
161697,27.679461733390344,17890
124746,69.0409304828495,10956
98408,60.41144318879287,39297
27583,32.358604870582944,16256
201654,73.13665697387815,22876
227197,28.569629744595773,24335
226430,92.45571444275825,4768
89391,41.103346606660025,37304
199252,32.255272814170795,28989
65600,40.45984498720988,7296
39286,88.1804495883789,16194
246099,1.922961753696504,32729
156871,61.886792667463936,1928
78922,39.299737624222175,27009
81582,60.22696601069238,24604
231439,72.66578822188892,7225
54839,23.048288370911692,10501
89779,82.49647927681258,40480
147617,85.1027287613613,13817
58442,31.54511451091987,5511
32941,40.207038108355825,38633
248139,94.16061407033415,7743
206954,67.86365055525435,18494
50118,9.798503052651478,29755
193301,70.77157240980691,41034
186445,75.75952421278541,40828
194315,56.59769301873785,26930
199295,29.867724217243108,29673
36455,85.61478865137639,38191
149135,63.66290760952908,6844
44680,92.14870098099463,10321
84909,2.2646843267750643,38630
198339,43.20393984950489,33988
159324,49.10047390554726,24275
213314,23.164656366252014,46800
149799,20.519445903859445,7806
29427,15.236162687778894,8856
79846,58.06298522542241,1742
57374,57.36658354631964,4241
204425,45.95552302277874,37123
91362,3.0834277980894136,31176
49069,32.26565793930795,12973
84284,43.612666248061586,3759
75510,74.02365718590963,42347
108118,10.862817930542601,36602
45723,68.62859903157246,11375
230770,67.93281291403751,767
151420,86.22894468256231,37246
220800,91.09121408235458,982
84489,62.12947259365503,312
153182,14.213617257617804,46973
144231,70.75499289102984,30837
224443,56.53637685491547,48272
183747,81.52677393623206,28576
227558,73.59795985573638,23549
52409,63.813823943751885,31617
228133,29.500881935080702,43289
69373,21.094514718315892,18773
15565,68.85161744239092,43327
86460,17.63035836310063,7278
104077,54.06164440917825,33257
24458,40.953578384623356,28013
134580,21.21582202189301,161
141854,87.61507878439738,39567
205988,58.588564926287944,25428
200904,39.38139974890431,15328
26880,44.38342380101252,25961
95022,22.220137511382827,13061
87528,60.30608113313288,41114
94831,41.21440140604584,16380
166266,22.113695443755926,49022
97678,87.54611057980945,44323
62872,55.49060065174276,11467
130009,22.90388270118604,24227
17909,13.593549308596616,5851
186036,91.29088876692475,7359
193610,4.0355640038562655,47229
106378,63.75156677862071,41989
185521,83.93259516163484,13811
241971,22.86877277881457,9625
170451,33.23167227205037,42824
129974,62.82143850593189,3188
171200,97.53238309032945,16417
221763,9.223493365674782,32312
220205,51.510967833062644,18694
225613,54.396744086043114,23341
108678,76.02362544164615,35522
20747,88.33053722666212,7066
208685,69.41144990403396,35560
117038,39.14756925649634,38177
171488,57.970512173360724,41508
157614,77.03661534960979,38172
71823,29.732111484526126,1270
126922,43.39823533743285,7864
49373,83.80072752865499,11108
49097,97.23970689728058,951
26236,13.78299744315457,49676
169141,53.80607763208459,43434
123104,51.77246613529714,37114
29258,15.86825494626851,2829
27618,3.9007894889141097,33329
108905,31.068929042116846,36916
245878,2.326124312313233,10390
234154,75.98423243894449,18590
76717,85.72837442689223,46139
169828,51.246692314103896,38585
12239,87.5249778699689,22084
51459,38.968447812316725,49382
8168,79.46691508599025,33545
98874,12.545515684121913,37603
156141,23.495167767709848,26574
152167,14.02340415011665,25037
196424,11.311374042423449,18441
24325,4.3310808254271125,28333
180064,28.219551952419934,28945
189076,1.8883987965949955,37848
234696,91.63978302316767,32348
60633,56.633084671619734,24543
111509,2.354792909011825,20747
231869,32.66141286665926,49804
223006,70.08632860669094,20781
240803,39.22349673090611,7603
151788,58.08214021729421,12768
98799,28.521091710482466,10493
43034,14.00626628827687,29011
154652,73.83292370724844,10569
192241,35.362410639319606,40768
188573,23.98572992738967,22924
101232,69.58232059583564,41421
117425,22.44657392149743,27500
90458,67.90336789008916,48272
111317,2.2099031652846657,33769
40358,10.205564561952986,857
103693,90.15524906686169,23943
243531,59.29238766986095,9324
59859,85.1468405513029,16793
242535,38.10324395737047,29483
93611,55.43941079178905,39236
92296,45.00955331928421,31068
185506,45.47012423924688,19069
56583,60.373484447663465,36806
71997,7.595283373078139,23756
157938,9.241209174197968,40608
150773,73.43268658842663,37260
134528,37.84125842026895,3585
127236,14.863920928196489,40317
44675,98.2802541147235,2732
192833,37.965326933290406,15291
211979,21.375607326390856,35766
145233,11.506403321656734,37410
106351,42.12000993046988,26554
98690,48.81239089635094,48407
106516,38.021998926876314,42267
74532,37.96203583154017,46274
54558,68.60172421073999,6727
133046,96.43290074471008,40298
113257,12.898930256454836,22956
39791,8.253196039387166,30920
13520,9.166319063650839,47657
224163,72.25757691681207,48173
226170,72.1965400881913,27377
249577,92.46839958426204,32871
219903,95.82114067308609,5672
13076,91.76724983925642,33987
217777,87.96347027902836,7718
155964,31.243236965663794,45157
133622,5.6439003411472415,29337
122824,22.878893476887285,6959
243150,17.698306922185008,41878
71536,1.3380712373836119,21375
207859,79.81444061336636,7655
219605,4.621613360013262,24268
115507,26.15394749305354,47104
216905,90.59219098356895,7261
122453,7.856056038619596,17718
117838,55.03751048869224,29051
31587,80.46549442583458,7378
61269,38.899809755312454,21439
126686,5.285298377881086,26983
233931,84.62414297832255,42668
65698,5.018045056005656,12462
127429,83.6699806459838,28796
248006,6.8145939453284035,8593
183301,7.600351048999948,29353
45161,63.848509563824365,39777
23709,17.567765199555733,24787
229892,2.4123517633330405,11645
74810,7.800365433789166,49481
187128,71.92644337864598,20854
191171,89.50654856820078,36529
178550,9.536636103421701,46536
100313,2.4691226559147648,12565
154861,65.04678366744426,10550
7489,11.437129913877547,42119
140050,10.825683935605891,11979
62516,40.1226479458332,28269
7202,95.86378362253258,2756
247663,47.640625880550466,12533
215762,73.34682104356835,9891
93945,43.25135476256235,30201
153492,65.49219596119576,42076
31403,26.837826843066367,27057
7052,62.7310141519897,18791
63396,79.04204453899975,36477
11112,38.98375019975613,34904
220587,53.479354648581804,35567
185173,14.25781590191513,12848
150415,8.57778219718534,15731
75072,75.76245102568156,34717
20984,73.61239783769625,29240
89334,30.49104724545607,37901
17147,39.83364480506531,44983
97379,33.881286251777624,20487
36815,26.141061125080483,12820
188268,71.5473631169738,9880
56197,30.015011490142772,34100
152051,31.73013259252016,49903
91620,91.49104468496375,24030
71768,28.247460474569447,20957
129215,65.47659187514543,3306
131816,41.96755461065297,12430
221658,92.99385029195523,25393
226746,17.601743627070785,44564
73687,53.75213698523576,857
232723,56.75964857100819,7112
241756,50.35125865325018,45736
12703,3.3868609270506975,19832
133671,29.668152662388035,36167
13427,28.228542962449133,49131
146567,26.150537378111217,12725
232558,54.36946503967816,33299
74548,12.023347718920167,39731
55467,85.9743107552019,26808
101233,56.445789064078014,40924
88331,82.98318678127268,2675
246407,32.4193570588447,27156
32822,17.12360988258367,13656
88200,58.80013527508075,26628
219895,65.23785393241397,2460
215951,15.835474957421749,38643
39013,87.39608655647493,26966
121927,26.762497934615546,12047
218815,45.156040181037426,31875
96612,64.90616607859253,28755
215907,45.68982732717696,42085
216463,78.60130196801812,35999
227392,45.18188208751502,33624
221576,9.118255723532837,35562
99727,88.8190992802614,38186
220709,13.791149763770282,46513
78176,66.58911790916125,26284
18880,79.07582664777428,8439
37353,78.11339532005469,35497
191859,96.96932355885943,32073
214291,78.0116217944131,2256
232939,75.60947709229127,42903
175225,71.8712287843656,3674
149401,48.9432974985948,26551
160719,15.686186441243054,46635
10531,8.952493630653283,12401
39789,41.45627906281089,11921
198392,79.07359683298104,2783
171930,91.03267374052338,49366
123507,42.508091012176806,33305
194178,67.54126354450007,35028
113724,57.11943146273503,27503
186664,70.56832893467762,3415
212925,84.3625555323148,21355
35386,6.668275297593287,4856
197477,47.50821977985469,26012
233599,29.53200627917708,6051
16581,18.928981672516986,42447
84011,78.08783505950265,14894
198103,93.19865066391328,1431
137379,61.24664546998952,14594
121892,17.979576272395533,34994
36014,97.25658806061995,38335
137489,43.95217726530281,11375
170839,40.01062634082419,44322
51878,68.50478799746183,37044
198421,81.29413063792505,25510
22410,33.02352285809951,39863
80871,41.292176150462254,20662
209773,61.70510369761629,17043
116417,60.83852546515113,42929
114271,36.31244583255894,8495
139093,57.60867840836525,8769
53636,41.526503903013115,7410
225845,40.12219681996121,8488
169417,64.83742453372275,17044
122942,34.64619910423144,5932
106369,56.445098389660046,42304
148016,15.968638899986082,1722
127170,2.432544555299354,2080
42383,86.98788231076011,21825
174386,66.59051213086512,1995
50964,85.92518863929631,49890
8118,26.620161029975982,10020
168236,44.31762485322518,2178
94128,12.560783773986456,49722
7830,89.72431646854476,27381
248675,58.399040260292686,2852
212075,75.51642303684808,36772
149570,2.1649807654737208,41953
217130,31.392583240203905,10839
99681,43.64457426813669,41476
208132,87.23944049829562,14446
41324,95.7906708627543,1637
215231,44.98618488496346,27745
177752,76.929516186878,20115
50184,55.96792744875484,15981
237485,93.12702131354105,7763
158521,96.51159476279892,30214
219928,35.09256395736088,13519
136644,26.96887233956201,4788
71858,40.74565630128588,14592
49864,11.431501846101163,19142
110569,61.90038898967965,2828
18801,58.0746198320794,47317
227169,76.64256739439494,12279
166094,19.869161818637966,33009
119947,19.3269937990104,128
206288,97.94902502836425,28263
195949,35.28441039352941,3172
12939,74.08931154966946,5033
37807,15.652674289616009,21216
231573,2.9730817568561037,9072
198247,67.95247875528463,42062
122368,37.06992830923093,13033
249238,38.33141479088982,25944
217074,64.73269801895495,22635
118366,10.887676641648882,36781
78694,62.50412296293595,45611
97199,13.438390429257897,29649
104525,60.872278503571394,37347
5271,77.71503276028095,18971
230566,36.22193097343086,17854
49440,83.8008101117505,3586
92362,31.62965918831179,10305
196491,46.1736745397065,26959
140504,75.13766767001886,716
215063,48.39603373113056,15189
69488,14.47903065720575,2077
222484,42.1838132159489,18672
45658,63.80687593016448,19790
228308,53.37955091416339,33564
133894,70.08943372554698,26956
143661,23.44291013808187,6488
74111,42.52145798245168,14411
52794,46.247898854665365,49040
205537,26.58234545975101,22519
27206,91.88625940948978,24614
193730,29.721390171146993,21086
29427,55.76609874396256,47755
39266,66.26522446859815,6663
41497,63.05035629244974,4945
76338,12.213559934886234,22709
40975,51.810815355972274,44399
25842,8.728110612147516,41274
167156,66.89857006895411,32583
102764,72.57673518318963,12208
127197,97.11185655758749,18258
153414,61.76712528957499,39775
25322,38.18705539328893,7335
80228,18.121702345972963,23328
154296,13.630185273666221,13481
212222,85.94717786818164,46576
220246,33.08078608058919,39070
130779,35.84458143575278,40260
87670,56.606319038467085,7414
190414,19.96473078902978,1437
144181,84.41661625104119,12439
18106,69.42279093310347,29125
229921,44.85480178579591,17754
189445,91.71665295907499,4512
145120,10.254408667557286,2436
89097,78.83433643633697,5686
195167,95.29267310205226,34418
61152,7.009013940428942,16296
187940,97.3161527771179,18341
135170,3.4814265015358075,27331
232802,86.50391172112462,43753
208671,26.11573905449194,7860
209903,17.24795428128985,19752
180284,58.878225629407886,30788
159749,90.60582164976266,42690
87012,65.26731735626008,484
73741,52.01157586270825,14397
141266,75.39483192267478,26916
103639,6.215415562638995,26019
23911,76.89348076433743,11925
231333,72.98527513729371,45395
30063,87.51495907747585,1862
43800,17.998874413344442,46894
28642,88.34920190057775,14051
169672,29.246825288323254,10387
9004,14.986224685151717,16552
109206,46.028509746206566,2434
44962,37.33076972658494,1510
239188,66.90633746882921,10189
44796,77.62945396019164,1551
34365,81.84213400830825,7928
23998,35.34336088215684,46429
131313,63.53581105910001,4538
172252,58.48973929367889,30904
187943,77.46581325335198,27379
44798,71.63728133923381,9515
64347,45.00104638426218,33616
87680,69.65344036287482,28687
39260,95.02715458564035,23316
209382,75.0657613180808,17692
159196,86.91995651010572,13627
162023,50.92231747887964,46569
246659,26.82714456381614,24922
187651,27.75601621261115,5165
80938,88.45386584006482,5969
34576,6.9574140908588955,40038
245020,86.91507612917418,38738
89525,21.624883766815355,46852
65881,50.135478756707,40412
150116,29.360404712021094,4859
134177,93.63855530545773,43975
217800,28.843651260496912,34456
132373,44.755272850369764,20427
138030,69.72753373186107,8863
154800,68.125229211041,45365
94619,41.64296006483445,48493
242115,32.58533404596217,49371
47330,64.35979351589603,25977
82658,96.93063950725137,47050
225045,16.955227836770042,21770
6020,97.90451716200032,46133
203689,65.94000777144191,16971
60119,16.11663131069018,33833
108089,64.47200422983073,30399
209941,37.88083062515973,26513
93765,54.845674810312204,37058
185617,88.07986825891707,34945
141650,51.674434444440294,32814
31142,58.24277114843246,26849
77243,29.27489225599604,493
164911,44.95985183726487,7940
88403,10.751311341101152,23819
235534,90.97173343336792,2049
211250,1.7727512690957283,35140
91447,88.45710941736455,47998
135619,27.588636088085007,33204
120746,81.42988902790553,44802
105900,29.298305603659276,40300
77674,27.51735984921803,19607
30783,17.832541850974287,35288
32103,42.15046946321234,1115
164156,86.59460581052593,19203
71748,39.98008846223076,16581
100802,80.39298339266749,34409
176413,48.71583359841063,18190
118823,8.738446254074505,24306
76551,38.19244486842987,41420
180615,17.927786486771826,27205
244406,81.40974003066765,238
22272,28.477933038437065,49176
124736,16.36373521682612,6235
205873,26.017198655857918,14986
126913,63.30522315738611,1003
45813,79.93264004692652,21409
110893,11.410965375842833,27686
226178,24.625776108506376,5192
156030,94.08171437757538,21311
198510,68.56025130867579,40529
205525,74.89939029036456,41339
115144,70.11748613909347,42307
96303,3.0422160111011984,46910
71421,44.78240194119503,34821
54369,67.94527512647721,29233
150195,75.02648789481336,39995
234059,89.64216274989431,12190
165323,70.43306095680136,27248
219374,55.37877308248903,24194
157657,16.61080425109704,9060
217492,82.63986646976005,10381
64625,13.084039694153068,8583
155822,74.24152881850861,33534
122294,53.46425452993785,40602
240644,69.4022098503418,37291
225090,78.42428478344809,13930
51800,43.91502776962461,29961
186905,59.478957803440196,24861
239478,51.49785720203764,10668
35675,64.75809531187292,11903
85526,96.00724763046873,41290
149416,89.94034952020756,16967
130129,70.24777780284349,12537
238122,59.73276857939405,26018
214464,1.4906546072688587,19534
11501,12.31022125438088,13117
94634,55.918277576360246,32365
170313,10.131010956405015,48091
233652,85.3617902656974,25243
53868,56.411787520209664,42458
126962,34.511321596098796,39610
211442,60.34327745418498,18222
110390,70.14213816654197,44914
93942,31.8990929587245,47778
54804,24.431411784604506,43602
143709,55.16066591189429,21887
139099,55.77946138489449,24961
199555,11.011650101479649,31886
149362,83.1791456256765,11342
158485,83.46592135208378,19747
73510,60.83679056189734,17717
81761,28.723980993766716,40652
43712,44.8173954525412,21238
202965,91.48053842014384,24045
84448,1.045272253590477,16190
243294,42.38336533271413,24439
61717,96.80464321870566,34267
244202,37.353467161704145,31488
32962,47.97936018671034,12658
137939,46.58446525536169,35696
157974,1.4284695728917487,20247
219765,22.50355797866133,9620
143909,90.85087985343506,42029
152617,55.64218182312791,31879
162909,96.37798674691548,23215
182075,41.11180601724732,33221
21351,49.15605078719172,5410
244148,95.58857129905256,14731
163129,36.8522973739017,14987
117408,89.68146905676801,11989
239332,61.30663104848442,44603
217039,6.373162840238159,45201
114313,26.185023090411416,4497
25641,24.486188956894402,12734
157497,66.17794697932686,41816
106279,97.39853186807655,10664
237489,66.81901852734036,25678
91775,73.94550173343916,24703
180957,61.46039122665717,38131
11816,7.805500406048792,31386
55909,75.3693768400016,49960
29735,33.9123365297804,4440
233120,12.957981625569484,16963
5527,13.257287373475858,2243
92438,31.10430337305357,12864
79794,70.83246193729337,5936
7573,12.962422735903694,8222
158630,39.925186464443776,20865
181463,43.43767700387083,46885
234036,92.72952996555392,43263
35346,12.39328092060041,12016
218780,22.085612436529484,45733
163043,60.29668145580262,26243
68051,32.650346197291015,23801
29035,6.5679933609404415,21882
201418,61.420931858471576,22869
121024,22.52970230308691,46178
120168,28.933920613889434,8062
21702,91.5822666730402,25095
29818,23.181265800752985,1334
147371,84.55077490754333,4259
187927,84.27313744055094,20307
128022,45.61381778708122,32544
238035,88.98507063310569,45145
27874,44.54189765228641,34259
92706,19.863468354046177,20005
170030,76.1140029288579,12215
22853,63.35822568431298,32269
160189,80.28089641819025,5887
142826,49.8085172127517,34890
117695,72.12379429311919,31921
123087,73.84693319994985,47292
62432,21.686326708407794,48516
85961,10.839645614228523,29859
12524,45.88587482221966,40472
187166,36.008738180828,28301
64511,57.06307306412539,7028
72214,47.109617089971955,32003
146569,14.041548452124168,10546
195740,42.232001206306016,2200
123766,60.063739969392365,34855
173325,48.11432379566016,12263
122984,57.77393222639954,36227
223334,17.81661780172219,40687
220596,2.026035475668886,11022
70775,80.73861383051653,2694
235589,62.611666054860635,42310
168379,42.63368998964792,10940
24448,52.67066232724929,37348
5501,83.37337286957933,9069
204776,94.14793316624062,14515
57198,79.58406129770697,4719
137115,91.12187890526778,6720
110140,64.80070864091985,48887
7767,20.171931425868088,34891
200239,23.87350745612578,49322
142875,61.98835620571431,44141
127348,58.18037924314562,6286
149089,59.9430411973203,14664
26317,37.558105044270626,23721
93351,27.043079874551957,23491
178289,60.02637163564009,20369
231913,96.398790436093,32628
112218,69.94599141786917,11842
168698,84.93836084992984,9988
122365,22.077468176157506,783
230950,43.71578584961577,9300
66644,88.25542669363706,3632
189776,62.546611572318845,39410
76584,39.92459450255607,43340
64497,80.86690860178011,45626
248072,54.15692432974427,13378
67221,1.4110951757780998,43767
188778,36.44662814324271,26602
188193,69.2658418882559,22653
127403,94.43658557976697,48351
83269,74.10687621956788,3893
135714,4.042210395869117,11503
107787,97.62640123453049,19594
89918,65.45923852754409,22549
143762,83.8280782556395,33045
156915,90.10215696798642,49938
221811,58.46194527935541,35579
64438,42.56382053762597,41718
182485,24.615141386320744,37984
20913,48.614801752879394,22413
156394,95.33950438731141,47035
134372,69.9980618435605,49752
169910,83.64495989053393,37385
16923,40.39940165861706,20349
98525,68.60831218979952,34262
245683,38.67896679776371,1719
107826,9.525440093794836,30562
8841,18.355373435863577,5111
202839,13.315197808196155,12228
88827,97.6152763613263,26401
224391,79.35491971196795,15295
235822,34.1649421725117,40783
122669,33.65927764138371,10612
103865,39.72470832672293,35870
114391,9.926470604814352,26054
151917,67.57984832982285,29027
204462,81.21234464259105,5217
32043,37.42172789551193,45509
108059,90.08504024096362,3971
17347,21.606683184314797,45981
214542,27.549069727057326,20779
32445,28.447400042819122,37039
47659,62.51469489012259,44390
176511,3.612264589270273,38529
86750,1.2038031183182911,1133
167781,52.174105983770936,8146
158833,76.37085041454031,36174
79380,18.14355883994784,38110
122154,54.235605559613596,29768
125980,77.63456383014368,24041
159774,31.068887281669646,27918
238971,28.71096766791157,6516
244927,13.237792954521097,42101
185205,94.90337079606532,25195
208234,61.41325157958546,23702
112599,95.58649100011874,35377
149148,17.60013731543897,3470
102773,31.322476736396265,4127
242323,35.56830888606742,3721
45579,10.737007690101727,32081
60321,21.679876514997517,20319
195043,75.78859692727664,27107
143506,50.399256717828216,15716
183921,92.52794308753617,28008
150742,97.01415345994133,38745
53847,19.253736647532353,44968
77582,42.7935170351761,21594
214504,90.64067023534058,22450
197267,87.42677540457638,14693
225561,52.17496862991111,43678
101556,91.22291726366329,44105
92792,67.4604795609119,38163
231554,54.03765416446102,4064
33947,34.04938794350128,10200
41347,43.57334334925014,14298
237427,61.12888681473572,15373
138769,61.76611393132925,20851
182062,7.015045834933151,10617
228926,18.677311907936748,36102
185067,17.19278415506626,32483
98726,29.816202168334545,28858
56316,72.21358038346655,9695
160082,76.04817516674058,42429
168406,6.048633305742792,34865
242040,30.315141123961205,27311
173801,68.83417480044136,11826
16048,94.99949854531576,38803
104542,20.71277347133488,6134
52319,68.64831215450445,28508
152214,80.84428510698615,30757
194791,64.49098328992673,23827
85762,44.56937254307942,46926
116817,82.62755610531492,14398
213955,97.63684460102154,23703
229689,70.47684966796764,24381
239966,8.034679879720017,12828
165536,71.95626574123922,41270
150150,77.5857225328121,29323
40106,90.93740721532316,43454
167061,57.28340791798732,41556
74310,68.91180479957244,34852
54617,83.64674354299424,46388
153390,81.16107268388186,37029
12741,6.538170132168719,1919
57959,41.26065370595983,15102
155530,81.90258644428997,21875
10051,40.059191041477135,1949
60196,37.4493887081249,2793
12099,90.29158835448119,24176
74823,65.72479147741096,32731
158668,82.30435948450464,41545
39535,97.21669221976715,15427
47505,97.84827175425991,43836
159049,79.58132687962052,23215
41763,79.7938482439916,9566
188467,74.20240611315593,48177
26110,56.98519092498471,29917
227196,89.79486746623077,22954
140033,33.53125788779576,43556
96623,66.49901907000961,20369
86144,41.407403052541426,41370
205229,19.77737668155201,40364
206341,26.11267733582877,19090
81629,20.61903385118732,2068
27878,21.19755215095238,37047
28794,65.93706693479069,3172
128065,88.964882288245,47589
225300,54.57969886417782,32199
128642,34.087051979834655,38540
107868,68.54851288066456,21908
123342,10.263806538019217,25099
67335,38.31811560046184,24864
58867,84.98724097878308,45602
21342,68.8307300325872,38385
54423,58.4605104582262,21481
247993,50.69917576857779,41115
106011,68.81869179885004,44761
169854,40.81417955406282,4069
47681,62.338823311914304,32634
231927,84.12572617862372,6262
19264,48.576090070721655,3623
186617,23.935894336124694,40730
10701,36.833807972131424,39928
161619,67.72463414792531,29052
135312,27.32343026337883,25941
94677,33.74412228401912,20332
100031,74.25514214911344,818
110289,88.25096491889298,7986
6357,17.064904934225797,19808
67364,61.16737919906782,24621
99989,9.633605093407466,14815
155267,78.94335763343254,49941
36489,98.68379556829773,30216
139766,15.84883055413227,4596
218378,50.31423390385044,8186
75452,1.4678100589713192,11851
104804,93.39409228896368,33370
92096,23.00825657967026,6940
69777,6.903737824214614,13337
224517,20.900287482681648,263
33043,52.77867813251327,4029
43800,23.746713918789467,26042
218897,39.82295397911624,15266
124346,10.035226668171642,40775
179117,46.101916547139034,20478
77417,14.742671838643352,34669
60777,83.94619762753564,6038
79545,15.282684842216234,40742
230997,53.65610289050281,35892
209816,29.443868171370013,37377
156874,74.76738191191531,4452
7366,87.81255647178268,14753
56567,10.899338727090107,4881
174222,1.2450400180514187,28921
92832,92.32819943907246,17560
24284,55.81008726289731,33585
207780,63.87783611708728,20203
115827,71.927689266848,46942
181361,60.1193765780222,25140
193822,83.47600402186663,24472
171507,59.03841835036274,319
214559,6.636348340713775,5556
196053,98.12092814028512,43373
74560,71.35052978483911,43780
172353,60.43283544787058,21185
241026,44.741849142822005,39470
200206,75.86561215762481,10999
126475,2.234686698577039,21656
123070,39.24433219624377,3279
195454,22.163826271259527,39008
77786,30.697403530527158,29509
58189,20.100350514987095,44809
202574,66.764090003857,14657
84136,68.66945317750788,47943
14233,66.15774093079926,15368
126144,64.5784819128531,34998
140596,85.48837388158593,33955
43452,64.40081481399375,15869
98783,25.061514964858176,9597
76129,28.55632184488937,11275
225452,6.399560538697008,7678
126388,57.50268141495572,4344
17578,64.06302034111175,29812
193855,84.99928748865885,36948
213858,63.011372388076666,10223
245959,69.30693915900473,5434
138874,45.19711558645073,48147
116244,59.26874194575318,32436
196958,39.59351540037046,49149
237565,54.41056746122776,6381
208798,19.837816329259162,40328
235186,59.67453190046374,8944
172732,59.716215868279235,42406
56052,36.33969342094098,2855
215122,90.59507625252964,2725
55271,18.07056704313777,4960
147160,9.11002917155947,18423
227290,96.15158024493662,12457
69489,48.02494224158804,12695
211994,69.24976978609398,17177
128778,9.796263068914987,40859
152783,88.58007989374394,48397
37000,48.76015099315463,13436
20027,6.589905413125066,28738
54194,92.9774097057635,17574
115487,9.974720960925453,45046
155799,45.45731535798352,29064
168994,85.46770076869622,30631
239801,46.223453047519065,7998
26091,15.239864919820976,38919
89640,51.40002962564657,6967
206340,70.16712079577273,35724
85304,46.446833612868964,19869
217318,24.16559045990444,27166
93988,23.562205998784417,4580
179567,86.4428750327751,11068
130406,16.01063432671588,39256
159761,56.74248412475459,27442
128175,51.35572264514746,36125
206190,12.620173807554169,9451
194293,20.11307971558869,16871
63010,41.03363559681477,23699
11792,53.30310469102711,9992
163731,47.91187722501366,7879
11447,83.95444267538711,14770
226856,68.4272630507672,47431
237119,76.98825806223525,30196
221208,49.290734822497825,45473
81966,52.71689899304469,47647
168693,42.187487342638526,21418
83796,31.460416988900008,7984
199299,98.06041849551168,25442
200772,30.94721677619297,3992
207471,88.28824339137125,39349
194624,49.90987542096029,6481
208986,25.748811757654195,13584
93205,85.98061083869398,14809
228432,38.3924977290628,19795
80531,67.13781450879925,47834
175190,94.19739527037851,3369
217391,2.795869626609554,14377
58345,79.79660912830117,19533
19245,83.36106287984751,48912
150058,89.0190947746248,14198
175897,10.708810368595445,33759
124246,56.91301828529262,4377
50454,71.95038345566178,628
83783,35.10496842901748,34680
217222,49.18186240150831,619
178427,15.676428148747249,47286
78950,92.79479697537248,16841
73242,49.81881397233823,6439
199100,90.60676917591213,24893
29510,55.58286713848919,14495
76654,43.88353347597835,3683
224030,33.76083298949347,31550
169218,31.988469742924643,9810
