peak_players,rating,total_reviews
90258,15757,92.77239043031389
52076,38346,41.08367077739601
35544,2818,68.55468093385265
4055,7580,33.60312688728731
96645,21990,63.72398848582002
74877,25212,13.247352596017494
31031,49782,53.24117741697432
23286,40461,5.929956737446491
41772,21291,97.45979784827027
68086,14728,54.98562544715651
34435,12807,72.97088676808974
53627,42622,36.26721150152843
96558,7075,69.12112896735323
90608,17087,9.209683101521518
48688,15592,33.32187481836392
34752,44038,96.16969483089812
40619,44311,60.85933641765876
83786,32582,7.2812169341074355
5243,18404,32.554414789397825
51312,49780,24.994835935785094
23242,9949,16.865675855727297
42570,29892,7.420161552077106
52273,6685,28.98352195767831
62928,43523,48.695105216897744
88320,26309,92.62003692759797
69875,3696,15.524542633634232
85763,37350,9.086381097762946
88608,43287,96.88259898117283
95703,25750,39.06971589126372
64023,17004,34.949728689471634
78316,5978,30.447410263131843
57751,42820,56.74674516612058
88835,687,94.83476186772091
71866,48708,23.209885214190617
79977,16930,73.65862602720074
51931,4820,60.830870164199276
58906,3048,93.22500335011715
46909,47346,35.11180548928311
39726,6478,94.68563835572755
39109,29961,74.19833450666899
32315,32878,69.45852393488117
45637,4984,51.860070239562326
66343,46010,38.11386334530863
49702,7374,33.0544098113118
50569,25303,96.40715160392672
36394,15582,2.293931105140892
48873,28220,46.97889895994665
36597,33864,36.67703503181862
91522,21673,58.57221132514689
92106,4604,66.19960461201875
19627,3101,4.27621249705048
47733,24802,54.22875421994857
46663,16100,78.28133618677386
95361,41991,18.292164025598307
42909,10990,91.51635890827798
48665,46691,58.763782778002536
14878,13997,11.877609991087821
91798,46353,14.040731013881558
57216,7560,68.96001913001142
23433,23279,35.788562784352656
53990,29066,25.38818971811483
49936,22778,46.396511778628565
51061,3290,35.63317235916924
36597,44310,53.82225839522
19028,8389,87.5822823070527
45171,11417,14.591941759564307
50705,43731,34.865912709636476
60818,41983,37.59737702134522
57931,25646,29.004544814535844
70151,32743,64.26897840350003
3473,19736,74.09581529961193
25936,43050,87.13858477455497
82096,39306,85.11600387808886
11511,22332,42.322403550401255
98453,12989,42.3615043339741
62555,23256,37.504391612466236
1314,41712,22.983300382051304
57512,7850,15.279613495092775
67333,40053,8.747373336447492
64189,1577,35.469067030767384
15630,20565,22.086729771433166
8581,32764,7.611602190999393
37592,24712,2.7182761938893925
81053,28553,98.52928118562762
93650,7591,21.003031167229317
45149,31466,78.71047138907447
37071,46158,29.700678669355966
24707,29491,57.24789632291587
72804,18209,59.49897601250282
79119,46824,53.49535569541486
7985,28413,18.46622752420084
14864,37745,4.572500508993103
31636,23229,26.559500618680623
41910,49963,51.31421751183497
52086,49113,42.17500659520997
52350,6158,9.220393384324122
43300,14115,80.10683027435148
98778,48807,83.77153137814267
13809,21929,56.061655853992164
32118,18143,76.94211603516347
83694,5749,72.8689629074773
31889,27456,74.33352696576183
88643,22208,45.89234183042235
61446,15484,83.54523425311635
19521,41283,78.14411139027378
62092,48941,85.8610465355896
54231,44727,17.504479991648385
45657,29499,41.6157513305602
57061,45873,79.06569454704851
50486,21326,81.97073970821066
64371,43599,86.9439054989183
30073,75,34.30780501326372
72511,47427,76.3394304523408
77611,35388,79.77782742986706
54229,44429,40.43626393612378
3994,41527,56.79088198634567
21975,49471,43.65589888944803
24028,33850,53.463514743800324
2188,46312,16.168982870454776
68060,46646,96.82139606961061
84722,5088,37.454090591813426
30891,15303,85.71616312319534
81733,18983,84.09989269472482
7358,48235,70.42977235672973
22327,31388,40.75022614272219
41148,10077,11.31430788259602
4788,42767,65.7762621937319
56861,5285,70.70303097343637
60390,49110,33.803041492354794
46596,44019,34.81940983579157
32788,27868,68.02917873777307
83315,27022,97.52378944489703
22023,47370,20.215588994465186
18608,13342,63.88773590068664
90100,33871,70.62851673292894
35174,39372,47.65374560273225
80061,21636,11.30331769595951
38048,8517,2.3415402704865937
49911,13475,6.150251083246764
47782,24742,30.29699961264027
52270,25864,53.30415525492181
53552,25506,91.59662022017963
24349,39399,93.79400328329137
68466,36238,88.91563957822237
91860,8613,34.69242930909244
78234,29748,8.799926800732102
71451,20366,13.135600324672508
15113,4342,97.2978655674199
76537,12935,52.589579558304465
15251,22171,57.29131154058886
7570,32907,39.777978489067515
64308,22020,55.74675337328594
22834,29163,58.31844358255014
87912,11220,58.17045022517324
52019,17749,59.78892662568887
19060,6652,58.38733831559675
37708,38729,89.06777518392525
37063,22745,22.20267852574601
96320,20643,35.87002386441087
74067,12293,40.34101796004013
16491,33729,82.9458399783911
56333,41653,80.99091348886314
40785,38620,48.09765657190299
51411,4470,27.946870592490953
79234,21934,26.49372313744907
47696,42377,58.87409628421829
52835,1623,80.08632396969875
45847,8739,43.64356878075406
89547,4920,66.91132540775266
90060,10757,37.32493821148823
33392,13487,78.78123407213526
79181,11315,79.95669622332946
82764,25595,57.48423390692851
7754,29494,17.443659854874323
55764,638,3.9536646068372425
54133,33660,76.71648373750523
40118,15680,12.467898864961569
19890,24825,33.98493626091026
53199,10619,58.958456048743265
32798,44093,36.6766307255639
69127,19827,63.6140121753818
79318,49880,31.749951920976887
97105,30668,38.57446649194121
26278,9068,30.833553631818077
39742,41358,81.31526123581244
99066,35146,16.15502331129574
22769,19224,56.97055741286622
96021,2731,88.37071351558254
85605,26390,83.57665022877147
52800,4235,91.32638626034203
2522,31759,67.00537404728847
93368,14755,80.59237554101306
84291,17595,88.21669504060037
19186,18261,65.77470369634742
27825,18026,26.697924321230957
34735,42045,98.37137340927138
48153,28187,1.1926914193583271
16125,25617,31.015126666779576
21914,36691,38.21627901261103
39844,27072,75.29496752751916
29998,31012,16.008855114691933
2143,32335,10.81743178948973
40517,42706,89.27369544074445
97718,38221,80.53119665780198
4919,21680,72.4772541881893
31540,16606,60.11126382921516
72243,42228,44.107211315048815
69780,33325,38.40558205254516
76083,37387,58.17858077439524
3559,9294,4.058631433028781
49666,35428,11.123224666710048
45908,41884,57.95352956602995
43569,17752,66.14003536789943
42495,5249,21.16442020731037
15227,18195,14.513267120103977
2434,38989,42.859570172166514
58097,1445,89.83875868330128
62150,10865,23.5659026733752
20172,24011,53.66649167852352
90411,38442,89.13598645114773
97593,6830,23.95721856790188
30020,19113,97.36048815599449
91765,14569,15.552090790963815
16491,41492,9.036232637426501
95133,35026,1.7529345044471314
55980,5584,95.6927573854011
71402,16493,63.67307259554549
5317,16354,56.26939775360803
99409,35522,6.198591367572533
37224,4113,46.2520426052824
97976,19730,62.563938867869425
2796,33342,60.187488513113266
10213,8688,50.01244246646761
17754,15893,10.499435571411269
50714,31162,91.03509910842983
94429,32515,45.121176092668435
49722,48922,4.379550297760829
19350,19314,45.84750857499526
13289,41403,84.28660488952711
93060,36133,90.14827651106492
16796,38027,33.21715833895447
72118,24657,42.35492511721934
26001,27607,94.75141024435027
82934,44533,21.934244829995457
10529,35198,62.318214647633056
31893,36553,71.2118519207945
39855,40454,31.899435797685616
52924,26509,40.51287400039574
37151,24536,5.774393155395604
76589,35302,92.55940313601252
61410,15116,90.17391999700702
48362,17634,38.85215120447013
87412,31158,18.665221087346122
48876,42369,43.435583395897844
28395,46222,26.180679972626447
77414,21657,93.4959405118617
95214,22980,50.86645096020384
81733,12731,4.185815040523709
76746,20734,56.36034808897395
51755,40714,55.92819093653273
65401,3248,44.589045810287594
73450,29713,88.84503095496021
61848,10363,85.71283180019934
85196,26536,68.8441711983889
25601,17128,88.39997718500628
29849,25390,53.65216062938054
44103,44019,36.384442519874845
68705,22364,40.7852962025147
3810,45402,91.42045456376657
68914,4128,10.042855200919659
18100,24856,39.47151348287888
20542,17525,35.458465353058926
57763,6200,68.5450056400782
40921,38821,96.33181452948548
31986,28368,42.02450415129619
84968,11689,95.52903959158591
20600,39216,49.27368571770515
92310,36031,88.32250276522844
43810,18732,64.22295227875615
83832,17344,10.258108655285701
61529,10660,93.32043108186966
70721,11659,31.618507272926312
52538,13030,93.56491482637928
87085,45931,31.327001637455446
91032,38895,68.0094491441516
33352,48140,65.44437099352933
92029,24373,54.912283598239945
41613,24935,25.802019802198746
45474,28912,14.776378420277142
9370,43696,83.10697681355
30163,26752,49.2109320830215
33043,37233,88.86015853070293
2785,38094,18.405903465747787
87997,19771,39.094333914235385
80808,45255,6.444246379753338
15581,8330,12.054237313484988
58767,11071,35.792494213966755
4485,37439,22.882142890272533
86162,11975,84.85640908180737
8129,47008,52.814204103946395
46050,45546,34.29641776975965
70562,41115,82.04390838793044
53934,20715,45.12505886720581
54827,22129,34.57162864002172
87536,43229,21.307190254542707
8188,21367,40.952926032658304
55899,45436,89.6477173633768
26072,13704,17.817094587297685
65782,23987,45.42512780604355
93970,13951,19.570409859460526
97251,9704,30.045268925278638
82967,30944,1.4311357734515142
71016,39439,77.39961036937035
77051,33100,95.61207764171645
5353,25661,13.175303844524194
23518,33453,16.486343711916874
87959,7067,96.10184790439304
21246,41632,92.74960953471286
59392,31407,72.04589277597172
36625,48724,38.78615332831458
19974,24474,90.60279795210654
52238,5985,19.499883860788543
21923,43320,54.71975692695022
68649,26483,90.53403246402442
13064,36235,49.178824421029894
16940,953,82.20188321589671
1311,45452,63.96296520772306
60314,22546,10.907764785169292
84553,35281,36.74649233614966
10431,10224,97.22714636066688
40144,4125,83.03419365149283
27571,8394,30.649197199481982
25505,40647,30.022820158730994
53438,21070,11.178775240697673
82802,15512,89.4594416307019
40460,28932,91.54893649341581
13315,25421,50.70775176348987
27627,46034,47.24926874632352
4958,15175,31.736054579022937
87985,43611,97.9444082267788
46347,17040,44.860465764624074
47364,25315,90.08798816249882
4041,49464,90.65753987996959
17153,27462,2.222398420377696
11495,14338,35.15288394158327
24914,4783,48.52773060520724
18196,18922,68.26122066070812
88549,22874,13.181560999526221
20111,4833,5.208407467026245
18784,20748,58.080819121811416
58983,21897,2.5807393389423314
92409,21259,94.76073958907178
46310,15423,30.233587380472933
22893,18082,22.378340236388347
86914,12904,7.018379433720983
55438,4029,92.82551552076593
46522,46361,84.72401782710983
60556,9694,18.1164311032804
41792,6738,67.97525334130826
48351,25982,23.483810324569717
56746,38191,30.69813932088129
59307,28772,15.511750421615123
77022,586,29.67968649927895
47813,47512,36.388061755276794
32756,31534,27.453420441500356
17258,48276,32.09717493241119
8853,26239,80.6088528261412
63117,942,68.5038531252078
54665,8183,52.05870648462562
37933,38468,93.70515375157058
74969,28434,13.459920108788646
84034,21947,91.50709955193443
61154,46403,13.478415112219581
3465,3729,22.22396027507061
26965,27901,28.329206284418568
93699,27707,12.572282712605906
49315,5001,32.48585169286366
82007,42057,26.068618428088882
57430,3544,89.8482681628919
73613,10184,55.9988460438095
75481,13441,55.09753630559831
79195,307,30.66624280742387
49134,23315,37.288180714295116
95158,37489,28.21554147105414
79936,12674,76.47229278590979
53031,5474,87.494099691646
78325,12754,29.37926954242853
46694,6501,42.11954614562373
93130,23665,36.508465639949186
86608,9825,72.60629632729328
85363,38991,89.58154591968245
53777,10717,29.628638715066025
88307,13330,5.457139186811454
2305,16114,58.12754893542618
20058,48265,81.87396771746182
30054,26904,27.763672382727158
24072,33003,34.54454938147225
85735,36711,46.16039878426713
27186,13829,98.92287542845592
64085,24097,62.2210639595859
68507,4673,24.55922658977564
49307,7883,57.167995528769055
77015,358,72.25212031363544
91898,27647,64.88105880542754
95796,11946,52.22720768715095
44717,20807,20.199383685176354
48123,8100,96.06157767593382
43285,11470,72.8385603767943
20673,42987,4.752735431968135
58014,30055,70.90973217961275
41459,41458,44.028250488175104
50381,8829,89.48025715591918
70488,24216,50.94549008579315
77008,37473,86.9210989105857
20839,24862,69.4874294704655
75001,21012,58.456210612698015
19780,6525,43.89395288917474
89625,49021,34.04424030866852
30463,48167,67.06679662438863
60751,30636,98.40696449934745
25790,49179,17.924295869922307
27312,9412,97.09486219641934
49346,32395,38.30273892947796
29919,30170,18.867997481561332
69664,32800,64.38323340251526
70299,44271,98.39665487804473
98177,37362,63.54352343191022
13379,9272,64.74961453068678
21249,43662,93.5522766438599
18293,41866,79.30104803870543
81640,14056,58.31110896789758
65496,26352,93.05095924946983
5148,13533,98.9128550964553
52939,48787,93.10377390743442
87405,44743,85.45714806779127
37482,10901,36.02352712072354
52429,43989,20.074988462908482
95405,28055,70.26481458364661
63305,26692,95.2909852052211
93628,16222,15.155621806021225
50152,29912,15.830113556191705
92854,45190,65.2598332874135
71580,13556,87.47198814153718
88242,38026,66.229368703136
29338,46834,6.55444364994576
35115,3528,38.399772454987875
75572,18730,19.5712199337418
9514,20715,92.37180867455493
6794,20142,14.22048288535887
32443,44583,27.483108640833073
26334,8574,52.10248399287242
21036,21613,61.73560049600091
18121,841,67.1469289187132
38746,41786,44.46602076546116
42566,43433,91.10407130955087
3598,24798,26.214123814067193
33841,37229,78.36469957296183
58155,23473,49.57711215424488
90521,25723,61.80502946693727
97257,49051,45.246384121416604
29243,8597,93.4072556237442
36915,44921,11.946118634612866
85124,18323,41.49959510401626
9834,9409,76.90613797252303
63242,27587,75.83645144245538
3296,27460,6.235502264931814
80524,22551,58.31164795419745
48054,20473,51.58978310663848
20376,33939,97.72220102503275
49952,24429,26.4739815314803
41041,47200,48.33866393169027
70598,34356,37.97194737451207
65733,9322,91.89573338280097
28424,17824,9.903198104290045
9909,33654,65.9705660359566
40056,48851,47.86402197875654
39736,14597,25.687561920142056
36568,31662,83.2595888790291
76324,19409,60.37687173533395
7261,26158,54.58846189890596
70196,699,27.09949873759154
12033,8616,18.851541379203347
49289,42764,87.23171727441955
5153,13219,4.4927507358561325
52715,47076,67.54812624187514
15953,39149,20.19483755265007
82239,34494,48.18606919091045
85365,40854,95.54586775419641
48095,354,93.56254533041303
93724,39377,63.54997772861566
26331,32567,40.92442805376015
70803,26100,13.395735969526868
57097,42451,7.824332675090151
94575,27341,87.71267385244212
44464,41894,79.6745991611321
88933,42229,45.802490886200815
28297,30253,44.02620968001243
71905,21256,53.77328587890232
67202,33145,98.57300656427151
77061,12958,84.40993574193323
35240,12485,83.63478473232044
97845,11833,24.08502757370864
59648,29594,92.85846827094628
43346,47497,18.383921138375204
67803,14051,88.42464529657794
83789,91,57.1469299273999
48963,35651,77.74045808093527
92790,21852,27.235687361385224
73747,41164,75.49225708625897
73750,1770,71.75780914659835
66976,22888,93.25911518730057
49368,12831,15.340012906025025
17380,31820,16.31629074723712
25101,3099,51.070287431410165
86339,36165,56.20780862465387
77350,18585,24.02860849558423
93292,12777,12.033510336302431
52389,47623,6.056314910849795
36110,38788,89.31598979845191
1977,49672,68.49980154747836
58712,31931,77.41716428806713
13502,37587,53.63870706777052
19853,47846,2.081458788795809
35536,49693,74.73462368475899
17046,30702,6.633404067384027
38700,32355,97.15071119547088
95410,2788,74.9709930128187
58392,39811,58.21433800980632
64266,7141,62.95682543127787
25220,25729,61.31931248983933
73039,33956,7.651504518249349
12915,22491,98.76557704386411
38000,20689,53.31499653186927
43039,31697,32.55168542630334
41226,39955,77.77492658041585
84384,39327,43.382534308116924
41892,33850,60.88286551999627
14137,16668,39.13059537961867
94935,40390,31.220010521197914
24475,17056,2.936003238268009
84556,24930,20.06364354022036
74480,7271,40.6497169788286
15809,572,52.83377731498936
35709,44290,41.8809953924927
22855,40116,6.505248433345653
8783,17915,70.8583599092842
98806,12354,31.79564687205631
99629,36641,93.40867499716687
5970,4042,62.63499859219601
69000,10360,75.24302584172342
83897,12170,48.06772670247531
76088,3417,16.839422741004206
40244,43089,39.26232838650855
44418,39163,33.31510423751939
5877,7776,32.638620578757426
97651,29457,48.549453706125504
50517,43166,52.449903705157325
95356,10933,79.31716108247053
35646,13490,24.409197609450914
79606,5287,17.954444535438185
90968,29480,58.78653165381088
67509,28207,61.06975397678816
62142,44650,47.004616174715125
43803,21358,10.027457730022531
57230,21748,89.98776298654566
96859,41359,28.87032581540496
33936,43870,53.835720330678946
9924,2941,49.1194889064672
13973,21027,26.662778270522406
23553,48710,37.02109860673153
80273,30194,18.910939920714966
12139,21314,55.639280482950014
5489,4644,68.87187365520222
69973,48125,30.158082065653954
2675,17288,65.44347544006884
95352,21741,81.8357748651703
66793,3537,26.39734429124923
81146,46424,32.98019586948474
51505,8658,50.99504074875966
2365,24111,92.5686154436749
83741,13522,58.77309961152624
98224,21715,5.407898805802944
43768,4155,37.23385848450255
29238,5458,26.838669484404384
34723,25990,18.459379939710477
40242,2479,86.07820213436783
54252,31914,41.66687157859509
4709,40556,88.07192037446384
56429,42661,90.54009884251377
22410,22517,16.69729936961646
98368,28574,68.95312568513174
73334,10849,18.481497866739353
40475,14097,69.90701358100691
89641,11352,79.2178555499102
29746,7062,51.351097496021154
34892,16374,4.029322671068647
93754,14076,36.462829063504586
22988,32418,22.65118436246992
31574,5762,78.50417200484051
53901,28153,30.88892841390034
38348,5128,1.885249846106313
40237,34074,45.319580883932154
80699,30416,18.905679129112944
8774,17211,38.338882804327355
50287,40520,72.183855321488
33057,39186,92.54656374023372
6963,23081,8.631417029160758
45732,46128,66.74189945037281
97916,11883,30.62321967136854
21026,21121,80.0547068737803
17206,3157,95.20035413413527
68528,26735,46.53316328651982
73045,24426,46.39240280943379
69292,33039,66.81197729571714
67236,8850,74.25527914737161
11348,45189,49.57551942658168
54562,33380,62.55000092081446
46642,13296,53.70730269694317
41345,30184,75.01936419581756
28059,39408,85.79112304233693
31150,31912,26.430241633487153
2022,48050,13.503412327209011
57879,6974,20.32794034119044
28144,37414,35.69380580785193
11951,15764,42.70318401958963
86639,9894,29.468078736258818
69171,21725,20.2179907697648
56227,18785,12.421923292430073
52258,25526,62.62519625304739
17317,34890,1.6032730710686611
76492,2311,65.71113288437238
80473,12191,12.004895330223345
82207,42775,71.67185166438156
85106,15197,47.768988555894275
5074,8827,75.83535338548593
97282,46369,6.958987642129578
44971,30113,78.585371883336
50903,2744,17.93012336636877
10975,18938,89.65637221708128
98082,14885,47.32845676970166
90145,19514,19.101080563375305
34228,38194,30.367398354992428
83777,29110,91.85885866275164
97500,24025,10.736045615129585
19230,4078,65.15279208062022
53690,4591,63.21614701579774
23713,29684,46.4494252726546
13264,14375,20.033068128552692
6260,3632,33.59640085833543
39184,49116,43.84104061387295
48438,13217,89.58083753404588
64123,6523,19.58364735124561
41647,8689,66.29279478990948
97142,8823,61.31940742348862
3791,4290,50.395370726260765
67138,26392,54.79569729655928
53590,14379,29.368091264651074
41602,30362,69.15740265264478
13072,3270,18.248991506996717
84392,8508,58.2901124364572
62096,43773,37.000693879564416
92270,14556,5.70957841331548
85259,33330,68.8957930887877
49048,14502,19.276182685268953
31454,24830,59.85704473310618
38740,5185,32.60829532093385
3305,43975,55.793167173150465
93287,2302,57.15202943234784
96204,20319,86.27153230748932
44400,43446,89.70020831459897
6038,22821,26.828793233542726
4599,33218,89.18290807448179
94607,40379,98.35504628990921
20014,6466,2.746223921378847
41509,33720,67.66330199836817
27961,24988,11.71294898709973
99098,36948,96.14009092944073
87459,8226,73.33213479075431
92115,30210,3.0834799985681296
96640,19807,90.1556303160735
87448,350,10.33568712619349
88794,15079,25.03833384318675
61355,8114,72.88632589079597
2381,24092,71.6964946531344
15630,17799,87.3388283973685
52829,26722,2.6785449338456186
97355,33779,29.01013780737178
49914,8219,97.15297745702604
50207,5899,75.86441306993122
4988,9519,46.49746744020038
40406,32615,67.54415122071543
33438,15272,11.069721678975665
40672,39881,53.33545021766783
78355,16707,14.25875875454787
92039,36126,95.54056063113433
67764,32261,7.645399538685251
22669,19082,47.566139554405794
64637,25263,5.336896580642881
5955,40713,2.4711843633551958
84238,32580,53.50634195701188
55072,12128,14.87608367418801
17096,11607,6.097776356218555
89692,24952,3.0874427949184815
93040,18120,69.92699542238853
3326,36932,74.43020878001546
18147,17603,38.28682549655188
44082,31650,10.577522635226936
41779,33207,71.42104471537009
39285,37937,37.09515293946625
77720,46295,11.763318447004782
40508,49785,61.13249145397324
75786,38025,61.86505195237656
13506,7816,62.15005324945785
96399,11141,18.496774460634015
63006,38342,98.29869857739337
5698,44645,1.012027762634054
80785,26888,37.76583156386743
39822,37853,91.75269045969945
77195,10703,21.4904981644133
98786,524,12.724206511468179
12558,39094,92.19389836761329
76138,43945,13.62746557802622
43254,6278,12.279874450158177
56213,44656,69.88402122051089
45759,16545,36.38566800631646
95583,19318,55.97272573757456
17529,23437,40.22650508553865
24363,32288,38.657624373054446
72432,4548,55.23876014735163
39243,46803,56.029938478678844
28073,2708,16.884054838512025
29222,1044,58.59867209167513
3931,21543,47.878391069921285
84324,18841,46.38739124289818
22618,48898,42.12907547846825
57603,19693,44.0480693449403
6300,19134,53.724777299812935
61253,36355,21.900510503981327
25709,14552,4.603724165648507
92303,18114,19.37430280485331
45121,34856,50.06976068839067
14068,4196,45.69972377623128
97794,22997,61.525482928824516
92206,39779,11.172439391796665
61837,15884,96.02774422746005
34511,5998,64.96461619378417
80712,8208,95.03428283535094
28912,4544,9.24266779654344
61706,49251,89.41694854075872
82006,26650,21.068068062804752
52404,46850,60.277694687889955
54383,37344,5.866871533084208
24590,20731,49.20510946537911
96074,20737,9.774999929816246
63724,2049,14.067577971946944
62414,40328,98.80551785786855
3678,10783,29.717116219027933
26909,35020,59.95866108556298
26958,41468,79.8927216129344
28556,49036,96.05078277691511
78544,255,78.49912994237842
82293,38971,72.17786574907709
94171,40647,21.496701396986246
51261,15163,15.240196242097591
21721,32462,39.187458586305176
73574,45748,24.986745999074618
79419,9467,46.8412761058797
2085,24622,86.45121435286745
74990,12232,59.06954349418028
24927,6766,50.35589613206087
24337,15740,30.705311277900087
41263,33337,39.080414036914824
50496,48759,41.49247334495783
70979,6230,16.59071903030742
7532,37936,57.533512503821136
52811,13152,88.97031042286811
4565,22408,98.39481193390272
65749,18513,79.71202317868492
21835,42568,86.96998652236874
77980,47877,4.3427395184273685
27140,49736,78.24996338179706
83548,36367,5.158177630440465
41724,7059,78.58406845215676
93881,18428,86.85918263712392
1807,48367,86.11238504592762
26872,9044,38.20143125654887
45925,2476,39.50382694265272
9341,33744,19.417324993949194
95267,18820,18.334632040027728
10997,49802,51.19397761256921
94346,36108,26.134639390936186
13029,15768,25.624997974281953
66965,32616,87.4633783830403
32238,10561,58.030277094790314
56718,11762,78.41087470649686
36246,9912,34.66169995937234
9739,30498,2.0798262868462496
44697,16966,26.44611756404739
29144,18017,97.93117777839728
40084,12185,76.8487472175856
24225,30559,47.439376706542944
30039,28568,62.701466598156415
74026,48514,10.855570919302394
60626,40337,54.86067139330302
59182,5683,90.51501890806479
64200,9049,35.05985295736823
15328,31692,94.65284511771168
48343,3432,92.63171997834563
85939,10943,19.439757732588447
43409,39970,55.57229969938988
42564,10027,24.821284817478872
98367,18371,33.22429886588062
49915,16699,98.15689639279807
21323,6115,22.048840091903003
6106,20890,84.32345173026788
79468,5532,90.18320867854955
39796,18031,57.7687177509692
76697,32851,92.8675587609184
68279,13843,83.6477054911776
98827,42520,81.07313395528587
45478,43674,7.7078775421691
4654,8780,28.32072210229301
71871,49837,51.05434676203718
76514,35305,32.154079843279554
57102,31989,46.44276702944442
25398,34007,2.7222241307821395
51659,31933,30.37977096879061
67475,39504,44.351524617491755
98699,19515,59.16039322534914
13563,37167,77.28066901438739
67314,45669,39.42071598076025
61812,10571,93.61559583705244
91221,10874,19.606271910344933
92368,9270,12.48265809742437
80947,41366,87.67125485590577
14483,10854,63.68776441919225
18927,49106,17.677640716125637
1882,46463,46.09195212885678
30896,41572,77.15290319071396
20106,6484,33.88497845788303
89847,43595,35.05101186201646
28383,35217,56.86102522832892
94852,45408,67.99062016939544
70619,12522,51.98975166151324
80663,9076,37.805303669245944
44174,14283,63.12404929084187
78890,41681,7.568743198025137
14143,2731,34.95392653441641
82821,14239,25.724652769264196
46894,42085,56.75048951015059
84724,11967,38.94260974812105
52909,48802,42.531423015256195
69291,12891,26.728772696998526
64874,26220,25.294424005997335
89281,3774,94.76384562866322
34501,7181,36.00246649817121
92100,19190,69.88598178468969
53625,44262,65.35908089631451
23758,13701,51.564036626904056
70750,19748,16.09502163664201
62182,13705,92.27755324730649
47404,19468,55.314169349594174
56004,18506,36.18070971296699
84633,17597,5.358402836282273
38393,43366,58.92798820140918
14983,40286,23.103054377469476
16440,45446,56.23387320321906
6270,23462,65.83187821504623
10804,26310,21.744981374427294
17536,31490,50.25165285222753
94493,4216,50.53170849746756
8375,30460,48.33443564941354
77436,30754,11.435849734791546
47866,11326,60.04561949839379
12815,16896,48.07889348360277
81784,30253,33.37420577360929
58991,14369,32.113400254654636
45493,48296,9.491384337068572
67404,33667,55.26702483419505
70366,43014,98.24414619846068
43867,29988,1.633777753126132
3591,15982,23.906854968027822
38422,40588,77.90245802259646
96114,22752,97.33999976787152
9128,24723,48.23034084350816
94582,8488,19.734226839379257
43773,12514,58.1696060691404
40243,47257,24.7163551265773
50523,31309,97.53693224429242
10780,4057,45.20900493700576
53770,15165,82.57938921495851
21984,34432,8.068275224973373
18202,44411,65.46935648322517
9799,4511,46.5691703971822
83546,8389,36.790388950209326
86490,4789,29.269906439043076
3981,45501,40.28724238194708
68617,8913,11.278575973230222
7402,41076,47.94124730536559
33276,3865,12.059790566926852
8011,42915,1.2693974074384435
56562,22558,80.97726863868931
81733,632,13.93079820357154
14459,48039,43.671626942607254
4568,43805,96.26310832079174
88526,8447,71.26097168205655
70460,5545,67.38740084841334
47001,4235,19.067539802377887
54313,1915,48.87564941542761
12297,15723,82.37704320416225
28998,34941,28.950070080805506
62599,25754,54.37646756785818
50309,28664,62.31056953324255
50250,33639,80.68881496860105
38773,25994,78.70013518048196
86133,21950,24.233645481158483
47445,10418,98.27414335186259
96290,36384,96.3044064659051
82341,38496,66.08535613181037
60250,13400,83.31200553393404
75296,7013,85.28378067355571
91915,38620,31.708532692746004
98968,9879,73.83548662292884
9731,44526,5.1282954046373925
22616,8368,5.953918156751751
56304,36043,13.84096801352461
62954,21065,42.98453090688317
58662,25042,65.88081319642683
63515,23798,67.48354729712086
20835,16158,1.066327883872503
50735,12437,97.75628933014431
61883,48950,86.78770091209392
71900,38127,77.01810248402403
86617,7416,91.89230366834933
76916,13502,37.33738966362535
38666,38815,59.927262931337395
65884,13612,57.70131107950855
12212,39191,12.90802745357622
14043,29568,67.71674633015581
93088,32856,37.91843375826104
30680,15202,52.62267310464086
9832,27871,79.26571604170057
72694,15045,89.17669004060022
61330,16960,5.64401455410163
46527,16943,48.621937045566526
69120,37089,43.57025579639221
13915,19829,32.222423017119596
30035,12134,77.66180402911579
41356,22409,45.06356154136625
19813,3572,32.629685220595576
81703,20317,5.403711212054056
47986,8223,30.72994161428754
45243,36034,81.86606759066756
78896,45487,68.94466945879813
5231,46429,54.47047300483639
14464,47869,5.7063486486995325
70313,13142,26.788248929696213
72930,47076,2.380267895821305
45955,29293,10.279607012828759
87316,20527,60.560015003158526
57808,17218,90.95940553432992
2090,45838,17.886338118280737
22915,22045,8.899557459449502
54129,37243,30.191716955733963
80929,39620,24.76390494297766
58391,30712,48.2103751084267
8602,8166,2.0228850048324682
24227,7302,34.59192485921195
45020,27966,31.408300313664924
58708,38258,98.6748378319268
66441,40708,3.892737781209224
81776,8423,38.32747874146892
65995,36359,69.66210023687633
9906,8376,23.436430568905937
56930,5527,69.93623744266507
79374,33703,26.357851992065825
12645,35072,12.689944451753078
80609,46675,33.319790124434704
48804,23580,27.062794362876485
28116,23439,79.11734842786075
45989,30400,48.863891906040955
17584,49148,20.370164328716953
82188,2553,51.813262731683416
42079,34203,17.186070911056976
38705,29934,73.2077268068049
21550,1602,30.083616739646644
42065,43557,42.40382748447181
82354,11968,80.86583966544516
69369,10417,37.27684660210924
35782,35076,47.12862874764001
7567,37729,53.295893698273694
89300,39153,21.30959265077209
87655,2632,87.10085372645952
60245,47298,69.44730336599997
17098,47602,17.12874515333535
82489,36031,27.6280791130769
69569,33512,16.956911662337294
29300,14903,81.55689265852682
2715,11236,2.9526911519529357
44392,16999,89.70065676026279
22809,34076,3.888779375173467
9263,6072,30.86191101740925
76045,8503,53.093124428635456
78060,28782,95.21296977821802
51839,36591,38.71470365559571
61763,17557,43.07221051706821
99168,19117,65.97662794935981
86839,31048,33.298992487146606
13434,32768,57.7368147904763
71782,3689,42.39319448575979
39765,43704,69.08732120331409
90418,30168,4.948186664868213
43026,688,88.22250446671953
42487,14849,25.06062946644238
21599,32744,42.16165342286362
88811,27758,78.81045957122109
20392,39819,47.67033370548158
4117,6085,9.246826007606026
67623,2171,55.612258117378076
83272,9425,89.82301830760157
61689,26226,91.3714434555579
89129,23383,10.917554472022488
10695,32730,23.390888502874255
64603,26984,65.44985349004594
18945,49572,9.307025995351289
82307,33877,77.90982257332998
91401,11283,60.155219797897225
12494,28323,63.19863357233618
90935,20312,29.911407860363706
76441,22000,3.1932055780947746
13053,32187,92.39658849314098
50147,37342,38.200284381048675
56081,29226,47.82128544695157
19528,19325,24.459231489958203
55102,144,90.62778174856835
81679,15782,41.46235363881478
48046,38504,69.47621928930877
79099,12604,93.0635117999295
72304,42275,76.76227505320412
61996,4525,40.20040364256311
8002,26415,1.1800576495666673
17760,6484,96.60459129909171
46805,41147,20.71045134672905
21518,5251,69.2215397774215
21756,34275,82.4745776763091
98382,5906,26.73201669259777
60681,10079,34.383822864495386
70832,22937,38.45314627078635
16210,2934,37.77088112763624
88093,15704,55.94746143624823
53637,1468,14.808373110118465
99744,26899,79.74635112468688
58888,30644,93.63835222743897
31886,46459,54.48275619198156
57126,25920,18.739487968948133
37934,48541,78.11005622053946
82308,13361,8.362875375337005
29362,5416,59.25021143869279
20984,34346,29.16843235942279
27030,22925,81.68346881364869
41862,44544,76.49228601497826
92494,16134,21.510867131400445
50929,9404,53.61017103344616
19700,28330,27.92209757870757
95723,27360,69.65855968398499
4445,14064,43.41722805957056
79754,11243,11.674051178948059
68223,5023,49.412697927699426
62726,49145,42.259902187084236
78089,26487,41.307849142317224
25185,27909,33.259362560131855
10100,1164,78.29256285790919
44095,37066,40.14316471719406
9572,40412,23.434001105190625
36865,24144,1.6777268532089076
88629,17432,87.9544632151519
47690,35048,71.53779410686636
77124,510,91.57345667851925
73246,15200,47.270540956799216
73980,25069,67.63152818140107
57493,23278,5.273505780946883
34037,12302,10.656364957071068
15953,27226,59.9900941364301
8435,41185,42.85275571212906
16330,9536,88.58885418853347
25233,25907,88.62253066116385
12814,6061,30.281131000850937
37351,35954,75.56480865165398
9028,7671,11.590019209613338
37933,2648,98.53780248586672
81802,11134,83.48362373903437
57081,33938,44.32476705224646
32706,7225,54.90915037383024
4811,642,44.098538355361626
67610,19680,70.2289173401881
11615,35660,38.85457544490367
29461,41241,65.8780909258722
67613,40608,85.95607817836343
96026,39417,36.25505760310113
33226,48584,85.23143735060435
69355,32466,17.54289809126476
49468,27157,56.00748660115322
40077,7790,81.86448928850619
6618,20719,36.93489545374632
83767,9946,26.63838158402687
44230,21994,34.97325182453517
58541,43644,84.9895197002629
78377,18460,1.61028399831594
65225,27546,65.90424974090357
3119,37165,51.44099968564517
25595,34353,76.37836846041952
32674,14597,74.51544851422271
76406,32121,59.049713381086114
65502,42641,18.968738105225825
73124,11182,8.210866168314965
19952,25294,36.754583463031054
15530,6671,35.4844243590223
12493,43164,81.85140353148917
34901,39542,71.86261705174476
49098,39655,94.59795792313884
82915,49163,81.55450904184836
92854,20890,26.442558392689815
68924,36020,85.72593025768458
25780,42240,31.77832761454322
84939,44713,48.48675287159088
23431,38898,70.08220589554564
30424,42915,25.438060282584754
69447,19775,60.56089361310274
33510,15111,16.452529420368577
92165,18152,35.976144981399756
36272,23453,87.85164259860278
35184,2209,92.82541791874834
55321,44342,84.75432961582128
17136,15242,66.22150271158688
50277,4859,57.203056618287214
90703,8058,30.069347826145954
53752,49495,48.23059065756704
5678,23770,14.618985979121463
36982,18768,18.541729487475898
97584,42688,6.686317319905044
94747,39662,5.300297253379363
14948,37452,3.472301872442404
44678,42790,26.770627137299225
9346,39064,37.26640221494084
99203,12592,56.56545603174112
76231,3886,12.928699297998179
58341,6680,30.556889995089772
79146,48508,26.437995465884384
44739,14927,45.18426087527764
54059,34109,47.14067925141168
17779,30278,82.70663778719948
97951,35683,28.956375472024526
75409,43088,4.391617231999798
73463,22459,27.879889037676524
21633,686,39.42057427519437
15278,35607,6.908666466467986
1759,33743,82.92722497923967
56384,38756,29.112772912120967
43284,22087,85.4914144970595
5461,13151,42.211272005990644
35792,23927,84.20565152640197
1325,18047,13.290448181004209
87375,13292,38.60150032850402
75931,9491,27.184418336366853
63828,40849,45.24486999586602
16611,3458,3.464998657558315
29522,49845,64.26743583536782
20713,8556,70.80668501081011
58875,3113,8.175002729601157
5628,31171,83.84840923125198
93649,7129,60.985427899979285
33940,26242,7.329097008261392
85793,8057,35.48903041555165
31079,4020,83.53985454548933
72695,22614,23.33598058049581
95607,6896,56.512652824237406
11474,4710,68.25342730933272
96902,46172,94.76954256796577
49635,48395,6.546750570329612
3567,39851,98.81305766780837
99512,34965,92.60167719017942
90698,43756,58.57948244349268
91986,19526,84.57332304956014
71429,8344,91.94026504923404
48931,7527,54.36198953286926
20475,18485,10.131040216670579
2499,5401,92.47451257319938
99776,19112,39.551280607995245
82591,26596,62.40910698938923
7492,45135,15.316561227131382
89530,49960,45.13945088601262
8174,19136,53.02050733893299
32896,15882,68.85602354875317
46605,28660,45.59302993974707
34497,8641,34.040471213174825
10788,45841,88.19300416896778
69692,2824,28.851320191747938
29484,20814,46.58919003907414
18666,18677,31.820563236218085
24028,40048,97.61480014395087
64277,32861,59.15680255835045
29039,13091,85.0976647586215
10421,19751,75.66991945514579
46510,46679,18.960218398007797
69241,24528,53.96648493040406
24444,29541,38.55358512537281
58932,1774,8.488970439616295
40674,7277,9.383094726090555
80661,5379,77.35183593237214
83769,46239,52.11386374742514
58290,46947,55.00807131118312
36116,47053,95.10192115517563
97271,16082,76.15657081304639
74253,19029,46.3255823598315
72024,19594,71.97996685990323
24117,26473,11.334331811626795
24194,24205,74.85267038846358
77549,2618,43.00898754732283
71876,20622,36.00941121210031
71457,9613,52.4597863224509
56737,36628,87.36904502967083
95387,25884,34.79321612690151
66447,35949,56.90493993324477
82558,31665,9.690056184783332
95396,20979,66.94729906105674
70970,28751,79.08958061581653
60752,12579,50.29546930555115
10147,35856,14.63629109055374
37078,7903,39.6752426288944
13986,16537,70.53723587183866
17526,49074,17.22041180078585
99894,35839,47.648401544989234
94363,6992,47.176859125300396
88490,5017,93.7822837287065
37365,39286,82.40033820809552
22896,30772,53.18316275667436
40695,19331,33.56179198187184
9586,27156,87.10114266451961
91691,10062,49.1451711177319
53315,47963,32.0313381384451
27965,43751,54.57441641018617
90943,25770,27.541419725095146
61596,1751,67.24324031407039
93690,40033,41.92930933418727
77225,36541,36.478942858615156
89720,15112,47.11387632713203
28694,948,45.73973023914215
32264,39139,27.06810519237701
73046,5230,88.59258058427567
94212,43391,2.8081374712862632
20442,45186,46.38452218101117
16904,29059,30.219753550098858
63970,13315,85.79528302714526
11291,3293,38.05536275968721
97277,39931,54.28107178708072
59729,2931,10.40573736033656
34124,4829,30.02568768798993
43486,18232,65.10673721191937
98475,20270,69.44979354530966
73440,18286,4.174771007375281
15168,23179,75.98753282682866
93508,16208,43.81809665655805
99614,5221,71.38212990966517
27378,5338,36.28339101719038
54547,3426,59.08468312113226
32000,25047,42.78934755471707
32959,35017,6.586725535154744
89195,27324,6.487504713840755
4833,49865,60.54021010243902
13545,28949,53.67786979359355
55460,30832,27.61839590588728
91802,22069,78.95973185649659
12633,5230,16.230999447977215
32315,37338,38.09464177669414
54849,25201,93.28011424165476
90012,9233,79.88323865509399
84539,14289,13.992970706140078
57816,5296,26.772016663715373
98963,19258,63.544423956615084
40408,20552,10.34175963375119
72318,37068,20.120631884184217
2147,16330,59.434285440918586
85217,7530,90.91625659578695
88546,16416,5.029223263348099
26545,15781,65.42152190297547
49780,7683,90.50566359827073
49364,11194,78.42410871188079
47894,45980,19.10363404791333
94779,44538,79.8713957866243
51380,21167,33.67819910788184
89736,26091,47.94398100946964
33627,10160,98.96644216323936
3831,31634,59.109369969861376
51387,8835,88.25744092674226
40910,47434,48.28204854115469
93408,46506,6.0674126229728325
13393,11857,32.335891834451246
20109,40882,47.03805724714256
36901,13907,43.17605645672872
73277,28582,39.37683713458216
97062,814,60.384204829805846
14613,36864,52.976615909988226
58634,42806,41.455550677570535
17918,39077,52.62188569353986
2312,22824,31.70308201006134
23380,49283,48.90433468587465
54553,18670,40.67667485050303
84009,36667,26.60339396506735
5398,18842,7.06066058137482
65369,39665,93.075668788665
62018,44703,48.477409220510935
39633,38265,9.144584076089508
45921,43170,43.790432059839134
92543,28439,29.823147351908005
14757,48476,26.55497791643107
24031,19997,13.94661441025858
1313,41601,34.9102309783493
72864,29295,97.37081363124908
81659,44808,39.38749750720237
93379,40261,56.49981391059551
8538,73,41.4090452452425
57331,30090,11.693721712328905
75569,24846,67.78573442427961
87691,16126,89.07632466722409
24794,40710,68.83417675150825
2070,49394,42.37684116946671
18621,3434,66.98697331722683
68483,6144,52.534981412347165
48464,27739,55.59948422184901
19223,28206,76.59922567723812
63544,22680,82.28136714862028
18027,37238,10.071044620989387
4198,28479,13.491319176658758
8645,35534,9.595688999918275
75730,1509,21.48031509416813
97240,14081,73.44986886135307
74336,14449,53.9299143158998
84239,38857,63.82779363838469
90656,18316,90.85145906446861
68800,32533,27.746790653543844
28854,45622,83.66492116271995
52387,44245,77.00389748674185
15250,48836,79.81563362065248
34027,47954,44.013351217101935
86357,20074,90.3208575291372
25028,3149,75.1246926745798
40825,8288,24.079162869363238
24942,21972,68.08177252040204
67220,23812,23.923280308154947
93607,48338,80.70895726325135
66848,39834,61.31516227226409
74336,43390,80.1145292918834
67455,39071,19.927656651678145
72669,850,89.12452930221754
84747,21927,61.901434624202935
70597,27480,14.584583199903458
5662,29565,44.522928797490565
76525,8869,34.58394723227942
34635,1706,85.08252510226292
51113,12658,43.962825661415344
68475,32931,62.76964745997161
86193,21267,72.1124484819364
55312,3847,74.51528181184955
74231,19021,87.83993832921624
72994,1676,94.95397831501064
12858,16924,53.23556795494707
10654,8577,74.26022053170503
85278,989,73.12273490590236
67157,10981,22.344909003371
79311,27448,12.226975376481771
44559,46848,37.70183932942705
78286,865,72.8458754798579
46186,26927,77.47666555950896
96599,12594,46.80926182258724
10557,16110,26.48646868653393
31010,48940,10.47616902467568
31856,11900,86.71698429596597
89173,16964,3.0177180504292105
57021,7589,1.677582750789419
64455,8501,78.55272757982867
67340,21088,76.79577716575959
22721,20106,60.14941521824956
97600,33877,81.2998059383438
32483,49366,83.4113442535898
31407,39986,24.188917699996292
90779,13445,4.646896261304555
82589,8788,72.18690240130692
86856,47076,12.927670812630609
20998,43078,47.93403453946511
77776,7240,20.20993710439309
69325,36714,26.457979855007125
5359,47922,85.22721251600117
24727,12728,2.76183800202251
41400,12369,77.74022252445619
56747,1570,74.48056775604934
65807,23650,32.748912449029554
29489,34343,60.04513131434548
28474,4586,9.440305285433748
5329,40953,19.97544423259884
52333,18914,93.34069773915733
24081,38608,36.076567594663
49497,38054,3.657741235992895
48644,45127,63.748702694073934
43728,27237,62.47327982542778
52660,22872,79.73387214154562
7336,43217,20.19605289038686
33020,38745,58.48572138589446
1595,29011,65.67110074335714
37322,11745,78.61647755398516
57954,11451,80.98394128338836
45443,30444,86.68633075914231
89679,33483,18.605979150478667
48834,13063,35.31274798602921
74687,47499,95.32097244913861
73809,40091,60.59430816504094
21469,22443,97.09714900914396
51836,14072,91.37788472425473
60639,5308,43.42162889145303
86627,14444,22.072536759380284
48255,37238,64.75952582384089
20787,17450,21.467114625516576
58439,13711,59.871165465653775
49966,45842,88.92356727370023
4041,12377,3.2161346290226716
55078,29217,76.70656391301635
17755,38681,38.139503954526795
44116,5216,87.16605682269672
3996,35062,3.849598965677017
75501,48486,12.073881355328874
73997,16015,31.107717684310042
67595,16270,41.56410275542942
62146,43686,85.85851113638131
98660,22189,94.91700648629214
72930,37658,55.82931005408729
66043,23948,15.995809213001573
96024,6048,55.060783697408944
79348,43305,24.657940048690623
93146,10656,66.15980656580153
50050,527,34.91442078868552
3485,48961,22.445675148539003
11591,28576,44.53189107104889
55991,35449,72.17482784481507
40927,44976,41.4214926858519
11368,24186,64.474203540708
76713,47015,77.29580499155338
89703,33057,56.223620561339516
65356,16203,5.290147118686572
33317,23936,55.97086183398951
34834,12420,46.74542689713039
81031,40774,35.81715102742184
51688,38210,16.52889373759991
6797,31657,95.5327742976724
12674,38713,73.28924251644786
50100,49903,73.60205121024121
31664,12996,58.49177263504217
37728,11082,26.833636893745254
49948,23428,20.869559901187145
34767,37958,65.09910976700793
58802,22081,71.59825760460276
12095,11784,66.4007988691131
93760,35113,6.693557347202361
8071,6535,67.49150002203457
31868,4241,13.546131093943567
90163,27504,98.74777678171203
76685,46387,30.03381056975916
42084,28827,12.147436055128482
49107,22077,20.049566732578963
52744,38289,87.31522792879406
37349,49267,25.239172495245754
86449,37217,58.56361051435879
72162,29262,97.38487838894041
64577,18748,3.369976733049141
38728,36906,14.353077017788687
5818,49831,53.53325345632198
72983,30613,38.86220167852245
79606,48839,2.6193672126459138
25445,35756,79.66070213106634
23634,40048,19.755501352369016
11858,2845,31.22803383659498
63736,9379,10.595588242915179
89280,21345,83.57990621845178
61822,34307,15.341240924957976
52201,5643,34.75220369708247
11625,39997,4.1211316056477205
67468,22922,56.05211647566058
35381,19081,84.15839333005363
73875,4410,21.651189204026757
73588,30435,28.005312494389003
88612,7925,79.19363148291406
66064,19939,14.0937458900151
49950,27176,88.85780938661253
10353,30001,95.47852490260264
42716,44043,13.948970464575495
15455,21068,69.28611320203993
98430,7161,53.93817300204234
32216,14993,74.81362145437897
80206,3334,83.81229498529864
17418,26438,81.48349080182432
47529,40515,28.21814714460294
39592,2378,33.36536682397087
90896,23827,84.62750986365246
83196,8081,74.48340950178404
70638,47263,44.17171811088406
39076,4365,2.7019479667097084
46329,6670,16.72530719332519
13795,47027,52.82808894990334
62596,12623,7.023837884026449
62893,2794,95.0835018249875
27513,44282,81.16049103189039
66726,37739,73.22606337936243
96116,30348,43.66867246545063
93602,20412,23.373213718804084
55227,2708,83.50734008126071
61022,25547,86.38037454409479
72405,18564,92.07763265775675
85718,49926,4.289907913524186
21015,25291,57.767746373348885
75236,2538,4.796469691711058
88946,45227,40.27666805149722
28927,31117,33.71710172269433
27159,45120,62.17731483269119
82077,1777,22.765287376394205
9558,49723,56.37990586774837
9644,12303,61.49613223817233
64025,20143,78.62265744393399
27017,32134,85.72192941498034
94387,40978,77.73243889281625
16948,4024,3.926429031683317
29141,21738,36.793381077233946
91549,12618,15.600686689415836
99333,17257,53.34002762174272
37618,37145,37.74981882046268
16399,25154,8.446425608731207
8331,31568,93.029555821288
16785,22933,32.270267398030924
44045,40327,14.533772703232229
99986,29879,27.846167276155956
95616,4186,87.22077650619852
27890,36866,28.660522210269104
4441,46985,25.381191864636207
48735,18873,49.06844624743219
25092,17570,43.06595832433721
30907,21899,80.02200924897848
74621,40521,81.68259887762743
23436,22785,63.207705944396935
61615,38657,53.40277019908994
99648,31011,80.76419328647543
85882,9638,15.010897151988035
61648,18691,17.072591532158306
39212,36566,92.25522915351371
25145,9327,78.65702368940056
78347,48041,22.722015572112998
72996,5050,60.85456032016741
54138,46334,77.41609947938333
21648,25804,63.754556960735684
3720,39410,32.288327631386224
86884,35764,43.04145924543173
3658,5498,56.19970662346689
92500,29287,78.76215566731521
44045,39446,42.866233381654745
8281,24655,16.325904120839148
14299,90,36.93400221713878
1069,22076,29.60802355403052
11012,9526,30.148360716558972
60497,42362,74.1872374706509
99937,40987,46.601597992903194
39697,20717,53.54715952547525
41482,34636,51.735273462704356
47192,19414,45.43668135069445
58644,554,24.614230224699075
35396,48179,80.49064272110128
15232,2628,13.90553374390012
87328,18751,3.214348742454818
64195,13872,53.687697179819686
19651,49940,85.11553768603908
65630,37883,20.51439274030017
9247,20825,69.63714166751976
41324,27607,10.536351782617595
18444,2672,80.79279651682675
66831,4006,67.48299412813604
25205,10249,84.13480507403217
31497,38179,68.57727234154878
72612,20381,86.88067503743558
5667,12003,7.6199398164862036
3750,44495,26.332179100779342
18353,14449,61.486773748534354
62715,35598,79.7874426088787
76472,47010,92.28944353225704
60796,10400,44.4088276976543
62023,19966,1.5316994520932752
55210,265,58.40379975254148
30037,12884,6.720775697967094
84099,24682,2.424629413436193
90667,21016,76.84608096393008
83594,18940,54.25009487138735
15064,12685,39.948538417024814
67220,274,23.88964039247622
81591,22434,97.81671379991889
16815,8093,36.94564839683416
62974,29903,48.12167551759654
33855,43394,82.3013483333376
7636,19782,88.4128845738036
90301,22156,16.37108461250234
18210,33411,36.50227617749507
87318,7240,14.19115051281572
81014,14671,77.19740665717339
11110,7311,14.619089399587706
46128,33437,74.50881872963834
37654,3878,44.4382048740705
66096,29432,33.52358012461917
57858,48926,73.82538203068992
31805,15459,77.2443405701206
90702,49830,34.0234003442542
80090,38929,30.554033537622598
85750,19409,13.501629282274719
15284,49948,52.526284818035535
84351,2123,42.0773652507061
93242,32088,81.66463920688413
96414,14841,25.378542354385154
89047,25867,64.61550312507137
6336,49544,89.766681932866
73678,31023,44.88256109463546
38513,22485,22.08622528190497
92630,29842,61.94524883620713
66505,44064,79.12523977700297
3946,14807,84.17557614390284
81466,1387,1.7835804976096357
71850,41561,94.61461930057311
70934,48147,45.36898528326285
32424,38360,36.181140684738956
21180,47136,2.2220426076278317
46841,20371,46.15895086035822
93579,8511,44.007483751065216
92058,11613,45.3464464875392
16653,46739,69.69398848431895
92232,26066,97.79493745543733
69537,24746,10.148227679281685
43011,7487,72.36192618300788
78768,31052,82.92286578732069
11342,24328,49.94529393570673
4332,7353,38.818379378378005
35371,6612,39.1230142001057
86474,38604,58.77365857711155
80478,47996,23.556820202072277
59594,44929,41.904955416935806
89462,27211,29.673678039371353
24534,33859,9.788079616622404
27156,14366,81.85305556115163
84567,9088,53.49987005954545
8036,9263,48.84503273974417
51771,26627,56.542406956688346
21489,28605,66.98403519418494
44504,13186,65.6903362434093
62991,6155,59.84205748616857
68887,8564,94.07842405059593
90409,12666,7.0093290378695
77626,1111,19.314605049453604
61570,24434,95.01780070052224
40423,47288,37.126437874332055
66662,46700,20.57537465118899
90220,10345,46.99764070578107
18783,469,39.099607204284204
6709,22208,22.03863760449797
64687,28453,89.61034191052633
32096,8348,41.38770434118753
26455,37297,69.64546031809186
97301,14098,11.563520883791373
87215,27037,36.98614774043569
39408,45911,4.2124874231620035
76107,48889,79.03405827658268
98497,25253,62.28399076670193
68100,45970,2.0414205803188645
2746,39062,27.718851973500417
32349,45998,88.79464116736993
55939,27227,94.3804465258682
15474,49356,59.50360887933659
9373,28400,18.01440350910281
75612,39950,63.630592597656175
64628,26130,34.84104105600149
79760,29993,54.72717331882919
41130,14065,42.36661368706597
90912,19489,48.60833921795942
21191,21729,80.25117732706185
5007,31583,69.83040065470573
9433,2812,66.9839460200234
6435,11282,59.63798650945241
10628,23965,98.51532662049601
63243,27768,15.057078791632962
49804,36071,20.703960724597756
86728,30177,31.183247136777194
88902,12630,67.57886450491077
74572,6128,67.32557803961456
59692,40564,77.91877215831816
66788,39237,69.44351765415266
81103,14079,45.10096954189994
69915,27400,21.709390951205172
43930,2748,20.192049229960723
19035,30337,88.2770925770887
21287,8758,75.75252162545348
96189,47025,63.199652730984845
94443,4280,66.90462997369843
22680,38293,89.71276367775873
9883,14513,78.85319187428894
23778,15878,85.2559266645554
40737,45219,10.68176131720774
39254,27406,25.112621410142644
6712,11094,86.00360749835244
11730,28416,60.0355841785453
70296,36238,34.315848176399754
75711,41496,76.91871401846579
5910,49237,76.92848133947396
36157,14087,77.31150679448925
38301,8666,33.239227712884194
95141,33973,18.005659525308428
22758,29168,70.6060763684574
81322,641,76.15667680398965
74842,20863,38.43029517359567
19353,39535,34.793390519083125
19992,34942,3.860647044732573
41866,28379,53.34265045165749
39243,14478,94.6055615694798
9850,37027,8.106558060645927
97280,24801,34.69871856657911
61159,29656,60.72966699556985
71836,21318,37.57604304523772
85892,8071,17.671195199903924
41061,35959,16.43613332635498
97109,29491,63.59710048609933
97913,6249,59.313444524560154
69675,17313,52.2017692202498
86139,23709,44.73505010268247
77546,11596,41.21059165042456
13652,41932,30.28272987570388
36618,23702,97.64995252081147
41807,5210,53.28139811815642
16759,19313,89.35065659396733
24345,34001,9.436416119014583
42780,48497,36.91298418121352
58531,17308,24.43674221783152
82648,17088,74.60416599969
59992,49838,5.420176699214455
11871,36387,52.26850260645361
92215,40944,34.095804888055255
65527,21883,54.47555275187547
80961,30144,37.28425954198393
50522,43107,27.696219702257956
24664,6461,53.69769637462084
32632,27115,56.02698088793181
76783,19980,45.16251742001067
97051,2246,65.5571619218197
66107,2889,13.771076311726658
26251,26680,39.63734819123722
31630,22109,66.45346508079314
18090,39380,22.499014319085685
48048,20400,67.28506303800279
30295,23420,58.06588518856678
86462,36248,47.37161106234598
47971,47730,75.09736026086243
89127,45058,67.27391473836236
51222,49266,35.01245778511835
5464,12546,34.38275613179291
72265,5524,21.266175484493658
83026,10894,3.6209499671383334
60954,42296,49.41914812933708
62983,22002,90.40323072164662
44856,20981,21.092696793224327
85935,5825,7.752176700712223
46174,30433,18.263518562900213
73301,47907,50.237819311803094
24015,38759,52.38642495383086
54794,40367,32.313558335048505
10361,16003,43.36305873737152
30384,12725,15.837858389106055
47568,17384,76.20330677022606
55247,31804,20.947921601074604
68201,10272,58.485342745195204
94669,25596,78.18530056012723
79984,40118,29.725250920274778
64292,33544,73.19376451255572
71677,22295,36.687235804665676
32251,27268,64.16178204627738
94578,31935,26.465290865218737
33186,46365,18.46222242712623
78305,27523,12.464029750482728
53690,13162,34.319311836068216
36570,847,38.28827491508369
73860,32384,23.043017067808083
91457,24554,92.7230264776314
44987,49776,80.7894693116654
23199,26823,80.74854494628337
65405,18993,23.75343486477729
5431,21049,1.3710731743259699
39164,33115,44.95373686333227
31129,16546,16.99651467622879
61689,28710,34.9073239341327
98785,27592,51.62279639563418
55690,11101,72.83319023506552
10729,24272,10.012904568922105
41410,2448,44.963088290262135
16019,4684,22.537567176983956
29834,46336,29.40002768297487
32205,179,77.64680443151305
4698,22982,29.55590964851197
18636,46756,75.77555515650242
22677,6272,44.00809917117756
29395,6169,93.1032987199571
97109,34226,4.346877231762128
2770,5812,14.72451966709558
34935,39277,69.28727315463719
46681,563,3.843915578220077
59238,49218,51.755417298163074
7824,24588,51.07700267674423
23472,49288,33.511047474987514
59746,9886,7.8075457598052616
40564,35853,94.99478510739398
10505,30455,21.034990509082977
15865,42625,56.63532637033728
31480,45831,86.27517925257973
85407,40022,2.8109838406615437
4992,23501,13.419657150210313
61028,39484,79.4933750491265
70378,13311,1.871766456461054
30503,23702,14.550703854473314
70649,43099,33.00269019088963
17720,3493,36.002424776869645
99820,9813,77.29999236851678
38889,27169,53.928243012792585
17898,36679,93.80809209910716
23079,25850,10.99610904327142
77459,43218,8.260280168034441
32886,49636,48.554107336123884
11583,738,67.6211426608358
69031,13357,85.45598633374951
60128,8475,34.188460552726866
12874,25492,46.73044514560391
65996,7942,7.498936853231182
7633,46349,9.725943421214932
88744,8899,79.14941755676247
37580,36677,71.16012420962896
50607,4247,28.683760679027863
27685,6923,47.76428574341678
86886,8899,6.933018094766053
22416,42551,11.643563575437224
77024,47984,17.398017411890883
39164,28974,73.612215709326
87328,15684,94.96040004254063
7404,49521,45.662745179552985
54205,18043,73.98897694490286
98609,23674,29.11626860171933
21894,44637,6.902125629957134
72683,18642,30.05755003640452
99302,40971,77.07054374195484
37051,31428,39.923498608436766
40242,19942,40.180775109453116
76596,40817,66.91189092367686
27034,40123,67.05157932962928
9290,48632,73.77600986418152
72344,12760,64.19474516743276
82095,25608,40.02778438944839
31120,9774,37.839483083630135
23995,46405,10.311143195385858
66538,7716,4.389858541723584
22557,43369,30.758055217468662
27647,20201,77.2328003772766
63390,19456,60.25390168345006
41022,3713,38.981545221422714
19094,32475,19.754935147386067
55426,7875,51.01756947156821
27122,29232,94.90156809029897
34823,38320,41.02113600208896
91015,32032,76.83255087659796
13857,47325,92.12865501500897
29774,5940,20.711183353578203
88898,37382,89.62863017705583
18498,20119,44.30349945904171
41506,1907,43.418039180969856
6699,32519,19.346882977366857
2851,21012,24.175754429999152
33161,37987,24.111652644989732
41380,24270,57.670646813300216
90505,35927,11.781219753088005
4656,39901,47.7055504429452
98096,7556,38.34064263621746
1849,48162,97.6994324946342
12576,10296,63.59109525306137
94691,27302,5.790222236435561
1336,2705,21.437778256443313
37122,49167,30.208398953620982
2516,13623,90.98119361194732
52904,13397,14.30213360290892
32225,45620,53.643691121620606
96651,17879,54.45093165969119
92390,33426,14.87598394504246
17441,17425,57.808653315725586
78039,48104,22.58873827042336
72613,21231,45.50768442007644
8394,5607,89.03759615332042
50579,46923,17.303366695041714
84625,23046,69.17635575758881
9170,7762,72.46557688389973
93233,35661,63.525445142963996
42244,25128,31.206912169314116
63132,20317,37.543814969824425
14059,26325,37.28484938724191
38453,7338,51.19118820386171
5343,10275,27.51754972147622
56880,45724,10.741976317318876
44426,299,13.83766907412368
32845,8556,97.9656019044071
43345,18017,10.249070799388589
35924,21183,9.562583781197857
95272,8142,11.1414995085127
93445,12890,66.65912974744164
88264,1688,84.66134530206664
4919,21039,52.22171058315852
51457,8023,59.1957137726093
36240,703,38.94181678900302
63914,18965,25.20790882080351
14851,7776,52.32319025466071
59179,26219,64.0094057088103
44323,4918,31.02268345524533
10893,22968,3.698248103735091
69359,10852,20.397292258617085
2477,16491,91.70276230887126
64383,983,39.35995229153687
84531,30955,17.42304698623679
35119,15740,46.583744865080746
10903,41675,44.28341844867869
62596,37135,18.602507295971414
82872,8667,19.096628432386478
63933,30328,61.902187049530056
85225,16894,11.92605431246375
4523,21596,66.77019475376673
32661,5660,84.86507839326543
89196,18712,25.84090664680353
40916,28944,46.19902657753891
27336,1390,21.99499542040238
57528,28112,94.2910189832138
63792,39597,73.68627206747757
59816,36966,16.900691354953903
57008,27753,2.5390743044127793
66062,46014,64.50049969097148
18132,44898,52.614688153555896
24364,15621,49.28310403712415
4661,14920,25.231223321488955
30771,4181,17.17232743509342
50803,25122,65.05633460544786
62264,38726,46.15230647190229
37016,42153,57.917601488609606
48464,20446,4.727461934070907
80317,36347,50.743341390199845
74173,11657,52.376350436033476
80302,47902,62.91695141950976
71260,14040,92.76169710999604
32842,20455,16.033535373384122
23915,37036,41.10614124061875
97527,25633,6.147947776829885
27672,31806,34.31217714910941
26893,27274,71.07374956027864
65421,9600,65.92113164841005
75071,38248,36.74784707870837
35825,43852,27.741067851796064
30016,34968,44.16657391211705
85407,44242,73.25509414324623
41811,25813,95.08422627845732
93698,13153,82.22187435633792
57130,26234,77.57110481670205
20430,26270,96.02080068413412
79994,21939,36.8816434107383
66272,24176,31.92181286408701
13557,34296,47.13781727314054
15204,45159,6.066259305381181
76327,11808,49.00403539771485
81605,12804,78.91941024944165
7304,23754,17.19837426559763
48891,3982,46.61853619967872
68866,44934,52.02723143929747
60831,27406,88.65802860069007
38014,48776,96.94837110089696
8548,27732,69.45969071578892
25389,13883,71.42173811298345
75788,42698,25.724340520021567
72084,46680,43.82172977698293
81913,32718,34.26046147378454
30318,1369,51.907683057321506
51679,46280,24.24626844602985
5728,17088,95.78133970571584
17407,43186,72.33370703397333
84336,18113,47.865053164295475
20322,38086,28.186477650663985
81427,49945,59.97230386087058
11622,887,16.821663227229024
91770,32449,16.310309768596625
53452,37974,96.88212180357606
51791,46508,33.77310091061693
90041,28141,81.13817800720751
81585,8719,95.36840792754596
61488,32130,42.46577053229406
60059,47211,1.5643578049180982
77981,26790,65.23897724297724
23411,48799,44.96269812519434
80191,44394,58.179126238022874
31356,14977,78.97881942198289
69996,18097,5.7870571657070276
62590,20976,41.96705720473931
76457,24203,80.32774915340978
42247,10612,70.91171790412383
59940,21117,17.74245745393815
29711,16588,98.31334491479981
89200,22631,17.38774375445452
20715,31957,94.94165986675881
88563,26242,36.99747240680935
85860,22905,73.37150370704234
14514,30588,37.74634618798896
71704,19154,80.62237649779591
76435,26907,92.29127350065049
92852,30998,55.046014986817056
63376,29651,77.20985562427776
91054,20878,13.71743261295224
6286,49496,60.209819485941416
70008,14045,48.05846864970052
22507,49256,82.28904565402271
81804,32574,10.75104753715829
42990,3187,41.26528422572908
55730,41845,15.944143055961739
32978,19094,94.90504165394871
98108,10411,95.04893267648909
14626,6858,26.478442881880373
75059,38952,3.8636368024668837
20438,38554,63.46467953988217
62312,9074,78.56359496677364
87966,42598,66.80383884321347
39092,31313,54.170771934930876
88344,13858,48.89179684874412
86257,41539,50.48153933775154
58303,21959,8.955256006574803
9281,35218,65.86137740052908
55192,28741,31.815578893975413
29089,41350,23.327337076111178
36467,27278,92.75090420902997
32926,13137,90.63112003570244
80242,27895,90.39040853044307
96196,27858,24.672053485320923
46086,4515,64.36557064185357
6407,49381,8.223123526608333
54741,2391,21.914862771195498
64994,43322,46.07089852667738
2226,42822,94.479167228343
6082,8451,59.339755269029155
77075,30991,54.704748022912895
10502,41434,66.37240937109055
72845,15588,26.20295424224074
69917,7790,91.84079371505253
12151,27613,58.01042621652218
72842,23616,10.748485242078656
66588,2557,69.93187162537545
28307,29303,60.29188585607694
72670,21314,17.331358410967837
96173,17495,62.6179888267597
59917,31868,48.756425858372616
49115,2584,11.13500869433342
78260,39382,76.17084393095068
67395,26350,14.362936845619108
49080,7863,45.346556755858195
8235,49593,75.4581058312178
70625,8074,44.47824738008498
25737,8986,15.056937990492969
64290,38201,52.474820247254314
50081,17319,98.1747044952376
86948,42615,87.93727591515733
15938,6795,20.14153343694586
4751,8111,27.710913471376855
79375,20625,53.357970427710924
75139,35753,37.33274635364626
98659,2466,69.23641440298087
87643,47852,35.220338132918435
51674,46747,38.52170373121559
79360,8320,65.02434346396078
88333,25937,8.943013440284737
4895,8392,18.819453579449196
87370,40882,23.190206375609648
36327,44441,44.30881652010806
60140,9605,78.081906111641
54685,41107,77.87893107461521
90813,11430,77.68628496861434
45364,47761,67.8935324151148
69608,33922,34.130943971214364
43967,417,13.410050183385978
60197,41133,65.28655641426828
79469,4657,20.596947983034735
99875,25798,44.679215554831295
40402,810,34.92074607700614
42437,12603,42.50592589838742
45672,19677,93.65159593424299
27829,36754,87.14792854041758
74914,38046,40.50817161124969
44936,2848,41.399273472725
14538,45535,95.56798124853901
30640,7423,24.558917756481776
31137,31478,27.844096945380592
29586,1829,44.43529683807713
86273,25308,48.63202564297569
31884,35450,21.217339801529658
31467,43855,4.930515846560014
14141,20494,54.57748149841456
25124,48065,89.00274135026686
77266,29675,54.283751617899526
68379,47844,42.89001331079663
14165,48362,69.08131897643578
34468,22275,80.07186548351125
14252,6141,10.374031798446604
66895,38169,5.621429777426121
50869,48224,70.77183895744115
27791,11803,41.88483347541106
5408,32331,24.95705864750082
1551,31569,57.626867462677254
27529,16147,35.95709368141022
99486,16154,3.9514669236715054
96780,14209,12.412415243283434
7872,47082,61.25071991551714
21527,36797,82.74204907483592
63023,28660,88.18031248277853
52496,24275,93.94616554995501
11713,30535,23.69264118154151
12717,26158,44.639608477321154
46661,22139,12.857204782393884
70759,9043,21.95174027946976
85162,27851,24.331418197014344
1676,3803,89.50911496639411
12155,1078,15.897986438297377
91618,11072,83.02865256188232
75683,24098,71.98185392643457
81169,34365,64.19890075872732
37935,5594,57.115518339721746
78911,811,33.77808287958458
37940,8931,1.0778091057685704
50845,882,76.1731963480271
96925,7342,4.091630918052008
75172,35996,72.71986109946684
67460,36161,76.43864155736728
42321,43985,36.28293038102874
16374,10842,25.169746372239572
35878,9182,19.469236638727686
41769,49140,16.991556524601794
18170,36719,70.90293801429327
92246,36312,36.18656449861001
40950,11121,97.767710696633
6271,16812,68.87926520572901
63067,10340,54.00958073109334
79362,8558,30.554418863563487
44694,17162,33.362804777396974
13886,3019,1.6159028447730088
2740,32357,58.37915502962844
49189,16129,69.07557045111534
22685,3887,63.09228465377331
38953,2899,9.666125771488506
12370,2413,79.90491551424336
17407,44845,72.77142722830095
29405,12989,20.009818783361183
99638,17205,74.27075007603439
6752,24928,96.90799399033124
30624,8085,37.4079538364539
29400,19301,80.72326246464691
73073,39427,29.310573390228036
17454,32504,47.98708140955732
18126,3949,67.65492309545336
57777,25659,27.446014181494114
23496,263,78.01561850370166
26904,23517,88.15754764333468
93848,13845,81.7031638014315
71072,12123,8.130101811348872
90984,44361,3.29878083143386
53897,45078,95.92652594597986
12225,5527,9.78818528660487
6181,17960,54.29402624028654
93232,25815,24.06414852569867
9681,44374,60.56226783884963
66072,43985,40.45356280557941
14843,6537,86.15166122138865
35848,44258,43.251097323475754
60471,21055,20.672114077454637
61049,17321,15.664224734302081
71109,3118,26.944930565429388
20411,8745,98.35365530163226
92066,27545,44.18276113238916
85917,44860,12.035146198942522
11116,42514,93.5961342339068
44054,5597,86.9168104032309
54620,7039,56.006250609046134
17211,24084,59.26393573409292
93479,34916,1.8733466036441082
4793,40632,59.20169333373735
65758,7211,18.24410568404479
12611,207,87.4473667776237
9431,391,46.148340740608035
62237,48265,89.3411215320847
90232,29750,45.31799239195051
67582,2412,49.91482227306699
95263,36536,60.2613774191958
86795,23287,45.130972063580515
67365,30181,17.511114254826715
42975,39535,7.518130076002199
70764,32965,73.54758789228039
24529,28951,98.85147975964176
58458,19626,64.55389075879057
83482,41838,15.935564344214509
10755,12416,71.42947571350899
68623,39414,10.200095462792818
18758,3210,77.31656389342585
85603,33845,5.446986691158766
31755,8269,7.453836830374398
92344,25634,17.251426404085354
69297,27296,32.8788522510519
77563,9958,6.8577717456346
73169,37841,31.52147568186118
64194,27134,35.427276172884525
20454,32996,59.65895339308888
15772,5927,70.37661502740673
57885,44152,2.4604530494135117
63380,35109,92.72762643237165
33125,28948,24.420916444478987
37570,15414,7.051480481868498
50640,11773,31.55543085196601
54823,10340,1.4539562011208211
14337,17629,75.06590155389051
17321,6249,35.638893312273886
5803,5910,45.509512833753995
5416,22015,70.72761984071118
17507,44834,61.25007905268765
83522,28409,38.06134966778205
7583,33273,17.23283069151533
16203,4494,41.14220302607287
29696,10780,17.495222714217405
1251,4403,10.032272578796595
20199,21755,85.53717570926803
93722,12706,71.5110878683947
88156,3303,65.95340103159049
51155,23755,41.984053911257135
47305,19386,19.091629685994665
75927,41045,29.69039693585408
89336,42517,45.9989654022412
57665,48593,70.52089590281965
42654,28492,47.14047846718469
57000,44029,54.39584564167629
8367,11527,47.7497931568779
87995,44272,24.716575197180784
81145,37481,13.017549686120134
63140,8433,34.298560600019464
77824,14792,2.33304848785113
34531,13028,94.22075229125204
38975,11322,66.6383988707445
49897,4171,7.263240080245151
34963,22883,70.69383307238986
86660,29944,81.49014266367799
62216,37336,88.40710911942689
67237,21912,20.296103798173476
82170,8632,9.03516533400304
41636,953,48.534278950452276
15729,21810,87.04397486652279
21972,1446,53.64358861708129
9368,36032,83.62961529411702
58886,5015,48.25427409279217
90555,5627,86.71830716298203
42425,34764,72.43343723757226
13069,24674,48.4492104039808
42747,37823,38.99900786226356
5615,41079,8.860022541579543
30207,8757,40.90520114588025
96962,24500,50.17529845342979
64699,29913,28.3930988509314
35246,21144,48.172974408167306
31425,22986,45.68184947248085
50051,49069,34.48834520773485
11584,5384,42.93167816389071
56887,11121,70.3562469163901
1993,33550,97.83652593226175
19189,20022,7.734173906956266
92822,33489,48.2270478796308
93442,8208,14.968029930527974
97827,12093,12.285451385218039
67253,17443,70.03889526375713
14074,25662,18.933704343654956
69414,47984,31.320168489957087
88626,36922,52.318665848832985
91101,22489,54.53999832424642
30427,1035,8.753068820277354
43591,1283,20.872735034255186
62333,32989,54.991390928350576
49458,5675,63.018872875488896
2156,16565,81.34447992310037
54048,26756,20.787168344612297
66563,38183,51.246727247954546
8366,15785,62.0706424763189
12563,24417,21.15439800528527
49299,46010,28.625813275586896
88871,9273,88.01377585370277
77696,43832,91.86957779095768
34803,13345,61.44441241556842
35806,308,32.1596789385889
96576,23936,67.30471833891143
34390,47573,71.31189544890057
75209,4313,51.72521150287841
5745,45384,28.44901838017906
2409,39813,95.30229661325893
54926,47146,79.1786722402727
89807,34456,19.23335587321658
54769,37154,25.249341826402123
43534,1916,69.78818648149016
86376,26805,44.41308570334912
18168,44261,80.90117640588785
77335,48959,92.46054470316338
33774,31011,72.55369282724938
36180,8927,33.02017518594846
46434,28722,70.99349880271552
37563,8802,77.4450678003532
72336,32681,32.60530965259906
25266,30943,13.841888268235046
44268,22544,64.02548263731227
6659,37803,28.466255003741434
96002,11852,29.406146785905545
84670,35583,60.8672891156594
81092,24044,83.02310416695342
35218,18316,96.78216868708562
61895,28547,36.97143882020626
94206,29932,12.02308023537604
55700,33093,51.04161117962781
3666,29008,32.70979823895193
9304,15323,34.52277827673235
7619,6664,97.35095976283009
21499,29636,60.88407983929266
80265,21961,94.86392971003073
59944,20991,4.861394143921533
76984,27445,27.903230337101707
75429,16932,79.83614969849961
55623,37343,49.054707499639946
74610,39436,97.95296980091803
28707,44309,50.82216043821246
61421,13266,17.05391913858209
81920,15403,49.357604169206894
26328,20776,87.50777366719376
7804,22308,60.642118091981175
91965,4479,7.125714611732198
81196,21730,90.90600010287314
17580,36766,16.70775869966876
69662,44705,7.695453608436368
13610,40325,79.25136151483585
85154,24711,52.657083038147086
21095,29461,20.047164780376452
47552,29959,93.03853939057616
76351,32420,72.49052344304253
91544,8067,75.1232688490968
54317,42412,67.43573332999303
9422,33991,16.687980929949
45691,27437,92.86308794249376
32862,42662,87.2687740996674
77693,29807,97.62769087123161
15900,23510,54.64410430347123
84854,47667,19.06964042124002
17998,29929,13.557150253161968
46062,47730,65.16396972561705
46449,29605,45.87731698878833
20099,415,2.4422011388130622
23783,42065,86.61219250211637
10059,39283,14.780065345104823
98306,39640,16.34372243091301
82026,1780,89.6402002258782
21523,32282,63.73166897345265
35843,10536,29.9704779988182
20775,28141,59.34322971697535
52933,28999,39.27252508653196
60825,42764,97.51881336315195
33707,47916,33.87944569185713
27730,39695,24.82000689712619
79023,16047,25.211169559898245
13662,8138,6.157887523832799
72172,26607,61.825453074464505
12040,24752,22.049489991980888
74527,14884,62.532664584350975
78538,12891,15.529011426404356
89498,47756,33.385818856683535
57863,41872,16.362279032691074
55970,6825,3.746294232281574
20835,1392,33.402409566311015
67037,20482,68.22761634024774
38621,2738,80.58420256566527
17825,678,22.62553010010597
48156,5709,49.17968720623879
40478,17989,63.17800275574485
75207,26463,81.33914371907562
14150,43376,11.703153441742598
47893,1493,16.90086804927506
62727,15078,91.15012788356188
19206,23289,93.83317621881514
2889,6846,40.82534008752324
83359,32274,4.664500375628604
90512,32435,29.58992828226973
94156,31243,18.431292084250952
15723,1380,52.958763672266436
39441,17410,78.85281581305696
33385,22803,76.10446001773357
54828,19989,1.9433765291491774
89234,44609,72.36172929069929
28955,49226,94.75867337252704
86233,12562,76.06303677661155
11960,32845,74.44339198990703
61403,47456,12.272823111913747
6173,47238,7.321022953084923
87436,18112,4.81182424903575
8304,14278,5.030476256648063
18839,43909,6.371664199323649
86076,43931,11.808722891172525
71421,6505,66.58358657715166
99906,47088,93.98884035169198
52229,732,43.16590645550358
66561,37559,39.58060576251766
56868,43668,51.2794580261295
71404,2151,97.72899369013665
56289,40963,42.32737532281269
89789,1657,80.50307313545318
9559,1147,45.3295280169964
50832,15602,41.9843066175926
65814,1381,45.57183345428107
9821,20445,52.180834907440456
10115,40016,75.02676174466697
34005,3496,50.88582076815697
58824,38019,9.325229021645718
20212,49114,36.15091235110789
34423,30028,36.38931224116104
40318,34124,28.803413205529598
31578,46930,95.21150814997597
11690,7601,24.36705774846627
42517,21859,8.639901652748009
50582,5322,95.76173240010912
3031,29425,16.558383140540972
45837,38273,2.185019826039519
76761,271,24.649822137305858
78332,1112,2.123941284434193
67792,27704,6.737501176336782
12727,15030,37.58057951916594
99824,6434,25.333878252790033
35369,38672,29.56741024906844
39828,24938,87.61678924672577
34050,46155,53.613268858048194
74691,19148,61.705482511519406
82797,15148,82.38153616835613
10106,13174,82.55467579646879
21491,45119,54.28632264412781
37507,26005,34.44592745805314
72864,34434,7.251001372074071
42545,9926,49.615443718011846
22416,12303,5.309526051066416
95819,31265,17.128147155449433
53619,11894,19.11292164904676
93036,36856,33.6207306537324
79327,24340,63.48466673618331
32092,300,40.03650707509727
97274,6259,84.65320283479008
61934,30412,15.183612512634307
65646,37251,86.98930823786758
25420,15759,1.2910779969420658
41583,24571,90.96334240065019
79145,46590,92.50767604131768
28727,36820,19.95826241047178
19891,25615,21.013550545437266
97226,6659,98.83202932869018
7417,1194,34.11327707772167
95750,10119,49.00951891338127
66150,13902,34.28875114517154
50258,4446,35.38558914530616
52260,11388,3.4038565577936017
56730,43622,38.35467245911038
70198,3309,67.20341882536245
76682,14428,78.11928791665677
22599,26812,74.91844502554675
14562,950,34.83803003305188
15955,40294,50.52638129790069
16534,44496,34.88585287491678
65581,29028,56.73407749164112
63165,14047,59.049779987961664
95480,26052,90.77531336541446
49235,23649,17.28013239581037
8776,1107,17.4516572901677
73386,23247,30.247148505355952
27030,37064,85.47990868841624
55494,20346,8.922299624208417
74444,23266,18.924487071847608
36102,13279,61.06852917284414
86582,43195,63.09487958803181
3734,18323,63.855671331400586
8735,26012,2.3528527365128387
91868,36210,62.70437420794068
79010,4988,30.728094573747292
43921,36604,60.58873407065224
14041,38873,32.550512492699816
80522,4977,71.32969292032703
81581,29706,6.8341215683042735
67158,7345,55.08576343204253
78528,33130,24.736379643659415
61368,26732,70.35778981427201
47389,43618,26.46945022602639
73239,25299,24.145449646329578
96439,41874,19.61119618751412
23406,25702,7.057906611533394
59945,26779,50.52059033422788
60749,6859,66.03074479970864
34884,38675,75.04452437892378
83163,12222,28.061532307345313
60719,42027,43.576175841135296
29119,21317,87.95453735725226
98606,5124,71.74340166974967
22605,26690,91.56453318686572
81345,28869,68.24175074416678
58944,20083,12.245574499682045
98423,5747,53.301020091688216
80445,5615,82.1516355889191
1678,30101,97.85669718993681
47218,40405,7.613217974223773
59656,2286,98.27574861518723
92691,36768,10.767519102043765
60538,26289,29.16478924485205
90908,10486,92.16227565833775
78442,8361,82.98334615968541
59771,44903,90.53523380919309
38610,23916,72.03309176523582
14565,3196,11.642828932955593
56842,22906,57.53574827648339
90734,2294,69.92971319696575
42276,9811,86.69464779641564
60078,4391,11.472101126595236
88969,19112,49.23546328087407
79794,34811,57.41933694259138
32290,47191,61.88564751413075
86981,31379,62.75495915126925
53433,23634,37.697198876623965
31833,18527,18.903682111844038
22146,29761,8.847194743805781
16619,39862,35.55336716495309
63996,3383,83.59015051346132
87653,48476,28.06648073090935
59942,32109,37.61584798405577
45044,35863,12.319524156333259
97126,45649,73.03202878058315
64503,47803,50.85701102761559
81542,32122,60.13289399468586
81706,6688,35.8826437007162
34292,7673,40.623861300629336
41518,16511,96.6199406368539
21901,43142,23.72507298438277
37870,45391,9.99181914526709
21883,29593,57.98041210252326
33298,25335,23.309077015854218
48981,42065,22.896322705744854
34596,9705,94.89208609957355
83563,20368,9.551853807703475
10300,15439,50.83750684186523
92265,46642,18.4713766454574
25230,23236,79.72415444698059
49697,35632,6.57285563536686
58762,902,58.79012955113541
15030,31181,25.26903151124637
35646,40671,81.81084154894633
47831,35195,35.724877625467144
25187,7918,12.244978630444656
45207,17274,85.40655838548597
54644,30744,33.747862422247614
71175,30158,4.525729438142481
47396,24002,53.56691556093595
77442,277,27.33852730726968
83722,7255,33.34293131717984
83673,33270,42.15319629598188
17580,26600,16.4450400102952
23410,47241,72.93546868270163
95472,42458,50.13102110613757
36437,26721,20.411361325685757
16885,48063,53.56886236112458
33694,42694,49.47730752623618
21201,27436,52.82571646418608
85233,14237,77.50771443360053
62100,6440,78.74636706602823
35765,46149,75.1800466963953
84477,5763,64.59640326007982
96451,33555,56.755758987747974
54947,20506,94.50271469269845
78287,9414,52.56943482484745
24654,15850,63.99264677744079
8216,1498,17.56048790716456
55279,369,16.088357974603603
49962,45931,45.35931059227846
9037,11039,50.06193251576943
29229,25880,67.05709700526306
31812,5036,73.34558023351484
9074,47585,78.65412475372834
97037,33042,88.28916561842198
57772,22528,38.15265761888559
13980,2150,10.02074090876372
63666,44986,51.19680806502328
38307,46173,19.949135736386477
75197,7992,31.820988022442762
98838,9052,28.90206495997294
26148,45177,16.357980302413328
85851,28262,53.55464102115298
99856,42307,39.51952741706973
23441,24811,95.42611484637992
33569,157,62.042039675463585
63389,20780,98.06504618675517
54121,9762,85.30612023367031
78508,14612,69.36673868824492
93309,7244,44.42555859067554
38332,1328,25.640430499833727
80925,7096,66.76871166273722
83741,31499,30.244923414060928
96361,28735,38.10376578011628
18883,39959,15.079000818983086
95528,27293,4.397106023039218
11566,39581,67.8199448702332
24908,27950,27.757626971602818
43771,34369,93.0624697071281
24331,34549,93.39231875581729
39614,33808,18.976847413310168
82926,3064,60.01977349834774
76510,7954,34.46719709562921
94215,9689,87.4354578181026
17873,24066,51.492407078989366
59522,29819,87.34408014430598
8055,19681,89.8259599297678
22736,11803,1.9107456375875302
96791,25388,4.49617699966746
69350,5910,77.73815473626414
53565,16336,19.80514391967441
72740,1541,19.142268785698782
97121,14858,13.54520838502555
66484,18844,26.05277410316182
80773,36181,76.69181090458078
6555,19694,91.20982582820731
88962,15339,16.729999344488277
42336,27297,34.64196171137207
46349,42622,31.90061659383172
50555,1480,48.45476562509115
17888,19339,93.72836258290057
76653,47276,47.58935648735704
87525,41594,79.62120725163389
27657,48123,71.37414529557182
71118,28334,47.47547005122468
45459,43113,30.57004912836918
93758,4835,32.11473003872801
70094,45525,4.004475044519163
33562,12604,57.74694290296177
99350,8797,15.989511480805373
66108,22854,92.50324513865426
77402,28082,73.91172347368446
60496,17219,78.89451683130054
81476,15428,25.42562476440084
45643,23473,19.209047193906496
12395,10796,7.075273276594406
51463,40219,81.47463218946483
74152,18126,11.77970780352339
97059,21354,65.88581566791639
45593,37386,57.05946276312064
32538,20621,3.344593497869134
91434,47569,4.689961716821927
20811,24110,8.556636197739168
3379,17675,61.36737883780081
34360,7907,35.82507138199188
16783,43033,48.58064097879146
50089,44331,73.37395130188415
23479,16145,41.12389222864859
76895,6253,83.10978672456204
39838,47550,85.60486165724294
14863,14004,68.78881635251811
33562,23561,73.26829117034387
38774,35894,68.88852748188553
86164,11323,69.79236825887476
54967,23639,91.08600429444958
2499,10741,48.13771775072977
34018,5563,65.50735655416537
1924,11743,94.41631847430762
99479,21073,74.69862433108122
36688,26711,14.486568950298645
61908,3651,42.22966629141561
42692,30940,61.806566115804195
51607,3587,56.71448470513699
48421,3108,92.93768009611378
78124,42863,38.39352852437961
12946,5960,20.324966925754726
94862,4140,57.09435513443488
79140,5146,22.97877126685539
85666,7669,28.355336991145958
74692,23865,44.30272997167369
58703,46996,47.59491230203106
36032,27055,83.14637026409079
72373,18937,56.38454040458546
76031,44240,3.6947860136217505
74260,24008,89.04756455090981
2886,21701,92.72240699584022
35756,23706,50.99930123941403
84421,24346,71.94900662939455
36758,41052,10.265950614737303
52070,21445,1.1474245554826803
40571,20745,70.45184932113301
46132,16117,6.840746044223218
22132,14871,49.75159475301856
97802,7049,22.553134908575746
7214,12328,58.37078223421727
16310,11555,79.60941560926385
74096,31488,53.91242488154733
4242,26992,55.45377486022223
39021,5114,21.61888267177877
79997,23949,96.96238169532302
84571,23112,59.246910257273754
58347,25074,14.679449382002804
44915,12330,38.24096419802598
73183,35483,25.980792932455845
74458,35804,3.152765355480919
83681,17575,16.675112686339425
91361,44666,49.44571618159644
22649,986,98.64345954285025
22330,20980,69.81020064154772
54764,7922,98.48042438343333
15314,1531,19.58457286612093
93167,41365,37.25721509217006
91014,29438,1.4187241417818213
66674,48773,91.94640268138103
25774,7884,92.6678273802812
14297,11326,72.18843098990858
45853,26885,89.38204837975235
44242,20407,24.660737377768257
20745,6545,4.279345495181424
68477,18033,13.2387611925611
96224,9837,25.193344748472498
79920,10700,22.959411276511748
44617,25064,85.87511915462025
92455,22371,21.204426441593466
86988,13285,64.75168784371104
44651,10315,52.66807117262639
84624,36388,96.26869043256575
98463,14816,98.73441524511922
61139,21886,27.901124624873635
17301,41151,70.60801351028383
59089,33545,34.98848898018148
39076,29653,26.98050445972052
7820,7451,21.63606670002984
17997,40388,98.91858823717594
47898,26676,38.65052929956789
39715,16616,51.29823729056141
27844,46989,60.29172173082927
65684,29234,76.05152125665866
18979,23234,55.23178716733066
17513,32808,21.247363329115142
42415,32473,27.373908681142215
39785,27846,9.574615029454272
8481,21626,28.341186760953725
78837,46083,13.94071533275231
67749,2721,87.64365577532124
89045,40138,57.471386599966294
76790,39049,91.91893220693693
8556,45588,72.74809314871541
60773,49626,90.24435880173411
17935,4982,51.96625076406775
54723,90,43.65693365375536
68518,11255,57.211452850106966
70371,37055,93.55287183050245
12428,46514,89.76923252613138
41410,10150,29.38038549621516
78631,38621,3.821309736728115
91238,4390,15.952906064763326
11547,37317,23.761038695560824
72819,24173,78.54854522059885
92754,8918,3.1973941162746002
59621,42922,26.976196001930035
90777,30581,22.055534482741177
83728,1802,75.6853691201739
81689,18119,91.4392659629533
43729,38026,57.89654475141837
58647,12549,59.82270289795071
32014,3344,47.54482026294425
79731,16287,22.187383196263177
29384,16435,92.37787069031187
3690,32899,62.25957945952202
77807,11020,12.19401639365018
78227,33383,72.99640520081816
6188,32473,5.194707840658687
38818,39760,90.8927606180308
56961,43433,42.72407254373606
28716,10592,63.61357216013636
3535,28626,70.7499735054002
7265,28459,37.72314512457535
84575,48343,11.721882265572734
10918,39288,39.14559366606781
58900,25295,91.49267126633063
10244,31166,50.69204747558105
20762,2101,17.63208381998624
17962,19006,10.385532274569872
57902,36511,25.659762490391202
20049,41186,72.9505755933939
82505,33986,16.124650641819464
27470,31171,44.461456725788565
29648,3714,43.40990214426692
52834,24898,29.74136215578199
40104,44319,70.06326406757326
62002,18425,80.75409431126025
8366,31204,65.76875005673926
72757,6388,4.569908203238433
93226,37096,50.97683493776433
59017,6615,85.90024508040769
66904,49745,48.703868413805615
52292,27133,45.40889913036205
36894,8002,48.00156854579644
89876,23013,63.232708629181175
54013,6559,31.235507194569177
92203,22504,49.77709662579377
14187,15037,65.7295956568217
95989,29519,44.30846593908674
67629,30786,52.14268178534707
97322,16402,88.47452041167362
52044,47485,22.317214122177067
43018,17407,48.183838704187664
79599,3968,69.09635739190075
66149,24494,36.1265143662323
20388,43118,11.681434213802403
48933,46969,90.58932694539969
71381,3766,64.83198071586841
52236,6550,63.054137426754316
73455,36992,27.73085431984945
81149,27903,40.68668322195687
49846,35393,13.635753758112562
40552,48076,31.385523901884856
9416,38934,31.94395276134958
14593,8564,85.77571034013599
36099,3693,88.33149659217915
51450,14084,95.82414510570104
39920,31197,28.19435601980493
56388,44213,71.49685415475787
9652,40581,3.5364696037222965
55387,42037,38.307365700481846
63035,28941,24.957670472991826
92063,1629,47.39007567988392
97553,30119,37.93459156268749
68118,43731,45.635238694778025
16236,40478,32.82529191763173
81339,26828,29.162544479300887
55818,7817,67.95817339183516
89288,27858,6.806293711575271
70930,7262,7.093308725439321
28956,43046,24.82028913857241
77700,1412,61.73090321821201
21201,22248,97.0217395577095
13539,45698,45.09977936633045
96773,49840,69.387471296332
85898,31557,65.07766110496664
12515,43799,1.8055934748334677
35052,2942,24.983633060015524
78933,2486,47.10152086199917
4918,37377,48.66539090599648
22000,1830,43.094897040183334
42745,19895,29.759312209035414
7162,37663,45.99257065639751
91713,39264,11.726773257295548
52963,4753,39.24367738609478
85217,27632,33.701561269673064
27613,14589,18.156512787049373
2190,27594,93.89069078153678
51075,8841,34.701333804698145
71477,15291,82.88326282288095
77652,14306,27.71516883286722
88393,31459,52.759111729404665
34995,36645,14.740492269840066
3320,44452,7.385306433125527
34610,36734,21.930343644269833
57527,10225,62.25778474950052
60337,6133,19.800034871142035
45083,35247,97.26999978346127
78424,6404,39.721976895960864
34245,11562,31.46207224616996
86936,45908,72.81287927070855
6690,39387,46.70625842170904
72753,3604,72.9460124062906
3410,38343,31.970809252876045
48736,17074,50.66099981349659
19581,37473,7.908145036053463
39293,2111,17.06409657045551
84411,42000,5.1322006159558455
94086,40847,6.3465174898525225
14542,27983,35.658723811266086
18986,12766,37.40197941083098
60665,29339,71.31749834688668
6745,24186,49.4446548437031
96179,14702,54.11410165662922
54097,38811,2.0588672490198956
16347,17188,29.474993861590264
3241,34519,90.79685537954668
44330,29858,80.13239350702085
29228,22620,34.09537627843369
63927,19146,19.970680395543393
62330,4917,14.083847390755585
75301,12077,64.18304285794457
37972,13912,41.548890758998034
6172,16520,42.33315274319641
11844,16436,60.476905564886394
31268,19465,68.03813195402088
8335,43339,27.902338216229822
28915,27834,24.960752911149612
2753,16671,69.82094389244264
90300,2341,90.08181612161471
34785,45015,60.833403623302004
83278,38890,76.91078887409033
4461,20113,72.00575575127442
33298,7904,1.6847954566182142
11018,48924,10.836139239975946
2229,8239,83.08129337721799
51699,7564,81.46430487288583
64071,35841,16.11234299364907
65992,45972,45.02023670933739
37483,25914,67.62597517000303
31104,18718,32.82831386479081
15341,24494,90.50233327127636
2235,48722,74.49342585000049
82617,14149,30.695896088577115
64975,35192,79.03288627588334
73318,9735,94.86559758646975
81162,18776,43.259565939080915
14600,23237,34.66107756861414
92510,38837,96.03909573506928
96739,28311,15.622761703052008
58864,5150,33.71167921405065
84807,48452,51.74551010709432
76101,2197,92.47430107813261
18025,31818,71.7603021543853
18785,37898,31.929077654049344
40709,37834,43.39093177344859
50415,13424,89.89410028962835
65794,15792,51.044976130661716
31416,31494,68.39925065645434
67095,14684,12.425904482200032
49665,20411,79.45902931498549
58581,43753,65.03935796187953
50296,48796,96.46669730139273
30592,599,11.557596978086497
65878,36248,73.77389843919369
41399,13048,89.85000138854193
92332,34644,88.34286634782003
34506,12581,12.450251768764371
54603,18637,87.49959226795356
19043,5093,65.67716911218234
22462,32159,97.67443092759989
20681,13069,82.90386525424864
81665,42359,53.684862470032826
11939,20780,21.965569746499057
1329,16622,60.631828502193514
60877,16822,74.8898646988763
42546,33673,36.581156645202114
54345,4727,29.215865422437137
16220,11212,4.945929897614037
55482,14565,21.090398132042942
10689,3012,80.65369723862534
21366,8844,20.969720954056008
47842,10399,40.77083861701698
9644,32581,75.4319756769281
12594,1043,94.67167880578877
17113,25102,56.867410314762836
73296,29792,56.89450592605039
59306,21129,25.158947862709994
90644,40342,33.378817640384575
70951,21976,4.901349653815542
73798,17483,30.74095186644822
45393,32810,7.792890743748836
41969,49380,36.7840702950976
95717,49946,96.96878225748424
53836,40581,46.13611682166161
9136,12782,19.558467364279664
44840,28496,81.32844533274508
72930,21441,21.02892972757067
58699,15543,89.01995571273724
40602,47424,58.07949860433075
27253,20400,95.67730852844639
40934,44309,86.13478937499005
81057,40535,27.96540986797409
92441,20911,26.40604473459987
75188,11637,27.504471290642417
50439,43973,15.63132987474711
25575,37272,15.100597843187446
60180,9284,68.92911841575369
38598,11972,70.55066131176501
43765,16106,16.972652424671676
79420,22292,91.1857120008123
52925,41474,37.152387465214325
94154,2892,16.07221097116684
7460,11125,47.3931871478228
36781,34540,98.19124882539838
79424,46513,32.23929055806052
15439,15296,22.95421223063529
49169,20420,75.53952929313499
15173,40491,83.31542444024393
43320,22781,93.52622670519185
33648,1032,8.36098993382435
52784,46504,95.78421950101507
80161,36172,6.438154007484604
40661,28131,61.1144209043733
81878,27037,23.589108787047874
33355,41691,86.9019558732324
22091,46272,93.1912966813562
66552,34249,43.059903181613564
60618,11587,48.86415790715356
51228,14610,51.75735930468707
28670,42181,75.82863774285892
14893,13343,76.18545395555512
76351,13517,51.69170943884982
81276,12153,22.89139394999142
41673,19667,70.62656839170062
88476,25209,26.253619888634518
10107,45741,74.86019578578443
6449,26828,27.361159679342094
31571,32639,26.025558450490514
36904,43825,22.981036744143683
76342,18227,47.2157460391737
27022,27071,48.956130135287424
58571,9470,36.39200355450294
67991,7406,54.13004923230444
67447,27601,80.14231178501453
75419,11749,93.19215990323478
31590,15598,6.076662566557462
60932,30489,83.37266597783052
25622,38138,83.31656846434795
97822,49191,30.603705582885148
75342,24992,61.3489077998012
83558,30672,49.72531675363325
17333,36377,65.46372475481236
27247,45602,5.368316485109348
73588,22550,18.371968401195236
80114,47685,31.626706869535507
3219,23074,44.68865280272385
31424,4164,31.80198954660952
80290,25637,98.46629490783279
56394,19205,54.81076980130994
93294,38308,23.65187247207219
56379,35697,15.139884124060565
91013,15887,40.59973978570067
67649,13353,29.979500831373247
39103,3130,6.7587807847407575
8157,13735,38.53127907852047
33384,22173,79.80841115860862
66120,5038,48.342133522640495
8750,29457,10.977939760523334
62130,43270,81.83045877194083
50602,47179,39.60598374737869
69667,26422,48.07870456374917
68179,18554,77.08095553320555
98269,23314,70.505096529501
6892,47260,68.00179487511642
35566,6623,34.39701884321896
40841,8077,91.11577351989139
55543,14302,9.632529282164546
20087,1917,7.912885983070025
30200,2589,32.48332731056362
24857,49467,77.23124972671562
51764,12736,23.38342753919516
43893,11860,85.99307830473717
94505,2202,69.28486310005312
60800,45291,87.28966182822727
4710,30223,65.68394160848091
5581,34107,3.311874002813858
52495,13654,4.65777888719635
62592,49987,34.56369608377776
84955,23255,51.677612185796946
73368,39019,77.0329402185942
64735,11139,19.11797926758807
58921,30279,56.81448037572254
26790,43712,51.50002530890598
78802,7876,59.043036256876384
96976,14656,52.32443234567693
9603,14112,27.361502275466407
29096,31688,12.844312799193759
61043,25105,53.04995940995797
94033,6786,3.769201184024344
58141,47723,35.08473386525102
73760,15228,28.999808972756146
34914,48780,2.8497402322146224
84185,40599,51.89856660580455
68419,21022,65.77035314954671
81328,41891,60.08218700187817
4082,28216,56.584136533096746
62033,9850,83.98789863829832
24807,26484,57.75562171091067
90487,10912,77.98877152650651
78262,41313,72.19650765222173
67687,39526,47.099380726729855
75803,15205,83.49538223965257
68006,34229,83.93561194477357
18788,6992,68.70891553673715
35228,20730,72.5407051988852
31469,5661,61.64965972116449
91698,32568,18.9907774918158
98016,10676,39.98482215783493
89554,31529,66.39162603748393
17892,32525,51.28374493332581
75079,31264,87.1235209845613
72475,35096,1.2508757140858573
89691,48268,71.04893805029988
99303,48055,70.59179610569785
26860,43624,8.084469718627997
34783,1124,41.56761066224921
16963,35304,54.34866169105128
6070,967,89.58007855799548
16223,8731,43.706882396197344
47871,48200,19.602403492900006
30747,38380,47.642609024704875
40340,25453,87.63037472315621
80209,8546,86.26717915455474
81495,8200,43.59680755980175
78261,30261,30.250785548519502
66917,772,77.91340154315016
57877,48704,60.912242558938836
40705,14977,56.727496411660866
37621,28685,24.269633093112642
2156,29019,4.045136895032063
80963,21054,39.40061642132481
34733,16475,21.955520888211176
93830,4513,18.876028654331712
84878,40167,64.53189087062563
20907,40065,63.538985567929174
93808,48400,36.443219361788856
98199,39006,37.136298936942275
69785,12007,18.860506756663504
54033,33911,97.18437658338942
49231,37895,52.03413740024062
92057,47006,20.46043448761957
15512,22100,45.08828096544453
39806,49970,97.69109418983462
66535,38540,47.708173215757775
74030,13236,33.1743371652902
22077,25008,49.06770918301107
25478,3702,71.654251244188
9256,33041,98.19602172169643
19098,16790,31.697156437804672
32419,22342,76.93660555226
7577,14943,68.689501142347
15715,35581,93.84749836417436
67213,45767,80.29070483921309
11007,13639,82.63059605963818
90732,16652,33.1286665165195
54663,28089,89.93191656347854
6610,37762,77.90192890309906
94328,44039,27.926607655641124
36282,25534,30.603477666959485
14836,42684,68.46066263329807
35223,16490,74.6058464823748
59865,18733,27.99666720526377
57746,42655,89.25752463782972
10862,42684,40.99020536348782
20826,5014,30.356697709640315
99304,7606,24.472428209941096
45688,7287,33.0494396159533
14057,22520,29.229023599663343
28673,28459,14.136409153181178
62126,8306,75.36390971845758
92873,45613,45.94622810394248
57815,28894,53.55155114036463
32260,28757,15.465488351494846
88378,30782,84.44330491313237
39345,22887,53.264020826513786
86683,6651,62.730540577802195
69348,45127,11.953195733692706
27071,17459,67.35269780215887
54018,27902,36.13067335040441
25165,1719,70.58952767878169
71674,2405,31.399201443940882
29877,32760,19.80974232355602
35058,22251,3.5384058546041954
55473,4583,24.223230333499735
16872,1325,38.77396544830483
87876,28400,49.446212540176155
12496,29139,39.28749153917846
59486,37389,28.029781757376945
81630,14286,2.4149153515794772
97130,39280,98.90873190536806
57959,39841,45.55221559094439
41558,37239,84.88495925305817
2514,24701,75.91091897013128
38107,42413,39.32969259328747
19697,37695,50.68195160472662
27853,11205,13.913594513059426
15715,10809,86.33205455223967
88467,29700,31.564756995782663
14968,11746,15.63640681622201
57629,42062,8.23018397010338
63637,29037,35.951915688346475
87009,9680,63.10812617638218
37207,6881,6.535917984995473
92112,22141,36.482799944502474
86170,36636,43.256141596949156
5290,18081,11.043122516318688
13315,24030,75.86134509941226
52277,45343,72.5102811210984
25968,34441,21.997766530117588
77782,38261,55.513872213975844
6116,24745,74.58753298574452
22881,8428,80.11877367659933
55509,1037,19.49428513135647
45148,1519,47.27951237864623
88427,43071,73.36785534461116
7824,34155,58.98859933313125
69173,36515,79.8292333626473
92876,8093,77.01768277607731
42359,13546,20.081713589208665
18557,11370,39.10701370298613
96052,45151,67.67551019624977
98212,47469,46.52867893016448
61028,13440,39.46677077247706
19899,14674,26.793675754323957
42680,9682,87.6380146113195
51169,38943,79.25717839907155
25485,12872,70.70923579182195
10901,8507,4.778095185288721
57084,39507,22.661291935352413
58939,9820,93.23900727450467
90670,36460,59.97622393610312
62594,43080,91.62786857012414
43159,17273,43.50581888507458
71992,2747,47.235599480922346
73765,8182,71.15810818639747
72172,8320,48.02795219938474
81142,32737,16.804185472274938
67341,6511,63.28725233088627
38544,26717,97.66654994325556
42812,26960,39.99026443414571
67997,3855,26.227978112134988
60079,35898,10.249074003890813
46158,42933,91.07756386764393
21872,32578,50.61628271442156
61363,14036,4.1696502051905515
62802,2928,92.72015702842117
76314,45461,38.00121992720642
25241,465,72.23587720354216
81949,17127,66.9995846292157
44249,43069,83.20104609233272
59131,34505,21.240713913287756
85155,29674,65.0778395898706
78242,26896,59.81161410923759
65866,9823,64.13017925985119
97945,46947,15.449838812978555
82098,15628,95.13577785460822
18751,39298,45.241584436671985
32399,46878,97.49436616631986
47712,11941,25.761659891424753
59094,12172,33.757599238563195
99097,22903,30.57458514412004
30590,30891,26.007900292821937
43643,27774,64.32424954186445
83568,19339,22.335532902854172
43944,36079,22.166946031956275
73996,40307,4.540288066267691
16959,22600,6.744534923012485
62610,49610,29.30705772906574
66072,21505,28.380197569771354
94045,5845,20.53344861669909
16349,36018,29.67776988649205
68045,17507,2.17023572355778
26030,28462,16.117491542150166
85156,43020,22.521369072353426
71729,43307,49.65723601896119
82627,19412,42.334463758111234
98949,29382,86.8204256785649
95760,19883,98.18999227169704
26737,10777,31.328677982560123
11770,660,97.74099130346059
90132,41377,70.68421538636282
3886,10366,25.976331746096584
68911,30670,68.6334269059896
43158,1025,27.070552877892705
90230,23919,47.26773906178742
55682,47785,82.75179906313608
86106,17934,6.296477834234134
49108,23765,21.954332112904062
3553,43104,39.724113032146064
57615,42672,68.56359783471558
77666,44571,43.23126683617651
97739,17676,54.00090447405003
95858,40885,53.64187746784846
92273,33190,17.745063977704316
40816,38755,45.270587195075464
15580,46256,84.25177173942483
89124,34781,20.960781229947116
53102,23128,48.07429350417989
14304,4988,80.58834717325708
75383,37421,86.03070153417775
22263,7886,14.50720450976393
3616,15542,62.401476681893804
87789,5559,60.585471277741604
47657,25091,42.08413421755049
98560,25530,76.92660962157714
70545,20765,67.88315960213745
39659,28537,83.00682302573948
12613,24142,42.55637686176782
20872,9186,40.86816418183157
44338,29694,89.40576202199897
60571,39777,42.425844771152775
7851,22230,96.68444494465432
40452,31284,44.16948116288721
64033,22840,20.894930824966924
25051,22955,52.74473369113657
88822,30722,91.12598617010605
93428,21347,21.7261165496586
48407,25764,58.99792537710268
29546,49170,96.55966052182667
18073,49473,64.15985383584572
74779,28583,54.65399467721249
67969,43446,82.77062171860746
8717,22547,21.884888530049118
75882,46147,26.737481756684595
64415,25869,35.647854424016785
87162,16933,38.969803999297106
78199,43342,60.67729535994069
8119,47965,2.5464412576688398
6452,12681,11.14862950634547
10291,40876,49.00322907132509
9290,13277,13.29255130469104
95209,40009,76.32038826967974
59378,32671,57.61008853376848
87102,13427,45.50196017406232
17983,31678,35.39535782148019
69539,42011,31.820243332461317
49969,30774,9.467851249211423
20150,4806,23.910195554784362
42936,32775,43.760073202016436
44454,20933,65.50287837773274
48888,24389,54.79733848273551
8137,3226,63.3662800467886
55398,19244,29.11731389056139
22357,32701,25.596794849267525
42916,48207,93.88749948032232
34965,49611,62.893027569182756
22661,9579,30.90580508786427
38789,10184,63.12149702515833
82527,46549,98.68754214710373
69832,22731,72.4907317799832
97344,35085,37.230766800535655
36149,14241,41.3956420438539
78567,1200,35.479838157124625
7945,3835,52.46390800983539
43741,36185,22.749564570287678
40260,1159,9.854578355863126
14499,40459,29.310731865864813
13125,11381,40.79800244247663
6221,41152,74.35913854265434
73180,42883,7.37998547060856
5328,24639,74.64531036353874
44119,26112,71.7177278182349
96300,16493,95.40138900800923
39041,46495,89.35030752365951
72890,40227,37.73403314425906
91589,37932,24.89236570276802
26528,34145,22.72744801600341
64986,22019,29.70254057340364
35427,16581,14.332738219654338
12818,497,50.64016140942316
97054,40089,82.02177011361044
88480,40349,81.32160144949034
43285,11415,21.444262090651115
97272,23049,68.05822083019429
12284,16955,97.35972650796802
45077,45258,66.32911470480181
71672,25746,82.22536197185572
69336,38464,61.82992321766034
88344,17232,48.926272934748084
58464,44891,82.07768484495442
98654,21207,46.86488667593555
75123,19630,63.536656004009366
30832,13203,12.123615652570425
94062,6421,25.77627085185598
61624,8366,91.92069077321841
98104,40576,31.735224750905346
96262,2707,51.53462700759755
49481,25987,86.7994782774934
62531,8562,91.37734244190018
36104,32165,50.932738681462745
33390,47804,42.301341310470505
13423,37373,36.97795540747335
16363,48837,49.46072224042762
79425,7415,55.53895707798628
48890,39277,1.8996734769047792
8447,34970,61.94209895221412
56367,4990,60.75921950777647
57103,33571,11.774972557069422
93025,14176,41.772163221629064
48452,38195,80.01323414592395
81440,6577,56.96985542449303
63527,41821,54.31333133367038
97472,6605,65.48816619189228
24419,33846,9.171645476613472
32895,2505,30.344071676770216
17147,38262,26.44362356840241
12717,20777,59.23151045648123
98972,5947,27.393964755777493
84018,27239,13.870591971158046
84106,38825,86.41445663089394
46664,48198,71.90170886919098
86485,12736,6.911749725251326
65795,46241,52.9169109648196
76983,42555,84.46210709878598
52781,29308,76.76218427896961
84538,37720,46.67259099708801
94633,33258,29.368984902787293
2619,35126,66.8749518638635
98442,47294,73.6828959969826
16930,35289,68.38138213631382
46074,35840,94.39145924623298
62652,39881,93.73194335797709
54183,5531,36.214933161690865
40600,28037,46.7505543542209
25929,2671,31.829812781709286
32771,38679,68.10124686756797
19885,6696,34.33766465434434
40099,11893,13.361746138144454
33821,9652,32.518506727975335
62629,27591,76.6498948851224
34779,40841,33.36013399310705
28182,14048,57.92728157976957
13743,30530,86.79056514903203
67418,39064,57.87192118963836
13040,19771,83.86170411500305
42436,36981,20.475969544395607
88932,1700,38.016057557695866
91567,42915,82.46185223017109
73926,38843,33.6243323517939
9680,32088,47.382889518957036
83965,26290,56.872695836789745
22217,31142,87.0171922816247
55768,35200,55.31654598491868
93959,29209,12.902918039092185
66368,5542,10.369932349332224
96418,32116,43.98602003355671
87482,4731,6.216387670375761
21761,25379,45.5415630080755
34885,42439,5.457936939326295
11916,42982,58.71501423433658
1357,32684,54.742102606634006
45424,43964,98.01786497073566
99972,38963,37.76193386605444
58183,31554,49.80404971689667
21370,10211,71.37043057959426
10617,7002,54.46604479021076
68068,8161,42.12781960425783
52400,17521,70.45725494425054
15723,16008,22.642502668642088
78281,43021,67.9388789843875
8760,22956,38.14208359460646
34916,15176,64.21829508438893
25322,11881,67.41900371681109
25024,30321,83.45648608000533
28493,18676,13.119117969395528
26932,46700,14.568380959975883
58844,24789,35.07999131939046
64161,41135,28.310466641514353
37390,31224,80.96525692135248
88963,18024,89.74718686684206
38706,24087,5.155084137982234
14755,35605,15.9124231228587
39053,18294,50.407867972652575
63140,20849,67.91866897223332
27713,28448,72.35470083820864
7326,18062,67.89488210872993
1041,48381,56.511872095899676
42697,15707,94.04808111711912
75809,35749,77.59209974216347
66789,5370,26.091640282457725
11049,3902,28.472555670075447
86839,30103,37.56745394856886
30289,34020,64.20339341356942
93747,11889,61.937724404929355
21286,48734,20.59941025999483
51531,21613,1.9554415956287503
56785,34190,92.51691030221232
34607,31448,81.94060617777068
96628,38569,74.76453740839774
27023,21424,42.40968352161772
95249,49061,9.679811959828083
18071,17341,77.50534572592322
51579,43728,42.462682311532184
47505,26573,95.19834727857591
89647,28951,59.17677539070858
23734,16926,22.05703918915337
9481,36710,79.82527432070725
5563,38523,15.631587507187696
58662,44606,25.92037197331985
8842,24709,23.191192722029882
3699,1333,6.401327036229681
80653,42091,84.57424145182665
75909,27167,55.06505925588773
31919,14586,82.69882348142447
83507,33348,46.12481039947601
94379,29062,53.95743635497701
77416,21746,14.81016430632221
67890,5701,54.796404619996146
88545,32619,7.368026001496374
99124,15169,23.939543712885758
53770,12957,68.76643550513384
12246,10977,82.88356865790152
28303,13236,44.86959935059821
92661,45816,27.490196254818933
66014,40715,17.16802085972526
61847,37518,75.8529391497869
88787,49532,20.126021573893578
56113,40470,84.14889490017686
90770,40267,93.04657552527094
22751,18881,20.60167978046939
51361,446,31.323847386662983
87184,41624,50.48842980719499
97505,25731,45.42642781067148
10735,27167,37.03685795893657
4120,8087,8.072329878844215
38432,12979,20.88272157383357
19864,39019,46.57238635713283
1560,1800,52.01801548121303
9319,24699,87.8783853504319
3111,1147,29.57763850830198
86371,19224,48.36587542559914
40869,21004,89.00318323374603
93780,13989,94.90931315461651
14884,11552,44.134947539195196
43979,12502,27.653971304381297
50833,11798,9.422006713422265
44709,16295,83.14331664305031
24403,5042,82.71092129061657
57559,2138,49.45206391931639
96671,49040,60.39651310661022
45881,2423,61.31987900858759
32641,589,42.5433983934052
33266,6505,88.99190804665085
62012,9963,31.180544801808708
8664,25352,14.28458870422336
94909,37665,57.73089920926862
17834,46500,88.56396674617571
92976,20936,23.730021856779427
73587,21093,90.34599863207666
26466,11739,33.871230198238955
58951,125,64.85573016130667
95984,2610,42.089851377038045
16273,1558,36.62784310613704
81804,10751,5.193645729629412
99707,8464,53.830232940126756
90340,22725,92.30258593350229
17608,15911,40.60633230186738
29910,36964,63.6134992304929
43656,40117,82.63337354242782
32802,25765,92.93891256886174
84810,4017,49.29671363725936
30064,41958,83.93292175166648
78050,14191,9.390539390072538
99878,49988,9.7377610843361
81635,29135,38.45283759188201
81407,18291,31.942533988970457
15609,38369,65.96373235519293
93775,41554,67.25217436594846
11298,3896,17.96283422692925
63828,16252,76.51809267260482
52880,8119,57.02755199646874
7834,15161,79.94743609907111
71065,20585,2.111253012479933
65600,24070,12.458694042511459
58837,35917,79.8266790390532
78900,13240,59.08857954420833
11162,26940,82.21910503640663
37085,19820,14.548413833310963
62575,17413,27.5623204382465
69043,17000,68.63434491583031
87102,41893,69.02844676429591
14402,26144,1.462070574930511
5783,31521,35.8956891653183
90667,17338,45.652873562936534
25417,14644,19.638207497737003
98623,6818,96.0198144726524
95632,35796,75.86235047264374
9317,42213,33.31317872346239
98059,712,28.98317621271878
56932,8929,13.177079767167413
8966,38092,9.816515893942174
58675,45280,40.59992589422949
87733,12780,47.76290964129416
85180,31140,96.41462774387763
59784,2073,92.4982014359715
97095,29661,64.40217748263981
86179,24841,80.2637233375956
54369,10725,67.68722114405917
85326,29560,65.32205720551846
44355,2598,25.180349147857406
88358,544,25.036721689212957
81720,42126,62.19160351251851
38298,19103,66.81524067266504
1425,40928,4.570541099257458
91106,49628,74.22463821624247
88627,40101,34.755934850162696
35868,13259,51.18600899455025
54322,36489,91.6882610219245
40848,23468,77.16350911188938
12946,10324,66.49799950728892
11799,38644,40.24085027732989
96318,15921,32.81151508136439
50400,1496,86.27485612623147
62339,23935,9.433954824212229
44537,12487,39.475322677164385
58578,42126,38.01003887030221
26252,10283,16.182613948430465
89258,19993,3.9289138397229486
73694,33469,25.96882630014796
23444,14324,75.1035225355134
91515,16004,88.6924253830241
23335,17824,96.4011754849972
75555,43032,5.98135171373302
87015,6386,83.36093550540416
54266,24616,9.76665953827209
85642,16011,15.51873372425699
87869,46386,90.60877247166687
28884,4325,26.209888969923263
53575,49462,68.26028905860618
94901,41207,65.48999922646001
67372,9604,63.616880958972544
97961,32221,9.768013371907482
39989,47457,20.021676293643736
7852,11242,22.88650369020841
41770,22780,52.04053937892936
64126,5806,46.72386311957825
56141,48307,21.03317814311044
59623,17563,40.1775706623085
82728,38127,81.00705644542798
71717,28578,41.813110608860576
18249,7018,8.818385565737751
71337,34937,18.305661847452406
26595,49742,4.760007619395965
99653,21589,16.341750140879377
98771,34493,43.76767336697204
53821,45743,21.085356117176623
27205,37286,35.36092882545335
12960,22160,62.46897064434859
67086,36805,8.602477506370118
53325,10616,86.26175178528723
29545,34005,68.37808531396414
47831,15511,3.627348691929434
92676,7608,56.02689358028715
33898,40262,2.062692696379745
10765,11203,65.03920960565486
75589,47925,44.05429204888749
84915,34778,27.06501511811081
14748,36235,3.229647160191849
37223,32409,20.504659120835466
3596,17406,5.356916924474345
20677,29473,78.5824053329039
67412,34624,31.60412789431438
37490,38608,52.54053035591846
10204,19503,11.328306748754343
87496,47447,64.5790401532756
12677,18131,74.08155521471747
96807,35405,85.35549264460809
91741,21002,98.95640403553709
33767,653,68.35991996718224
63380,38552,94.73149162715937
53190,7872,46.302284659526386
76222,29224,92.63438102296689
1264,15660,93.62575571805493
46086,11676,43.93342284673028
30227,1232,44.325995692108364
26697,13263,86.65599187317687
74132,33924,13.095567215889808
76853,22654,63.98894565790096
17853,38484,85.99300279858159
13423,23888,14.997638327524042
23080,30557,63.036911601671626
12328,47407,28.899378037459286
15944,12940,81.83785558113951
67880,16735,1.2151031731456952
97244,18885,31.50083520061461
57625,23344,20.726433789673173
73212,20361,17.196484308683484
90479,47363,53.287131163634655
28858,13103,88.61616374146116
91458,29058,86.87008004005044
19619,39846,28.51557677287634
8655,36113,55.948094251917055
57021,23717,75.19497012676055
88986,20612,19.359054980689912
81669,48383,1.1814859806816587
12123,13390,7.441949148716432
50242,35136,63.880656647585674
35504,39286,9.26619547159681
37112,34576,11.83681823430289
56244,1140,27.981825095460923
35207,2724,14.38668621900421
90026,867,37.6577370020994
41657,1014,67.93513039210323
77199,36084,26.926253115962187
39092,14064,17.318285109081554
14288,40195,2.2611581278982475
63352,46117,45.502273357240654
95961,36682,14.787711481470698
30055,9144,40.92958169610728
1878,3000,57.63902712439296
71435,5236,10.292909648368795
73381,3028,75.34759105781357
64986,18373,93.7705988091108
92949,27782,97.06202687433918
49854,25628,6.204375169279848
26446,31381,9.126023411967527
67040,1245,18.06486760247191
55442,16046,12.571327673817995
1961,6081,73.85379461206483
43520,20135,35.40563704399758
43196,2425,82.28728451657882
46176,45380,48.49000492612062
8161,14530,73.64925556699671
86315,24674,7.067179539450034
97855,13961,17.51007747450634
62753,46963,5.034679264749225
95892,1409,37.51128031890551
41826,35199,24.991134420818042
90130,30297,64.659429774572
6186,15930,16.473430648450922
6666,20756,39.55233694037004
34509,38895,48.997965143994136
19508,9367,30.18688220688044
80153,1217,3.591052875358825
79159,10702,11.301337798236371
99231,15625,36.55610647521836
41706,13935,58.81675474001858
84670,4374,16.38806361357534
46598,4174,36.55927822090503
59124,269,68.51245924149003
8496,24477,59.661802818229106
53814,22661,27.15260296272322
35167,28707,5.416139371003694
68644,20641,2.4929120022750606
78133,5669,73.4124389484634
13863,21161,49.83065489983291
95703,46447,49.47133958369915
83893,282,76.85136319450841
61907,44439,4.762570992072957
19464,13372,84.15372577354086
13193,26416,58.931549811421775
32773,40565,43.67817116193281
84024,45996,81.82121233871088
64960,38652,4.69718509107147
24816,9340,53.006695114416644
24795,23870,27.799046117937444
20004,7113,18.937046626168303
72073,45039,7.043973767361592
65284,39250,8.956346321716172
69714,45765,6.896478144109313
47407,6042,54.04133898974289
76917,6224,80.7016319458891
45691,42520,33.02770674310261
62233,36529,87.92233060730176
55650,17177,58.68264545507977
79745,16302,30.8230294134413
16483,14648,83.51867914932768
9443,14929,59.411272764917996
29636,41523,56.17337855944965
88258,40645,48.40090357611973
65893,14485,71.64032001196409
10943,18550,36.52875045527406
7108,32543,65.01333143698128
48926,43578,10.235182843742393
52882,36865,72.19969466903221
11190,10713,24.740318364324512
96416,44229,58.515014560915006
51813,45623,8.948666720698574
63578,21216,46.10913557908535
46189,28636,80.97428699057856
7290,26339,74.74361569439404
91617,25169,52.53106251042912
50408,34608,45.66804871946577
57686,3491,22.8836617885985
34743,46502,45.32851493116955
8911,34033,33.49798745637209
73329,32125,5.560707270217275
11908,14026,24.890683582343037
10183,27601,61.95417861422996
4289,36439,45.9904204555248
80613,6609,3.664416231766981
63288,18392,10.61426192881306
78989,43645,20.368241885237687
86504,24121,29.28884553827926
29288,11988,87.15251909996958
46363,31871,43.473518666352504
45546,25384,47.73040393856587
20681,4855,42.554733950194475
58281,4473,83.83175043149956
23538,19754,8.28660012050872
9418,47953,32.17285747335126
9175,18986,16.655443738759445
5615,38223,87.7237450161876
71598,29713,9.807143254717037
20767,12890,85.13762757335245
97817,32934,71.25688273089085
62075,30323,27.64073996886457
99155,194,56.947508885959415
47286,22842,62.19701547259747
71480,17037,63.94654734415422
69674,10101,22.349328778245365
93784,4552,69.5965824930916
73285,46437,63.77558859985212
64123,46692,3.0936131852195103
8715,46150,74.84355516460745
66609,38373,94.0728083504285
28151,29037,72.19493218406049
37784,24563,37.96183059849799
17856,36915,98.45159948894127
17067,48558,17.850489442995354
92755,25413,5.348234871716465
7782,40432,40.049671793698366
3246,42132,84.75841771617223
85506,33853,15.927756609424877
98997,31273,86.00626004097502
87371,48734,22.428979766421275
66474,3280,88.92984100012121
96437,46386,6.02135305825429
78830,2558,47.05758900410173
29955,13360,80.4405288810282
40641,1564,92.16034664669415
29778,32889,9.382358815006565
50302,7403,60.157509186995064
8659,21844,44.16127707105508
31362,32770,6.217343766382901
76248,49708,71.90417326065064
57379,7697,46.587596375430685
70570,8411,59.23703403592611
75644,1651,39.117153487852995
46443,47985,91.82781462153659
1500,26053,42.71716598129397
45604,43183,44.01278588018688
96196,27088,5.519641982491015
69067,17429,78.95256578576395
22197,36436,13.854628275520131
16776,26035,71.81875631224824
31309,42627,42.2135330365216
22644,45497,2.2971743260497357
20959,14762,93.74655136489491
73932,47799,68.37189862247419
70236,23073,80.56014927441299
72077,13879,11.543984426925835
44154,37663,7.450572014353095
40363,18692,60.563187755765654
3290,11677,54.4411295402875
46683,37981,29.480632009033588
91034,44939,15.300279813624021
26847,17361,33.60111076073175
40114,31900,44.23821770697547
26897,24742,56.241472861372564
84763,5104,63.40296658181281
90693,20058,66.9848055958512
39458,7408,26.13312094159785
59448,43731,75.54731519175397
90932,38461,45.54742713215945
99200,38702,88.10943182767559
14316,37754,32.73254494239147
45651,35489,81.64589475799279
65715,24438,46.402101575735166
37111,32630,41.152046390925236
76736,22427,46.73808337714104
27963,49092,97.66778243294476
93677,18177,4.3573179776856845
96424,15196,12.27647244704731
61360,27322,46.74960561350706
61766,48404,97.72771282627674
14096,47515,68.19877981655534
4194,36316,16.004319729575904
13960,33180,38.968531564890775
28266,11021,13.665618923395442
39685,23444,51.858742164374405
27462,27704,14.302952123147149
54250,47071,9.115929370248438
77432,6899,17.577493677981565
2015,20467,89.33303623060273
49774,24734,4.387205222069695
9254,1622,62.776402364246124
45693,5698,8.566730526298858
21390,12687,78.64149710564412
77079,3912,32.363295684616574
71024,40298,32.979488890977294
47806,12962,20.41613163530359
28986,17246,70.69322262676845
46792,29302,95.89157511668549
22264,5591,10.973728300196447
12122,27924,43.834176974641075
46950,10340,63.608568765130066
65097,16999,40.405425758089905
25683,38716,90.11076298533578
62215,38978,27.57623622548611
59389,28137,23.26669548480133
87040,48251,86.85554806961562
40338,40027,33.87815559501593
70874,15448,2.131080341711691
90769,29939,52.591149160404676
40212,3704,70.19778450872289
98924,35595,3.90055502947519
27151,47121,21.55470596768824
73871,33613,49.57545602815099
17065,37826,21.539347513086774
69551,8424,66.27674657122039
36804,2907,22.672193954094233
48719,32271,50.42725698288038
33714,39181,27.894082028208004
97784,44310,94.23402722779898
62844,14123,22.69321221097543
10577,15857,51.925030120568834
19306,13228,95.68088307909349
79941,33225,85.61600425122853
2775,443,11.223632657200314
84163,6832,32.149262257428546
77591,15675,71.88454993108624
88433,35649,3.086790712544509
73394,29941,12.40471943885653
50123,30712,68.39863824942132
72052,26487,77.31052844611307
9418,12604,8.386332794968588
23767,10222,30.01725193533111
93853,28570,46.223522778790546
76586,40432,96.27233057960551
68964,10293,54.49079398726267
27573,11602,88.39224442748827
57061,1447,63.284854123278635
8607,25049,30.673757926433012
72211,44633,69.03110468255512
34223,49731,64.7110876836633
81326,40030,30.117809067198007
19415,49029,35.37781791766279
40604,42568,2.739809641915971
20305,46529,27.71014708821464
56445,31340,44.36423299213702
2155,13836,44.77413303093393
63737,1911,34.95498735640268
30231,43318,61.47375042631734
19666,42283,88.01458966606948
90050,41738,80.73915336875004
48974,35534,32.865042313192234
53749,46854,90.00527051129392
82690,44019,47.841879716034924
93878,16321,48.08926833271123
60097,7500,17.931991357828792
46472,41388,50.80201977636795
55032,2693,23.531964216440997
76655,38860,97.56245433317463
93499,13319,10.116080373440239
66651,24021,49.123561979542345
67497,17351,59.64576983208024
17596,31374,83.18526773848536
84785,27018,98.43279795731314
11545,31165,42.13136278609963
67922,48639,53.655368636384
5773,16779,60.949629148304844
72418,46637,24.095655527784736
71708,25719,69.49846287145265
80444,38408,50.98452825157392
99130,21959,73.51310575818441
62803,18651,70.23153101748485
40232,11333,97.24510112581113
17582,23341,98.75039939489473
42136,44771,29.68546177986443
82545,37655,28.666759848990534
28879,11979,59.99261228645092
85002,3257,57.76900356047577
20222,18569,12.899466355128517
31914,6058,14.961313122149692
66775,47657,78.83953511270454
18275,49102,34.22484393210572
55746,47573,20.539939426969784
70380,44060,10.952165573446319
34282,27628,3.228607918572548
27573,5024,57.17776005080563
62738,24115,74.89854477916066
20420,27684,29.413458359127276
73631,29237,10.991927786086617
54138,22391,58.23781303501302
68746,914,88.61521549156694
97679,17608,28.23468938527276
93085,30250,21.803005158027165
81664,44248,69.97766868958242
87063,34637,89.87272959253146
52047,5305,65.22155584907654
15042,27560,88.98964941372797
57065,8650,95.69056440938867
59743,39605,75.32962983253776
22808,28677,30.222563498556816
30833,10184,95.58967992490206
61390,19266,62.582426944506
15930,11259,3.15673044218639
46844,34254,49.325049686925105
79884,24718,49.81085945213405
86719,26854,46.76243663913448
27266,42444,11.400525455964319
77163,11877,96.58021722622931
6788,11152,64.7128874520914
35938,29531,76.21165490964276
1065,5128,65.25055877887569
28988,23603,63.64241265204084
21305,43695,70.69631347093376
86307,15910,78.33406402011575
8013,32706,12.761946425007206
21841,30278,50.11324297112583
26444,25528,79.34560706088322
39370,41669,55.5015000719679
44176,41689,53.81831875550719
40244,16671,12.87751397702803
80960,39058,56.9327259179777
79229,42003,63.74209917377884
20308,42308,39.12974364718459
7330,31635,8.23863920206832
22420,2653,36.47435616404551
13461,6256,39.78705774216836
98418,18502,85.09321524304379
9563,8887,89.19059172426284
5978,24671,73.30203788113175
71233,25809,25.372278852937278
14813,8021,8.130280137630669
57905,2179,27.705569055563284
12746,14511,83.90351775618805
63412,30615,42.6466823975532
29322,42572,89.49621362426807
3181,27029,16.62515212201977
68037,28875,17.916868872944445
35848,36550,94.66047133710896
11387,47208,62.65261725455556
24925,37772,98.1179006736065
55644,8596,88.15335921396711
74182,26783,85.62931162784665
5431,14219,94.47477857915233
74863,5443,73.10079639105085
35458,31124,43.64484076599433
68899,14063,32.07319267363118
61261,14489,64.76388791054556
79818,29950,28.583058248389033
92041,36595,56.73516590528322
29828,29713,60.96445932808146
22312,25760,20.622386406834444
98180,20754,66.34214777389768
80226,49717,42.18889379553603
30847,36380,62.43073503070687
43935,614,42.795506460766966
21059,25861,48.319338326266845
37412,33255,69.13931336983842
11740,20994,69.65841649893123
95998,4826,6.415082974065099
63158,11554,18.402564254689242
24138,9496,19.42149280166212
39666,441,16.607258192381586
75198,26555,73.60819267151777
32294,6707,31.40707013091401
18477,44275,64.40708712509414
22304,47207,6.3722928736779085
2687,6664,8.456045022759788
27243,20382,2.910352191886585
37133,34972,98.52281940849736
53283,31967,76.84666466742392
31456,28707,90.78959751666451
94433,26435,18.18528014955523
61286,29899,79.45694220899186
74967,16928,37.029534175887974
6704,38279,84.28007870774103
98592,47153,10.744115354710232
51643,30055,19.46217619389428
66307,29076,34.73290525235022
19345,14352,61.72680002849234
10760,37249,37.28072858928916
29942,26725,41.64850740354542
38383,44811,42.45433600444754
81974,44559,73.22132444984176
19839,19907,50.47357014200192
68479,41179,51.34283202132936
42936,459,57.84573038960829
33855,30845,30.25428803932423
81716,23417,86.35054438411898
99534,4860,67.20710109883044
22915,4379,42.985178186310435
31119,16212,84.5352979304484
67260,28057,9.003437760765575
20051,21164,5.380880862911126
35502,11500,56.212834879965854
24492,42937,62.31032464090486
40800,21676,45.06694779887845
38635,615,15.045248698458298
58433,3674,7.822563977783375
73151,1411,91.71972463814407
89426,49019,47.48218837936323
84707,14334,58.35261375897535
71391,28528,6.772044723046186
75873,15353,90.43311117293688
42006,35409,21.063030158147676
89696,32068,18.865871360272514
12073,9544,47.430899041375035
88022,41761,14.115353872654818
79206,8452,91.92376020580123
88625,20993,4.516271874684893
72047,1844,15.101016080538376
60757,5584,20.655200874354556
73059,4024,76.880683197423
3907,29600,54.90800156069099
59656,31350,94.38230968170194
27699,5541,61.70754118876313
20462,26611,12.248988243852788
65531,10299,18.323015302475376
3221,5692,50.32871756282671
14737,8706,19.22274073605183
94930,33877,74.56646204726496
37096,12775,81.1333470965226
58970,23163,75.16384943494809
49992,47846,59.646985563202875
46066,28764,75.2311607008173
86533,443,29.08644169637784
12960,48897,91.30437817340535
23057,39762,34.300218276966895
43984,21854,18.688459716178393
28872,13627,49.64248102894715
68963,40429,5.4493888372392
57138,36430,24.027220482454794
58419,19951,14.646459295449661
32730,6050,77.87404917915042
68367,2302,14.080897562950375
25198,21859,80.38976823312825
33524,174,67.37633185379936
21740,34789,8.627582635974935
19881,37203,42.48814862515574
8597,24988,13.228782061085159
19265,23067,79.24562022072917
26541,10492,25.98166155449466
40308,41244,64.18394245210581
48109,35618,57.48691467124278
90431,5250,89.24414724131952
16105,3104,54.34061236918271
23436,46794,17.679959497046962
95925,37344,27.114398148100726
56278,42556,41.317632359702785
91554,3103,11.374860369917759
17378,21394,76.699475893229
41931,6468,6.871643204597815
97386,18253,61.38646966095186
75175,25616,18.431036548122446
8700,13386,26.61779469305053
93242,16449,90.50677659412695
91849,12528,82.61791251217942
26998,4472,49.38885493899842
97388,7940,27.790077980952503
73349,2421,83.01364140580692
4750,46865,91.09440171615344
87376,21681,21.66526377405161
19635,5051,15.429439659690843
64717,24326,43.98202549156297
2386,8994,93.22562847345193
34732,35715,12.825897999555588
7397,9334,57.79276149322222
11909,5357,60.70489696319403
22791,37907,60.800936525876814
64844,48790,33.562983735507245
15169,6263,14.660504318717301
52717,3559,17.51315011773165
20126,1802,91.1853392675997
58161,47577,31.05907420580192
56655,5614,92.0241659688997
17918,30708,37.6302578802805
46938,29775,61.59565710344643
20312,12158,57.10609968242593
64373,47068,92.10340257427754
42566,36213,3.603273486356003
43815,5218,30.26840040801413
96463,22549,49.65749103410054
12969,36961,18.3239576086691
80513,49718,8.896369968949049
46732,17413,52.45876577706331
5563,3912,24.363440697546032
44378,3927,50.46815419164782
17485,42977,69.70892229315393
10140,24739,44.72142144462188
69067,4296,7.079728297620215
22216,30590,62.66785171507315
46046,10404,35.21438036490786
99442,45170,82.92419384210032
42988,35557,13.923662311488494
65501,44033,37.05806386315211
42605,9555,33.23693411186993
32475,41442,75.640309620198
87800,46501,22.268057899185127
13082,49544,16.30058112780487
21245,38809,46.399696751446406
94302,44142,23.59144510258712
99001,14790,5.433190548651813
54548,23188,71.05162120973324
6055,7044,13.802789141516572
5035,23193,66.45881456105212
76148,13196,72.10127686189612
6918,23624,64.92806719752417
63947,21950,4.001906236241517
14209,27847,84.65523548412679
23450,7078,49.3374714580432
12177,10729,26.711624306872626
65950,17407,3.9843447422831852
94336,19756,51.88582142802739
90006,43258,81.908911577074
70541,22489,23.696049624485234
31469,38111,66.86797410635207
26024,17499,50.21268129592001
96399,35343,74.25064529736729
94166,23703,96.24303738977598
94688,26881,87.72238085669028
20316,21791,30.855307428418442
8157,44377,62.06898824168191
87534,2790,58.3490712599046
79247,35362,96.23166441178202
86553,48583,7.113451610272989
40853,26999,17.144544752710985
16940,10078,3.2904748602044496
81332,32283,63.78026170176744
53568,21980,5.545170695963338
7586,15952,3.4982546376900903
72470,47516,65.12869157113185
88839,13546,38.220048747946386
87226,31971,92.13191208271796
70051,49541,90.06104650446227
76009,12543,37.98477349126419
61371,35833,20.17874718348618
4566,16004,26.435708581810594
67958,47516,82.00731403713101
25880,5631,86.265035317357
5824,40049,61.49088537311358
45903,17954,74.03756462606073
7756,31851,21.696294399901674
42955,28014,97.94603966179312
62660,12356,69.31570077194105
46373,22833,18.457092035295247
84936,3951,82.61310466803624
46447,4075,47.36402973788354
47916,4695,10.120711045599673
28813,37256,34.18870357185147
38124,45086,37.179244918185375
61117,48871,31.93065310640381
12986,19211,59.929278955566666
50618,8616,92.96801680567822
6621,31267,67.37023626874043
6158,24090,98.93877253841856
53876,43036,1.506541282677035
51055,35269,96.44679256642108
83098,14482,2.1061958672659244
95449,13407,4.448233050831869
79825,42747,97.13612755994767
92036,4141,23.901879288281823
82163,34897,79.7538874410182
73554,22636,69.02979953648402
12221,48586,14.174086807065505
66133,13394,15.682498092272404
60345,20374,58.356730397558024
92590,38408,48.805365818572376
7453,35626,11.331015217889544
31491,13244,79.87455353306571
20207,8873,82.92203587522337
28195,2359,83.56893319810766
57891,3903,93.74576708133455
13871,31967,94.71670466954541
95926,164,11.049101916721817
47128,6749,37.02701860125523
75000,19627,46.95384068939521
13687,20787,73.67809480352122
62220,11939,45.91616745138739
86574,37157,42.42208330664399
34777,36946,88.2143857963643
63647,34812,88.6827011492339
87280,38199,76.6436721719981
15414,38066,60.44262306140836
67162,8202,86.4191240344323
72117,32963,95.47610013025874
88369,45414,87.03257281697626
5673,27867,7.971810693071208
39988,18922,61.015343784173595
52150,39983,8.451584947229193
70273,23167,75.0665954807615
93223,16782,13.669289425511533
1741,45762,76.7890472853586
16591,9934,2.3077043152716796
89992,40190,25.49219837286007
16289,26082,75.00119731583302
69594,33213,5.4995593016151565
11863,45784,77.17973032469857
32498,7896,49.973527585446796
8965,18683,78.17609517370286
13860,12163,27.097391371497903
66746,30188,30.442223819329715
63189,28154,51.12879822134354
98631,29154,73.52767440656528
60097,7286,83.69858090759189
79992,31023,36.416162485462586
23656,6723,14.404984556202333
40864,42654,5.391181972312371
10822,18628,58.11963053080412
10303,43887,2.360268958359508
10016,24930,28.78156935712978
20467,35299,57.459199064207134
76893,1028,71.9697526450414
63094,41120,8.756410216838518
25493,29703,32.004739733467275
66047,29445,20.62844606524358
66455,38938,40.46098446533781
10080,17064,62.89520360546151
77112,26548,20.19383064491887
94906,44253,10.829786538837674
97483,9632,83.73407842330556
88485,27687,70.64714063247028
8881,23789,6.853808672665636
38060,1491,67.4846682447217
99609,35275,12.729395032965874
69174,34222,80.88873828570354
30455,3427,23.963820207425815
99168,31116,51.67630951127145
41307,10618,39.70806574676224
56085,24707,66.62330696567743
51798,40228,94.63144992208717
72387,10140,6.193756384001832
72722,37721,69.31303470292409
48788,31987,59.44936113643019
60576,16615,1.070088858051616
46482,19054,34.067185050745465
81075,31701,98.66372824297952
70100,524,70.20352002759084
94145,2489,78.46552109148836
74134,26685,96.57173176130948
92350,41610,9.18095668340387
85119,48931,49.04285983541391
88785,15755,34.24070510792012
60147,30325,38.41073142630002
99730,45734,92.6595429204799
62351,35774,29.76595395503972
57646,37207,63.310780005770525
82365,738,31.82528409942616
79642,38654,29.92546269896064
77589,49823,74.95483120844561
86504,28849,53.1328885100101
81954,33280,37.89228331423288
65148,17885,51.569201896788336
72485,14402,28.099515292999268
21278,21133,43.29466573209897
60424,44434,89.28376561462636
44255,34590,10.058827892968578
26083,33617,17.951467386202573
3481,9870,74.54266461797974
49709,49952,35.34645910176735
76529,36828,20.413296268560288
46143,24377,23.99058669475267
98688,38164,13.645512617889649
84873,5921,60.19543509433486
62891,29764,40.60349482532057
18138,12052,48.69518484008108
94068,39162,46.601179470222036
42547,30414,14.426060116448522
44206,32903,22.34046438324427
68601,26544,53.73478236386472
70101,34437,54.63800879024364
72526,26843,8.576436561979172
90582,11472,48.22394424058358
72873,34461,53.717772894579205
27414,16666,96.6091484569659
25291,49812,79.0721527119859
31164,33710,20.18369131000495
18955,16040,79.36286011810778
61107,47397,46.45700963736819
74831,38961,92.82311239872605
51333,35713,85.15730297254457
24228,41171,75.98354503898763
9620,10902,86.25255887389105
47913,6431,48.933782333765855
13640,22599,22.919266832547283
87728,573,17.70894775421618
86351,12325,94.12926517843133
54458,21774,20.857696562968755
10948,25009,10.600739990946202
35629,12749,23.82897439572875
64584,31608,27.296801219811258
81050,22919,6.05806245028784
5450,27894,50.02313536592093
89646,20167,49.97991437339911
3221,42700,21.523387743928442
95944,16542,57.38797532537457
7158,10148,16.742146029048364
79968,48178,25.94390611893655
58360,7368,12.466457699837978
67151,21263,84.72735279117731
67903,16128,87.6941711047692
55731,17906,60.9784491784041
80809,42416,95.241338722913
49720,18396,48.047236554886474
89143,30270,28.748237646774538
95282,15295,39.67603618892336
19741,49272,50.87941562281638
3123,20250,95.31689795363295
57723,41615,9.073530289563397
78037,24898,5.250604888061741
62481,3483,11.82978371942699
36624,15893,42.36798721419002
18400,17045,8.010487488978946
96751,10317,64.59922202801883
2028,32968,78.26086914770808
64669,31442,73.87820017620766
31984,15874,88.65815752345037
2525,28333,94.93658348463313
71990,35438,92.31004559113092
33353,13202,20.8276770129611
44046,21771,96.49740704175643
51962,37027,15.646782366583729
94538,41267,15.680495272432092
26689,45569,71.42103134183692
30918,5236,89.38349978750068
26861,2723,35.11967176078387
39905,40738,33.93799795834593
22165,4711,56.70838225548918
49294,1378,45.5938204196567
66858,38685,96.68291077552436
59644,37417,2.652141745226926
95579,12233,86.7582452431153
79063,16001,62.56593074247845
75733,31889,78.3578150886527
3922,15297,56.63380254039959
80850,4613,69.33511823084844
52212,7770,3.6627246642563946
59554,24049,34.10978096093401
22417,45186,71.7057276230928
2351,33622,72.16787316075649
53135,16433,12.059277927144358
94213,47061,38.10644508067319
42813,29016,9.720396133199223
98315,25866,20.572131155637656
63596,28516,69.77580008825304
62139,40584,33.53063932510108
94668,3423,65.43613136943834
55073,17519,54.93989013948803
36219,11134,60.254637810722585
54510,41839,90.04360350060415
96134,22891,65.87463774961086
54702,45443,10.990000442867398
66010,10785,84.48323260073134
29469,43916,38.3844943195241
15886,35488,43.075411595381105
19344,15578,36.7241545057401
73602,26552,1.0760867752172403
14552,21056,37.762712144821144
67351,44530,3.2329268782129894
10369,39762,1.6033603621436292
36883,6838,81.98108099531771
74826,28466,40.79416743848066
98457,26407,34.34420533153313
2965,25065,63.93901438887784
92518,17558,82.03674143630019
18447,19570,33.0650801774477
31173,37612,13.290822794556412
87937,11412,96.05242874181845
90773,36815,18.122881683094718
78311,4756,22.909968961822173
60898,18391,92.02841474660377
95354,44399,72.38525552260398
46089,23143,81.7907456390799
9758,28854,95.58816896836302
36848,5375,88.51767712452568
78346,47397,80.62540597523108
84091,26344,92.19679642625493
59126,34296,5.224176530565485
19644,12851,15.727510813688179
79540,13176,57.778347771017955
37213,45262,9.557570166578758
32166,47500,64.00976047502596
56391,18940,49.02965922850791
45461,26544,4.1777074118184885
17455,22623,5.877640395105216
12791,39788,69.54101886215363
6781,3274,10.901154524613561
62371,35735,52.28679472333968
66290,21476,35.085079497990954
57536,6819,70.6925612073931
18982,41448,64.26717269919297
25718,2456,32.703114413090276
43686,35174,2.8975383023374492
48033,35556,84.98459050717018
86891,45876,59.054255986203856
63871,28967,93.15656640867007
77942,4422,7.031867654563182
7211,1671,23.584215697384284
85726,4651,41.19251538650009
95122,46753,76.29556434016199
61610,35666,26.599497204068165
4619,43025,97.65009246966328
34822,47521,14.692445314218363
72206,15299,30.161459180978955
88232,29030,24.448339867800456
19910,39011,47.885005640349874
33232,12535,28.948662342533666
64064,25350,83.36106729185603
29617,36746,98.19737143636667
97596,44071,86.59362520565172
9531,14367,86.0547321610979
69236,16803,83.4126037549285
28065,48681,94.8401579216523
90403,9548,24.186617188365386
31510,23159,75.86364309660311
96400,18743,51.810519588919405
99641,1583,32.43920072980309
52096,44202,14.570189544586338
23300,9593,93.47683718174444
95001,14337,83.39609465189962
83368,11157,31.886953192280764
46688,20478,21.026796236596184
15437,49529,73.2610425354638
69041,4226,80.77325489826345
35853,31885,57.05238611380603
65313,35045,1.343752268553325
92325,570,68.49819270629239
77230,42107,9.745329283001821
26245,692,39.386707662402486
88258,31664,81.41873076602096
32667,32838,96.71726130804605
98733,8943,10.157820279475409
69330,4501,39.54591493968698
3995,33036,75.33529342294422
9296,29906,7.901732129302373
45479,8795,59.40519503216986
71847,33016,50.62879037498418
54940,46149,10.766333075389799
32214,12715,18.746584518346182
68899,7356,33.02965196691301
99699,13276,28.168519712285647
52676,28424,70.19630234697885
78267,33098,65.53850457895335
14562,5861,79.68598885362051
76731,48138,80.40941303341044
79001,29131,1.312923475659746
50007,34227,45.44701925954186
44664,5445,92.01619946969618
21824,26914,34.99874932707186
50817,3989,2.8617801883511813
27947,20429,76.59675873719951
76889,45486,90.85119203382844
21384,22112,49.62847993040704
31087,24507,9.327775444709026
51183,5275,32.386271286750784
19360,5373,59.04035765623884
90288,2022,48.010260952353775
38782,33385,98.9595330211435
87235,30423,15.099112968796135
20586,44724,13.641859068247284
69355,23569,36.0904937011633
85490,47866,47.04831484026597
93080,10066,46.592790625361125
56414,16241,83.40777979680614
25872,11058,4.603499064952022
84496,19631,7.2483568816986645
12769,14837,80.66263995305859
77810,2495,67.27659047497474
27491,45765,68.9656856711919
64665,30184,24.32188351736982
26069,6951,83.8697683644041
84613,8437,31.739508392408393
54881,48916,18.289946136618926
34341,11856,66.20752747399249
58960,27009,43.73379624946871
98851,34738,1.3172614649161285
41658,1038,62.129919217958175
43747,40778,66.11882515144487
26225,45837,69.82691300083808
47472,40969,33.11030319999065
25309,6954,44.92767851739215
43424,36993,79.31659384307778
12354,1347,65.92380901775546
30091,23409,53.51282941226545
38634,37164,14.011243379798698
73634,17055,73.68601381202384
10339,45155,76.18640698998331
26237,35316,93.28499270801002
96521,107,32.301925583215024
4724,47645,33.96835876853489
51784,21778,60.64179824346069
75511,48761,50.41872700470817
32631,13476,35.70826188029949
69288,47076,70.4497380067273
63005,10524,83.33085923964046
91488,18223,12.23054654276281
25609,20636,58.82134495676223
38719,15336,8.067008465101969
6340,18419,70.28694990683687
58727,20610,49.99685992266487
42171,23447,6.394120940509778
31819,17913,33.709947569812684
95363,49195,35.73608736243749
8840,14802,88.88767257805851
85309,45409,60.684557949118975
77678,6635,88.17242116322127
78744,38062,87.09650341970683
2172,18937,69.02622876267911
31974,4240,15.850369434002541
11234,5881,11.802477852712947
6583,22536,8.13348090992054
27313,35629,28.628853899333144
49406,6673,62.471590774419084
68985,11350,73.47590682968521
54730,41082,59.091235593561635
29838,38686,79.44550984488043
71177,2735,40.414728423089784
15353,3437,53.01509131191286
64705,49668,20.90309255999911
88983,44461,17.430355344688994
43087,35266,1.6027724954673725
13115,13892,76.81995235475203
69432,21807,93.25539069058473
89808,20442,18.702042490059224
55149,38404,46.797427490180866
34278,33077,54.69578334877692
35684,42637,53.65829527294252
49453,6309,27.408179207988297
90497,10004,63.74030720477127
52047,13905,20.165177584018608
54999,32972,48.59504634662247
43328,48876,40.898699687615846
21026,44091,70.70708072622784
65855,20025,42.791450512758644
54346,3025,24.75976358214909
93895,31726,53.77061740511231
65759,11957,61.29846626475523
40503,27396,22.023748159835502
60569,11824,19.38226940329423
25701,17082,50.66866406495332
24018,47784,32.604994024655056
74363,40630,55.119507061987676
5936,20120,36.03760784975971
25344,13306,57.16358646764479
54730,39677,12.285411896502431
21720,45646,22.779227244886698
68830,34936,73.36598433043531
32058,11234,53.04272200694469
95561,40980,93.37461111797082
76787,41213,67.13836266164685
12862,19773,6.834960192800907
30048,36592,60.612227182591155
66192,30380,30.711452597976848
84596,10308,13.759427389541136
17126,34856,31.765018216203003
46136,4471,69.3699450549299
70446,39431,63.638838884337304
18752,15707,42.028022746344476
63634,32956,20.98416545010854
55380,3556,68.58332275541835
73432,24146,54.59389335817847
69323,45786,36.21056408354974
31817,6261,8.553765799448058
34044,35014,94.5206713664239
9176,2431,92.71176442124357
51466,7956,13.080139459236207
15405,43980,26.015890114308327
14157,49542,84.05223050830888
77396,30458,41.162453863150546
39516,13628,50.50435647864693
6391,10221,48.322813500809666
31131,28729,32.43620500017549
45480,27176,71.63526158677332
24746,38601,1.251372283391369
4735,31724,21.65223705885419
72816,37067,19.76835760589027
94518,43531,82.2324414629573
41197,41967,12.347713664922491
87766,15812,28.508366073495612
89030,6153,40.280173115065324
46590,21976,94.92729561788128
69471,30243,9.199579439828565
70844,23149,67.7159580164616
97034,47342,67.14519197832837
74149,1986,6.17276138609203
6931,20072,61.569275447018725
84121,16902,89.44926968356496
62337,10173,91.54768871817798
89018,33938,31.299325745872494
27457,32257,47.45468447003855
1754,33339,96.79058151362997
1412,10305,95.9208131199751
94775,11470,1.2553193025278582
11974,2521,83.92499426125524
39625,21415,8.4411655206572
72054,20984,1.190989668459152
41977,34734,95.67884511011268
84704,40274,69.97835563274619
77451,13872,64.9883995454691
57988,12871,39.32943648399095
96970,31695,62.76840641358474
21516,12957,54.52881110312666
84684,31154,82.40349460344174
60060,39973,27.08219661468907
60728,22169,81.15044226594523
34291,21763,84.77348565950597
8701,15399,50.73429564814013
85345,4281,55.76896102003607
71356,39823,35.02712866592597
70165,24863,4.681881466230239
20370,32912,71.68435468141072
61339,2319,93.8484301310275
44390,43462,62.05622419082376
37301,34727,70.94018363139843
47288,10968,91.42252536533061
66509,16140,29.247449916394693
44233,7220,70.34894670418527
79553,31523,95.24257552864105
87038,25690,16.41793101042044
24985,27833,59.759950405011566
21587,49710,25.6608787874376
86465,27975,6.4179705446739
95537,43874,33.385275453287846
34223,19570,9.141099055338113
57254,12404,13.434356271080865
24342,39647,74.85798965662912
73573,428,47.46467404544986
98473,21295,94.60618135904843
73487,12054,40.319173020958
36232,38015,47.70572972856342
44694,34660,90.43061716052796
42593,39603,54.346225344439205
9538,45252,84.61708940012268
17150,1958,57.584604486154355
65888,11748,21.811926061248066
28099,30452,63.1678332983466
94546,15609,43.09081060306529
35114,40767,96.99751421157028
22995,38543,46.50632805612163
85191,25794,20.490587784578782
93065,29562,97.36879235988985
96858,33295,74.23546835682399
98460,5304,13.667597885659456
6104,34848,7.638983085888755
34588,17823,9.83028979228631
51900,29166,41.97877931940414
42097,7864,48.13556399856514
46560,26862,94.61240153439947
59231,14518,80.531939244407
74925,41900,91.7880901990203
17132,4302,45.11794205420101
24828,49305,32.487533865230255
62372,40099,58.59450341443933
64099,16609,23.81463522043317
41579,3521,21.989657381752085
88129,38858,87.84569687426999
40469,36266,83.35275584338969
81080,40236,67.72559517554394
47559,45795,98.19696331531513
77062,35049,14.184312017671694
29074,47648,65.89433483573416
99855,30226,54.725261537257225
86739,35025,44.428058338808064
2426,23755,77.68703463099058
94554,12809,12.496546948865854
62664,15940,89.0046269497153
77192,46816,61.74291444165384
69784,1934,17.517674562478817
93494,8552,70.02827086145292
24194,33439,3.1233660871218456
84313,24934,88.85935034252579
56248,35088,9.115712799141063
87051,43459,58.52673624915834
35319,25403,91.7276799570722
44505,27744,81.8583414996962
46956,14492,75.71677071331929
69766,23610,40.569390493657906
85990,48520,5.011934502069175
87909,34930,12.895027121270909
79929,3416,7.762812089253419
49696,7828,45.61544101366498
20722,40415,23.916800975338123
90065,1425,90.38824329659701
18473,49585,42.2610350052795
45529,43339,90.61388442932798
39064,45424,33.93225384164193
40659,36594,95.59938786610196
47817,21521,51.828038428974565
84511,5129,34.97126594526638
33418,32535,74.23250942396363
3027,44362,55.24296660638492
27980,11318,42.68682365716385
24832,9486,94.49588627911714
52209,13383,92.56290746389799
42894,16790,68.38543970149831
36073,945,58.221494395425935
7337,8877,70.0031658825619
2809,25915,29.65408415754778
97804,48612,70.27403170475684
26623,33058,19.140646907969856
68514,4714,34.36848554730477
42483,17123,94.43724153649573
14609,6756,30.27575963141225
99280,28488,9.1716268291885
17464,26073,89.10861370557679
68012,12805,25.82096220086254
49731,36187,73.49800214884617
97737,12871,14.916679828460738
18285,16481,90.08922661038646
41543,18574,13.95300454441458
86121,41412,42.07918011709471
35817,49304,33.20795375981294
47649,8794,69.9849442442573
32486,33464,43.87695891129044
15279,17588,90.56718895019206
31068,2619,16.594325949722013
14575,41398,84.41736348263215
23561,16019,15.51970104314299
90977,39745,35.32510965544591
79816,37841,1.746470961820063
29214,7696,4.996249216816722
73149,11909,87.76906380408919
25945,23774,45.532355635298785
83076,9833,25.686729970661887
12921,24973,90.17659289772091
64496,44251,46.06208457356638
44607,44568,55.89655741821301
33785,4544,91.64009455391351
30879,5811,5.097577106850595
28998,26657,31.65658116398639
97846,1213,9.722840533067755
5404,19460,29.969297414201886
50625,21723,37.00811209098325
71382,9981,35.18302803356431
65081,2718,14.37826096938675
51575,17614,79.5145844861785
70495,34057,76.66307284948479
50938,24478,59.88203055267492
73060,5609,48.265956399725425
18667,17633,34.30582053457036
35675,17279,32.87750464826052
59248,42374,97.17469637616384
94907,4196,26.516253953473353
59829,12303,1.2059215248663484
83675,32398,88.14819777291058
82917,37628,24.177473528865757
56956,23205,14.111012136356376
65605,16702,67.6905637817506
33626,20280,19.85738937901881
72861,2856,26.12843966131349
30297,4754,6.440974604779563
55658,38554,62.22591610819205
72033,23063,77.16939031494019
9606,3094,63.82025703341023
34041,45542,29.17764196776899
40297,22346,92.12442553640597
81456,49716,19.925253346978547
32221,19955,65.80978095595161
17772,34807,77.1173515973173
68432,22796,19.87172037523273
82225,33459,46.31479780279059
72254,30124,48.99346359206786
58346,20911,28.246703861301608
75588,24399,92.45096927741992
56723,31457,74.86380556214704
30140,22988,31.201951140906388
75521,26989,9.537798351892574
80166,993,85.51884128376062
61761,37487,38.644093270418054
40724,47120,66.27626865517222
93563,41577,19.67630189435586
38897,26267,83.86658386201474
65700,47754,88.13686012867365
58529,36825,66.09710840759124
38873,46218,15.676514711958644
25254,17238,44.120490713651876
46541,11863,46.31865866631885
78909,47851,96.32289491519867
90534,30456,52.32234662844025
21562,22242,70.02258416293286
54706,48679,93.99312789812515
18147,26658,93.00170655000784
6566,14637,34.78337411111184
89417,6702,23.54444549310049
30414,9890,42.1778515460038
27504,16412,79.69182669449368
15686,26335,44.04625688022384
66511,26649,44.03291646872292
66898,38045,17.244447031897177
35165,9295,6.331674391048016
18279,17933,58.60808271878231
96322,45095,39.912411224534594
1204,44346,59.3412192823025
24844,9853,5.260155904327115
80825,31022,79.9484781666035
2717,46355,29.322568758028826
55674,38060,77.9735749917063
43020,4422,18.650690319299272
22592,13561,31.308132520910082
76899,19895,35.45061770705746
32014,8091,57.68299974508976
49534,4698,48.32210504556128
13838,49641,16.199984971190027
65426,39477,66.68254430917898
61348,32307,38.661216076728465
75305,22704,37.293779614616845
70632,17582,1.7525809520476852
94866,34992,60.441800432522
20441,35562,32.98879234809537
19838,37898,49.645736001850366
98386,41886,7.448724530033621
17064,7867,12.877971384169191
49365,27988,24.14071330398208
24815,43989,37.17510429403542
68546,49857,44.35432499391302
6118,47135,63.04575674263299
80710,49655,93.11666376159012
89791,42018,48.632837266084614
23384,49687,74.62833786822695
64617,20945,49.35809238159594
18250,3485,74.55085647413028
12876,32694,57.245087947636954
37821,22812,78.5376585654726
50677,7438,16.288778910957973
99593,15556,35.64509098457422
84384,4092,50.96709514260584
19344,20232,96.37824194435025
65464,33933,59.64018141486674
29905,30155,1.965819151333293
62801,17519,83.98072368971258
78500,27181,72.38369060838984
31979,26033,98.8132215791036
5157,41478,59.99540684849275
6782,22094,12.044992599846616
27136,42753,57.897214307326095
7656,39514,58.96749251567497
37677,17398,80.28542920540285
62396,16455,52.24073411550201
73459,7478,43.35515200122087
99735,16518,6.52147167363002
30227,30620,33.21506292019914
46148,12665,46.149757486577386
18348,48113,47.660399901156815
41220,48488,84.81254058915879
19161,44284,57.96845077287967
50725,49590,98.335115191069
47233,20620,68.00066510123041
43861,35728,73.81068490327846
89072,23527,39.42283870376541
99970,18360,59.89358689730307
42131,36149,90.60507782491388
54500,24148,61.52957185351965
41181,9419,17.528839475333587
27394,45222,10.46371987852769
36273,28229,73.72679512665353
76264,24372,9.147888259163365
4914,45041,32.05212481478665
94951,8286,70.11780780669432
18081,48827,52.55657900392637
61674,30901,61.13956907626995
66619,41136,45.027256835217884
41926,17658,21.41772964456144
84901,24299,19.239638422427262
66295,11489,72.29822406347166
75208,44282,38.14183443006168
34438,46783,1.5543821291209199
10390,19066,27.12268016129518
99712,18423,34.148352402562494
17262,8877,65.16294925030806
71689,9603,21.77109499158643
41498,48207,15.813912129442581
61275,20868,27.54721170416072
20534,12919,95.58834773664537
37922,38628,24.463634554627294
19902,36930,3.5151427792487615
58330,32350,69.2632891856209
67224,38815,4.971803697012632
75000,28966,35.97430162806119
8257,44589,9.788635851013394
93626,23862,22.0909283894486
71922,20823,11.150822564251166
59447,15846,57.88993316990043
21542,33740,22.54922867103343
37293,16203,13.958133746578664
63449,3899,84.5321360953852
30113,3311,78.80588230867103
59309,2794,92.79630983526818
42791,14878,57.135545324944815
88541,6428,49.04751464570418
96683,26141,48.70098033490141
5930,25560,22.824709724657968
43472,7377,23.52870034613494
23782,25131,17.246178035297675
40587,13339,8.510735730711115
59226,2425,92.96603207810422
4054,19944,5.730407652656504
19858,17558,57.805535172144545
13698,39872,50.66069039006445
98084,11012,9.845630144467611
79231,1348,28.996918604504387
73578,25128,37.23180910246602
80873,27373,79.81067394994226
35595,26506,82.2775993862927
75158,13148,11.071063170847003
79602,45673,76.38382128459486
99488,49640,28.1513901959355
50170,13543,82.87339934048325
50125,32646,74.13530686952969
35461,8093,85.81548152981594
78927,40373,41.90535752519039
56259,13897,28.38199838814821
1862,23650,37.999035057540425
14816,23208,38.87644842752176
11258,23200,72.21099068040746
18816,15606,96.78771332062335
44778,19453,91.04238701539904
99500,3258,12.4191051556193
75279,46294,9.031417489790908
56689,24168,75.96268882981411
22245,41037,15.032953955764984
80019,13724,26.4952207750297
75899,32333,82.55608733589955
63799,7649,17.23823496018794
77737,28638,43.313068023320284
68321,37024,91.65732205328659
37834,2998,83.03770904412704
69088,15796,89.90173407245831
78700,17953,70.93283092341758
86070,35611,50.68882346245904
82659,30017,2.628375554562696
96778,45685,52.49860523426009
19935,19532,59.22908549998379
51206,26297,78.97326942626803
75781,3259,17.3754735219924
49162,41148,96.02342713631393
54464,5891,95.51707695186512
16341,14179,58.960101424542074
96187,35531,40.52429977219582
59975,29894,55.55774223280893
74356,15080,67.17682059861497
51989,28746,95.17047564789766
67267,28643,76.26103602853311
59938,32001,12.294458022533014
41235,14669,57.76214825610354
14618,19848,66.67411585788528
15832,2184,94.03591599944664
96107,20190,42.65975823746757
83297,45690,96.80046558188516
63851,18627,66.20519456164202
36937,14049,89.96208068996265
7919,9050,85.48026030903644
13856,18894,98.86090767109165
25522,28383,50.014034043993554
52954,4717,61.79221461936466
66765,31872,63.22799107203099
35110,984,36.318798058633575
12002,19810,55.525397796538655
47871,2633,83.64036981406508
25807,8556,39.590167726782795
16333,1188,28.61433952100357
26460,27415,88.07262028986626
42983,16183,52.302048289494635
92837,15170,78.48275385491169
14935,40726,93.37544223031816
87625,29831,28.169996113432816
70288,48741,29.264996032512187
3332,32185,16.249665042620897
42463,11727,3.371103439915913
47458,11696,2.3486310704507245
31554,25819,47.000640729994515
54364,5884,42.56085294578815
92319,16667,38.859995171740486
59537,44155,64.07587654660952
26482,29592,55.446214258029826
16982,5145,13.34616775677249
56107,40938,20.334300868266418
95904,14384,25.08807311676597
52860,4974,38.3012212332629
74902,15113,81.41986362078819
93451,31577,90.14927844533263
7992,26063,44.892656816986566
55405,9316,11.936012455892293
69527,41465,7.603023328906396
4873,48193,70.3899707262966
24107,7360,85.1183903235293
12662,43927,40.46848695123375
80151,30357,40.705008893541255
33616,13568,68.29407628580736
35214,6147,83.73054787154005
66320,37263,38.25847233030908
48120,22034,24.002602080487385
44073,45044,76.94484988974163
14754,8274,25.106608160963553
26206,1142,91.58988805379992
71006,30725,87.3376961080045
44703,43252,62.07316163205372
48873,11623,66.10280247327286
50888,2829,26.070830914179933
99696,35424,81.35253195385042
45854,8926,96.6073496823181
68287,40725,7.833305868312949
64651,45759,79.70705570394072
28370,46190,93.7989947351111
81233,24883,45.69787257532706
58180,35969,23.04070947667932
21314,45678,78.21045676119161
4897,29958,7.329431345569567
57296,15933,17.494551339865403
9872,29940,73.4424602201685
18896,5574,90.44226905058929
82998,18093,56.494220348611535
36579,29633,28.93219069919858
39184,3160,24.493888778179024
59413,42273,45.75790603245602
84207,6714,66.54924356819615
39445,35740,25.63811965614682
52870,18137,22.437079466225114
66269,5844,39.311331705026454
41556,16436,98.63545876772746
89635,47253,66.19203823143096
68700,9368,17.874190585773405
8375,33200,38.22163026872511
72606,42765,41.2688794872265
45069,47827,67.44698663587089
81322,45216,25.32038806124603
76255,3389,33.49675871197996
3642,35588,35.06663261141801
35115,1300,70.25511184419668
56656,15162,84.32661048208533
1726,21054,13.81012574308665
32976,33807,94.64560811919327
84187,22002,84.51291198128094
69548,46130,4.358188428865734
46552,28640,1.94960682358484
96902,34884,9.696553920943789
36967,12511,32.22025149947812
62752,14577,76.82388208158707
72970,11071,7.9158477663817415
67934,37963,9.39878748220457
74532,16190,59.41076233174677
85192,4429,42.06357386296571
1940,15727,25.674592751105017
71208,21171,15.296051194252573
66543,12559,86.30967596423945
10284,14506,80.96951301390635
61199,34196,28.635266962950247
88682,38811,94.61832201136049
87538,1584,65.91402001714265
62175,7248,95.04348780799388
73275,16794,78.30957237711823
55988,609,13.99536325455809
19195,31342,93.6511969939881
18352,34018,41.71562045480145
42089,10495,31.92044946475938
77431,11267,33.53571413482412
58191,32882,66.19587209877527
9874,36950,27.975693700491714
38098,49002,63.75263972434421
66953,16769,55.33155780159348
94677,27528,17.39423762844548
79046,18085,32.93455881357073
91936,42051,86.72463119390108
17896,11915,82.99007949772842
4631,15410,9.922714780680948
27410,43926,95.33460069435934
6742,34455,97.89893418442273
72154,49106,45.487310358507834
68297,6749,59.4567124197053
74135,45684,74.7259770313396
40447,19031,31.632694134324023
25071,22671,31.148418160534433
80914,32853,94.82052074096995
99095,11727,72.54483773856661
83682,44074,29.289004433709973
85097,2870,54.417490347113116
75908,19987,12.384196477557344
81542,16384,83.76112225809976
8849,48355,4.813759255456269
36702,8789,59.216777539312226
87284,21557,76.28144254944624
17837,9975,30.49243253900739
99075,29087,28.024818770429185
71450,24347,7.638321165410539
20725,3892,78.81532587979092
50140,10153,45.017135981033775
94664,28546,43.69047958459391
32472,48702,47.91873459331135
17875,12392,74.10874919339751
24798,22791,60.157973259320464
81740,17685,86.42039063330444
38951,26398,57.40807088904187
60335,22470,79.69030932200616
96967,6303,9.805351070200182
20173,41249,29.918584737014847
22277,42602,80.16243229290043
37744,38135,46.32608201919879
54750,15939,49.975154686506706
4493,26383,61.60854665872901
32599,32870,97.4885212910753
73091,3033,13.717027840705601
80919,48806,39.67622512142232
12505,15921,16.643530325914064
86666,48427,34.4926391611743
79527,43020,63.16152112772767
55178,22422,89.90509393115539
91444,46508,10.230415077601702
79078,32327,65.1204222570635
14458,22033,78.60076607988843
59869,18571,18.257328158942663
52625,18481,13.866159528648186
47586,6667,81.0234749156909
81584,13978,95.38297375576595
60746,47416,15.884878249668553
12937,14668,67.34284395326188
25486,37665,56.76652536064346
99947,34310,89.22415087385649
7221,29771,73.32189713250888
95541,24024,10.730474357412891
93703,33994,25.019908871913916
74512,5083,80.8710960100985
28525,28613,72.22617074794985
63137,11538,22.573128679681034
94022,22100,47.89985378721454
19124,12332,94.0871213936424
33165,16684,36.67146353463257
46240,12493,76.413042872028
43492,13231,28.781769961595842
51362,29088,71.191533420737
92939,39583,73.70034430966786
23393,46139,86.49701634967045
90734,14373,36.34138153251021
94207,28006,82.96474478136405
87949,25237,23.911099560059956
51150,5750,56.26499515877142
76979,39205,70.32246173655274
45245,49153,58.92373466435416
26247,6223,70.27106694720334
53298,33871,72.91910013948382
61867,24966,96.40176862477074
71288,47878,24.252346870839517
26982,2669,52.667848247548754
22075,36766,97.39471126849836
99340,7621,62.814907323218875
84755,27699,70.35333129625016
58557,11415,17.10049061576984
15774,45231,54.39925654215801
82982,32057,13.658553670187057
79915,14298,65.43843383128593
40307,14653,42.614073880837466
81809,40158,72.20560358159251
80667,35006,28.033021343040136
93777,14073,6.034727050578387
99639,49130,73.97831687532468
65913,1147,71.74625097191043
33287,29347,56.09117393962881
54545,20843,53.59651956674922
78993,23366,16.28892620091755
20617,28507,77.10987816974959
31623,46385,85.88146919153691
77978,3719,90.25180469320375
66305,30328,6.337020633244062
61322,23169,74.4119431466845
66897,33976,20.163655041047054
70560,47945,43.63052385082353
54098,44624,69.80124499725862
97344,22896,96.91189761475628
4540,63,84.78179790311384
59969,44890,75.43336468546673
81002,47763,2.2986892000185115
31294,8132,50.35808519683442
7895,14870,89.29015067639853
94431,634,7.422809880736963
26664,33608,15.721006188955785
35579,27722,9.339020842791546
29786,22269,44.14050946815231
37829,40053,13.453860696727727
62442,27808,61.23822633055938
72004,42141,1.2350487873417302
98374,17668,86.07143507639707
99376,15790,59.632399111282126
70238,43014,43.93602392519916
74151,49202,18.86314674147027
71846,1026,24.972073841958053
13616,38006,68.50998598746261
92097,9387,80.17317925852699
87469,13381,21.638663445852604
95541,43926,14.70280930006103
75851,31362,33.799231768699705
59903,22394,25.608208026748756
50925,988,23.64120900141159
11906,34203,90.04294493593272
17004,3957,9.635358947640619
7413,45915,72.24339808897014
41906,36984,3.4938302474303224
50081,30559,8.258395516130433
76145,27485,14.253738678999008
46946,47091,45.92312850402437
62163,21072,37.04202659799258
67374,49193,14.918961599977901
92972,13291,21.35541629855016
68261,31397,12.334513823345793
78693,34237,71.7209216892008
11726,9014,14.106937258952563
49672,24893,30.025885665768538
70965,24203,73.83443459810663
59214,44597,37.90570774247565
18609,47421,75.71696313402661
63340,28229,44.50659196367021
80655,32618,40.5754420942658
63223,46441,8.965388350120707
12310,21919,18.527907622850798
10699,29690,91.52005475072725
73823,15676,25.983555900737265
23714,42322,44.69152611077251
21298,27536,56.427154692983244
85073,2970,76.03967197846586
13238,6723,93.4272870794153
86703,25862,74.8519382965164
20088,34509,57.75315737868764
4578,23765,13.377712785300975
43571,1249,54.68502621977651
7797,8788,86.48360242984785
10549,18265,12.469204957297288
59653,4294,57.02578178432665
97346,1481,81.58199871956505
92202,8337,55.87382099111989
89947,4044,1.7257156010020884
26445,19275,70.71012788952336
55489,3059,81.9733136830727
65510,24970,14.275574933057047
67895,25363,25.494685867694077
38873,29774,97.82804720897066
50074,33741,25.015739373794812
57102,24190,64.91781362176876
10441,14968,6.7901890353905205
8532,7274,18.12810062765745
98282,2794,84.77108725849911
51036,21623,69.62223592181357
94435,40263,80.382546445735
20764,36226,10.918683996598894
3470,32811,65.42503548318683
9117,36422,81.51796123207033
25550,42371,16.992706975565323
37529,4476,16.050470750611993
56204,38854,54.32116195434694
83891,44070,20.75487469908006
65113,31049,17.960838727836297
69634,46827,61.547544556861006
51120,6904,53.59902502676864
49289,19396,31.66887108039841
91182,30477,6.88893247986253
91785,8707,58.47872540264558
34841,29759,80.3436860393467
4927,21537,12.826148557321144
22296,25371,48.990566329308386
30323,22379,38.3008696507568
46527,40415,13.480343125315827
67760,10105,64.35467695466559
55241,13050,46.62597067134607
45924,34987,21.627444683529813
71884,19297,22.76086290295914
72606,9547,8.572223727324957
50700,18501,58.803887676999366
67189,15569,26.18024667476121
43938,767,3.7342898264426125
42058,15140,20.967573276967638
43575,16881,74.21243719880404
43262,19982,86.43054218138896
43560,17220,51.406525667250996
76666,42450,17.259944164742414
78640,10688,41.40402221230005
82894,790,42.81177646027359
71127,20233,58.926706048626656
90070,26819,20.078039053913912
30103,12630,4.819944986512633
43391,5546,81.7767670625755
30535,25044,78.0031736512562
90096,30822,66.16286960073334
44087,36474,98.00993130656855
44535,39253,22.391845160254462
90848,11222,38.1256491984198
71328,8055,26.708151899267655
83147,45120,61.33486002552127
82768,46513,62.39875418796638
17968,24325,55.39298465569915
80841,20916,73.87271053865985
55048,9944,45.84907103214301
52015,16065,7.121209955662282
59449,35548,55.726843122736824
32542,48536,76.1885145766613
26317,29156,44.436242217291365
41221,16440,85.09309734646135
72283,48146,29.50373680163831
55831,12198,93.1668208717823
58231,3264,90.93742862850259
94207,5579,78.13683340233231
21904,1979,2.8970499073031153
36433,45319,93.3797072485867
78482,3075,40.79283808076671
82971,45829,34.92487027856811
63527,12931,92.02790631962507
56784,17318,52.43611764238008
26545,40794,31.67981947115149
67123,49533,51.47595727894183
75609,28022,63.524518779473375
41656,5811,62.16566037606305
86360,30127,85.41338077392483
2807,33196,7.708185590877537
49349,14968,16.76686738622403
56583,13468,18.883626934403445
24882,18080,22.002345977240143
31028,20190,37.278537413563384
34908,6632,83.77630171693735
38813,28971,56.5094533333597
5962,26834,47.718645106536805
68281,23442,33.828251939366545
50181,10533,57.76056536306667
79809,20694,39.333721432062866
19245,4079,49.2944458385918
47056,17491,53.93718359392692
34488,42661,65.71817868325913
58365,19627,54.49295862165898
66112,27635,66.47878096901496
12330,34411,35.56170824848032
79316,5184,51.144892280478714
63565,17877,79.95967485797334
6696,49239,21.51810896841178
42939,25127,6.552143768936497
29958,48462,87.61619000999377
23006,37844,17.939121041715957
87723,10680,55.99327383425909
15169,46136,71.43547936528469
50913,29296,53.59651205080687
27938,49336,93.30978967488292
25765,33674,56.11997524886283
75742,38891,14.67611416548147
3559,10843,41.278037645828675
68225,27945,59.432485761910186
78069,40843,47.95032087739414
1600,12582,66.25975474686241
8397,28481,61.910825376335595
59793,9759,93.6417805474538
28336,47162,93.49688295734731
85260,47139,87.74353596212846
24925,35035,11.525146424961035
63750,20535,44.63227215443947
45735,17536,66.64545867305468
46842,36738,70.58245860059658
20121,17302,93.728432098342
57326,45331,31.95225877308287
89257,9356,9.303652126774631
13063,38203,19.2362759522898
18194,7253,73.83949656808274
49333,42361,94.11998864751534
85557,45464,20.841732525643895
25919,14973,13.612858102008815
27482,42117,23.275466469650592
86254,8610,43.26519654519278
99272,3719,95.95540121233077
63303,49449,36.92498964276953
56200,27307,64.06652553104823
68894,3834,74.05082149174032
64773,34381,30.762271475488536
31934,42823,20.800274254733218
48223,43902,35.74199928364043
21444,26966,89.89790525790544
82042,39732,33.74174324655693
26992,6065,36.19739356812029
86484,12986,33.03535054314761
69898,3635,56.668078333530055
4398,23644,33.43379653555425
98829,27696,31.286024634437652
70830,16577,5.093933048917284
55087,47548,32.14808027885778
31383,9670,46.85961099862929
6682,42991,5.015552139727434
21654,29603,96.21814340997824
79771,46727,87.03190721867574
68563,44823,39.24451456193911
7211,27294,60.175258150791386
63780,36790,27.91192374507944
43855,30840,12.108327065567607
63085,12470,86.84658951575312
59576,25081,76.19610703381515
75773,24832,50.05780950938814
42838,16511,29.17555573621366
74600,1501,66.45548876879202
54920,11725,63.55615806157635
2481,43918,81.17844924258212
92447,15503,56.4246430266582
61370,49618,60.36817961574627
12543,36818,70.67517554226966
31332,3255,67.21830670311154
71910,35073,46.62721000436599
11396,16509,6.848545376738765
85896,29704,21.477464751632787
73186,774,94.97076498776624
24338,39052,30.956038367132493
70257,4260,83.29995740116298
77039,15440,52.791972024409596
42175,35482,98.29390500400346
24084,44257,88.2739691928963
33013,9025,2.4171415932718814
14590,20643,56.829871681145086
55597,39419,11.268376805717736
53000,9887,19.2293055487202
26372,33771,66.59866782475866
11531,28875,47.243779670969154
56633,41931,30.10738832242623
94225,36160,33.24084304368941
33177,9000,63.02187301750033
31072,17857,26.63232382254596
90314,24558,1.7693750286125212
40838,2923,12.7051305911367
39492,17918,69.50748522896951
15683,32958,88.52800763449382
84806,8018,85.43029296425101
97319,30566,56.14620518949093
60718,6975,34.54735246459249
14092,43783,86.80495798669315
11056,23484,78.25578704277373
71758,23329,38.51328662810718
28351,13105,26.40197135432515
14862,4154,34.78479657969869
52982,22920,96.54699880321101
99381,34144,43.231514528053296
24634,20548,74.2154046144524
84732,44536,83.62903724819851
99274,10065,57.148942369516284
90516,36616,31.205641806272304
18481,16492,57.430104950384056
38806,47103,8.554617855077083
34352,17189,43.733949799239504
36448,23284,24.047497534340863
3254,43229,19.828586188799743
18455,22016,66.84896038826122
17187,29441,35.499249754191815
12359,39735,1.0133228609148617
97545,14704,19.880600317108577
73674,3621,37.429086670139334
15833,35170,90.58646316121404
45165,21180,65.59837834885101
97950,40876,11.342166714319942
6922,34332,36.09672650069023
12586,22503,35.38460357011094
16558,17786,29.935526020536816
75009,21133,48.31081590639257
44288,24431,25.787710343276537
32438,34863,64.38189629144327
62451,47564,22.87937666159015
84306,21908,90.77228267336598
94836,37045,3.133834282879052
48470,22152,46.61322430357687
98845,33242,2.5101391852043244
2175,39808,3.025708801342513
73048,38510,62.59972941098252
26297,40593,27.67131807809422
98515,12542,96.96721392064245
58215,37155,26.22052204208288
51524,14152,30.905358371348715
68249,41710,23.502493932543874
97531,36577,38.57622460698765
13152,32230,63.87851104980298
9857,44621,42.46980025394362
52111,48146,83.8033973222004
20257,7378,90.92298240103018
61325,43041,55.744974799003806
81889,14887,33.92011773500106
3348,831,39.20914090723333
11824,14436,49.709289210475
43953,27248,92.53466205895685
81614,19968,65.9660323125378
94212,16434,86.43656151383603
49547,47006,83.7338451403656
10030,10625,12.588320827261494
25704,41791,22.570455446296382
24316,17017,42.70103161486676
43582,41414,1.2001747764737425
92478,40657,8.23016275812014
8937,10753,90.11361968665283
96264,21369,80.1909047438834
72917,23822,39.9613264817461
62422,35169,88.21900502485359
20830,17977,35.05453265884818
11941,1845,89.42998298656089
78444,2804,11.876821643472242
1922,18579,30.35189053370502
70158,33560,54.699303391960335
56679,7510,8.055014950330063
14136,9244,66.62823383470399
5332,5181,59.98500069578429
94160,22037,27.496898680350007
46987,4524,33.08612017247847
40942,33546,82.85353498694991
64921,19035,64.76824823027397
37290,42131,87.73949292617169
68127,5920,79.1454082560943
5890,40221,87.27600616945622
56298,43623,48.23909387407403
68321,39315,87.11451215380029
18752,48520,63.00499917208389
9667,16936,9.006703052749652
25733,6558,11.596236576677072
70947,8936,85.75248330811192
14554,6734,68.58541554379487
92226,14948,32.59314558816965
80219,6638,67.42282866254868
9748,46115,79.30570838459808
3695,33891,64.13908281380442
34737,30051,29.624535405850242
21031,31447,10.751565267791374
2015,10782,6.5583643410146495
55177,13223,80.53165089475945
97133,29865,50.8874536523802
15932,43035,91.53584153718599
51968,48267,76.92386960696497
25830,11340,73.71358008524248
33254,9354,96.78315963849911
6989,17561,5.699548684474021
26805,526,32.88602421673498
85978,8238,90.70450741263923
69185,35437,64.37535566556099
26963,18688,96.47278720723004
81297,36322,26.39056939019526
9309,45755,86.27272175505955
67834,9659,27.26497074470268
72839,12603,36.48384543776516
77504,18015,79.3081977110327
12374,45201,31.74761814734964
98993,19917,21.58227673203123
36023,18658,59.10577368478033
60462,4249,68.33207004276842
60975,28444,45.805312133785016
98380,15556,81.47200022237806
20932,34970,19.153455465742663
47229,29664,86.06910876385496
65448,13930,27.346622001806793
36771,37331,47.06765813762066
54580,305,55.10310388265
63660,16075,80.68139004245533
52871,9508,50.05673789153088
44333,25147,54.263732233070016
28734,2683,93.09759659836106
14074,29792,79.75266840299244
62399,47541,30.755495611477198
71304,37844,80.93569789471589
95069,39412,9.906831121754193
64650,1372,81.9231606241444
35762,33677,56.01814060149845
60603,34233,58.184958926977416
31431,36035,97.68787333588254
66365,42426,44.82490974960722
41216,19596,37.24578695145781
52296,20957,3.378763117788962
95070,8071,92.78701594724177
76807,14009,65.45384036212782
87392,9465,31.212951423611578
60050,32081,65.96484447557117
43536,17921,92.56594374075914
73447,20003,5.65402218368081
22340,12985,35.21901911753143
47295,26837,79.51740709862139
73239,17660,43.00816367469182
51214,13001,11.597433116165904
33995,14639,50.420390841005776
73560,10087,62.2826928161074
12530,9474,91.67808199494799
1389,43225,20.458732577576214
23895,42981,39.26426046776264
24915,47574,19.870331401309308
15749,33762,97.63720868978781
31326,14886,1.3670780197997243
85840,29373,61.70062154179612
77615,7898,56.33079408185479
38968,41806,45.87375610049909
67892,6630,86.27355560121538
18283,47246,81.36830399557098
80037,49350,64.46812625865405
81925,18078,57.06780714641935
6724,36366,69.89099215141054
32139,31217,41.18923808058686
65832,16134,66.2540090946078
57021,22006,66.08777270531532
96886,40400,17.36803825233081
44440,17946,54.54628226182404
36853,33715,55.17417694554785
31034,30243,60.47954407613569
5567,15830,67.66765920854918
8937,37630,82.65068488834774
20602,34879,88.70603118393814
55515,11047,37.672273834433845
20593,33384,32.53205368012179
96651,10036,39.1230526988567
66504,2683,73.3680004757773
16217,23548,85.98773972050805
9283,3253,88.69223669665033
58900,5220,61.617030830800815
59431,25688,94.13852033686288
37264,10726,11.736606933865696
10649,25021,8.265468595690884
29798,24663,61.90849356016671
20198,17774,36.12230107609854
17095,31504,14.584705207621251
58368,35334,74.09114491135384
2972,47714,23.794099945190347
35638,48017,77.79796087062364
18669,46204,25.672294015868204
59862,45173,33.021466421103256
53094,13453,33.87870396276993
76299,20950,82.9167321269047
66915,28769,86.24616701528987
68714,34951,36.45483629768737
76191,40977,75.25115623973889
29182,6377,55.237021620189104
13398,32141,60.31705844334947
58484,47600,50.07132120424451
91690,26364,14.67941345727326
52074,44473,72.01436774028508
4953,49354,29.994129274270595
18449,20090,56.45439925913318
86842,10007,51.36562072590848
92285,34712,27.394675678648312
89305,6744,5.296621687867852
97199,18923,45.81951492734866
6792,37266,36.6676445235868
26828,18208,36.15222587928055
90843,4723,11.260324128543168
59613,22235,30.614408453072624
19599,31660,26.203206649648298
94804,27533,51.845200294585325
56007,46248,23.14616319656744
85525,13673,51.42633986020739
76896,26492,35.370611891779184
72357,10806,31.471385305289648
59549,48255,32.65459083187801
94877,7012,27.57605317580897
96402,8746,2.871181345625094
47070,14220,49.68864877182929
36041,36656,25.077891529098874
31448,36766,65.16263932074837
55346,20584,95.68860589821927
20967,48935,28.799067479177843
82751,32660,10.965821701126798
92589,8234,82.17028335838339
21716,42613,11.546507414656052
18884,16565,5.271514344614953
6727,10941,90.93106747139511
83392,33432,70.31197370740112
93019,24307,30.017127967411863
10123,40001,51.8097129463582
75217,2388,98.70605140253163
59291,48297,19.866212565816753
21852,49151,44.82843514893203
67009,19484,4.488347081152495
11225,26566,29.04243901054568
34041,39159,93.12403538518262
94161,15353,87.02401769396826
20103,19193,55.632636532917516
73957,43564,12.838877681829134
28835,49509,23.985095645555212
94960,7455,10.615688412689991
74397,27308,53.288378861666175
26723,41199,97.28777884715176
15684,3448,3.70953892974349
85011,32175,42.75539754346547
70392,10839,87.25157744782526
3872,24999,62.34229745014215
38935,24053,81.75708485078715
36132,39683,71.81263931474535
56701,27399,82.59727258576125
50568,23395,12.910489286754892
32732,15613,5.895428939450478
45124,16790,5.33851722333693
5011,29048,34.88744788278211
99579,44261,77.8545544210567
52415,3307,60.04331365779513
4034,22873,61.34857475976308
80806,40104,53.119284828605586
95133,48084,52.73350447105228
28736,13336,55.529043825061144
53848,37398,80.18449964397104
47712,12284,42.526085105830845
67017,37513,95.20586191714297
48255,49526,17.447008714524124
40370,45653,75.0450715729401
36338,23965,85.62698409699472
68539,20453,53.81919000008706
35589,3271,24.23697929094633
75708,23425,59.87841117891031
82061,30770,48.23425020180794
81438,45591,11.758407397571608
97419,35830,25.133924313778326
75411,49156,17.280721220616392
95204,23877,65.46966595112151
42093,2050,59.85313831310505
72347,9811,18.905692594861822
11690,15059,18.11170958998871
43871,27777,85.06696416744951
96685,13958,67.92419503391864
9226,32100,30.390284725316917
60084,27505,5.628584273009013
94624,1958,19.099433316679665
89396,31361,31.472090296752867
8483,5134,69.40625372043012
57968,46632,32.05605342527588
90697,1163,17.247273339648583
59911,48918,10.638793580232253
8367,19342,73.88284550226325
61506,41964,17.336268968512943
7952,48093,74.99729675829526
84271,28505,48.03907731155095
18203,4612,28.27908951358236
6631,34298,71.53728278619819
53368,49642,38.54175798929085
98926,34526,61.1691297649288
84993,18214,46.79980152862223
31731,39757,46.01171060734619
35814,2572,15.882338513563631
16259,5273,56.02420747145585
37036,32570,39.95800623918637
67038,39924,49.18978862420989
87798,12218,37.259115260224426
83080,676,72.1051318525057
48099,37413,48.412287918394036
40282,45362,64.31438325719911
81119,32271,14.85314642907329
45741,17141,82.46373982675014
34499,24111,70.16546122130309
51552,30153,16.57828974902778
7458,23719,2.818720584084341
52715,18900,74.47229892916286
83804,39663,56.50572274722399
22341,34807,65.89388445861762
76895,39621,5.848749021759876
13642,20345,4.248024572796758
10525,8186,1.279457000930085
68359,31017,27.61482557947207
96484,18778,86.21094115002752
96959,12830,61.083015672551966
80365,38389,50.822200008386204
95273,23711,59.718182575928516
53788,48003,52.97430671141332
8696,24255,72.53899300651399
16575,18659,78.76717447289799
97995,1182,13.129678828006895
88275,17912,43.29777618255357
90028,37496,93.66648757702434
30409,11680,29.408968362406014
43616,45286,56.57336925178628
34523,18023,20.31281543848219
7338,31484,28.32615362518681
81031,23937,35.11806218480088
51365,22021,42.16497352567986
44251,8330,19.26370883856033
42477,31069,52.515376715076286
21621,40230,4.813434277897816
61857,16027,40.48042496498452
26161,15465,94.58947186679912
87918,14725,55.936900445699095
91360,28200,57.58794173874602
42831,36892,62.51170298639569
11262,49002,61.812602855014866
51104,12804,93.2451328044894
19456,39298,91.35953827125546
82294,41465,98.43532798047967
5149,17748,85.66659744072001
52811,37553,66.38361091486613
33464,15712,98.95973666739177
27857,41322,6.553069232547983
10653,27628,95.27139531048564
78411,7429,3.663041357040326
2945,25934,39.355576004291876
37166,37208,84.08775589063063
9061,45409,83.20984898708579
92579,24705,56.90784669517639
14520,47651,95.02615891139547
85535,28693,44.351937755059154
18185,32227,20.916330850092965
88403,40387,48.47688265759629
59874,32069,70.06310784546437
98208,3266,59.3800226762446
94702,12103,4.353133506715018
72780,17771,54.84720314424642
27903,30108,79.1100077030883
3585,45657,22.291790774022022
21934,11877,35.410368828652075
90045,33385,89.62150639859736
66035,18633,96.39498450533142
81193,34492,31.30514005297721
77548,21600,86.39947038422511
96367,24316,67.58276526789244
48902,31894,42.35052298798262
34037,5234,7.79193049418611
14927,49240,80.2159139669281
72875,41031,9.891747279768895
90938,12646,44.07720332617046
24602,36364,17.407198134657726
97499,7380,51.42563434333261
10831,17297,61.19698975064298
40612,43372,46.98517958902709
50783,6368,53.77408774817943
73332,27629,26.542457958860417
13254,7015,11.016948971096452
30147,18865,78.21144995020998
28606,20248,64.43835706946075
66308,11479,69.28876231315206
37282,12893,74.9352778482442
60187,41554,42.47913505310452
69090,17257,11.481144435185621
9191,2469,90.4260429862646
40717,35039,17.95560621596873
13074,6815,27.348166870847287
12725,36419,15.074188653634785
51250,29874,52.44981045566816
84383,9929,58.020432591119594
60958,21325,78.10911599102775
56765,18422,25.18825076511092
8544,31039,31.593504991769255
68805,46663,51.73974038483331
26724,32392,8.294799633226278
37808,25857,98.44190467768502
90785,2761,94.60820697421805
82796,23079,36.15068292333287
28015,20112,93.55475079136679
57354,35392,16.94750302746572
44274,49247,62.97308928720335
30135,36876,76.65062926012685
58039,34887,54.69306938597949
64482,48003,10.430173922961103
84081,47569,25.726172742950208
15599,48886,9.921958997717342
73708,11527,2.83736960049989
7406,34967,60.503954393604495
82909,47416,28.484009464455543
98487,22684,19.24298653814139
84071,22708,25.667372158780054
86804,28922,72.8693363540943
67289,28962,74.23621865353907
32807,18694,19.817062825909908
88042,16000,61.1413005425314
94259,3327,72.22249749160584
35929,8283,22.11687700536355
89258,23651,51.60825760225028
86966,5281,54.66002033496201
15481,10983,16.428151447881234
58538,16304,51.74238549361819
69086,21554,16.764423434629308
34646,44505,23.366816358611505
43283,5973,76.60528364779847
44180,16474,68.03063527489925
27317,30168,52.02486177662454
16854,47791,76.29884493818508
18224,3668,62.333398552569776
4752,38909,21.839173984764628
53367,47400,89.56396721687383
57513,33161,48.39820059761775
30001,21710,23.96064463355937
68498,9000,84.62667910096229
57648,44455,29.171814446349305
92702,27257,19.551395697664766
97546,12937,49.34557594784316
51575,34986,5.325995877967653
56009,20524,53.51792523052889
86588,15153,73.80600988975624
17214,8696,3.391106569209681
1426,40083,68.12182293803964
69634,11506,19.163165983944687
35397,3327,28.44442486950711
55761,47275,26.110598675573108
8783,38897,28.197159302336576
73176,24560,82.50047757306858
95962,30815,46.78893287764427
39723,17855,33.68152782695994
9870,7561,97.52267806721727
77524,9930,88.9520476990533
78038,11831,24.54844152180317
96552,33080,5.6961367939577645
23709,11993,63.56794596887109
74856,45601,92.82796779608155
81976,674,19.173272940852673
20221,48948,23.92765865636928
80885,22023,21.689897694745717
12122,14456,77.949936616905
42148,35102,19.480842378936856
82391,14925,24.96934880587857
97432,9360,90.19962291255185
63531,10583,59.30709797270051
72696,631,28.9796103382881
80713,48679,20.946825116308442
81720,9143,63.97844837315755
71406,29440,94.16269011401883
5398,9055,14.074650713999596
5440,13478,54.22793043630695
29510,49666,11.332511422842957
58746,28871,67.94090528162302
13777,43028,91.14222858868678
54008,15568,72.321112877693
77373,27366,43.18425924953026
40709,21791,18.76933672839644
35330,12052,66.10928327161666
32227,23595,42.040639923293014
7951,17384,49.85545647987315
93723,31119,29.151965674345597
33573,13018,61.23494021388063
31813,10965,5.753748942355271
64045,40889,50.440724282696145
1836,40352,9.357315526041578
77102,1308,54.531569459351765
64881,14641,66.0417512397528
84974,201,78.36322110846784
43915,41807,38.19443135173933
48533,47897,48.273396661340406
20732,44857,87.47344326999259
11799,31678,84.7074933258264
88394,11455,91.19049552511694
17018,12594,91.9700141453792
45359,5307,81.59675487463433
23489,21797,84.56190478657257
27112,18256,47.76205075623486
54778,40719,18.187494149691865
43269,7758,42.96214066796142
55768,3863,56.451769162466945
20099,49335,20.567734205650357
24300,38718,35.083900773208676
59058,43360,18.922279464780267
53820,6376,22.71377279463186
33474,28612,88.59412805787626
96599,14955,21.12652995172732
59816,28001,40.831608874992234
40952,16925,59.902738847670086
33809,24711,26.53064106199285
61992,26960,29.04960208863265
95831,37365,36.27607597131399
54712,5206,57.47769273698883
76829,2148,46.598465786292984
2533,18487,81.43480273715272
39069,13950,18.49120859220414
32565,25869,3.2619839611544648
14641,20257,64.32263808480101
63552,23819,17.24135663999059
6279,42561,48.60358949059821
37342,40391,48.986640651837185
53933,25411,39.716196983049734
97313,44850,70.83458641049853
45925,18279,85.31227766779651
45603,3598,68.40250254826765
48430,44937,70.78795203442142
26123,8428,82.28140844005279
76296,39713,43.27933460187699
39259,25275,43.83356150381598
37713,39185,6.393906875223496
27668,37356,28.54631616528732
52908,13856,83.95555949905282
26872,8043,12.476833351385302
54974,10153,55.43074080045073
67447,47341,66.1589319553331
30769,8983,30.25305582490585
58428,17109,95.68409311113211
57993,9561,59.69573841142787
7561,25565,5.33278991203932
44510,38027,52.75424372214528
64744,25987,2.0046869054223615
42336,26848,91.9606723223714
33356,37412,21.44497888116127
81698,18777,12.216344104258335
5937,32175,52.14761939181575
77981,49857,54.42223248722772
44615,14810,18.995893256290177
12421,37751,64.20934617362234
61767,30575,40.48051793570313
17431,28896,68.48125550523402
10672,41875,14.46004583987771
60816,13722,51.63133148596229
65611,5286,95.64624334901485
98980,13854,48.34667791208725
68772,36192,78.43742798361191
99221,11015,81.36143297139411
87328,34955,89.0352313325001
95824,42998,1.8027379620858388
1594,22705,23.99553912684275
2327,34821,15.331927395658367
20853,14027,62.305933153046446
73816,46998,60.65786236454945
85578,16427,15.641187667194853
99454,15391,18.264495337240724
24234,3956,37.93631498445604
14208,14515,68.78068630904045
21642,45768,51.02472612933576
86866,30179,41.44805684440597
29847,4689,91.11445075418219
55478,37954,62.769913132530625
19081,24983,34.443795526221635
62500,32619,36.47261728496294
74473,21775,86.24663129636507
3081,14627,86.92056684456871
47855,49251,46.55230646694087
52890,43163,65.67655239917278
43906,11093,77.58698190336699
9803,37638,46.634567760340445
45624,35012,33.20998759935283
33875,36308,12.012646621810243
52858,3037,92.12039451648499
16285,25265,73.46584512530414
26748,32431,26.450441471496447
50098,4174,70.87547766110318
11783,46439,84.49611381015238
40658,44392,8.996563035742694
12880,25418,35.79201155536461
18245,1538,78.91061192833381
56562,31997,74.47828113868026
41907,9478,21.098340295535
22093,18549,94.14326103417194
56942,4283,84.28228537283036
50188,5403,39.160996783607544
23830,17285,84.0439670920918
56587,40757,47.25010182305711
46641,39037,74.1719120428224
57940,5976,38.4952053051727
42783,16067,46.47790917708991
52581,39615,91.22737319435818
82450,35196,3.818603187290345
45978,20244,44.34507038689208
27745,44643,91.6582523227126
97605,42219,43.07683237191012
88024,13091,70.54596125791505
69786,14353,87.71470360928966
50982,8877,58.52336109105332
64473,14616,93.02106234996529
19760,23597,30.942548300707656
1672,10013,60.36898052905155
58857,16931,84.36006188568452
28735,45502,56.43966554672966
20557,14465,53.021994883118666
98877,15260,85.52203941551925
15457,32873,50.210411265409675
30134,14062,50.75638239319147
78414,22670,54.52713587816089
98833,7018,3.404175153556144
62991,3798,11.364179716565928
36531,22457,59.757361895017176
63774,3853,26.6973407062535
82838,21970,10.256139678416293
41224,46655,71.06949347058965
60551,47416,27.49817589133567
56235,43944,82.45728970292805
54672,4854,43.572953739828364
92951,1968,24.8100173894681
24377,16379,74.76165258287568
42246,31124,31.194489743500778
76971,41722,56.36000885563947
58880,9780,22.46195123153985
28903,14549,53.55321525004169
98494,26307,27.770375229875434
20271,1546,60.96328759760076
75652,17907,14.97167145437101
70045,6497,32.68589241636795
34139,29697,77.34302722608307
77326,28524,27.48992040372664
16986,25448,63.28821245667613
17738,29527,91.38148008380796
20740,26182,64.12826651819631
6560,38355,14.796833052144276
4790,23858,76.95549573753834
12968,29331,57.461764508608
35628,20463,90.18201121095811
61782,22621,51.92447054695467
54114,43140,69.35501524444977
41526,39850,63.349076596758174
30009,47837,20.63352249628484
59602,4186,86.41224562203816
62730,19476,57.494541485572164
24744,37438,7.904661961183894
79668,30403,8.359531485069116
2267,38407,17.581392241917243
68951,41048,95.2921917043007
34689,35945,17.30393494658657
82506,46320,43.23564382571612
9062,30629,34.8727200552649
62200,26857,97.42053319235858
43646,15702,13.125328654861185
42211,31055,78.44621121442965
6647,29757,77.90751306803331
10814,22675,85.24493364823289
44233,16007,77.96535871514715
38154,15642,23.418139148027258
36040,35556,79.87510196072682
23300,5010,37.94353550366023
67472,12093,87.02037843206571
74383,17681,95.03639932111578
75204,19116,93.75529695846474
47833,13429,27.220713525648737
46446,3472,21.437019070095523
53571,39008,94.63396762108964
21880,13534,48.150751642384854
11384,37181,27.04478078147091
8412,7935,12.169237362572163
97479,43613,61.33819668007492
27842,14642,35.448618784860486
93716,46812,32.734694062922685
26959,17885,53.034552671196
68330,20597,90.35826986932254
6477,14455,20.194390957299486
82200,9362,4.67434006134642
72678,29152,49.493558427142055
65045,23447,96.69629182117949
11117,41803,61.37750425585409
25523,37710,45.475414213260436
28379,13272,91.80655012425761
33183,7731,78.22512692890773
96569,18384,15.875115599007676
12093,8644,51.694723352288605
5664,48199,15.744676204800172
85518,6624,20.344358480977654
61715,43539,49.13945186373756
15116,18762,85.09924442134334
36040,44368,77.80523559841365
87833,4806,38.23957878121473
76197,14393,78.61236437702007
95312,12379,27.65182716534078
41556,17317,1.1832299184103001
82617,41216,59.292422250664465
39757,42722,94.09844499942356
48363,41183,65.4296075597712
48636,22245,33.22494028229036
20834,28247,22.757685879408566
90345,43972,56.04053510411852
50449,48835,3.0255337135246556
62389,44420,14.493216257136982
50660,34666,76.60988388161861
90865,18606,11.235340586129373
21723,36079,3.069034092083978
52419,37715,41.62589252918703
79817,6962,24.44588324463254
19980,5596,88.47187287438888
14329,21817,72.95822347236314
93430,28840,51.097684471444815
99341,39748,23.529674283749397
14977,25087,68.23302348150429
31636,22508,38.43702332093712
83685,49780,84.32574742691239
77682,41339,24.189322463766384
43306,21042,25.94801366905336
80003,6336,61.40142582297517
36248,37589,62.53434771749694
21283,6557,98.66162433771164
54582,38476,22.25548897049052
76358,119,65.93727471756345
75343,45597,53.295816945591255
15056,49142,73.37481558264807
63089,35072,79.20721586121738
44678,7151,84.12970020922903
24921,17484,61.08071837466901
30053,16101,71.37199184431776
49693,13290,10.183467638536884
89372,36129,28.636322512911935
62444,16655,42.48237666097837
1158,44450,41.17990862046142
55321,43040,8.329218525464665
98136,30571,82.48656275008577
18636,14062,18.284321209655097
42582,22019,92.46424190267815
86650,16942,90.87766380886966
53365,639,21.09559581776385
99331,47877,81.83384190922628
13875,1107,79.02236679634296
69824,5524,16.07181164190084
79650,39677,43.36414372037613
89190,34703,63.25593517045971
71846,29609,85.07232465848097
12361,15860,10.453729042317539
32847,33197,24.481138414856844
71785,4698,38.479073866781384
15561,16850,32.101510571694604
86219,44372,21.02754585527373
57912,6861,47.59774663003776
61961,49824,79.6951220511218
83818,25340,53.596503388871376
37180,24783,74.0823308175381
90948,35309,24.87532656951872
77891,21480,71.71501568978819
44690,25469,67.04393972878671
44894,1975,77.29881067321757
87434,26101,97.50322002310858
48153,32394,53.841169886482476
78377,24577,8.39331450572524
32627,43345,9.356144328141234
18592,1525,7.854115367743925
44610,48396,45.86593042245312
36495,44136,66.83570899615542
7437,12388,9.516169328482265
32224,40140,57.15920482685735
29741,21205,45.32021562735589
84006,26150,40.94276608805997
11463,25181,67.68897623199325
17445,31555,81.19138348656166
32886,23724,56.628799985952256
71221,8380,5.732628851165369
19902,44192,88.3240686836293
14467,26949,84.34398173734098
99966,12349,64.56919249684495
25189,47383,74.65087707647211
33185,19385,54.260119612582066
16558,36941,73.44613840119317
5566,22755,62.12891782011641
5291,35253,67.92133373559025
13440,23357,73.2800748960996
29386,8602,40.970314513785574
4221,20826,90.69728746345083
36621,6774,43.289328443553615
81051,9304,80.1428865889816
50364,39006,38.20036495404793
9066,27568,12.763223201984463
50317,42939,14.601081964589499
74605,24539,75.0409710289998
59230,5946,88.44123335740886
93040,13679,23.56551885078075
52464,1717,52.20867278265442
6706,2293,7.247725069029082
76303,29355,39.146286226639226
90163,6618,40.564245264156135
55604,46246,58.34200513444382
43262,649,77.92125410359597
77971,10731,70.9536043729447
88875,37132,82.60502644024078
81252,11427,5.39414831004425
72092,13621,58.615120151846284
13661,7647,54.931284549585634
89458,48310,75.33689518667886
20157,18250,46.443146153553684
65286,21185,26.49107146643371
6999,42965,73.51393146342406
3233,30885,3.223335491658821
68904,21348,82.07456525857701
81186,20609,16.73811268037688
41624,31258,9.167680986021198
40867,9212,56.87689126381645
46164,49216,62.97360412314439
95432,39565,64.5971312719017
50028,25048,51.66853465443858
22999,20796,63.31731156367188
83119,16535,34.99350706556088
9906,12744,86.00779208079783
32833,6910,60.561258396572676
21744,15801,5.937598111425516
65733,29173,31.243398463612344
56546,48474,69.16434376450955
16882,10161,90.81911549950982
59771,20180,4.1719768535091815
41806,6214,17.761117826881257
77165,8447,68.2581288446077
41254,5426,59.03924483850865
4998,13068,25.257722919131634
58780,25260,66.9310220708708
66034,9241,9.641357371944405
44472,5439,61.273186178450324
1989,14585,56.32590072127414
92196,19430,87.39055432909859
78561,18316,2.994234128951713
61561,49061,73.26471617308515
11820,45911,47.07708228960076
72420,36349,90.04002819312443
73403,847,9.940977144351088
51541,47822,69.24103098170524
20519,36826,9.173240511963515
68503,2647,8.035428498964599
45033,47192,34.30788579464513
59313,12184,2.36140958753757
65675,26126,60.70600570038273
64975,4832,66.42492270295594
13319,40253,47.4729978713835
17159,48986,72.1902051214636
76733,26463,90.70814312741308
2851,37012,92.76384081146975
12187,7532,9.270654144702897
70400,37619,40.33175075838761
97908,34470,37.414158611639756
55945,33409,7.647461773377639
1596,26705,53.91568018746282
30633,41508,20.823620630633407
63353,42372,77.35337995677929
62139,28255,70.38469532318545
1897,16827,58.8464103459306
90240,23097,97.52989898412453
81397,7044,24.248037983182964
48038,13591,69.89952262549693
25302,13309,93.55716009250777
10371,1747,63.41724769742169
3230,49594,28.763227751321704
92653,31435,68.45815561543387
52546,7784,43.84034838037454
9524,10299,17.769135522037363
49414,21888,65.95539674203239
79916,9171,39.38403103854238
88534,46055,9.250088074672462
86385,41004,27.869754788083643
21936,39337,75.948203912904
30624,9913,5.926830877741088
55067,39121,54.49927051506156
43207,29611,97.74328023823638
19251,17038,77.68175411615584
61454,38627,9.865956919001833
44607,10903,29.811062469237914
23095,48482,79.18928099484444
91479,36134,62.397314870940924
83021,38969,59.73148619185932
91576,49045,16.80082751588425
50267,21280,63.07528036280045
9794,24944,39.08560806806918
58214,34349,55.18739526621975
16120,12430,85.00507782199142
7466,35227,89.6883322531284
53889,32639,92.45851167730862
61451,34736,10.903628553608462
66324,8255,21.39163724257842
69574,11414,96.64678614693887
65818,15716,50.5150712306852
93522,26119,29.720672014106487
63965,4889,60.923033928375354
28815,26893,84.46262536793793
32998,19507,62.93162595460531
40326,549,26.110289631560313
17393,49362,12.499325204048608
36848,29681,86.9813838588746
2599,23406,85.35279730375102
80650,25600,20.36615817436526
37980,29280,97.41580162244865
22678,47744,95.54220613270445
17933,16498,80.30565831382224
25616,36496,16.05893659291585
59172,21673,11.899408823990225
32248,8877,14.208215687868504
32428,3465,17.43431921790234
39739,37674,25.34875311047524
93611,37503,16.36623387570543
66112,16981,40.44059616150828
76291,10994,88.54989581584387
27662,3246,71.26241923926491
65639,7430,27.86487051323981
77833,37369,82.18059774708853
25373,24397,88.11993918382909
34532,30826,31.17346971186658
31838,47946,58.08765014584125
64604,38888,5.920272860101879
63016,13415,52.196114484321846
21594,22020,26.844496508356002
94387,15317,86.63820487806389
2952,47491,93.56608719791302
40751,30661,26.902100797491766
61377,45963,46.281191680398145
98197,22270,18.761314771035646
48334,1332,48.235372688731225
83828,15808,43.500325669084816
99411,21830,36.03352475708378
79986,14438,41.55388633563612
72627,4101,66.95991823118219
14850,3272,12.06443440924401
15374,24818,49.646058178003976
97183,39063,85.64053784217163
97673,4660,91.08318218931684
45408,42563,70.25802195937082
53559,33079,71.59190183553947
6694,12670,19.685174955016855
20158,32723,82.77000537611907
75342,27966,5.812279174126098
77116,23385,58.89223177422867
30774,22005,35.55078005703928
6103,48377,81.23205606678758
53846,381,66.88235464700966
16859,18837,23.261735231192432
7572,30118,67.53949002013515
58040,44618,97.68170151003932
24438,32216,37.34733367914801
75363,33260,85.52475576886712
8863,35564,63.060074022394645
12595,37697,51.92547310622173
75433,32141,60.470191270683394
36634,7801,46.43080556534099
54330,39828,23.217850913263675
34404,5921,79.07585158276076
75828,37448,40.24908661082873
55823,48487,9.541073690527515
23016,620,75.60542206300947
83845,25958,75.94153298237276
20842,25624,51.14109245332984
29834,42991,83.76785770091094
51068,45766,33.02789211878542
32362,49142,72.86062934344912
65800,5882,36.49234946739879
12581,2311,30.056561405615945
46263,48068,8.577869245286253
98679,5582,47.23412399763206
83657,19526,42.38680933754676
26981,38713,92.39618385992314
70749,4679,47.676094311353154
85975,11430,63.533882933518875
48299,8026,64.93323947186434
46960,43388,59.84097552431507
74359,34018,25.99913028239849
99994,16928,83.11229821507632
8910,41551,87.85604110047827
7682,42063,48.01970672035371
54886,26861,70.75065436082036
34462,4204,28.169908070891225
39563,39532,98.48244058705917
57317,41313,17.473724669202156
22951,36269,77.19972860726249
77986,10935,97.35957955651061
94842,48649,80.62485359294453
99648,5822,34.13574563334762
8945,36517,35.95508958485068
62638,27545,74.05102509824405
57260,45349,46.25971034718665
11593,2999,63.81610498060366
17356,17855,64.48996348776599
40937,44251,9.716089930256002
88310,39809,18.978444844206606
59463,49208,85.03318186212788
63509,28499,46.31278816407086
24982,49793,3.034758396161251
29990,6631,92.11866579135742
29721,1678,13.93191662941343
3731,36620,12.35960185490359
46187,13883,67.87526331151793
91595,5909,93.03556071056735
32129,45933,34.704067170293264
95628,47414,22.75918960264235
64362,23019,78.51918873370397
6094,5908,6.560530148054121
86157,7539,7.06377129577404
10260,2919,94.90792969584011
15924,40173,11.459447882801205
39221,2169,14.887995810232717
77156,6866,21.480173663442123
32330,20724,13.641640227198728
43519,24001,33.01221085793187
93553,30721,10.771048681352688
96770,15266,47.35676959909042
27540,40805,20.484250248414302
15671,7628,14.173502742589053
27654,24048,61.262762948214096
82946,7773,2.1672621231719016
6360,11237,67.26430667162042
71496,30427,35.14898502150189
27678,3727,89.4564364179404
60048,21054,91.52826211204743
81277,49582,32.53854655298363
82568,3343,2.825124964305273
22180,31442,23.251848675385876
72720,44293,43.001216309677865
46025,9107,94.68726790217478
28787,43545,62.837475167823115
92453,43753,79.94597510118184
23245,40715,34.172473399012894
40178,15863,36.50897722840969
12476,9894,13.891751804852468
54845,13284,5.500170427258513
10851,8501,18.958912062618957
1798,46464,67.54498329533304
74190,37736,87.92200054249771
94591,21655,88.59293821674635
69322,12310,76.36212468295894
81069,23259,60.88903278405386
56801,41862,1.8599610344065802
71582,36016,81.58136763047598
98095,28408,19.692153451575198
28032,8770,14.057749159318776
9930,31722,76.08116028953229
67861,10233,7.184316964523782
53398,28101,98.04774303525261
53886,33748,46.82505671999325
15819,38805,33.06485851126935
15427,19488,67.85844474399413
81274,4143,8.268624589675824
55043,13252,45.070550706130106
37404,10454,74.5440846566953
51327,27219,59.1607956334033
12396,30711,32.23558834800413
13616,34851,41.05078227103902
91257,18250,88.03811274983362
29399,32914,15.25492174366837
57027,2823,98.53556183025758
9789,31648,10.646195727131325
42688,27732,2.2430194019831298
90998,10749,12.979203235107661
56797,3637,44.34706950767711
4747,12431,77.0750913542047
10368,36342,64.7708619415341
21185,14498,46.71558250454797
85447,44077,58.23339031823309
92220,41560,12.213837332206545
60751,6887,66.81133092615201
16094,16501,67.92638380628703
90602,31022,64.50448355621143
70360,40997,62.39363911621465
61543,42417,13.522354941190928
99912,29866,24.018851738564035
99238,34237,55.30513700145643
58718,48406,60.104456245895655
70299,29874,52.95084717996894
98900,13821,18.69056770658828
80939,35726,58.2393837781806
30453,20237,79.13018237922448
48342,47833,65.64972904604697
93774,7733,21.495217170526825
55037,18151,54.556818192458415
38927,7797,38.53873471334883
90908,15636,69.01990092347258
55186,47559,60.95755746009949
95931,46030,72.29703576726682
73956,36206,33.48212261865708
53609,13276,61.712456576712746
4427,26106,93.89006795367732
19860,33156,78.39850506948714
83255,30736,1.566628449762518
85993,32358,23.871436213868805
8814,27345,66.33833393111871
67656,31903,50.17539692864288
28207,39436,11.51568271659626
19208,39239,93.06674245567183
41070,37864,20.04311552670608
22371,2145,81.65662194166246
48710,18685,88.62548243692677
26068,17146,9.889765595254818
6012,12518,56.64103404672775
76935,16084,83.64725983169576
83917,20764,35.820509574625895
76558,47389,45.0122428250134
19546,2291,18.407936829850343
99747,6412,73.97917054632549
35950,44320,58.34909345437716
11402,4639,64.64522661963171
80392,6629,90.5212622736455
69027,21565,21.32982705131045
46769,46627,29.302865208131593
77602,24290,88.35240339484457
65926,39632,92.8770413296608
18296,7925,97.69397115998615
19170,23069,83.83269607295195
36090,20280,88.15233088356663
41798,5733,32.97471872763767
59195,16763,72.33262993424032
50381,32812,20.361545109324165
34669,24471,19.924758540340303
72857,11695,48.7423919052562
34159,27216,81.24138067364805
58847,6211,26.696420054027715
3316,31419,94.08403482248829
43041,18990,79.40884186327389
58479,29420,13.699106567946478
34010,40035,87.96407296539776
48847,35969,61.21699057824992
43159,4008,81.69054146455791
28110,25232,40.770878065049274
69260,21738,15.104019192119193
3927,23099,97.47293940943497
22786,18013,34.94017717143125
24169,15067,53.189612000165226
96839,8873,30.672495626185597
98100,33334,57.69014447468105
33062,29863,75.49007074942331
98247,2867,39.22907442382452
23222,24091,66.67432506414468
57567,5484,83.71509919295373
10720,5782,29.770390259175706
84866,35576,19.408467990125672
82380,9280,84.15201839090085
19742,9946,46.327230009271815
22995,23091,71.62867135091847
52697,24060,62.03157593092394
49058,28046,71.44311442425484
77650,34057,20.230085045450846
98273,15537,38.12152822244624
82215,33721,40.559140645297454
13641,1047,68.39245222116506
72893,34990,1.7372054385200275
80326,19641,96.74483475770508
59805,33768,27.34370877823254
44783,32576,45.00105328778542
78696,29897,81.64533059247799
2727,9139,16.475267151448023
8951,4814,55.62797665610312
51018,41367,79.00782120365133
97293,17277,43.110851215794796
8616,41854,65.9772320016742
7692,45262,58.9660785062859
20823,48878,80.75439577960856
5195,36654,37.034630484999646
92488,48239,91.50849135493755
36463,22697,90.1774698973685
40894,19905,65.25188351061153
26540,10430,96.71037623189292
27254,41364,90.28703847110755
23103,38157,57.28295719582849
52332,33206,2.113481583445597
73264,42613,63.7215040640353
93904,32073,67.72449506842003
30266,41201,80.43561329113233
58182,8634,59.6083952553739
32010,7605,45.1362359133105
5392,869,92.39751502936794
95104,33255,63.12654403616271
66019,18992,52.53851530978317
43175,43492,53.552114758355536
34989,7719,28.365000525336004
7573,45781,57.80530125067454
90993,2229,49.94603586485769
7163,1702,58.98277494164682
62477,39893,20.319185315782832
18873,45413,60.38843285550954
19501,4441,55.028562424907065
32690,21010,29.872660731624535
8475,31462,25.67388891376357
74587,44982,78.6341470924497
36437,15356,2.5240162865145575
98769,19497,53.148954265063004
64123,11348,85.71284183303301
86933,44351,12.086019301287568
96978,35001,56.435991898236786
10728,35628,22.415220219512353
79184,3486,37.87853187513201
57435,7237,47.379285295599175
81591,21751,54.44876713787383
46185,2669,20.91480118735863
80477,19103,27.195880590393905
16680,30562,96.14223775050175
72261,32363,17.030236863592798
72462,31031,89.68213489411075
45695,44282,59.909915660534026
16710,26519,40.09431650087692
58451,14457,64.48667003157166
4720,47290,58.98055326754729
96684,34414,11.541748113691792
27546,23912,89.97243391988236
42812,39099,15.833322932347766
66111,35031,98.92818137943061
7778,18700,16.49119076352906
75581,38523,74.35633942044097
36575,44207,8.419149568290244
49845,26687,58.85630077943136
52881,4589,32.11783311715895
93882,9818,59.548967274773645
36262,12943,97.91212631462288
43085,17984,34.8953672133191
81529,34880,72.4948333019528
88922,17593,8.384312554466703
8435,21322,9.864122202453062
96267,16965,31.780956748347023
38336,33695,72.02107008146925
72467,10630,91.72272892917552
51538,5075,68.02644304007075
6814,33477,1.1336413760322728
99011,35975,77.76447574100429
22849,3740,34.815776786368225
88157,46888,30.26272823570346
35455,14356,33.954900428576224
13100,38688,36.34645509454911
56587,3034,38.708486125038334
97442,36546,34.725980628865756
45154,1882,42.43623080140249
57980,12368,63.39499957293923
80318,2682,78.47112580202167
92124,39128,75.78292735936766
32486,41498,94.71888297207704
88066,7901,33.88016069980564
37946,38693,58.49042166006425
87021,12171,7.307043769938315
24358,49224,14.429764390540335
36056,26042,29.30687543368589
94205,36774,27.25233210708922
29927,10801,12.584421499114809
3181,16102,44.201944107250334
35184,46493,37.75754734262049
6352,43950,65.44829711435602
56666,45539,17.7605222278277
20895,8243,3.904868864516936
36859,29892,48.124331513773534
92198,19547,62.01391267194668
98259,49913,23.032860955741082
63997,8756,85.48250177620025
77475,15602,52.31987672248333
40368,15210,23.990675195275493
41058,36285,20.079652445264504
56026,10993,44.689907393332994
6940,11499,9.485253570057338
3390,24640,21.70455885631981
31209,33304,90.37254374907593
44355,33328,88.66116366461046
20098,29631,54.9202898729486
32460,22598,98.56333476870091
96987,13543,97.22340498277138
90027,13971,49.70358622130758
91205,16327,21.68794956692591
41949,26073,66.99405714594495
53507,43902,20.09682394944356
51271,46425,83.11785600221113
90651,32275,4.8937992340392436
60047,14009,51.60132582717321
82079,774,39.78967016595136
19181,1911,85.40807738049374
16080,27726,65.40663736671728
13894,48911,78.28892387213823
24069,23983,44.93917141430531
73135,551,73.8264544240989
1522,39840,94.5873524209901
86113,25342,62.99075559695075
99155,4114,62.323785859334656
67216,43488,56.211245755113644
69639,21582,3.0194789835552163
57378,40316,10.930487844007391
37119,26626,73.18817315165832
42970,22640,52.88103586300223
29003,3200,24.00340236012458
23834,2060,62.40438065668872
52204,20850,91.97279514837999
7823,31295,41.73981559584148
34532,29462,31.69727102904156
61344,4164,77.70477807345358
36139,22992,31.00320361374278
42468,15240,72.46965217907314
83332,18358,30.75746102193912
68413,475,94.64733618275967
52615,42938,68.1904142079448
8411,24823,61.93695058183486
85187,27667,58.839946245317094
52893,39868,10.891790826675141
45939,3305,74.36925973340617
76550,37997,67.52059817187696
83053,22069,9.068988696142338
81126,34209,15.807458296027233
79947,24573,67.36237899554474
72216,43027,27.6803494248389
32114,40005,84.8379184758102
40940,34552,63.99717741926985
65810,30386,44.078608544814465
68007,11481,66.81776978936666
83251,7466,19.28886930192018
39600,21301,91.19568881115154
59590,17485,47.10569523957051
70326,6430,3.0776709430427083
33362,1220,46.97552982785026
4401,32167,39.93531798234466
43774,25215,89.85155402536344
68540,29332,31.252417427081145
98783,30988,56.349683553912456
20361,2512,74.59460202318485
9688,42718,82.99583956494583
83995,27135,47.27619883010233
5202,13026,56.5158628285905
4341,19606,19.7312306340549
53437,3430,9.356509482439913
75839,13479,19.07365063898167
85681,48861,79.0427356831125
33024,19374,55.11620548141073
81094,28878,20.379325921312972
43520,10154,70.32279359712803
71169,31752,81.59610991655184
77867,39957,67.94776421388498
22735,49616,57.55291300222779
51357,12539,42.04063506364068
92493,36055,55.92829467322329
17368,23682,29.70315032440563
71100,20943,12.06370022344739
36449,17909,18.36342118419381
75856,12878,56.24485922741832
74107,23922,47.19027855443268
62944,5566,29.07807318119338
78703,4925,87.93339199112991
70437,8232,23.31865537077499
47586,12984,95.41303810208107
28136,36143,95.86939650172393
92869,8416,74.55458419045198
76462,6639,46.416981245430016
49581,34421,17.644018541247856
60656,25621,3.558317794257148
59168,35658,87.76965912280569
5177,49883,86.89313016398147
15930,13219,87.94723446180537
62897,13406,28.914409565820304
9450,33453,51.273626958151915
46162,22770,74.03072478167722
72135,23293,27.83766018245873
92997,6080,90.20900602990105
14140,37427,66.92992041896653
67827,34543,68.42176204359228
67476,41226,60.46443456098083
36260,25993,59.26976038423707
61750,18261,53.41476418789264
21159,30728,77.67499893413328
87017,1436,13.359958893489067
10698,47156,64.05777906951809
1069,45969,66.79008709759846
33402,31439,8.743921826816864
74579,24051,85.87764583855949
42393,30282,98.61968886818313
35489,41149,23.215271434617154
30725,2776,80.66356124081805
20561,11995,27.578073264267353
6123,12858,16.385762829222813
34946,21907,22.602970479423547
55457,22474,38.58787706776971
96557,34169,49.20551326720347
64064,22473,15.860067775430444
11017,30811,80.59960279821918
3504,29530,24.47757934227857
73403,21260,16.614751140973713
95216,47054,33.676896929933605
79791,32776,84.31524842693827
66228,21766,81.73020216028296
84785,48863,82.80943875142441
1581,24945,74.02552776155255
89019,16808,18.088556685741512
43723,43238,30.878700474223457
72259,28083,10.49282593461088
23253,32534,29.241695008635425
87569,23727,6.531505145215496
59773,7995,58.59324828236842
94295,976,71.47409437954201
50049,44354,75.96432053180642
43730,14616,51.53751736157564
15968,8960,28.38509275288558
7735,24962,88.11501556429604
53769,23287,18.51877109354312
92815,25788,96.31030495882642
52263,32373,62.908911753887914
8486,31508,62.99112506797275
82951,42882,64.10585929543443
31276,14651,82.82457408101868
91016,24761,39.49979705114165
68570,13931,86.0079586473957
71346,8361,13.354236099914287
35485,47153,79.42524556054676
93322,9300,95.43609278278058
7232,2542,78.32547154502119
27559,1416,97.89728805002683
59980,10367,59.48439670895054
99877,17839,71.57904277479334
72628,8511,61.88613531838035
59119,28350,40.94490733154002
2675,11488,96.20504852072698
77406,23698,22.841789882072348
50151,9339,95.39523856661609
96736,47930,32.38285221622934
1845,47468,39.441867923998316
12326,6674,34.22680535755167
17500,18860,11.45999632547213
98278,9741,2.445691385424976
71565,33984,6.178050555709951
75065,16599,61.643822727250814
73724,5973,90.84591860576002
28829,46367,63.168845387579225
58751,38719,75.31802481975082
81086,9545,49.17284794740206
45326,15041,45.75815483935725
48410,34014,34.68469216103135
30737,48639,73.88271341220953
39422,13367,14.811151447091566
74765,1354,32.78414626953807
18536,15542,25.265227773734978
35129,26754,65.20319583570038
50450,31167,18.461218567701465
41945,41797,15.4522455898522
4289,13070,40.47409465203749
95674,44183,24.03570896926773
87279,41353,17.40553736433466
73362,46214,13.008658213306735
39829,5451,23.70825204503287
34849,4892,50.48794274175224
74281,24729,41.1888032964843
52519,37759,73.90915757722297
43579,17307,8.184960509534523
7029,20461,78.66545826722104
5454,33342,86.51255964440007
33898,6688,98.20927574443948
62529,48828,37.11290604413391
49939,10115,13.967918220871379
40003,48663,85.47878907318264
52884,48049,26.765010902914344
92198,12209,47.22869512851132
97663,21608,20.70922672498061
13723,36208,31.795584387472026
99199,12759,25.112521326483837
59478,7945,47.79878362664069
18302,10254,90.69147487982677
29345,44888,45.24470541202626
61158,10582,5.490937749232154
91274,11495,21.51425258299833
93572,15947,62.91784462942718
92474,45224,24.249484469268218
74093,10416,28.568540883013032
11171,49004,54.323106328814966
99639,26022,62.55156189801497
25931,8342,14.378809093466288
31975,34727,79.85866022030312
78062,27326,8.055068890617964
66548,2047,81.963785421179
9575,23220,26.525373450000806
47905,3887,78.62819355934123
17350,27129,80.32617486808803
22678,31396,75.42214966729247
65702,7214,32.55727220521865
65532,42877,10.768052283473036
58156,24470,6.534302906010584
43380,1043,32.69899334842117
11510,31584,33.99191579208399
97876,48370,61.8329967314817
52594,9641,71.73522255639193
62408,7119,6.901730891384716
22663,7432,82.92557320552206
78249,9447,98.80262639780864
59930,21846,3.569071292690011
84545,4247,18.350287630938677
9233,42061,82.65614647322816
32763,40453,50.16879793364249
35881,18833,84.6293784481556
76776,16223,34.04263698813806
88295,22468,77.71366632820845
70992,33762,79.31867557433232
90782,8332,83.02030874760358
13762,25981,48.40392943688889
57235,16752,43.44589747254567
3153,38850,64.93673197539107
50434,40178,93.76431157563403
40378,34249,71.69604436337914
68011,15996,26.611079601884963
22322,25664,18.42596999026468
44907,43717,27.70541833576352
69137,11213,37.52520174015714
12301,42681,79.59268130153177
60050,23620,64.81626105989889
1151,1999,87.94435454671581
37429,23367,10.513861513289942
29778,2806,68.5753420297047
20253,29641,5.164548554747921
16898,12129,87.53738373337622
50929,21364,69.73966286176221
55172,41043,56.55995362817117
76500,7674,48.57784108608066
71192,18857,83.19320601943853
42997,37444,18.556545456801658
10061,32004,63.64720277628718
46769,26868,18.33830747588193
37815,14035,46.05933738849162
84559,3875,46.67276154462225
91277,16234,13.396644888551645
51948,15552,31.854663402609088
84582,23487,37.041063594958956
46851,17844,33.303141300413465
90200,49037,18.03654585327465
31611,35146,10.456329929927577
52770,25872,96.89423744305691
76336,4398,96.8112271111887
10021,34696,17.817100471247734
39553,45768,93.81623416974054
12336,24686,35.962116718989
53932,32543,39.8741900961011
59593,23780,28.16392215321532
98851,49595,83.75736582758041
2558,36215,51.29494754742298
6014,48160,88.96308899930472
55667,6474,38.914054701464245
29192,21640,93.3753089350836
79898,47254,83.48739377420124
19698,35337,94.22061189295142
99594,12592,1.8809152140890926
16629,31979,81.7469447507522
26210,44700,23.088980621420916
54066,23486,19.473350658128012
5860,17874,51.56231023198552
5905,13351,60.467288387287795
60049,4100,64.26611662364041
90195,10003,81.57745956107279
44334,35140,23.240430440825598
54958,35665,95.79782177315526
22485,49824,50.29519689025616
7455,26236,35.410675939852865
58586,568,2.6436660413626067
95223,27353,28.34260001966289
25044,40609,56.65131230402861
10673,17960,49.134745396715125
25034,18839,11.388071341137135
5092,49850,45.11685145180261
41597,49830,38.24624851944732
90328,7932,43.73906534339305
17889,14154,49.263067562940606
42303,17508,21.406589170738933
40131,2859,82.64588116617085
61706,5355,96.79093225450016
21100,3123,66.22106557225418
24398,5278,78.52259603716388
83346,17439,73.72804651711635
86234,11500,31.089996243121192
82665,310,38.52026390494001
95801,25247,78.48962024125433
75522,14655,52.83840236758262
55299,22959,43.463021483466804
93349,11714,80.55640374758794
42388,23380,31.183738256396985
26895,33753,70.25452556814928
89225,49561,74.00710478094432
86736,18155,10.487887109809119
42734,38157,39.688940484155296
52602,31966,62.92806804619153
11618,8772,53.6217525947937
23886,36421,3.3641048836469327
77264,8560,44.00374966589291
26738,6281,57.74509127670742
81317,37724,74.37017571532174
32346,11653,68.24694580659477
36488,16064,38.655550364964085
93710,27228,45.111148233787375
71026,36503,49.43101668076378
76892,22086,90.08276409290953
38092,40598,38.44250843628141
82546,17651,47.080189965357505
1227,13371,82.94298926887159
89898,31591,65.95564114171077
26029,30608,44.94229251656012
7150,26067,57.59709776817778
70271,29684,39.2934726355701
13704,22850,91.47384234849297
77671,19087,2.5293668388844823
59633,46008,23.800955025426784
45649,24647,80.36728091110939
29486,2427,72.933555721477
16947,46033,59.54038851683396
20924,12872,22.22812649339198
62584,30458,3.5906249361388074
79857,33588,26.19053844166457
18377,44999,71.92250552858158
31601,28611,25.90152729087355
55508,21897,57.66822704834015
93359,10624,69.61212711574726
83035,3820,32.56371561233682
61782,17070,94.94831102751903
36540,8335,32.336828830426725
27007,27300,50.31042641535388
95040,44733,86.54784205646769
27795,31291,47.08154332340208
58642,29061,14.468013420144974
74856,28912,69.27021746889241
14907,35749,52.01256547530879
32449,15994,78.11855228633391
79818,13021,63.26476434145706
83212,24180,83.89480996915879
21027,11138,76.69086982720327
79956,26215,38.269928585026996
42360,15300,53.0026181120021
67649,28765,31.313098802531506
96224,40893,11.283499525006086
19104,4062,8.044446951095065
78037,48009,28.85402545236225
69459,15748,64.70507670165648
3194,11143,52.78926716637757
52803,48741,38.507996280338425
14490,32366,43.88618379907293
5737,2316,81.93513686750156
59068,46706,32.609361467073
82728,19862,12.417049137652617
84825,21935,17.22970304215293
43832,24113,87.37120780468551
23983,20569,15.24866139346111
34986,11500,47.96743783094389
51758,21739,86.65221999201124
81331,3854,7.59847637422687
23463,10728,81.61669434517391
72486,35864,88.10891387801513
81747,32656,50.15337660971008
86398,17961,30.0767854739903
89090,49035,4.305485162210365
62725,35959,71.7982383179385
19217,30570,94.44847873152219
69777,1834,92.27311064455122
66500,1043,12.259520562142987
54508,46091,68.4791890617133
53988,14990,64.3020912653089
7340,43978,81.53563444086431
70689,26868,75.03865139588774
21906,46249,8.924269376673188
37043,32410,18.44502544512148
61459,41927,62.34436503117463
52960,45262,89.30448505414236
81428,48605,59.42007916441971
86144,7259,55.77187070248119
43197,48616,69.72644791555304
6793,11226,80.3097017127599
68201,22514,41.78204975741545
17563,29808,55.631025339226966
37631,21259,89.1870824309268
19411,30954,57.857549816359246
43618,34368,48.81455489043754
64687,3054,4.635642007867371
60886,31442,18.722651566270915
4401,20833,85.9070176750513
30673,5821,31.509247678842694
78476,15416,85.3327236272117
77134,37721,87.57475328346639
95745,1313,17.053302269881332
53845,15903,20.231373030757958
46727,20463,64.01885013716151
4372,6383,23.745660470268135
43323,11416,88.60630061450496
51867,28548,97.90976750726172
86647,25704,25.549340885801538
65121,2627,48.8211786668108
44408,5800,62.39076537772994
87828,7224,51.238994048673916
30918,41167,2.6070649349835913
98822,48932,68.89264547394419
11864,46995,59.28295264194065
88691,42502,85.06424437991603
15804,39631,96.5489893075928
2501,6310,13.891601329343036
49682,16333,62.96549252813017
90946,49169,3.632819538264945
4600,28632,77.75797056461127
25689,24391,56.07240842251605
45972,39760,81.30469170852281
90581,9941,2.717217467177037
73474,41271,35.43178706294199
22004,37421,52.786828314885916
46070,5077,49.85481930523387
1158,2928,79.48746584627858
42081,15922,6.381309129242718
17793,10900,62.67473062374102
71933,33504,23.577792463964474
54452,25146,27.542651182427917
75807,27963,63.23428757397623
6951,22107,11.156479550300473
70551,30975,37.29385618205849
70837,33568,89.75980059471823
79012,19767,45.52576899430004
91872,44196,72.48058277836924
31642,19467,9.516912951673945
18819,47536,87.31443893261813
2159,29309,62.177601678139034
25682,38523,16.337524858476577
12365,27381,69.13362813792732
72427,9549,30.249820105384853
47598,25896,92.75056272873499
97006,49104,85.13458586136531
22193,19412,47.5404000970101
21509,48002,3.6491045236912836
69201,7846,19.818510867379924
19031,18852,80.22703939361136
70157,23742,28.81503528575989
99848,4077,12.959948599984116
62454,21192,32.34214072880188
54691,21185,14.645217320145619
74377,16819,21.283668235558846
19312,34677,11.089503610867137
25864,22672,76.21725244962471
98280,16391,12.80388684856084
62212,47286,71.02460541964965
89359,43006,10.410062397731554
13818,17397,89.9366469294247
13319,34524,55.76938946833471
91336,49277,82.43957703641146
63683,207,7.787203674893748
22193,19596,96.41667508241324
32552,36790,31.187749887335677
33689,981,81.20940963186989
42304,14308,13.265793810163936
46903,15764,36.014282080323916
72630,43293,66.06607155507695
4090,12021,48.50341051934007
47460,36129,18.864096697755294
26747,18973,33.24715921226754
64682,12789,29.046566359669065
39030,36640,21.946975104378737
43894,31271,91.78666562360172
77570,24390,20.831435932025652
17248,28248,32.55562844366841
19756,47774,20.868300872430417
43747,891,15.567024469111422
85321,45662,5.355773971262039
11947,7824,12.821371879025866
15306,11973,73.89348690582291
42324,49072,17.488357198318305
20018,5980,89.81995618748104
32840,27796,32.03772069845762
92363,16550,60.66955827832491
36463,48410,5.543133808386768
34932,33779,10.170525043544345
26242,2438,92.3268888061262
74465,24180,56.03201380746018
27716,2866,88.24744485838339
54718,48310,79.51987405186277
50160,2866,48.912865167138655
64335,35818,93.10615883930821
55146,13152,42.17141046580369
20697,2334,5.169801181555265
90985,1992,22.72014287259931
65047,40284,21.855909313425183
62174,41259,69.74521913051251
12704,43828,27.808412837451105
96896,1289,26.83206537950859
16505,30626,27.549244151339337
74265,43001,94.01314624612323
45767,35666,91.82973916971005
67211,6861,98.40429699700769
47485,2181,94.01065555138702
71026,42748,63.28883608536532
41770,49929,14.302088519690411
17990,25594,84.0631007884258
40216,35335,81.8490468673119
68557,41679,60.97082809609283
82175,40662,45.651458995654
65495,3319,82.34606352760864
58931,7894,68.35238067492324
34742,27081,91.83213223038929
1484,48156,55.33516914914835
57669,16034,86.46922283092908
20252,2587,9.789417632953464
41621,2529,69.51090337865435
2214,14502,98.2023580921901
22071,41858,86.57923308369907
53109,7765,38.48509486177784
61920,27618,81.51400919500995
75756,12335,58.831405894193956
7501,24019,53.07100316816126
73614,29209,3.220770290296607
66316,34141,37.2646998231842
71033,1782,25.595658868987154
70877,49287,93.53563333627358
50119,34718,82.46060362132255
45048,8816,19.395674394308152
3781,33084,36.952245281521094
82490,35222,84.64525513435427
77594,3546,5.038881839513352
17952,45763,63.46704379943647
4383,45536,76.34394955097491
72261,33244,28.762258737252147
61823,7850,41.016198501451726
13542,9087,70.70541727640588
22625,4860,37.52753805582585
94958,47301,4.317389829155674
95124,9640,39.12235339902802
47468,6086,28.3568039328585
55719,49249,8.868230448532415
75181,36891,43.093144721876264
68002,19123,96.20201551967507
82146,19888,96.87040745584311
81192,37026,90.79718910994228
95957,41582,54.185256890500334
70162,45536,69.89084208564425
70223,31794,9.177425965406828
46801,19930,88.63375883185365
58759,26781,98.0795526872857
85545,31891,64.85311063841678
95979,33989,29.915791893933083
46447,29854,42.548754629799085
46538,13292,58.78008634569879
14985,39743,80.42902278455581
78306,23554,71.991815549286
81972,42355,34.64883172952711
49512,5525,39.77999866857325
10526,6781,12.738527164766719
1632,36327,65.79241952582906
3782,13824,22.94029861235626
30522,43599,13.444605872704024
33997,40984,97.2582141446704
6201,4389,25.906983603625353
32977,20010,36.59124099125804
18451,6804,92.57815533196742
74007,29887,38.77638005719147
4550,28490,35.730206067505506
1547,4410,98.23095851752001
78582,36063,17.822305918996395
43332,12228,46.286762686926025
45921,36721,44.08311592693001
25885,35921,5.486550498863593
89203,9741,83.50919261766185
93607,18426,74.0190709266469
54086,23973,23.781090375732667
37352,25508,3.957438449804372
62882,25827,8.284290201507728
95195,1502,72.3357017205318
35586,32521,64.44633421409014
34889,32535,22.857682671984612
10524,44769,2.1380020461871085
91205,34179,36.411804006527625
36914,17432,81.46976988443203
26426,41150,94.16078737279797
17928,43603,60.96191666516917
5265,45796,50.7203457987359
69134,34546,64.37891361339402
65454,29964,8.737806538710664
81504,29554,27.154142248936306
37599,45906,19.491857196440492
41226,14535,16.31147229292442
92008,25194,8.223116146937034
69839,5635,42.21350376368761
14659,15689,38.95240608868018
23020,40439,92.84307388259619
69148,18724,53.084586115762534
68922,32837,63.786000806997116
14903,8220,72.59556731545554
31618,40775,55.42608729622006
59089,48281,26.606383644765675
96596,37722,47.183460556614484
34053,45768,62.287710528946796
6742,2252,39.46092830850024
47150,47182,90.33318105620103
50625,19262,42.749706042259625
80004,49371,26.218781033264495
28602,29816,26.15254935251269
27942,8458,59.24184643543536
62729,3296,70.12218873772962
21988,35881,67.56699225553027
81163,28103,96.805585397424
76990,35692,49.4036689374646
92735,34372,54.40064441602261
36504,39778,63.83558440211836
11939,21303,33.2941954327616
15307,38613,25.901988904331354
36635,4750,56.536806199198985
9428,23296,32.55689526841466
38161,36662,11.696109187686876
77768,25061,98.33771693200093
62952,159,33.82147470764176
99596,24030,10.967974788591196
36759,32948,76.78357123515275
51351,14851,63.20322958107285
33666,14501,62.418121755413594
67680,3257,16.5342984298954
81155,2784,40.54776523758243
17513,17403,85.93038374195254
16488,49628,21.158119251004745
91149,43454,92.4240418611986
18461,5521,1.4501216084878112
89576,7529,95.35560359488312
62614,28291,63.80973278031995
13136,34214,36.1015458552081
46233,24373,2.223990500303014
99425,5460,17.07232372978728
98543,11526,78.09787524921921
27685,6340,43.493233361379524
76085,37352,90.9358670555941
24815,39017,12.75813415939831
65226,13173,92.02142552050105
91361,29628,10.012111784511571
20661,34593,77.37893319011356
15259,43570,40.151578276521114
8017,42894,48.96503267017181
10344,28439,94.42512111215626
23729,16309,39.00357090065458
53339,42781,67.49102654481315
22823,10714,56.813573852188156
47560,9012,3.751212048673527
81254,31921,38.47648497610602
45528,38521,3.8669580227337077
23367,5777,30.578335333263357
39278,36543,41.81643230677639
3690,31173,27.589033109431135
34886,43919,93.28676265675523
15768,10046,90.02979805521116
21489,22443,46.975856162996806
13136,29684,60.54182715883994
66696,31909,75.59797186673835
30705,18825,6.930060286876021
1174,4658,33.36987139510579
74597,26483,9.800469412216572
18991,17268,47.033845067230935
24937,4054,91.91206603014602
28381,3156,46.567116856785766
24331,13314,74.12598696458697
20765,24796,86.92030484811798
9932,35529,23.427991152618663
24067,24122,8.00589746611069
87270,32661,93.63451663452285
96175,11063,6.40123402257392
62024,17051,55.06720757523174
93684,25605,42.46641346709581
45976,14953,60.556432767964296
24671,31889,48.167654741700126
34051,27891,53.743651227587
68876,17288,43.41415531161232
7148,31622,27.816926449372204
72596,40240,81.63151431655535
83029,12275,56.82321390225705
94573,13772,84.44281684228619
60547,5926,49.58761375705923
24013,24311,42.41595187849089
52201,46102,69.7979830912037
18534,32768,66.08977737492422
47959,19742,47.74461071511095
83166,29050,29.83705869793849
37222,20242,42.77622549792696
25624,9420,20.67214457078054
6850,8945,95.29212178114969
99527,18504,15.91600992298758
54477,34645,54.75494701378456
66145,31769,73.38105012716419
42453,10776,22.965724732127814
39100,25946,63.453762113005546
46029,1872,20.83294631000156
3622,3089,7.96683673594578
84665,1234,84.70354646697878
85106,20096,1.085052664563105
12849,23975,68.84017457944886
17772,30147,32.02490687122894
62485,13943,96.8134799598781
67496,20046,16.82140061702045
99655,43054,57.79589565015811
92234,41879,57.89237469021226
50295,11559,36.099862391893794
32365,47549,17.8282132953661
61774,12878,54.00709491576917
9094,3491,51.24463900967285
85901,8254,61.15153108157616
35229,32615,88.91256559897067
91823,31387,93.7557017139476
71236,13410,93.57040566348817
47196,10925,62.21580564154041
63655,6907,58.41548836460742
14117,21412,70.32364777037489
43358,3971,63.17466510922544
30824,36058,60.84190973924441
37117,5807,60.90903664544818
60430,12742,6.475522286495577
45571,16062,94.56056584618595
35223,23689,22.03798177032193
16464,45019,88.34170249544697
32457,5554,80.31726246684389
69977,2914,54.63676669398866
1823,26513,38.35280714255949
66083,3554,34.634051567650886
28812,34349,74.20861872489657
29828,32325,27.406356176913295
92106,46301,33.8690338853136
45249,33508,84.04697573440457
87602,22973,84.98904397017739
34739,33745,71.90018132232026
2633,45374,44.919644059302605
53349,13659,42.3092079812201
18033,6597,28.393500597969783
30044,48866,61.5495543622417
25430,4016,73.49900715821116
4414,32518,14.729867148824207
62841,35324,34.66290900326326
98402,32970,79.10946795023177
34331,32981,12.877266306543486
54233,41562,44.29516217608422
35726,41626,85.26710989489752
48000,19053,10.616207361422552
1971,8808,86.55416607323824
79638,40289,32.601815120291675
62768,38640,77.40480524124389
46593,48645,39.602643236662395
60641,4922,71.7283372627986
60052,20596,92.72636608687559
36815,2363,15.222174499458859
85312,46556,34.097870007857296
32724,26006,73.03943205828463
16213,19945,22.342071927467778
27833,27006,14.00734886729501
45041,11217,48.09976829433811
15761,46557,8.025599096661281
71660,49684,2.823578244201572
55899,23588,15.049333345004333
5329,45682,80.36901065236867
50047,14938,42.80632457356383
67260,28561,42.086749814890176
61985,45136,10.361684354662795
36876,22949,9.656068744690977
33880,12612,61.63229852765254
74958,38098,76.17504464236839
30574,40677,30.371070259279485
53064,49002,79.58828533040045
45057,19996,62.74811572372155
91535,14229,62.03239285528338
66672,28496,73.52871548704876
92518,28067,6.49284395603254
4791,1859,55.871151718849696
86346,34066,68.84239149415839
89971,24670,96.89652231478823
40889,5684,77.76776640986614
66489,1231,25.753587862506535
90159,18241,81.99468655251665
36849,5654,22.484307671283478
60478,13301,80.25048101874384
61435,45832,89.08117293992122
13021,14968,52.72464640270754
87446,3002,53.42765003869747
72692,27471,73.81741280603376
36974,5200,64.72996980056925
24570,22337,80.5923402409136
70306,46160,19.35652540822985
21266,18444,13.098007374488395
55877,33719,70.68484475554655
67997,19277,98.00462448573208
22179,24383,41.74080702884904
16037,2304,43.33841407322792
27650,35467,31.137803762675066
37202,26105,14.179595141447338
86669,7883,17.57882134079324
60125,44944,35.53472408083529
5608,29920,54.98179055136013
31842,42227,79.85850872686669
96580,26071,67.50517679941605
8130,41366,96.49265513951597
8870,24387,77.88788410552255
10112,455,47.16180513006108
23346,38545,32.998400208173734
27294,8200,12.955562166464468
92209,27414,59.6835691283204
44927,11254,33.158400106091435
13672,11218,94.39083186115143
31828,29433,43.29841844017808
65050,12534,89.64089240907359
68745,27370,69.63399696055414
43006,17261,53.586162268135965
98142,34039,66.45891233446321
22267,9469,94.55626857489086
93265,22950,42.90245159167466
29078,36960,76.37358921863992
24122,20889,29.046815676977907
35707,28251,58.92791666757921
82268,27919,43.50386799727631
53101,30768,71.75716779093182
45687,11051,36.2800671728218
27009,27808,70.8432870693413
99000,27234,86.94162246179671
33415,5445,6.046585908258964
90921,42680,10.20142836784353
89776,22193,57.517363642313434
74757,28324,17.962797885716338
35239,21005,95.16808828265742
67720,4955,49.804675764608625
27809,35499,76.23574709294012
76088,39605,67.81992638458567
83609,39940,65.47101175290662
38967,47281,72.1075194459093
49583,37118,70.83136226675337
6040,46513,22.454699295527014
49893,39394,70.64956027481624
11764,35814,59.76574167528149
95069,19029,17.161871573309487
4651,45608,10.989011510189554
24130,21946,95.08149339589126
45364,2421,17.435235800122214
88993,14756,78.42878535980397
58155,20124,37.638314138660434
26665,41035,70.38025283887504
9535,48179,65.06929247038215
67761,49001,77.93370126379321
42738,9610,55.66241151757655
30077,22300,65.64720994337539
47857,32326,23.444999967196043
58556,15956,13.27575799835017
26261,37827,33.81229913879486
10928,8171,20.3694882707738
99222,8307,95.58966534561596
74929,38941,34.95376913158733
21719,26396,62.47916024689991
65820,27122,94.36514938231761
56890,35578,18.666076601620862
24477,36631,36.839093771906086
76593,33385,19.44760864014635
53933,26339,58.31807313126387
79683,513,33.68000719418197
73617,24331,1.6998227545512177
96251,33583,49.693276537043175
3246,39127,79.56360878609792
38302,45652,38.330479811498776
56648,32919,98.24603133511805
26632,8858,14.36636166266567
73995,14823,6.885163118631745
72351,5814,30.886243712629955
64952,42188,62.93625390173327
37393,11263,49.83851470818181
34594,41789,24.590258221042358
35780,38438,55.094487777816255
90463,8139,76.35959190922685
30725,3495,57.4105462593303
33394,29418,25.070600439920632
4143,45551,76.56994465533401
20818,7865,23.51838176589375
85285,36914,19.40544566068695
58544,31112,74.6085383716169
45143,43729,67.34295984980321
77077,4835,66.55428404670856
29212,32103,60.62842491444299
81240,39472,92.13290450349913
21002,5876,70.2735692434898
46440,48088,63.555285615085836
73455,9949,48.40838461508397
26097,9445,24.088424552175912
76074,12848,79.66220533517819
55209,9779,49.21682838300175
47894,43463,11.374175333058473
96682,33538,94.51222049870118
84902,10701,75.2225802451384
99447,8889,66.04568897925706
61485,49692,38.69479356854869
12272,16799,6.858282693685024
71843,23885,47.84713512487019
94699,16308,2.259523884604712
59961,36833,36.00630988061027
70921,8112,11.31713767270313
2810,31610,95.19478840000052
69620,25716,51.75335086608318
10505,6585,51.087388140766684
82406,16952,89.25547477516928
7303,31141,86.83596175060974
65570,23156,91.5912486090123
5633,44358,31.42027946713995
97239,19690,51.42493430593708
65055,17844,38.406068036660365
98541,37512,46.311149102432466
16345,36512,85.97372746924405
93564,49715,58.4686452772685
53269,46623,73.06816205356259
90808,39526,12.381745061744894
14326,17469,38.662519453121575
43854,48667,12.527767120102803
75924,29221,34.34543711079642
92006,4120,54.389236748030754
10441,25400,68.04016285869524
45171,14420,49.49775755876175
28969,25988,77.03800174389531
29477,36610,22.743717985000007
15715,4335,94.08026056484434
91726,8374,65.23207989312183
77924,15806,47.70255937531648
92472,36182,37.7774230827073
13646,22831,83.09406101927131
37500,22506,91.92327655816634
44068,35058,87.97739636944314
82529,7092,28.322592763415752
95278,27337,56.381689565585
58550,32539,44.64308649304633
68117,37435,88.6935941304929
12580,13715,32.75461170396356
33026,28147,46.675731345188886
23373,24869,78.47408900925053
14326,25063,81.02312718834351
87480,5570,62.271246632037894
1628,48277,97.66871637103002
83522,6185,22.00813168909706
49772,20338,59.39150247727111
26433,49197,26.26949953318127
70216,12035,79.9974823598913
70119,15575,98.17264718072248
13489,38573,88.9361978344117
77214,27921,70.54209867637456
66072,16944,14.270412144671985
90007,16291,29.6562292896587
92516,15102,88.1097609634304
72369,13861,81.97671987590405
84770,10045,3.303899142917091
7937,24702,25.09321306808118
86351,24906,84.22184512617616
66554,7562,10.728522457604235
62181,10839,54.74396179528386
13392,15466,10.206840308763748
49896,41032,84.3433572804517
9069,6584,95.79609736933996
47550,41435,8.938053809792834
85610,40578,52.361629002822134
93872,13171,59.41740687299202
69006,39147,29.745034457744453
22954,41540,98.53490968566315
85287,3314,71.96712445174315
21673,39872,46.6429482368508
32526,26703,97.41450034868122
75242,43582,22.403845879397007
14989,42624,37.00450951263408
88692,34143,15.23434673878255
30995,7858,63.67541714716369
60002,27491,70.4772904609947
70816,4325,19.179971118181914
97315,29979,58.586687261595536
57374,26233,79.75342966861915
6341,29950,30.42851055790832
28543,36210,92.02758799424167
16603,5925,42.463571700443325
36720,26561,76.10320449998062
9784,14726,70.10535862355876
21836,36068,78.43929260197704
68275,21590,62.210971861054645
19859,23809,3.0564393391676425
46286,32356,70.45403322733812
54012,9956,22.851448803348603
30670,40253,94.18544126666971
11507,30342,77.59749343936639
28780,38933,71.50780615033374
8188,23672,11.42257825316784
67546,11902,54.425178563856875
4333,1495,84.15922946366071
39382,4366,80.6283414946727
11913,13312,26.19877868787879
65023,4567,22.56654085262854
71049,33932,13.477848206546856
89945,47040,19.454138416724756
60006,2288,84.99496375361713
86991,8681,16.053564683820206
16325,1953,29.6393137593101
55378,5773,45.024012657288054
36611,37969,75.66250467660393
11704,9569,91.28804756729794
53164,1101,83.92233006271306
68748,30347,50.96981091720024
74784,18689,37.41197593656698
38405,19280,30.266071209093948
62656,17575,73.61403670465688
88874,4959,80.35712293105742
27437,49017,13.998702496360167
10614,48675,58.0009052232607
81197,20371,29.778764549244535
21695,45004,87.11451650018476
89536,26385,30.61974930669268
32973,39661,94.76425302318476
87578,9371,98.6267982497062
52674,47304,16.764218107024323
72547,14404,22.3475667938163
86892,3861,14.608453681221777
77513,6686,18.76703870636574
11273,1746,85.79000903187705
89327,40590,48.684017917103326
24421,389,25.419730564682656
57221,1407,49.14256992746498
19628,14742,54.62640356137592
11643,28481,84.03953738399385
42848,40741,29.16543659113298
39693,16158,26.1765269497617
26570,25595,32.28116776771299
79852,6162,2.710202370822785
98057,6206,49.3084400840926
35128,20871,58.37455151185194
68066,13783,22.76709767254735
37319,14865,86.8076425432835
66240,3430,55.93963420856104
39420,1401,11.204359863208635
20582,8836,95.45965590491764
68772,23752,50.65501478805513
13020,33799,9.488340011077776
94264,22194,15.6184937751066
82528,344,5.536154730059666
76548,7687,48.45738181382258
17994,12523,3.6957224432509657
38717,38567,25.837048760264683
38355,21611,15.125871043076497
44736,29508,68.07473425055886
82734,36457,87.84982693414703
60424,37318,29.72362372827567
73388,47773,16.604081350910803
73846,5637,34.220097873698265
96348,49362,32.13363213998088
35379,19452,78.15413323491522
38317,15584,24.80313452680571
1533,4112,12.259304186023249
46531,46129,39.02079053879815
35440,32769,81.93836640177898
38725,20772,81.97083783263666
20141,4194,41.71650659990327
72544,27581,19.50431446080591
29717,43847,86.92931062027573
21931,48810,92.1877457053028
32264,14363,29.463740555709045
32583,24695,57.76353226667526
55121,7237,44.8016858052814
57488,32416,90.50514393709548
75562,25062,92.28461170955727
57940,3559,38.29204542724342
16180,11770,53.31620122637216
21628,9240,12.033657126983773
41593,38299,71.00399498436168
53349,28797,95.59060419312455
48094,31852,35.4328820360376
49533,27591,85.25334078039155
13887,10479,66.96526742110437
94502,37014,63.21511176691796
26107,23355,53.46388441147665
97205,18474,58.86747204633679
35566,25372,95.97986797901162
74567,17375,87.54353248905116
5875,22014,80.03101097425429
64604,19433,1.9525834103385808
43668,45502,75.1612877598874
34260,1611,58.87280563388186
76756,25402,51.67766325192972
7646,34650,93.74810998585576
7938,27292,6.2775838601658105
34690,2035,2.237010083004245
4061,27398,34.83778527305679
24824,37294,31.283456794316265
5788,13824,84.68697849821925
81356,5631,58.663078556411286
20275,21214,34.72753370888252
42425,45290,59.220583854456535
48040,25272,95.92397191598502
38312,10104,61.71095899505493
28263,1217,80.43742601386982
22806,19777,72.14356765613587
80772,5778,4.121649363666255
52980,31009,57.315241920458284
45336,10201,27.8951359490762
19112,26498,42.994666361310514
42415,6941,85.58824265146119
65834,30526,88.73073640481022
65531,46490,72.00659422472383
14510,9140,8.357185457830287
61959,1918,75.94824207459087
57480,37116,26.67216605416193
40088,19494,1.75317273993967
67388,47044,40.92119388374496
98117,44404,70.66535535676579
77404,38695,7.6883793738097435
18696,31105,77.27500375549207
2283,2686,52.31155927778042
40327,10311,86.85364870502373
32052,21004,18.915365094449612
25098,22733,32.20252467169925
21299,49718,68.55504912661222
18124,25390,92.37211144647407
39464,47070,6.5042154285355736
78178,24439,41.23630488210629
60531,46349,22.210209079198037
37937,39755,26.617887853986957
13150,33593,10.706238514888405
2509,8873,61.90057098657552
23952,23935,66.39656782116235
43754,25697,79.66409700961994
35068,40466,9.691399668024172
34827,3342,22.19529365422832
53603,7619,71.47501626016812
6464,12211,40.15572654666821
92555,44425,72.93023042691884
62345,44506,52.54149706271655
38942,31840,93.85536543687516
79069,4005,35.48672826415525
38086,31821,94.60496943148986
81050,44986,9.28304118853045
4415,39187,15.498366072549853
46141,33060,33.37652711517963
38729,7229,87.95696877170138
69013,35500,34.53190194114308
42787,1029,77.7153369183726
31658,32753,14.36915696179705
57858,28340,79.84191423272048
14660,38193,30.85609692940847
76927,28600,45.56758933084483
57613,30908,66.41626950025316
51224,29013,1.3432503602572137
83319,38638,69.35894271761981
17843,24150,1.947760485601692
71072,36320,17.68848880249551
30395,40518,43.326117057855996
71308,23464,13.09255853834252
9359,31748,56.282744218573235
99557,22779,15.026082879946836
27980,49897,60.5543331357315
63383,19532,86.18697128769614
20310,3619,89.12115564898544
86324,5502,67.1567774115656
88470,2297,82.54092213990734
3516,33414,14.118136589379205
90798,12564,75.17898034014551
48805,3694,21.05161514887474
98619,37996,71.17771456551749
37115,37502,35.3787702187945
23895,14522,95.02874839232896
85737,14526,41.49885685915346
33204,39365,17.464614178639422
6715,43947,66.48702519484958
84910,38342,79.46253278894321
44892,20273,8.485277519608848
18296,41529,59.752144775056266
79471,8417,8.894025321424506
63557,20209,80.6533768131539
20403,10986,14.747807195076774
78646,10883,78.74805489019401
10183,41790,25.083079715211504
61899,34833,74.25049003698989
8935,36624,89.06613041218148
35371,20051,92.80150372006676
71690,32979,20.580888902813935
68585,14159,16.68873616834434
71258,17969,62.21034311282557
44405,42860,78.8456557088562
90110,38409,36.92423452795682
94282,39820,40.774680119376846
90107,22865,93.28665091750128
29445,29580,48.55813404026918
99358,22157,48.0133992691403
37078,18076,91.54908623673926
64429,41795,24.02524791741257
67400,17603,20.773934172154597
96062,9853,82.88429880378038
97880,46574,52.69093820069293
92558,5766,94.70982636824492
21216,32259,48.197467733272084
86396,1254,81.9783728511305
68555,32778,46.36082792118941
34833,35413,28.855320351337056
39841,24923,8.966427603392132
38003,31458,57.157881203444276
38533,13002,15.132041796998498
84876,32596,14.338824217839928
56774,25426,79.05640336153296
62629,20672,46.62717034335004
35720,15535,56.81976181971146
2071,23886,60.60303803987702
81108,49482,86.70320625947838
7527,22720,87.88994826044281
18009,32346,10.173457596853602
48148,12132,91.49260357199586
70621,27163,60.08792262167645
66086,9897,42.51540347077402
23010,14540,13.9749515206089
16029,25447,14.103405246568556
66255,39151,40.26781804159422
37496,2219,74.58462933944281
33569,37977,71.04634217609802
32695,38191,46.12839305358955
7547,18562,46.60197921685918
14817,48542,55.16351068077322
16963,42452,16.346610141444984
73931,3206,18.47903372222255
8432,13621,24.56349856645495
86425,27713,57.46175722605219
83832,45682,85.16611646356723
48178,24848,7.116530829611835
21871,26968,30.832598254429588
30253,4115,54.02194398619794
33428,285,58.645340087105325
98632,5748,66.97655418614703
14952,40474,22.999214179864257
53614,34033,10.411669094580766
87934,35894,40.88229656268316
90586,28091,62.67124405706467
13959,30062,13.941625082017431
29673,2703,89.77329209401682
74338,8442,88.79621536057282
97711,43313,43.45711928371805
18308,11941,77.12360486334603
22386,38957,81.48246554683934
56351,35882,83.21565001963492
1394,24390,46.910302134330436
82197,23747,4.040431695410055
5844,15220,51.88898893717379
22847,34847,29.318346415630337
53196,21818,53.029926331084106
11901,22212,68.64767433103798
12245,3033,38.943142462667105
69469,26756,87.68013151078908
37900,34646,18.01692058835731
50736,32135,98.98144386041908
37464,15333,32.41134259892918
64315,2296,85.01649984349002
60387,804,34.479926530108195
90956,7398,33.494134657213976
78274,9346,16.81627814214542
33196,1165,73.97077499171293
18993,49273,42.82179606746107
13513,44599,92.44134465161787
22435,39789,27.31754139094573
11804,4863,49.75137886091806
89380,7723,78.17103410269387
32119,43900,79.89523671681651
34295,42418,50.248963055680086
26500,31651,38.75746533342514
96776,25394,19.394587355682702
29821,20876,72.85113962620592
98988,17698,94.5884449942409
79348,32280,93.34212640455256
69712,3592,8.02117289526812
6186,20907,65.00239593122024
39452,4145,41.50126909675902
39372,10804,60.9852937909593
20806,41976,40.230720895992505
50698,37525,31.145803278874386
86194,37562,40.754881884378335
68275,5062,57.13263453857968
94993,43329,38.28309069369678
48856,11232,83.80030945649182
19119,3647,37.24863295252557
83606,37360,23.15410240647977
38703,15460,80.78392283223529
82564,40120,11.373029762306478
69238,3662,4.8608821167579
86306,16975,26.03383115801586
74954,21996,63.95236727149831
99480,29354,62.667203067071256
34806,37763,96.80801879210907
7604,33513,76.50875610038554
68032,23922,58.92580769093921
1879,49914,70.2403576458659
90736,6197,34.12960718022442
99700,27544,50.509877211153
40477,37574,23.92049134845568
91582,9538,62.250909324447925
63705,41434,18.8769260329153
79156,46326,81.70271207268314
45769,17825,31.930798306646608
8574,12490,89.45151486716485
2960,25302,74.90759498762732
99278,30033,73.28498397144986
95112,49545,14.248729196293926
48864,14255,41.43507835958596
27473,22019,46.138238231105625
87584,14460,35.345459160768335
77255,15841,50.46045669488386
52423,16112,97.34583949767183
12597,18613,77.34302508103593
39280,480,4.3442374350866215
6140,18416,69.55844903953792
77987,11101,14.908218000646531
72707,39099,20.23834164504478
28380,40430,39.005907113613475
12451,4002,57.85414851561691
25915,4852,9.24960468743394
20816,16264,55.66224376596173
99646,1095,5.2836605510009225
77044,36347,49.53836019837023
75873,37264,75.06296700356275
97252,10744,61.352277407897745
15360,45061,83.12040153860805
36315,46486,31.563318194032824
54109,31441,80.8535877059393
64906,35774,27.850247552548076
79287,16780,72.13804867467515
87148,9214,63.77774098915776
86208,46688,57.061709606065236
26813,44008,80.36014219088617
45827,42159,56.578096775521594
61696,35017,68.52402091782257
23543,36908,73.29667737086376
37540,15602,35.67096458739194
46861,40921,11.604595943702924
59132,49886,95.91048087057116
54984,32018,28.81704639943606
76379,14758,88.10534408246637
43759,17086,91.2249798062951
41042,26934,76.04690014251182
50358,28874,86.41908207857934
96985,11686,82.88843868371339
99280,25318,30.73220390596447
58291,151,16.495549549376097
96168,8599,22.106872389626755
95839,49864,90.43892290525207
53072,33341,82.32566987718289
52048,20570,82.50540620041001
26146,35360,30.69114991133225
36296,49975,42.11645877238356
51724,36733,59.324624639548496
25849,43188,23.038712520385676
40320,47087,78.47546643696373
52995,38294,50.73895833075575
49107,49413,92.44951985852254
39635,4570,17.381772799032976
64215,42776,23.51327085744557
94551,23638,28.09922510740602
76279,14641,85.07107985705917
31670,32601,64.80880339480113
89125,47504,26.817098159353783
91344,14577,49.724908020314935
24865,5565,7.270843471668575
79144,29602,1.6362670318369699
1320,18736,31.260937796722597
92625,4313,11.000891960519404
79333,8106,7.7903894980799215
11249,26603,88.23642820508319
62554,6815,92.01508019431327
19115,36233,3.74322477508664
44881,32345,19.481434910890158
10454,42061,8.138524090955924
94139,47889,29.640409303971797
18406,28493,81.01134398459666
22560,35216,21.509122325388248
54376,42724,41.48574046543577
58479,47377,25.715041896663074
69097,10433,89.35233935454718
37255,7781,54.5540565270427
73637,35468,74.64571572119965
83445,48946,12.73018424584272
67279,18304,46.259368492630436
24003,14409,71.96885322235524
58289,14334,82.86406237164947
97385,47472,32.8655858872077
97893,48962,50.18951582630442
33050,13549,19.111062145562958
41920,22639,3.402863190222476
66958,35251,65.05267945818063
37548,48024,55.51543387795184
52975,40007,25.055862268335876
40435,9655,83.6962910791446
93595,39920,46.948212258276705
83771,21565,34.35656218974484
19785,48084,14.757514573927692
6778,20171,98.20915626341642
12189,29480,84.95315370454723
68351,18229,70.67910525012185
11479,24627,13.524757613086754
41498,44479,89.73362954223586
72020,42119,61.77583891729152
87983,11279,82.12570527386707
61671,2448,34.29787673785442
37050,6398,25.23816316299101
30101,35979,60.59596197801165
41172,41716,4.535604029051854
4300,40011,84.89857998026868
90442,8635,21.759106312250385
62222,20834,61.210628461306676
93779,24535,50.73226403569607
80873,1884,35.42098829234574
47253,5642,44.95209639409644
65051,35183,58.50891598019907
44059,45482,40.43751487976482
89945,45711,59.745843758906645
21725,47611,74.8482672353794
3263,10955,74.01353988979396
39662,32920,22.105014599110664
74013,5758,50.6828013862642
2893,43241,31.396657645156676
76499,6147,58.13891095499115
50496,19906,81.32433976339202
94452,24988,35.560082492032386
25014,18677,16.200928925997097
77684,10499,19.392542333184483
15851,4959,83.13907078493011
96938,41944,72.03963172980868
62778,48491,72.7340604695737
3749,28145,53.99011796927371
92542,17623,90.25994089471818
50295,33193,60.39203315139795
51713,23759,71.8330885952907
52001,27598,85.47440964064667
71841,14041,92.63773361787797
17619,15132,76.26667921777307
9191,25104,73.73161160857485
97665,36852,64.78913374361801
71584,3164,48.44697976000638
22034,46186,65.765014978162
69788,16305,84.13513437219412
85879,25841,86.28257310865622
83399,33501,45.342973088027
31369,30775,50.03623305927487
97018,38055,72.60204654745931
49759,1562,29.154647741832875
71439,2636,49.23281170840498
92113,12380,77.96508447733923
39701,23056,13.618521086971356
94563,40901,41.07313070618538
12102,39813,69.02803100627372
44203,41573,65.56011706765904
52017,21398,74.02309678275492
75081,24401,38.12506751919797
78131,16672,90.92379547964981
43780,42977,35.999346273005
92445,31474,30.94389225236205
98201,27514,25.533068267151776
48523,13391,77.23170932942965
38697,18549,60.91144361356806
37466,25415,61.25488568397085
22347,4882,57.225583510173934
8275,5101,79.30938068121344
32183,18671,24.77677697493953
18746,2602,6.834412952792747
31675,3250,57.21004521593469
57519,9813,15.060822956509394
97980,42948,64.50915397188703
65226,30782,7.430399430573754
65982,2609,53.071691814069766
58196,32861,32.646850332558515
32731,7548,8.410904951365604
41971,9744,39.34760897418974
50086,13676,83.37217975247823
37394,21381,32.883030522878265
22134,14025,90.39012757181219
25575,25768,53.774546837920944
45844,42701,92.75840124173978
21005,13228,43.66270043158533
81629,38517,27.581935542004405
12533,21856,23.98356408726312
10540,48299,41.3654321095483
6686,16772,6.523868351487359
97862,34509,10.156937561695024
73044,35217,75.64836653345566
71657,30005,58.86818922883119
41951,1314,87.06497072568459
9313,2426,28.28106279857717
53721,28482,31.18623148832741
72153,3430,73.32000933072838
5956,10332,91.31705150113655
9498,38154,8.995122947919413
41654,6573,49.6829906790405
96671,32671,17.0892044287291
87066,21519,2.0916266489228885
79200,35568,3.941743102065236
79819,2895,51.74505197447894
27392,10846,20.207929166594894
58062,47530,48.17762525348989
95002,12648,66.88048275725299
69636,21119,95.67489423268475
61084,14572,82.85656344052953
54154,20046,30.997221464744438
29554,14855,1.9762076131788344
50056,32561,11.760312538172236
98412,4417,14.655447023973256
78711,33138,61.1069491940962
80361,9094,52.31254073025748
45466,28759,91.75323869313407
25750,25797,21.76680926584721
73909,26610,33.074773918622284
15065,14105,12.21610358706247
69184,36914,45.7702694658325
84687,14292,43.590640287646316
1010,46467,13.608990033999799
64256,21783,83.5932739843402
97467,3960,76.98406658170974
7859,24139,93.03387427727098
4232,30081,48.71924351826588
67143,25537,87.47686442955583
29318,28595,7.694171531232946
18680,34794,17.28257400870391
38159,36516,51.11371726133958
48106,25769,79.22603258491333
81925,25373,3.7692545306977268
85837,8629,90.36433273492275
32736,13687,26.74071741931954
68525,20038,15.883222791748212
62849,28893,4.881400992501943
22032,18586,47.82138492202076
2937,42943,65.03061250292568
45906,15880,10.605323090395116
55184,29674,69.82691056207727
72358,8376,16.527720771135748
36625,16290,68.4329024618914
25495,536,23.935402984732267
57069,43499,13.793992038572071
5963,39240,85.7576937784074
3552,30698,68.37309403941066
9380,36849,25.26576899914409
55248,462,35.72734683504658
47328,29657,69.2467317569949
31309,3161,34.9444114107392
75158,40270,11.042820843307185
37303,22662,52.129288824608146
61356,9918,95.1655661215187
35585,12418,91.9408440157456
54354,35748,20.05315209112109
19090,34710,49.81024226090713
68816,17597,66.10922422622588
64484,24605,94.83680032154881
65161,47561,23.022647290233813
40796,29908,69.10758383768557
24365,38764,93.05490488966218
35878,8578,35.06667950750838
79315,11909,23.389486805070504
20823,9897,74.88918868539032
45037,19163,94.83511842377138
44387,29773,29.744725096431697
69479,43357,24.785214076693368
7936,37769,12.927023004119189
53784,12113,70.88574400204844
7837,20317,1.554124130778397
24535,5336,7.1313441326561
63603,5501,39.46093150266806
77619,2002,37.27848490310326
29813,41344,54.02424675265367
58335,44348,38.01379245314706
34306,49771,9.501662486722392
8618,49213,30.42669750780417
54483,3542,72.12728832833317
48288,11966,16.45836004665918
78531,23206,55.46619158509706
88977,27889,32.45425779593665
36260,15393,6.154850506254047
22002,16050,19.36533645698066
27473,22976,30.897632907840322
85273,5477,97.71639351165625
83428,24997,52.78635303527723
33866,18129,72.45927066828345
76118,48901,4.560803995516585
46507,48389,16.863534371139224
52663,22253,16.843842415475883
39897,48246,92.45860018557786
90695,15214,92.36579104983265
37822,16167,69.31650163518673
47030,32303,89.01500205967825
27001,49701,2.1996682800636345
48834,43867,79.44067991264589
27965,41460,59.25301657521111
12938,11874,76.64704895551712
63390,10466,13.28346892563404
5818,21821,21.258507989322556
38943,45685,70.22242450243422
42280,29375,6.817965066701522
26452,13016,12.850300034733616
55361,17995,4.868685641198031
30507,39779,53.270127372309936
30109,21117,90.73797152876335
22921,48515,75.9296461106901
79085,19693,81.02858325067328
1419,26813,42.61585709531478
48034,30080,24.750154271488086
12433,30496,52.26439783398238
98592,1697,7.087420528387465
85549,38454,48.0285835972233
39871,26967,45.658989439433775
64546,29244,38.96812691279407
46531,2355,2.7952610937210185
52167,40797,78.30252573103239
7003,18825,81.54182617752514
58451,9809,9.681874336733975
48810,42418,32.172396593767495
3541,45746,14.523065429914476
10238,31483,36.14794114146654
77149,26090,41.09373728412869
13639,42241,67.5286083722434
8900,6203,26.21389507551587
77881,29655,19.729689217784667
89623,11260,41.312032311340886
51061,5354,30.313833528106983
34434,22071,62.17487124009506
9245,1067,10.512446391225595
68693,47892,36.81332973227715
20576,45327,27.51379542875557
23575,31183,91.91623000281848
15007,1993,70.54180554296624
46280,15014,76.22500316649092
37827,23433,37.15205396101312
64574,17066,30.04549618659738
62950,18477,36.62299707595762
58968,17814,37.756009506951905
91234,22471,23.363511816694338
10182,10169,88.60372152351937
28118,3186,28.949006757988016
54285,13626,84.09688899767157
8824,33545,69.32329066144464
18885,38999,96.26751978659301
46858,4082,90.22039423105147
73195,28615,23.549944259609106
46020,5595,93.37322391487156
87952,45893,66.6673787830752
94074,23843,81.7239839805999
91057,17844,75.20137617209434
72723,47625,34.43151362722785
65996,41294,89.70673415950543
28376,11049,89.2433152190641
51360,5752,29.40160267832458
78237,4538,39.55211519629635
73049,31524,1.8328749060446485
15145,27106,49.33148558780121
6903,260,10.39457242775536
71629,17647,33.55874710071252
82463,3117,6.319753908964988
86721,23701,86.07615153162745
77095,41184,91.98215240525904
90541,10019,2.3605032679007723
18041,8825,50.072885566965915
88446,20167,82.06251103149425
84184,4399,45.50657601970932
66742,11107,30.106589875439205
34116,22281,82.18704643634875
61393,34922,29.786530328640623
18335,3180,94.17146384469659
83182,1163,10.011708424761553
30707,10755,30.388027476402147
76812,32454,52.24870643735746
26845,38989,8.480502424337955
84728,21574,10.6781758263967
97717,8574,80.86363292815031
12512,9153,59.32951338093406
95056,44245,71.31190593401433
28805,49796,89.14896314182465
75702,21333,12.704134059459673
6968,43038,6.339144601757523
63225,46507,40.55068442557023
37731,47152,70.04217306402634
19013,43681,91.49819540764744
63993,29720,74.23709662531537
41600,3551,53.5972783631105
30733,12196,70.49543724567499
23427,37565,54.330454230362804
45088,46794,95.3003080088877
18732,39060,59.199604464055376
60605,25147,50.920639216746174
3748,23763,19.283100898047113
86037,5986,4.965526471850365
12926,17768,57.696954294799255
29344,9161,74.63810320517865
20847,22284,81.58059882347148
40878,35986,1.4135481311646607
56008,22002,76.40896280501471
8575,28061,73.43272813739337
8186,29481,7.296680393789588
76096,24402,80.68405707717328
58987,41791,51.52575827287454
45971,14158,24.616351205806353
4451,11816,39.528364149438545
53756,3663,45.62754628597251
9963,27675,50.14318942701995
6838,46826,82.14378180891187
28980,7430,39.9523803980776
53284,4155,97.15394609055802
84842,16895,48.32870926689629
25033,25613,80.81186645368955
97688,17050,81.29918672457933
37257,4499,33.906613227489885
1829,13041,2.235533439690431
60379,17509,36.34196327521236
75874,3546,28.714913151293906
7884,35762,94.78358943768714
62158,45748,5.312053571357076
40814,5905,17.934710260416143
95595,18143,44.11119780919851
29800,11484,55.673413104489725
98486,41646,30.890920347296284
84937,9558,61.97967501239573
48914,47376,71.29211457039261
90849,28458,65.40430215365839
25351,36983,33.55982945411584
10028,34942,79.67837161647988
97419,32424,46.725871912992645
73131,6439,42.696532948299854
60571,42441,45.04099655783373
25700,27888,25.484642215219964
93194,7924,5.954749921899976
3386,43421,56.41103975332559
44111,35678,90.25682548312513
97676,155,8.611569492648176
15978,6787,41.300165218622986
23432,2928,64.65523645295698
85637,26204,22.393185125717356
33359,32117,43.427495261228614
19316,3714,42.84222792240385
73949,42403,3.431790924091784
33637,36241,63.29861282591147
4339,22167,30.826947568851526
66128,3524,94.90431503390941
80673,29572,46.50152957056453
21475,32468,49.69266150301352
76693,4791,70.40052462984778
11830,24412,61.2150948661938
57652,35172,81.70932953321685
50082,36153,44.0809518129243
46175,21753,30.12431856064408
82872,2168,75.62323018303235
56553,30726,18.712839413804055
26013,23032,86.13556918171108
77731,38201,70.89043087316156
50264,42294,21.39965773172211
54912,49302,85.04273980917056
57545,16669,48.4429017171611
30806,29293,74.48696153757236
61523,498,21.869119637206403
98335,38680,24.12450929499617
10988,31553,74.66248239137553
70144,22971,36.62714491516509
58206,31181,88.77554995596671
70193,37030,11.590972591258812
22484,25957,77.33024117253126
32662,942,26.33192748860227
88229,44359,91.22548614090657
63581,8322,98.12204312071879
57400,32516,64.31687669861427
35433,43383,94.31121163508267
95015,14995,74.55309869465762
8986,29459,44.23550047198494
36251,6054,5.888898708751977
54508,35764,3.7478778858025468
5447,19459,40.12010315405122
11072,13973,22.883265352436563
57728,26289,90.84083078969375
17526,20496,91.64264382662033
18109,36057,86.34732235739573
94466,27719,95.14659201654662
24027,37956,8.130746642578035
57674,45655,15.401970179714482
95582,11290,60.49307802825355
40123,26293,72.55673089902561
24563,46671,42.72730740478157
10887,38511,9.84157585686524
87430,40750,2.587327561728177
25235,35076,62.81208643601414
17658,32645,29.434918202258224
23172,33544,66.71005120086363
29676,16343,31.021595113808704
99312,31779,2.7509455978046704
87383,15144,57.04908098529796
41212,40616,95.02167458228855
7935,35386,85.91106557545916
44854,12250,11.96980259554376
93619,43050,41.61445420792889
18619,4782,53.42777160074127
10885,11396,54.19514510653352
74599,26506,89.96186258383504
98360,8861,85.99462148942173
23204,745,14.024783430396763
9040,14245,38.1282029341053
85457,802,8.128705499213806
76125,29620,43.37278047031139
29602,18318,86.96358318319095
28658,17694,68.99415327796625
58250,18666,72.79821264461577
48565,31964,74.0409475362737
6876,29848,7.140785067794038
9111,15164,42.44128288574798
13373,34786,74.06330667535458
48643,38920,38.554778488032284
61306,47433,53.20584936684671
18175,4746,86.14487032907779
81604,8691,17.028442066318032
94278,15106,27.765921582421498
82653,18670,68.12820428331469
18876,11807,54.98848962669453
62132,13419,56.64799660056715
94442,11419,26.560634909388654
80802,26005,26.79808754489756
1098,46538,87.59175077036943
98641,35175,90.36038000855314
8588,10642,66.47844827587363
60588,11880,51.012742944614835
25913,10421,85.26450240293781
89663,24719,4.603263783773862
38340,27696,65.97086071155935
14146,42912,67.72580301641419
8770,30350,43.847273671222496
20189,29681,45.27318639149779
41055,44474,46.052737679189526
74467,38046,94.66612613943695
62724,6770,29.50064260022506
67822,11425,63.69105820306289
55770,46498,42.014678892389696
71357,2901,4.1490159412171455
43136,6551,66.89256634398802
88319,5273,78.22950396368104
23985,1188,47.11386063349754
19693,28966,75.10036394534501
40948,5558,51.424926715214866
77614,19333,27.699236627654102
16912,23747,25.96425299402901
45622,2796,95.85204875631814
16484,41321,16.180706304141182
18614,34582,46.77753009803433
99517,12417,9.636435579771874
80273,43982,83.0713840221105
48902,41687,35.86238023560315
82175,39540,41.57586741467383
78474,41006,71.09939578197714
22279,7838,17.060557628587635
75914,44765,5.638132777872018
46783,47925,22.927945488022086
54283,6451,72.67765444272807
40580,29629,58.00731888049029
81576,11567,55.53095800500898
41788,15718,81.02919398318299
74195,22215,48.85210896636695
17754,22641,58.262547159806104
55541,12503,91.31841686502216
81269,35473,27.843422963619336
7766,38513,66.73545489116886
39801,48327,59.61309021137458
24669,2440,48.80115603723138
20075,11260,50.28683289003971
54539,33522,10.552993071434484
53869,22188,96.30264476042392
41632,4434,35.57483501949966
50923,16943,74.07161391146988
96383,38514,15.482472057888472
98077,47956,55.85226898794441
9187,3235,96.43912923867235
84536,10979,68.09428167419875
18225,11480,7.047757890276935
2390,9539,44.56434902546912
39267,8859,19.14714004318814
49134,29985,87.50525818066875
48953,13962,13.186080469207033
78429,15858,76.16049311744763
34597,38917,12.79318278954071
56898,2742,49.86890567929307
17400,37206,42.526010348356415
17700,45590,94.20629378133168
57887,10092,77.20768957324918
52328,6707,87.09304398135988
33337,43598,12.027492737710748
24055,47452,82.60313405891749
45414,34296,39.10509245858164
6592,42855,27.01203507544876
56714,12230,44.09697840992763
29191,45795,59.255878066125526
50585,29153,29.36776268525371
26041,27385,95.95185391071722
48642,45000,31.747916144998857
73037,13099,13.30503548665161
16311,32552,26.809571608523946
28715,23314,42.733955612167236
61974,40538,58.016068313618014
92415,49668,22.615898714869687
19288,46774,85.42850742068191
1831,38275,22.676310718706166
10113,3441,98.30086947958308
35720,27568,87.71590867730194
98811,4078,20.414975730263482
68167,26649,97.09402884030133
19224,1363,17.549613835886543
82302,35474,10.955954128580878
24407,32204,67.74299598589464
96715,37401,84.59006279736937
58307,27442,26.092368633493965
44906,23213,67.23106165348098
52009,44817,70.99867178205042
83073,16476,95.45775540033812
89410,31058,89.80678624348853
69743,35904,58.873880683374004
64507,7452,62.89756566087807
70885,17562,63.57552799633502
30816,16942,30.525184979233778
91841,21886,30.656363337939823
90583,45704,37.87025670153025
19959,46806,8.113134053497095
6266,49985,6.474192850577631
89199,46597,19.174829309175905
59760,10109,23.022537822767475
96887,25222,7.583787207235832
88901,12086,60.504100757377685
83037,41544,87.65749306886377
11149,4425,74.04190028294573
49342,33231,64.12947199971512
60998,47617,59.374064972052196
29478,28879,40.66523382148493
83544,4734,83.71194339792658
25216,15002,47.762230797001514
70280,8766,89.37889983112531
46176,29562,10.342805924417526
93044,2500,14.243438313304507
84209,31532,41.009382008931254
84758,19891,1.9375660923655074
48972,38493,19.72082734983851
60339,42375,54.2409119207632
67631,6797,38.80637173618047
68672,36365,47.20783033886694
90003,31420,73.22215847302392
53638,24791,62.77806978396933
85000,5692,44.0195505395909
43106,34297,17.635610103691523
12512,14188,70.61139215614195
9525,25090,93.35891444986451
26956,22237,90.95044983716545
68120,8248,65.80575410375643
90425,28899,29.718431222785554
19640,4945,37.928859125723505
28550,18011,34.48560086212378
2530,19481,62.42816515103436
17290,25110,96.933072050545
93775,26896,42.83842677693273
91096,31167,69.80971726027765
93137,7537,96.85306681185396
17300,8247,68.9611019358059
18108,37516,90.94492531522113
55465,31115,92.89566181846872
41594,10670,63.396148037251734
13015,9620,62.174379937885
74959,38655,39.53390416050906
95793,3641,40.47889102568808
35232,26441,12.122216490951168
33417,25509,17.63555935525741
79021,22314,2.4692590795410174
91025,42094,91.084933131509
84422,22487,96.96269688318817
32604,46218,86.81552686501405
47215,34405,24.574639754992173
61921,16840,72.76434260840428
66580,17218,33.254933251655714
52794,34373,5.8601580302246115
46743,24466,38.5360953168326
24878,36146,16.37394660195068
92909,7273,51.77110475444699
29753,41200,45.03397147472151
61683,32366,7.783612784370826
28267,27474,42.3414527499
62037,15165,17.659019643664507
98117,2477,45.726944323372756
74762,40625,97.95221902247765
3596,20149,97.7539715179831
5506,11088,5.9000179742638
96830,14677,51.215319629366306
89147,42931,61.996384907909665
66852,19644,22.703151095600603
37464,13877,46.31732247064227
58673,42365,18.40710770160341
16436,13479,24.141362412690675
5140,10886,38.7178548882589
42570,23099,79.34295450414467
99993,22254,78.11054439747045
91207,24322,28.062404686325443
99319,16439,10.46706813207498
3963,31716,96.87815609314114
13154,47200,68.27948396694255
84561,29829,86.67367970744483
10229,18072,78.45094083738228
71966,40877,29.741749951153842
3606,40631,82.88610319147548
63179,37004,90.49750204847652
24098,45749,53.38993791410274
93369,14316,84.64696812392279
68842,870,46.8756360174842
2427,6416,37.86872175468279
88541,39672,9.680043815760078
34207,44528,72.84846502542617
94322,11322,49.36132284079763
41478,37478,2.958745083946483
21454,9740,26.983725554977315
5330,7722,14.727499543833332
57839,4499,6.111091005108441
6281,19099,25.676006902441202
71209,18796,1.5553627839300042
14469,46523,39.60845415333693
35995,25488,35.67046458599758
92786,37735,90.53167480341604
43377,30137,3.772852089044019
23905,23360,67.0420550707266
60899,44986,21.482433246116546
69132,11705,5.497958433131725
95176,46176,2.723550390790849
87088,39270,26.445460694761337
32172,46210,95.95830179447783
7623,49548,29.38167871417556
40273,10366,75.7654683048875
45655,3842,38.31794920428895
2117,9028,66.48170159508282
76633,8591,36.669604566923034
30347,28978,6.896272425887617
52001,34456,74.16604022246437
86531,46001,3.1350258722309086
56079,9166,98.93010165914446
13696,24947,14.385812769383675
41279,3469,79.87133931882121
48873,33807,68.7855887286379
81223,47478,78.18596029703649
99623,35577,83.26650038300627
97731,27718,5.0571638925683295
32306,31919,60.601048894914896
44805,13952,81.55746209856224
95728,7979,65.03700382257188
9211,11864,34.652120806359136
32651,30024,65.71745693071036
75568,15175,17.995365009764427
20482,24969,60.45230374624181
43250,41077,68.45811816379468
53707,46987,29.81976567781348
97487,34934,50.80015885239806
77140,29455,30.34576105402311
54251,21452,98.56866768774573
94709,11026,27.692032995704942
39745,11127,33.13494715582965
90616,5335,96.76273231684883
93985,48985,73.94551322744337
51165,10871,6.433306587055667
71916,48731,23.935646606367357
65123,515,31.701211360537336
40206,11761,72.21505504403768
91890,34975,66.10836975617165
29027,22422,8.846879853015995
50208,24570,44.257501800193445
15253,19884,64.72241184915391
58150,27633,20.073503767211697
25441,3609,69.11395258021848
75852,6949,68.9002543701987
56043,34777,38.643542825746
22783,4810,47.94037084859101
92860,7555,93.68926294577892
60908,30761,34.35626861137155
83145,29882,18.772833027277276
90041,9970,63.52186018698044
43865,14629,61.068906435129605
53491,36002,4.478192061502732
88417,31694,85.32589888299674
66607,9582,48.15549152232164
71516,15082,47.593559454829
92147,961,76.22394306806686
42398,7805,10.277602224662102
21103,13391,41.13814754570363
52359,6152,92.63412152361529
6600,23355,6.514369306664732
10199,27842,37.00373472909134
15233,14710,56.24970624159351
55234,47152,2.3733577453433297
59104,35245,7.4448382806340385
12027,21766,39.04349050096171
58082,30699,54.53245390668833
63045,49953,64.7906062895317
14624,39817,40.8201159957897
95647,10571,19.351840108785126
37718,4675,60.0402405486072
34248,45140,13.94571397859972
90870,33694,17.190404638152913
75946,15769,23.010925561411852
22722,27022,91.10633345429481
6727,36311,97.90619731431157
91988,27039,35.06363657174095
16272,14138,41.84499320027235
19300,20231,20.393103743093622
23043,49485,88.10456517225647
49153,29607,14.799348687937831
33462,33210,31.17558328993026
22898,44935,52.882780521361525
20904,20370,39.9332830742068
42603,5788,2.9762811763863377
13039,27704,52.47432893560643
42352,9579,21.04871098963566
22725,645,8.78139392514493
23162,4711,84.3158396886281
5312,45838,35.00790193287004
3178,34212,94.47838932611485
44078,48671,84.29816793926004
28273,8948,21.617476940758248
88973,29803,41.9516097168593
22456,42045,48.203484154755316
45682,29532,92.25646647986159
90725,30858,78.82621692662055
82634,29535,31.967648197112116
32149,7238,51.09750382816662
52485,21796,70.44432933066673
28778,32878,32.20669999567348
36505,6733,48.108433005056334
3175,48926,5.312859443569345
66778,25784,19.912572344253608
5074,47392,76.4392650449024
71931,47701,16.727290538830655
11147,24178,49.17572013257211
95045,45118,84.36834467444437
30742,5452,94.47799056232618
40723,48482,19.62301386819036
44136,48263,73.6450492667241
97659,29197,56.93944545334735
21749,31683,87.75887955461245
60071,45099,46.525768839333665
37876,15382,84.54498287546592
49061,4680,26.562146747480163
34306,24801,45.92881284601034
19648,40373,94.55819016094834
73202,38812,84.33509706033377
78331,5512,80.31737212681436
87685,678,82.11645854956409
16492,1298,41.988335184783466
79840,27212,56.85313461425785
68491,25449,90.07286487822816
96971,19006,34.85214694045979
95524,17559,73.48911829208484
76706,21918,90.90795715330373
67036,20280,2.2237797492486537
13119,12033,46.40023700811182
36569,40400,66.60665835917797
19020,36554,3.6944422541776403
79150,6556,12.924621011725925
4741,37474,74.99060323536206
3501,28206,37.06572318671688
19791,32171,23.843531956174335
27921,45140,30.077562837481878
27977,12029,40.49183926025259
92882,15618,71.86157635668296
82294,27903,96.24140728693851
15839,45319,20.572126662426754
78525,38598,54.39575639371813
70726,35116,38.148980474259574
11618,49943,34.699133529783175
44486,17776,56.27190132659351
63427,46553,14.165131490220292
75904,42488,41.88915815210367
64753,23476,75.2436771497452
84087,3450,45.443826766742646
6826,46100,36.526789730835205
95890,20542,97.73200226630244
52866,38722,25.327672706403362
43142,40252,71.68254259063528
38367,49919,48.15868689500556
24540,21962,23.516347914875055
62703,10809,10.653438200230324
55300,22548,93.40023691966331
68805,17193,15.751941535526818
34083,45116,93.88937367664674
66599,33561,61.81049668733537
24012,2584,88.6559419702568
58503,37204,20.72399880928372
48567,15306,91.80083984690992
1449,13405,30.71953789012352
9123,29231,53.34059951452508
73922,13628,51.142821907253044
4439,31449,7.805541309177271
19226,18064,28.002542037979673
75712,28003,32.53963538020779
17863,39974,29.275100218754872
53847,33740,38.27875856491685
40335,38919,39.74916208693513
13876,12025,59.02657202872178
84045,23919,86.80184626037509
18491,37211,24.759328144635678
84637,8421,20.391279520197156
89306,43974,22.76075759865511
3081,11856,32.32352038006277
94284,5448,78.22849718168003
69087,8871,53.94619533082318
54636,33361,20.0281718460201
57007,18733,15.966075924209209
84022,23001,48.11483662033933
11015,9831,84.25163647735984
54313,2393,80.70320924450839
77620,14007,63.18042816961462
98155,23164,70.9344004919603
78047,43587,66.920613181878
92337,45721,17.046663566241307
80128,39422,18.278226994463267
54463,12311,8.228002450314676
48983,25293,28.691787804279627
21308,21865,36.169036801555855
59229,19681,38.254087095446614
69838,40574,29.187943754555057
34132,6580,12.160081143032603
33217,43077,47.17581793291161
10710,36519,32.18303437876746
1644,35525,61.061836446424316
48761,34597,93.72893692586503
70398,23221,84.37370818155959
25033,16181,71.34683929786037
53530,40063,42.92386311601343
29546,40399,55.68924955940335
1830,35191,15.97033745558385
86348,41916,14.309999680889979
89056,33367,80.32354449841812
59533,23135,11.557691990177721
99217,16980,17.12673344976439
9514,19781,46.80170336311592
49862,22469,96.18181539815205
40686,2497,61.31946744696267
18643,19243,29.16881351323064
52973,7041,80.20067240899188
78003,9037,59.36667326526337
83498,3504,55.335595514404325
63774,29018,82.49330480314475
5964,7125,98.02193390943717
70505,2080,68.69945444871865
25265,15195,19.090026487906727
94359,22598,50.11523025199074
37045,27789,92.58632565161261
94234,4872,74.98624761017449
68885,29055,13.625197186710189
10710,16928,48.48608205131444
51843,935,71.0957646794105
71787,38665,92.23028767042571
91713,9566,84.80288816214778
4717,21863,13.330897072206648
23052,34434,35.50835496967721
57018,12447,40.03656021585099
16207,35983,29.967215935359633
30033,42089,85.8383384805965
1331,28105,29.503205071584482
87319,15757,89.1600872448379
98845,46043,98.11526575383677
79801,16499,36.81294847878062
14263,6551,97.7252985443562
18613,37880,57.09657452405605
73019,46260,92.13178253113934
48227,39027,53.57660567442159
7188,22402,23.228267841658756
20360,44103,26.986993386674662
19517,15565,27.89348943081824
69266,14759,63.410880528266595
39799,40558,53.67189667164762
28386,41319,4.156370954996053
77738,29304,68.30114322799527
83952,13307,6.371655515328145
7572,20501,63.935189135476804
5608,39866,47.58870114046453
66889,3442,23.17524311499669
1416,39676,66.06712079276643
73580,31989,76.44112356620887
50943,23024,20.896278660801787
66136,27609,34.493853245477254
18161,17638,14.615381533773302
74413,16334,69.16812671824609
95731,34133,3.0012100436140523
70880,35422,47.24095746717097
25039,5822,25.428123739675165
18182,16703,58.38662955074829
82157,13789,49.21169763174038
63825,25847,91.68410632611238
20119,27697,93.766499468851
64628,38915,82.74223525381687
9665,20056,65.49448482469315
68689,46262,30.05189257478985
92060,40510,29.11118029122393
30404,33226,95.48426641865589
27835,26785,51.41980124203893
78754,47135,10.007917053326292
97524,29465,81.91060305084486
46070,21484,56.65539015110999
18251,46589,47.24507323390878
51756,2671,45.08289408055164
42215,35111,42.39031642088397
25557,49596,91.28257217207977
97455,39965,45.45909806500382
90027,42852,39.81452589805878
2754,32409,53.08360814724564
69984,35157,61.68602428369777
24637,9510,84.59663933623962
67063,22859,38.615520303259174
8198,35917,17.370155695894493
86316,5393,84.63853882082421
64780,38328,63.89165490724699
55346,11765,38.45012619193368
34532,19755,57.20423878405221
96800,6070,54.83989656377437
71398,42575,2.2344248328542076
58939,14035,97.9025527452837
28077,8373,98.44018710830765
91554,3485,60.08599443583023
50762,32934,52.80917817761494
84346,28076,30.555344729508626
3037,34059,88.08602320297977
27155,28774,49.328757032477384
96642,47847,72.4552120206719
35840,36897,17.246717258318032
75143,11567,19.03289414541971
20192,23147,16.544343277339543
60237,49234,4.502861705679803
48670,10090,79.99768377475941
49826,17048,10.190656991017757
1853,30416,82.3361178030576
37896,34806,92.93868317595931
40354,40449,72.81386550595772
19542,10964,63.83846173075724
5829,27956,72.37365816901226
17216,4119,53.18938758480221
22061,27304,87.98712817537898
51196,48973,26.304228547195002
11326,42407,52.57352720498704
13578,48772,12.279846025753375
5677,10275,56.36822799648167
54309,42767,14.672935161001917
58723,22969,17.6931445756709
94357,2777,30.103114744643438
29616,19474,73.1346532426242
29145,43828,22.91348516197964
50519,36364,20.977137716724073
21074,7349,92.4574419168445
95292,15862,51.64731024896794
53177,36252,14.743304575572584
92289,37527,58.07719396416741
95873,30648,89.99279530721442
51490,46301,47.92397673972632
8848,2496,92.61624041693473
28549,12602,4.520930744148799
40503,38957,22.337504123647324
76627,39073,40.66811609274948
52727,36418,70.83167625031928
3825,11734,93.43129572722384
24398,49119,51.41890152251057
21532,35507,19.532681415224282
53400,25292,4.763481350029443
21598,3576,39.232373552563914
11032,27221,44.53435935789988
85684,29387,50.33367692143503
89431,3300,38.407302793246
81323,21699,48.4405916687256
43024,34939,84.36121258584848
95003,3107,45.3695688969709
83279,38437,23.799599718068006
68758,35962,34.49504593677795
38966,34638,91.42042796631151
98897,40192,48.49398532081841
64231,3232,25.320699989797955
94597,45863,81.02788996312677
77261,34055,19.14412457379518
46884,23603,98.11773658233818
81404,44772,92.20947528518519
87709,28877,43.214383279088736
53326,2421,35.45409364271356
16374,3465,70.00565429357076
11528,7282,33.21558185635428
58621,8034,23.988554930432617
49535,7598,88.77795427951432
79029,43891,30.991444504424727
70651,49639,60.57090222735881
78554,18953,7.475834554519216
60777,45869,80.26231855129666
57639,47628,59.287896149376316
53210,42107,96.85804114469694
26109,14740,3.9529595644180673
76860,27083,28.730897699408214
83884,41617,94.08106848638218
40286,42081,90.12293040333384
30523,603,33.404568400339485
67383,47341,9.993705561169014
66738,44647,97.4792694595376
96588,24440,52.952361772749576
17017,47644,52.392892787873485
23832,14689,34.130618263693606
50331,12252,25.12745958845235
48089,1574,43.98339925113235
99111,19893,22.070876264718333
54075,32804,16.082349355643665
39126,23463,52.705520904779135
50186,2776,85.80605478761841
68526,26998,90.02087551506192
30962,18178,96.21386927362315
79037,39259,17.337036951736977
93311,29257,83.79848037013468
56878,25939,94.17302752217329
76102,23372,69.418751479047
96453,8300,5.939777224631919
73401,6122,7.812438205517733
75258,25260,79.78918012454213
12640,1068,10.930006136286485
53908,44166,38.10215523611476
54110,30541,98.95783024021827
81909,44352,18.84876613855752
74736,31398,58.09202502454894
3438,43372,51.21314744658598
44352,8460,7.5510314202277495
13786,13185,88.52283822084912
1865,30864,63.65461959896228
78326,3733,32.537517105894864
66032,28786,25.752873912567253
77565,19646,71.17783737359163
12365,15530,3.704981652670341
63391,28827,67.94659012458757
75628,10639,48.08103828839145
53014,37237,72.99213837411901
43167,32278,3.0837612874753564
75444,32038,71.56603068262362
15838,6072,2.3598951224546676
93549,43584,27.44443963422087
2376,19298,32.83821364188026
8088,6296,57.033616849653114
58304,2916,89.11873680906263
28610,33587,59.2166884405095
97126,12121,60.82197627510191
55207,45115,4.307777845181094
83674,14290,86.72279218799412
48984,20881,23.515056382134837
50419,23852,27.559049626390596
82920,37711,2.239554798206237
8956,9885,39.441262038550484
64508,46529,38.99931034125206
42103,34372,47.67468172637794
17524,21649,48.304223692380525
93691,47661,64.88031155789639
70220,36896,20.532082784976147
25760,46677,61.09695331161416
9666,9599,22.343334203689395
76269,30204,71.03788522269973
65568,20070,79.37566437092967
24382,35428,61.96719765877232
69546,33420,34.239988014566116
89731,4512,95.64523477202538
88511,7956,71.38641910995852
33115,6301,88.53778202356642
75991,47807,80.47597698777203
48971,40490,54.97291090718994
47288,23422,38.52558868582437
94656,45149,38.62899001816041
47002,14323,38.28197778319166
46672,17568,73.79810844801831
34213,27855,29.79018306169311
34455,2862,44.29536947656665
23165,43313,81.32451939743291
65985,43553,22.148295085808336
98054,22820,11.248243998014152
77363,25176,30.963108382889267
54494,4115,12.626503132868503
44903,47404,34.351570698832205
23559,43618,97.00490018007837
30767,32581,85.69109362228879
56114,35960,97.81010535896654
64838,8676,72.24505166204588
52678,21697,65.70879195328979
21648,12340,62.023964386273235
93524,28199,49.87422839102395
50681,16578,18.77486991325832
1508,12129,18.317124126917232
10577,1930,80.53655618811362
51654,40598,96.48708679452821
82972,19066,46.47782800629091
91911,47325,2.1356929235161735
12298,44990,26.318096555498595
87232,29085,13.749200493750148
77673,25104,41.06426587354797
47204,6214,4.031503925372932
64073,9655,25.567843042571255
15941,20590,40.38369303833923
24141,20904,75.63280316545585
4175,20825,57.78590049546844
60893,14899,2.3139996532041813
3512,43905,65.29430352387612
79742,34865,58.547130057357236
94743,42620,92.23790504936879
8671,6299,97.640704904381
3552,12198,42.13570352437688
23771,41091,44.78014974329959
86962,13545,90.09297304037997
17990,7209,67.61638814467076
13946,12077,91.61404465160403
68615,46986,11.860720793000802
31079,39049,71.70383891631742
17290,4352,41.189428363537964
96369,28208,76.16924457663532
13533,5130,55.68221001045845
76723,40180,4.4188902277065765
84397,12909,60.501504655537545
85937,23219,16.725859809449894
29725,41795,67.21344684360098
38979,34145,17.818114519430203
89856,23120,63.919173177376805
89186,15373,48.90725004217473
7362,30256,55.512623294988416
76313,47831,86.49277866891047
9475,47239,17.498194507620028
85061,24947,55.79786255790441
29042,47821,92.88331890034286
28763,45170,53.31716644506553
36425,22623,64.72490678599993
48243,14205,15.877859597342695
19725,27928,42.50073532391576
13873,48091,22.75223967318563
7142,35911,60.626115040851694
83594,19552,97.72827366897548
16981,16995,65.56564428007744
66555,381,86.65674906855755
36132,13998,25.333177209247566
73609,14677,86.34963115544387
84945,17301,6.936348687937855
63241,4021,56.33651302110181
50363,18273,72.03106613144001
18016,38568,31.817521575079645
89666,28744,8.875054008318006
60473,20799,36.95593931131498
64341,49810,72.35425981417146
15809,21652,74.3402617534138
99156,9570,5.953236845423234
75390,5054,41.395905980411555
77594,22464,35.55774528708501
88173,43804,48.64239539335451
38591,21560,75.38442484508863
54108,45826,2.8491295314092104
11381,43006,34.543455249944785
20745,13593,63.16251790692522
2314,25736,24.85504934876375
44974,33234,67.3821929608495
80535,630,57.785839128808284
61449,16391,51.709062637968515
32514,29267,61.303962375409455
78727,5476,25.82984513929611
79947,43948,11.540255353160685
98024,5135,2.7224291624546453
32480,3747,35.812133939836066
13398,42662,36.12482620081417
86082,34222,87.76499363113152
35972,26925,98.9534296706673
85692,43312,54.030741910431864
79206,1992,73.66469224070053
99945,28599,18.60112473687177
67153,11845,53.74648624893426
40644,47005,26.426683697706817
28937,40751,69.08752212649307
71172,31205,94.29513047695183
88000,46741,65.62390598571918
74933,16082,58.16485806636816
71443,35523,48.17328066036181
13968,12276,67.06555056808305
20417,14140,60.9607489873964
27034,48626,24.987986165473846
30325,31728,58.87566392733194
10844,21768,8.570121764142488
24159,47167,23.170189470495956
28091,46939,49.433249800001555
71163,41006,51.65688418847078
83060,44587,6.957242764274234
65169,18310,17.6601921230673
16625,525,1.8390783488962803
99616,1040,15.751253263395151
87653,22225,17.1686648874367
97711,12600,29.16055727225379
7988,14405,30.51963616317566
18467,29173,3.654111829753712
2578,5059,59.066843231971795
8496,40255,7.392998125388902
76569,21720,50.83487077374431
62650,30758,67.62346091148787
86324,44707,33.55869123204341
38112,20182,83.35118997562122
19358,32163,58.10173468400377
36812,47334,32.69545693328206
22711,790,64.97744472062593
98217,433,90.66526541228879
41896,41889,47.843110053170875
2762,17707,44.60713336741361
97056,25915,85.96994930679566
82163,20854,49.50261704858815
96185,26503,78.56957021406028
87484,31146,78.8663724248451
44242,27384,2.2360201348325877
25356,9572,88.56378157231465
67112,17247,41.811745702511416
36093,18159,15.030072122059718
53720,4560,48.24155075035889
1152,46114,54.61552118816202
96936,12212,97.75504533581811
45284,14417,11.790812373137719
57935,20141,19.567747518674036
89261,46443,5.099651112725817
49461,46201,52.32172701470471
10434,14787,28.295958290726656
12897,23959,29.556849170062637
20008,18156,77.04256591607101
21290,36247,68.77140071449506
27500,42666,26.81289531864491
58342,4115,73.14007077656333
53426,2320,88.54848726475274
59262,27286,49.133263767461095
33336,31509,59.413849791333625
27582,899,20.633305163691205
21407,29031,88.85164859054245
12046,7521,44.54867956036416
52372,26658,57.18452291407562
91088,23014,59.2008382480565
16154,21964,19.340580091496122
35284,5854,61.57978459963634
54375,37395,5.688909081140584
85874,6468,83.87030427147398
4089,20766,48.112073827573234
97513,16138,64.0193442867992
21593,9190,77.22336184487993
39950,18672,23.24403906814169
12311,43910,68.84978571251834
87299,17466,41.52009660247365
67241,33673,34.66212743208774
37403,38520,30.539429606975887
28411,17146,75.7645849463504
37392,15713,86.49665112452114
1411,9879,27.587852138453087
29772,43473,19.02682886622805
17102,44167,55.53425623079096
34410,32778,87.0657823849516
88107,8078,1.622006188459927
27018,43777,33.22864192590583
56920,16015,82.2283188509461
78088,44148,84.96109447503473
66600,12945,11.045301644474694
72301,498,71.28867293779875
60857,2760,43.87048203595007
15665,48990,8.297689846811336
35005,27249,29.30951093871647
22221,585,21.300786744512113
13033,14763,15.45277546690529
64437,35916,2.4311981205689808
85447,42333,22.344494063887396
43667,24317,33.398772259436385
23243,22626,52.95154502429229
2816,36482,64.8991431480998
32067,34842,14.272151686007469
30302,18083,52.79778897185172
79557,4305,9.5016068837407
16443,25442,27.767310751616357
28378,40373,30.250956187627416
10451,1501,56.64108707521113
79983,19745,35.26402196927198
53137,32650,83.04203573825242
46263,31459,35.67512907130844
13645,38895,94.32325049032832
18901,43330,6.667810046580341
44236,22029,24.9505116694149
9630,34882,61.66670406360286
15333,32356,9.395798409436578
65009,4429,53.6052978060229
83413,24918,13.647312207558183
61770,49464,16.32026147667014
9263,396,74.44775569531127
37050,11552,93.3929855922483
33405,18368,24.13557357133591
95243,10289,89.58137011632094
40799,9618,73.27274498080925
53562,17559,82.55575488230095
56262,14858,27.064579078020298
7246,13501,9.877769734782717
91566,40116,30.34331484394677
69931,36992,10.646159233659418
51054,29599,10.629525866342503
38639,47231,78.28321647370868
59716,17724,65.24401897756643
63033,25744,32.781656246981164
89844,29165,76.82758287469478
93802,19144,78.36562990314705
31713,23762,59.216594963830225
24948,43892,86.49628589554416
25829,3927,95.77470596979263
54203,45732,76.7702238829563
95340,6260,70.26743248426345
93428,12681,34.47861635873443
32011,17623,73.26434708955419
60334,17232,58.43221140827134
66882,38281,20.09779692571887
65787,21405,5.552345878667527
8308,30138,44.924012016806536
58750,43159,70.1284743878355
52925,19063,65.54007669300245
32152,22285,49.95072344724319
95796,7589,82.74107065813307
42928,19325,90.8248567819598
31745,42516,84.32533007486802
62969,9669,97.59455431219953
10909,16685,14.396605090568134
31626,48917,65.88744500583026
77661,11962,54.01313691863106
96111,40745,26.12428312088193
80853,44980,23.60428664854542
72402,13857,32.71763370938825
80650,23064,65.4943389953337
72242,22893,78.27918865344303
4855,46890,96.64215026563991
3264,24436,61.00713578908115
8739,7531,94.28412639978959
18858,49153,71.75361740750527
92367,44606,15.647063125730702
98015,33843,68.10045339526599
70207,4205,50.71346610461932
57089,36692,63.591341905840004
54648,33013,92.22581347404011
58850,21370,59.82214826404998
55472,39564,40.106035761740486
62317,32580,73.98091939795886
6562,41691,50.1561627770434
65344,43446,3.2519915268040025
4565,2491,51.84170717082788
50149,10878,86.41022801309026
72900,3162,27.40669088181126
92632,30485,18.72542641851353
30369,18915,60.29982490618059
73502,41096,42.23126659144291
41012,19163,57.05140477103152
88766,20914,79.54920984777067
84820,29237,43.391643302201686
28127,43850,92.43380777150337
90288,9252,40.39204731447454
73051,9912,23.05129684117486
70664,9106,8.01496564106375
8449,46244,37.42934794984563
24393,8686,96.81766538775679
67459,33530,64.4669678292
14055,32844,78.25170422582949
10147,9106,32.874738869200016
21936,28248,28.333511990369594
84621,46199,25.335741877764526
22760,42377,55.7398622027
48715,17795,12.874625804207406
34736,26295,87.04019669271615
53835,41160,85.85826008696468
41800,19403,25.41694597453815
51901,36036,6.893545132027443
35076,35746,51.91230557046654
72093,16676,62.638051858328275
10621,3317,66.74071186551542
22882,20353,98.78196846481993
68978,15709,6.295040851861616
53740,49981,55.015638150505225
16953,39993,35.77219333089336
68569,1081,56.07317590071326
28729,38873,82.72914887729748
86246,40620,45.552630237193284
1769,4489,28.6017175001806
17487,29639,73.02406380982454
61678,13159,70.88755869467205
39133,17549,51.407413531534345
54134,30871,73.65788828766013
38678,20275,7.383650942284921
90299,12784,89.63595875123049
68467,22193,70.73313022027358
67560,3364,56.458984548969696
46054,1240,97.7114480402427
59183,11305,71.37609096513366
3789,11761,32.94567298766687
12188,7109,2.345173139390315
65482,20923,18.59303058869789
57119,19263,57.720436799525444
15423,3362,63.91197451416501
94530,1174,1.6317690948572172
63022,30330,44.416269958328385
57199,38094,46.76958770996806
49838,40360,77.1561066717696
27353,41488,20.552948812057387
28370,6166,15.550533815347853
74734,37651,96.87175549798472
7610,20553,20.020820520801244
2253,7039,67.6559618665544
85476,911,69.21203354414611
48914,46880,11.26905589479409
1076,6777,65.7996594506291
73058,2504,91.22745594900908
69861,27732,93.27395792796256
49555,11746,8.321108038650973
40875,28396,52.91126490178256
41269,27427,23.880204183142997
37416,6752,84.63295545058632
43316,22868,54.63948819385043
14999,4428,38.53175384306007
37189,22406,1.848058576742219
51718,17160,15.789049084048361
43157,49274,24.18218829591857
46646,1263,43.42037626253293
14286,47333,25.526903531097314
89078,26723,93.3764028457001
31407,19508,73.52029963060457
7035,26173,17.40917845792771
20945,19754,8.171062530594316
54856,46645,74.84752033074344
20332,43803,10.128022981891808
17522,31803,87.1741992366345
7703,350,2.8842527498521786
1958,15182,97.60814124650116
41908,231,87.68733386585107
56027,694,76.37753520527181
61528,24562,38.11083723689625
16199,4051,19.98291250580164
90281,47909,63.027491414045244
92688,1245,48.88781350551716
54247,11746,14.405290653034516
6507,14865,25.33914044447273
99948,8267,60.527189877263346
28490,20652,75.93841649884845
69739,10973,13.576768413033644
58398,22948,67.26441209736095
66323,3067,6.749656769456433
99926,10503,15.074168726789896
91218,4109,85.34928019613203
2136,10264,84.3795582320213
75932,7964,49.44939530757281
25905,26037,41.03202023205049
77256,37229,8.673254936917614
29886,42785,40.236480575764986
99376,8200,53.065027548170185
47762,33838,94.41979497960514
84651,46889,53.96996018149639
87945,44051,30.585167131955068
11894,20281,42.53140098162612
41984,36348,52.54668669653167
51646,16021,48.21470559113297
51730,746,61.24471977129714
8438,43238,73.73604255418947
20702,14211,9.886212907561056
74211,16504,39.353985411946134
6277,48150,59.17432369689922
9957,12755,11.771934426719662
85437,17716,90.00895470989985
88233,16128,10.387010135523788
63688,7354,54.17042226151764
27032,23489,39.259566472590485
49819,12200,17.380685043265878
71320,25601,31.36188284429728
90133,24219,88.40602451265016
43332,195,14.233352184251432
78552,28715,74.80959977475408
28517,9398,65.95150454890594
47073,29420,56.28366196320129
23108,13966,66.41833970468632
70178,8856,39.96832923420855
85264,23582,98.43354262196603
49329,37143,25.259211245468055
54280,31695,4.920210664449783
1320,42562,92.5218881041748
12729,45900,34.63579303675332
77182,47740,44.06998704110903
57884,33355,42.56047401539019
41005,8655,54.54316179638929
33271,23024,47.52200660727343
36004,3575,98.30153325279959
68100,44240,39.67980410838642
76400,44072,87.48636045478662
11150,25778,12.382515456978961
74210,32913,65.66926219352851
28205,47748,57.28086508767065
34835,49494,1.8937906632411874
53682,27021,81.2817294622811
76325,18268,31.245184252232338
26608,42421,36.62421597395096
59604,32024,37.346297126712926
81671,20788,57.85957758036833
21524,44449,57.53624672353915
31731,19237,57.44403468928843
83205,23631,91.76119357783197
84751,2448,36.38201636582571
10532,29701,15.43096726808324
31607,24489,40.833954050568614
71912,46354,97.15176883745562
44615,39094,87.57852711552546
79305,20926,6.137135975104597
63152,18097,52.904315244086106
7564,22780,43.848834484601625
66117,5572,33.5994135466594
15307,34096,49.487431386715336
37492,566,53.90316735540567
69854,40097,61.39572387592558
32268,24071,35.659002049911145
86054,37111,43.593871633578125
30882,49063,70.55043778445749
45317,46004,22.6209110398708
53280,3687,5.112084802163926
70236,28056,30.4567362253095
58833,43671,54.54550294602701
55144,5939,84.97564433692061
51099,40952,80.90694860346554
84251,5515,6.39830039619531
6478,31261,83.18663065255345
27961,34402,9.765060939441549
43575,16568,14.98708236960741
40619,34212,68.33996490876613
76017,48272,95.96966970792775
80422,36347,14.394031523779685
42323,11199,31.28532895154385
39404,9133,74.86175579333005
91531,42402,72.3903509900479
42013,14416,36.17676010864173
94129,5111,58.4479156739015
77779,17216,39.09481271192534
88248,29551,11.295603408033493
61451,36801,5.6254714719539765
15456,18685,43.33985581788439
36804,23415,96.58296967394678
92042,15494,32.07944373943421
52101,11103,97.06917483611807
83644,14960,49.79736889916061
49421,3668,2.7269076290121754
60633,1244,31.31285086776563
95164,43212,49.387207096231485
54013,21709,93.30004412264462
88955,70,89.35177854168319
41752,20635,69.36802447971515
49093,46541,67.76589849945034
64544,19958,36.65323109994269
71611,29456,38.47212605314959
42384,41521,32.13901582351475
45747,12649,57.005430885670364
83589,8156,15.426585998326711
43815,1376,96.54297917535659
9356,25759,17.45936679660331
11111,15712,56.30662898905235
1042,38277,33.33433733589879
95798,21194,97.04440490814127
65194,14046,58.5311150993338
49193,22569,82.25359130155138
1547,32019,74.50286038777033
87859,46366,23.384741255278417
76941,13779,33.09461485651273
36897,10359,83.40331571247965
23488,13431,57.11907876950364
88865,557,95.81488183154822
69102,5179,63.42032652779769
49892,25799,45.22223665752248
45011,13803,51.05423671378418
97391,47784,98.03633156355326
53526,49744,58.85750721693018
90297,45787,83.6060720896662
47191,30609,64.61069106779516
80311,48554,94.99331328363304
9673,45001,17.915942639522495
5583,44059,59.027142867132945
63700,443,55.7016132858756
45384,13380,58.838416395904204
92088,1545,34.575946527585025
15616,26688,14.73187512790776
63649,33069,32.88996555744998
38208,30185,29.055535043795146
36549,44759,8.524154330776412
80687,49314,82.21369086214459
74860,47257,87.66379579289624
92323,567,53.23143699982676
28434,49500,90.28750370516767
21029,19311,35.725012810870325
43175,19662,39.502100157053825
53129,17618,25.13685388273732
10205,20946,56.72740947078234
67911,48327,74.60298110245826
36359,1219,86.50970936402591
16027,5027,27.943445611220547
37729,13935,39.43566773983434
98962,11530,77.34040991280918
3302,33341,8.776509685421793
81034,49626,38.96847276629795
81416,7690,74.16959008865011
20953,2301,71.9536943540885
74415,21527,20.589390529315462
15454,19823,68.1954706550239
98820,27247,98.21440078789804
96435,25997,47.71440686827314
14246,32019,29.293450059649324
9979,48828,1.1532497246686724
97248,822,54.53807552894231
77704,44547,20.595974811019808
91962,13654,70.92548114199484
70629,47621,39.43074137908671
8250,6778,26.932184308008495
40996,36066,91.30132832265934
33116,22182,36.37948445063176
37539,40751,22.898433708511647
47566,17718,23.556862869011105
26911,14567,90.18461832099447
60398,29456,98.30135503946786
42030,27324,86.23704190811166
30755,4628,36.941936630666625
63913,45387,4.8095810387067885
55297,22529,45.075437806916334
25814,21050,29.5908576391108
18019,1940,21.089382041572694
42951,49166,59.657611809456895
15944,21475,7.6768107657889715
20947,17367,3.1365105509003337
95141,8066,96.03902897631946
9659,6458,18.819798809599813
7578,9654,35.51246674180496
16778,10505,77.38020855656923
18326,47255,24.0906127937665
59065,26905,59.59651208883314
22826,37293,63.05997085164054
87429,39169,95.88253879528447
77459,25316,23.99840146059794
60660,20119,26.789448495602446
45002,9319,10.950697945212777
17202,3555,19.508951918984156
11333,5996,24.144315393852835
64480,38972,57.00219191263095
83703,38463,85.08472711534328
7164,37228,10.790864952408052
82131,35007,70.6053209926629
13158,1210,74.93687376790072
93029,5989,75.23316076360689
18171,6050,60.838369398119994
78997,870,73.79345554343229
48458,34499,17.909579926111434
41327,42799,65.85532693379194
6248,44276,25.543749981948963
37943,40827,2.7700226437959685
21437,2310,41.93517897410379
31855,38179,28.74570778228592
47228,41905,42.461303401254646
78426,1450,25.109163734674713
3847,8701,61.9677415489801
51030,25556,52.50388779082684
18935,39583,42.94024557943922
17374,14251,41.492430065908195
73970,40989,9.414999060014402
87158,7062,71.07488091740434
90640,37126,42.30813660555905
75357,18943,42.02987982277271
92509,42878,74.09397188690367
72212,35237,57.54321575918002
14555,16473,66.39388072697243
12942,25542,15.036599580604902
58597,13372,40.834218511358245
96834,25839,24.0503152495714
68900,26078,33.944548949827535
74502,16859,88.2415151393353
53224,39501,64.42580541794874
90220,37919,12.248346159998926
27308,7461,26.681277291679653
43939,6952,91.06354690428628
16157,32853,48.60556417251037
57225,47772,80.89209536163186
17056,13478,59.272272622247215
69554,6794,10.202357796387744
8028,11114,70.61872933898445
30451,9654,63.94181545262473
9243,22776,48.623912330595864
70476,43081,83.62979201068234
76081,49747,90.99501420643426
31921,13307,3.2729762315864117
37146,48561,73.00499333258057
38894,49709,39.75885025678246
67981,49453,20.603074221594525
64594,13842,4.275945408474784
27852,10920,13.890995184520943
52064,29926,51.20805294111966
63161,44097,2.7901023201759214
63793,31341,78.34595761580016
41051,21358,21.949404920849155
81065,36823,69.53169110668317
22372,28442,64.3978081085873
30769,15240,95.74878421295904
23817,2799,95.426203334482
55125,4301,84.76436267723854
35361,39027,30.030115589564126
38281,13304,2.171024700732409
98373,772,60.755666838151186
12718,4794,75.57421334581753
35201,33609,68.29183751602133
21082,10872,70.86964395731263
72342,29368,1.6295801845725737
57524,18978,12.206781561445935
39136,23222,4.453962856224898
13474,5002,45.58749763880499
77185,37943,94.81874857465178
42291,34501,38.60360544441687
58768,42685,14.247469496518613
17297,44121,14.352358236359526
93109,47521,70.1262023197376
1373,22008,90.98301244570185
82551,8230,17.012865721271623
74781,28138,37.64311594745653
70375,2424,84.07972063551432
96369,11734,44.57775618166907
88494,45746,25.594322745011237
22661,23250,29.796071534898168
27734,6518,52.97053682983774
20046,43985,40.68554516754941
81295,49378,76.56993196618667
89867,44332,20.710527012473523
20867,1396,44.37895297297526
87061,20377,84.4800462039464
72905,47514,43.95472540498032
27820,25970,44.84786398182245
35778,36681,40.03822024389604
82295,14975,74.34209449226374
66811,6274,46.63560285255906
27974,27634,92.48942772190611
48589,39845,11.900852106357032
20028,42126,94.41763139821603
5778,23337,86.24497743304025
88147,15548,28.29115929161319
11493,20984,66.53758992624373
62408,23306,51.647744443086445
64675,38227,43.04309730788835
94813,5013,38.06212493508629
78988,7509,74.00684524381651
2400,17806,67.88461260688486
38921,48407,48.925002623609494
14541,43518,46.94184702188233
37595,41505,36.55722528609733
35505,22987,49.720585990549644
20445,10949,74.55100426250111
54219,64,68.15361338983206
56112,24458,24.51849261632036
54215,35167,90.94457513207406
43605,17121,31.855669218606742
24004,3694,35.45946368872474
77731,19470,92.25588330129774
35274,2429,83.58916414294923
38274,8832,31.157725698548177
28659,29314,13.701321774398181
39111,4368,10.831846086393721
75223,26496,81.36535197653583
73046,25375,94.81557625294623
24735,30899,63.184617167981074
14304,15908,91.14737155878925
16763,2511,91.71144572571664
93302,24633,28.12655276114668
24241,46677,79.44883290385002
9470,15308,32.73990336820581
66920,44436,78.417957267134
50576,3380,6.957148703699538
40006,23980,14.353020156295235
47928,3040,57.63898840540341
14229,10592,54.75323980344092
24177,16801,77.29631804384455
61889,3434,20.47119771013183
22035,11068,6.190323413511761
78308,38498,79.7515322682833
95626,3815,57.51236211473221
93789,37733,31.34450378479794
94107,2451,36.192179558536594
97376,42413,19.924605004854495
14002,2934,21.624269302662377
77897,3210,25.325593367242618
84801,33899,5.18186321414154
24532,10338,40.88512114244137
82942,48951,29.672714901471803
22525,23833,15.680966679655054
83365,41589,70.35052880288035
21698,17957,80.67909057920079
6998,29130,9.331372625256071
17900,29692,14.798448912990382
82145,21700,86.28635268265198
90804,11681,15.85169114044713
29478,21257,19.258107911382886
29582,23289,65.86048618084014
94912,1764,53.29412339784964
13826,15918,11.30561930326789
10602,6647,37.79025346276274
15121,25856,48.4544018203431
12725,15469,62.25692280832969
87111,9355,30.818214435319575
54595,28361,97.8169385321449
17599,35093,33.438686947432494
96958,881,21.45483441795681
34836,6682,78.88524112126971
6238,31243,53.6267103532368
24699,45732,68.24220744170123
13120,4197,55.454527778552524
20152,24627,89.87091550705364
71324,8556,82.02547720536393
66631,3846,71.07252726932646
61597,14756,71.82461490428462
89473,46541,55.444876919772526
39156,35189,5.584903326422179
44820,26999,2.1440417975033537
62218,22411,19.539265750334376
90422,45108,51.24085251668519
13810,49861,17.171299403566756
97107,41859,38.786835552420904
44429,19669,25.52879693711535
78154,43694,16.4422466511734
49613,30669,53.47191051069066
21700,28922,78.42268434692116
33727,2900,15.503944492471822
9221,16005,60.44796882436884
31317,23154,82.47152354211244
67220,25113,12.280419805293302
5649,19685,41.97971804327813
49072,38528,44.799119718040465
61311,42654,81.65548245683723
91378,47538,49.891975805092486
52450,42278,22.825487563597534
21450,40929,43.63227010629349
15365,15523,7.876048257392078
55708,3958,57.39687567471014
2995,7128,51.54968663592929
83736,8259,20.266960994701765
81136,2017,19.321243966662554
63627,37458,17.23043953055357
72507,16530,81.31581921288763
42194,39183,81.3909393795485
78211,46317,84.1597100682878
57264,33453,80.22074895325812
44558,38562,78.70605209169587
8619,49608,6.490184754869334
79953,49546,80.92514657377785
6802,27047,46.43950443842366
23230,17200,74.88184595147032
55328,18202,22.20224555883983
91770,11552,22.896772820512908
21517,4607,59.76216553797162
36941,650,11.952697454983504
16145,48651,33.54154997129584
64339,47452,74.51870242304781
62509,22848,91.71394000754012
13635,21076,36.05131371427843
71343,6701,49.970315207236375
28543,11564,39.33910862752877
68978,41613,13.058844515484315
63853,12431,15.723436963044122
93062,38300,50.82580922775336
55874,46653,72.70087830882525
98522,37853,61.38285065057049
67254,21699,69.68582510779909
23303,21893,68.0516521197072
94881,38806,6.492372014872368
8654,44566,62.507068882154265
74809,18081,75.00323195702879
43219,11075,68.63450350564568
5320,2265,15.464826398627874
22634,49007,79.78455797936934
43798,26339,32.55713758421763
23006,40727,79.98194131037198
76729,22276,17.44850335773371
81968,13498,50.31271558089477
65201,1830,91.41240055173391
54691,5818,14.51813824038224
43850,5259,87.91875071991143
85276,36245,33.05253905734088
88921,15824,80.8808076792197
30555,21519,28.071261672110094
76210,26033,88.33455777167106
35529,5188,16.759247737996013
83147,48253,25.486693529841745
34511,26097,65.25904693819582
25159,20125,94.575812284367
45666,14284,42.43835771174567
65832,18170,50.70811842823755
11449,1899,10.87350871764137
71172,37706,67.99729553215093
83992,346,73.58153389764102
93277,26473,70.8403289116351
94234,29269,97.42964809946547
47962,4153,55.50386690691639
50120,10278,26.859128693482322
81616,48198,67.76452573955847
61934,44647,5.825146483633771
46679,38610,33.78765931065373
43944,39699,43.28492800250473
35818,11383,69.15022748398175
21583,10806,2.8261748722521265
78856,2492,42.97176259454493
45055,48466,20.98115377466356
22838,11552,2.432091429260085
52789,23082,58.249579721762075
52650,28124,80.38291893774615
73363,11206,30.13017179534702
64809,20050,68.91093092063089
31106,30007,7.867377690848878
68208,30749,62.25786015537425
70887,40642,81.34212677772474
33205,20762,93.07351173922379
51268,3864,46.264905431729744
65291,34073,78.74075430329526
53323,3197,64.25001643372033
10792,22578,63.83357971855096
12968,33191,82.70338755828242
75576,46958,51.16319458934718
24595,37497,14.661527259988594
51218,33791,52.594114070993896
27115,13005,23.904795530156143
82350,14463,27.641287159866707
51047,4145,56.58188563592112
72511,11734,43.33481921302035
71661,20770,76.82923011699972
31163,24680,40.23549027117344
61960,4446,51.73068748860759
1826,45050,29.40947722834667
38637,21484,86.35278156138251
20854,47713,54.14658401181106
18209,40868,83.3057106953608
38580,48427,69.03001014320922
74146,35839,24.420104294023865
63700,10340,30.959570127355228
34453,10352,47.830347847892426
30544,49187,50.547052043600885
78560,5335,89.56216160129568
50912,39859,1.483973336209635
34538,9179,1.523570203527297
53806,23692,75.98758328661675
89918,26925,98.90207905469708
81755,23277,1.7610373112294428
84220,40392,65.6281135738384
79589,3103,70.28018818405324
58466,35457,10.716736079942322
91138,13745,34.038885700338064
98227,42811,58.529603708028944
57039,18317,96.88840083476579
17064,44563,25.646239772393674
45553,12424,8.903416473828466
9780,23756,57.770699624135545
59090,14052,7.166244112084079
2361,27889,38.343937675356685
44870,49663,96.29758235670403
28706,43830,16.10955072983755
43328,20713,33.48961097510645
68284,17122,10.928269351463964
74129,437,1.4736910597847117
81559,48544,68.58366583657597
52903,21560,19.662049770843954
90115,7794,2.5414541532195964
16008,28911,61.374038465392225
40812,29334,42.58385604661837
38716,35745,8.632862580693349
56969,9634,22.875542281527363
61412,11157,95.34513515556414
13519,15113,41.112404220767914
20361,11126,53.49086083686222
43621,15870,9.288500195109082
16650,14220,65.66089773804106
76432,49804,83.81090102987183
25615,30411,8.851231036318408
8187,48434,78.82994766512515
47699,32412,24.181157235802353
61238,20122,12.43337130311536
92946,47542,24.39946381484651
8090,3763,24.201362227650236
35619,34733,84.82921936113915
15918,1702,40.985399783198176
90303,42807,26.645940801060057
42209,2399,43.98280015880278
55253,6710,44.331811551293896
15018,29190,16.6163126477121
9225,38071,7.0624663912220615
42355,11957,62.980650261936695
82229,18698,55.96811586776794
14793,14167,63.184871871990175
32960,1845,86.2987515150341
88851,44710,4.7781579890572505
2894,41980,84.70819833489028
66721,46042,31.382313027978192
72224,42326,84.56298079180284
58931,37661,71.5345851842757
21700,37080,91.60943861823738
8931,18640,40.26073730504576
71763,43671,74.66705473474721
67185,7633,1.5312057926067852
33274,9980,18.42152840422361
13843,466,25.55123704289418
77246,2376,7.5510425142358475
63458,2867,81.17485010912155
83799,27906,24.307568019037497
87441,5610,6.813783772142225
58697,23679,40.740501776330326
88094,7860,88.3308879116328
5344,23537,16.11135508205396
66931,31727,82.01491470704839
24682,26980,34.15074883692235
75497,9428,68.66479435268492
85710,5156,91.28483201178226
3085,30082,18.816439528163947
10271,8741,25.270434973384823
43683,24549,2.2999200622684404
62974,26621,31.7983721100292
49340,25117,40.74768817782945
75528,6769,36.04527834557258
16445,35140,12.32246868884623
78314,3288,81.49873892533635
35195,17371,12.094885542148203
50927,12799,57.664889611241264
68119,32715,86.52564081265224
26153,6975,28.175758489068066
9390,32841,95.94349865237616
45115,4189,3.024350982278985
86540,6351,36.94205278965789
83993,25482,69.46875549000069
52788,34203,32.09530618412339
87555,48274,69.48894710696953
24017,40414,95.81552675288864
83655,14720,45.42256534409468
1994,39976,16.51908079254338
56957,41231,74.00110606385569
82345,38661,87.73463696995373
66337,44760,60.84385091925189
14362,3713,85.22700264795819
74366,29829,14.481944729963674
83914,9886,24.391999835892598
84519,38387,9.466180513295418
80628,18615,42.7857250234122
95193,1203,81.30278706888366
25095,5525,25.31708185755892
16870,19999,65.33183353020465
18921,6235,29.811811612227007
34910,6905,37.86715696699628
97197,41766,72.51007766516858
23354,23089,24.2628403255363
79607,15587,78.66263852767865
91670,1488,76.89153848634447
59045,43220,36.03805731944669
66824,25457,52.64418369237062
33095,15634,81.74603928952135
29103,26765,97.4297429865192
61859,49165,55.53507262270104
43415,47750,10.220440311240095
90147,24774,13.05570921872646
79417,34387,27.20407044500208
54492,40378,57.49534772225579
22956,10424,38.30034389672245
3559,5245,79.18085420055682
66900,24725,78.76989631406519
33328,17391,24.73264660475021
49721,16629,58.579501654276136
71036,45424,78.67771917254262
58095,44686,49.390681852533056
55344,4912,93.46492559329667
58465,30874,35.335593608321645
20149,12041,79.91088443794492
39639,2610,9.095853624638778
24753,31143,39.94486178403015
78470,30475,64.55317407626147
40426,40663,20.8119764600813
39087,37942,87.16858646578461
70397,45013,89.65788016220493
57353,7210,46.879834580405245
97024,16940,22.865347286148477
72873,3373,33.94360338947209
43860,21371,60.885880891453795
94004,29326,66.5569419073059
78727,9600,17.84087536693671
66853,8882,2.7998838216806803
42204,36751,76.42539256031262
18871,20688,14.53444448276291
5893,3487,42.04757325026978
86508,10235,85.74212724428153
54580,37913,2.0248079773911805
54934,16719,86.02134708035446
26430,38055,50.090308789278964
66644,32329,54.81359132722767
56241,38322,57.714731236731076
31252,12667,75.14129156098612
35982,30666,93.65403446027949
81784,29726,72.00648906324558
58484,7533,61.77311524778175
37118,48675,45.69859858938701
64311,23309,6.686344473427326
52738,20729,69.18541597764933
35107,37808,32.59308653933471
18661,23128,96.03201013261862
80893,45708,39.67317199986934
99654,31159,95.00781553656333
53239,2113,7.2490642298562795
17379,47160,48.409649968680775
90299,30974,10.505567896437723
58464,47928,90.19582507209617
60710,40630,50.373053185013475
41254,22713,64.87143467682183
99259,20006,90.44692738018678
41680,7746,6.443591348920332
51663,30772,2.923448445456752
37050,28368,24.39748670509821
76354,38752,83.70065622924481
39554,25774,4.634254059158132
3966,23364,41.90861833959958
41600,19797,15.753940376752569
40158,14306,11.853410831924073
96578,2428,89.3650569977337
17990,4042,32.71688341283857
51148,35014,63.16932392141469
35274,10894,34.49244412711655
13102,19804,48.82495265430085
78943,35604,96.13927843212575
67010,41582,14.879240142140613
37650,39019,2.8626194771299986
45641,23085,54.734874406734
54852,28548,46.15608069134817
78055,19323,8.054944869809024
17746,39526,22.22331213466598
91079,3778,89.91684306173075
85450,11729,15.410704451065422
35136,25869,45.17350842061071
48545,11171,23.789216569620766
80946,17137,80.52345393895814
79628,1749,65.76630260093717
24878,33452,32.16233949776631
2130,8887,73.37432217937892
43413,32894,29.570692593631097
21648,83,21.59381536245988
52166,43592,97.00808333451153
57940,17075,95.73259260586018
46333,37788,55.76859142200682
59574,23958,7.2519396503640605
97287,2418,63.97191000646403
45326,1743,21.24483160633016
68174,23435,41.767643098762484
8069,17194,59.277973795914434
14465,3365,56.37280234372905
20787,29962,3.3935423479242566
14810,33090,55.98041295919249
46839,46315,55.75442878115868
58547,15498,80.04611806172714
2946,32024,31.95529945579461
12752,35552,15.521045391335804
21079,4012,13.102586780851828
89062,1761,73.92230827546145
78864,5461,38.339687104263376
62126,1958,69.80135727592612
10392,18942,22.222077706651113
34059,1710,8.574914327812433
32740,10590,77.2780407081939
19660,5692,51.41270529817821
84324,44808,45.34233621529635
71007,42702,74.72203526232687
31950,36202,46.992840665869096
85915,5660,46.01675307620539
92209,24201,2.31787290585273
9191,31216,65.39185955379425
27808,23674,42.279180487270416
35902,20771,23.52044974741933
49050,3832,41.98820959335803
39897,27740,43.78026392297007
97690,10744,47.637827793048864
26655,39473,81.40153862976292
98004,47819,77.55753534383251
82766,7984,92.71186103693579
71090,25425,97.0081955375038
65601,22850,38.197486160058595
27951,39504,97.35490254204562
62291,45901,23.732244087939115
63543,23965,67.97126191258386
83202,44185,27.83808059880473
1125,2266,65.49979819383871
40612,38344,5.374701550978271
63713,2244,51.010879656057455
38090,9786,34.89682500906958
45828,25793,34.345198365173374
40065,25717,79.69919540384153
77806,6230,25.43107202473532
56874,7415,4.587606342128735
4944,35515,76.38911995656093
57477,49465,97.92073664326898
37423,24237,64.64655009748503
95306,27323,10.505682216838482
3500,34825,76.0497901991835
12040,37583,58.69690966474347
27788,17726,25.77165857539258
20586,28622,1.3918658463709077
62654,29575,80.76457227269795
34874,18591,46.64966379723248
28107,16501,93.00988128658554
37876,25980,11.88658933153965
44255,37204,32.56022876473173
36543,49815,53.81677837625238
49314,20261,83.38171114084513
34158,39456,23.04741655524016
92372,17736,12.581209193214146
71566,26928,26.474080258126666
66859,29118,18.90272266135358
91579,4802,62.59212074947278
25396,29465,45.163092507903876
81595,9009,6.878116335087762
31465,17785,48.54101245424677
74082,15211,61.96869528753259
34231,24946,69.73788759433945
87154,35869,88.48437778132443
60903,10858,37.43127529350984
48835,42272,5.248239819167546
83685,21831,57.97727993149337
61291,48644,26.04841298580311
20611,5822,97.42573489395517
72134,14661,47.92109862650077
23619,17142,2.069291570017831
28627,13383,15.084139294397765
91340,39623,3.3783336101265893
92888,23550,36.23215737449793
66602,22330,21.67251794460034
50014,39499,4.737373326269916
55020,32067,22.297006190864444
59646,25787,68.4121240200821
9683,12004,82.69362918096796
72792,36024,34.59154678468167
69741,40834,95.24086961461077
95742,5428,91.43731929601903
32382,11034,68.75988128259712
17647,31847,73.56218890499161
79839,27771,89.40502529858759
17968,34149,46.00342321034961
97292,31280,95.67986017828679
49074,40259,78.33498002481151
16503,4358,82.01912899811211
9951,42634,98.86560228960045
14617,43522,94.5168633725304
80723,41552,26.476195982555694
38775,39031,71.24592540866817
75925,34884,72.5364510391138
67089,23340,80.04170090382398
59818,403,26.83797430840098
88347,8540,22.661900255350425
4943,11103,24.622337751480163
28285,26566,83.6844222595549
40241,14110,32.23696620808656
47957,44214,65.69507773577574
24732,742,41.70908244302098
87975,29309,76.80147286842409
16804,35457,58.067576108167664
66705,23271,29.934888394940415
42009,19952,2.4176831105867254
36622,35701,82.51467605422904
63202,45325,40.48098601512257
67464,41580,95.49465659114821
54221,15128,54.249959941619764
25654,26556,63.12656976058966
5651,8486,25.774371361579316
12447,21171,17.629829073877932
4512,46380,93.90630982457378
23638,5005,27.39396732099043
22147,13013,61.553475615513776
60638,47106,14.698149403504315
59718,5318,59.73902806080795
72509,31543,30.776824612179603
12520,12238,40.137172393808605
85209,44210,6.396332675363711
94450,33471,63.12589664635223
19247,14859,35.961456027244814
9212,40197,78.81551092821377
76074,11435,67.58210643246906
38408,18660,49.63591961048844
27849,21481,28.221655892908956
87403,48398,25.496550076914627
71017,28109,37.90209406436324
77469,13895,41.54667714461843
84596,9619,7.562111616102289
59254,27871,80.5198481694998
39053,5603,83.66068673764002
64800,22265,56.383463594767505
32417,4248,2.476739213381352
59945,14746,61.121758749610514
35396,42944,54.59022549175407
6976,46649,24.223423290445893
49120,41398,15.77988595564915
27250,35858,26.824469277835757
81179,31153,96.03313002477108
64826,30745,61.87690124353955
64762,18140,4.224016819070909
5403,40721,27.147129665848762
36235,46918,25.89610329334937
54992,44306,46.135694842679555
69020,17507,36.09403798791071
41874,18355,62.50998098403795
90020,46732,68.499577000841
9334,23437,30.502510703643424
35075,40180,30.793107636694586
32058,49968,95.38164187441737
18543,11731,43.87419964834484
8861,46122,28.673196762636252
52590,47162,55.4475581799932
57702,30553,74.73546551874429
25828,42112,49.08684880586223
33450,25108,39.335047707306636
38110,13066,15.366328514855255
51228,7010,59.09534494116026
63468,8015,54.68950802922878
12545,14801,15.920033201050835
42595,17920,69.75507322011025
86341,7336,90.21754808417118
49321,20063,97.56812856258163
26235,43137,55.39591021529249
38151,39280,89.8481493669526
82818,45131,45.88810151598127
4977,1675,68.33422571419473
2761,3545,14.704662534874252
91583,2107,1.5182750242971987
13612,4619,11.962543476738185
8739,10044,47.653175308144824
43048,35985,74.98605578328582
75741,7749,73.25096910281341
17530,4999,48.16558872368253
14061,43530,80.70745569447519
58411,14517,72.40137116686132
14302,46490,89.75619236175429
22923,44615,22.278895346706033
70126,21789,15.339239491647135
76721,13361,5.165418039322345
38065,43435,35.12417506802044
38775,11193,14.311158258428986
37844,22278,95.02765691554494
74809,48002,15.387900090769548
17728,4505,22.788491902724914
31867,34620,7.145464833528669
86915,10068,43.25492142785748
75886,16294,63.629853827947635
50124,33347,7.5473817584106175
91702,9763,54.78449548184874
12544,47961,73.11393334341504
81350,38216,19.681299346266968
67545,38612,53.77555537058466
23610,48869,93.72377155126094
40436,49947,41.207279124222815
83878,30618,7.528874766346961
8004,2800,78.01820888594844
51266,22692,71.67301110434724
50454,43919,29.048718362860555
17420,33884,27.39080746106255
8995,14586,72.82943130975816
20905,47535,67.69665419014929
81253,15277,50.59667185831002
44894,6140,91.17257097119399
20923,18567,93.57778128991116
69260,41016,86.85736755264601
90968,45958,21.92309621662438
42993,5501,5.283740902242788
14583,10241,7.135975340629894
70190,4805,31.93924598457471
26947,14129,83.92094864823807
18210,12230,82.93015585860019
12250,2050,75.7475835397172
45321,28987,20.5394500997829
39113,35882,58.73469281524876
25099,3756,95.79809969322469
60210,18286,97.22329244442453
91266,32595,25.458635751796958
67507,41951,18.05981749244188
38744,39599,40.5578241987758
92459,25646,12.004030377889455
29945,35588,11.972351750144618
31570,24801,68.41792134499585
57345,9103,33.349912046713364
21804,12842,44.2243205059359
13646,21003,13.017815938532923
52629,31292,98.11167455216825
44415,47931,43.93174585636187
70956,18550,10.843173452927315
29704,39608,56.078281510814726
92913,4793,41.05488143876999
90165,35695,19.666487230941183
22557,31024,3.7580553687980225
71141,9060,49.24886079661466
23464,21656,96.20193166052456
85313,26669,78.07217144974496
2805,18510,56.19958308683498
42420,6096,70.14246753950536
87323,1330,19.04995017802928
51920,14028,53.26612493266509
41073,18520,62.984112759434915
2479,28192,4.983597720601047
63486,20799,98.5459559991897
84609,22717,88.56932370269406
36138,1512,18.38923825243687
7687,13898,92.79008441758111
42396,19888,54.14762372825715
5746,31014,61.96937666315659
15181,35012,93.69721117476207
92453,7266,64.66653651439097
62507,44365,16.933326602206883
90717,30315,46.15403819657362
19980,22082,49.27002122314144
91299,21356,9.78294222952023
73520,18285,7.969022938756732
50831,15928,39.84959977542961
28049,31623,41.30523850883258
61505,34710,20.98753914146667
18261,22328,41.36673518958319
53599,14007,51.46679328581529
36094,28388,23.946821334252206
26716,27888,77.85883972312423
6640,30291,74.65948568109991
2731,40460,83.09676523883495
43021,37167,27.70917173379157
53118,25681,45.97490149445042
52284,49884,58.81330323041181
48147,814,27.10151183007369
18902,21150,65.38506821728129
30185,35939,54.09852520042836
62956,12908,57.56035073347596
50402,30145,50.46625309845765
46020,3512,39.23774434322427
16569,32708,32.56332307214897
22305,7820,47.806859057537146
35464,31775,90.12111055774409
93801,33171,16.691580057870155
55527,46611,43.472979293569296
94404,35891,56.89974117638075
85486,23064,20.860403238647837
98352,21618,23.27877294092012
4289,24709,82.40734925136404
58761,31477,67.09972131561658
27876,41279,95.59933869414938
88517,26890,56.23240386243921
68555,26268,50.448427937693765
22434,48448,90.27123047121704
61367,39982,89.500406437986
76288,21451,19.599176728280746
84946,13425,59.85739656614668
46094,42026,23.27549536450313
87886,8491,75.04704062375575
70964,20835,72.24680343373629
70038,19453,97.72328298332941
13138,2993,37.42156170487523
50990,38764,84.87907075459631
52765,14322,34.17634252649855
89024,49698,9.500765283330713
92761,48803,69.91319274283575
1245,12933,39.165130691299595
24890,15831,21.527381724354598
27983,9687,62.379785832381295
59973,36534,24.20013373773583
42252,13615,29.728136089742712
47037,24409,86.92338698338268
86489,29301,49.93703382292247
52241,46742,63.17088502344407
46970,9186,86.00142427434882
73735,3534,14.900718052342874
3159,45635,86.98241674311113
30597,37801,68.3657017294566
72510,10868,17.94850156347326
31172,17376,73.13494532442748
51094,31748,80.86836105531202
27737,22831,5.930337118437242
34991,39052,72.61715499963853
96146,30226,14.40691581810124
43470,34897,37.07249021214817
80514,31801,15.893939723829039
90413,43375,67.33844067157725
35052,16383,83.0819916970045
88855,2820,55.83286854109615
72442,39212,5.522421797500964
24305,26386,48.183825483277474
94622,15198,59.16689054735027
59345,47195,52.62958699816268
18475,42442,1.5852209144000033
31440,35162,52.71272789290713
2750,22280,63.25933489471368
50355,12952,4.285455688964166
64946,47116,17.159697455740776
34297,8972,43.046356893421766
43699,47603,29.204948009276666
3467,20334,48.52576160130241
14129,22017,71.09503482384423
79843,45727,63.007888760835094
98894,27101,32.71075191853872
72212,28891,83.48211581404931
76552,35721,95.73757844773773
10677,25989,44.074137371243964
8487,10794,87.72643682925793
80241,36465,21.587920040700013
90155,4365,83.1230321535123
27269,9280,57.692586858556304
17182,13301,1.7343953261527694
23359,12168,95.6194597780449
72048,36113,17.569332821538918
83541,16133,80.6501449348021
86954,33913,65.96607106600943
31119,31994,40.16803931421145
21758,2631,93.62824979233656
98694,29482,74.17361073715773
36973,36664,97.92325459992033
99104,44626,91.21813521661251
82570,26484,77.19329655173837
74820,48045,53.84262345235026
79244,406,54.66240671280953
10217,37448,13.618885562338008
26322,28678,17.1081408751902
25227,10997,77.95512987550906
13826,46589,33.54908927770945
13605,17826,57.1770003368398
36424,469,50.59043295315579
66800,35990,84.95909168167375
95489,35752,87.26587990955677
25265,1293,63.36561418985913
63764,1206,1.5958553055227351
62921,43006,83.7877108938617
29301,2978,47.69548162374498
32868,34439,19.292246396134377
23319,43053,79.35606503850128
88725,42892,19.155239846035073
96006,42591,27.451206206335762
17768,450,61.856865120206336
3692,5726,16.027152829713877
31991,4759,39.71770245452227
43645,14039,84.96770588262135
51444,10571,36.10909701396959
25973,44637,63.064564832673824
75197,43577,32.17310047372012
38814,8526,7.507975112325976
31437,39965,34.03422174435174
57585,9768,12.255977579082064
51780,35014,61.344842477397165
36135,41915,32.59588945875113
51047,39475,74.1621498419434
19452,1871,28.180292246929454
48074,29502,55.33402025292471
45520,11137,5.372511508013523
17281,3802,62.14496449357408
25589,10352,98.83445416391741
73129,15803,39.704647296510934
13503,32322,67.84034090789956
34675,45214,40.870644136882284
96140,398,18.056009251850483
82565,17549,17.240710060644734
78516,276,70.77943623595894
85120,39564,78.5597568069657
12671,39819,20.874470273168207
29378,8261,17.581418583718598
53996,12829,90.28783094685352
87842,20750,75.67392268456871
91107,3756,68.91893872578157
26299,3352,65.68131813711446
45576,4595,1.142427425052585
79614,36163,96.20598592696884
50660,17601,34.89149618217447
53059,23678,55.06972364179597
49354,36729,25.00024883268066
38269,44962,66.47781529286684
24614,30666,70.3226318680216
70359,5435,63.07603777150292
88438,29059,78.1205790780352
69402,34867,2.388981714626054
67169,1709,46.22902092244594
4830,25219,14.996718590837425
9412,24934,17.741655745044106
82572,44575,36.17525252481591
4334,48221,51.177599150580676
27987,30057,75.51939129142256
50437,42638,5.020544746486958
2770,42570,18.86315867151601
21801,10328,93.51181799301763
50793,28442,14.710019561054818
20126,27659,60.406018559086945
39039,37327,67.8311373712596
43851,2701,9.076568974816334
15040,18600,4.370518473354773
30523,18968,2.3462554759443
55736,18425,74.4184195676447
94580,10970,83.9057276097227
84068,15913,16.057485530136884
66977,18349,58.9071265102653
30823,39389,55.223423561782425
96700,33821,51.35414192139793
16086,28495,74.53004270866086
38722,41039,36.02154598538821
52900,10595,17.188198691647504
3057,26598,92.28668300918723
72856,40936,98.84964439297075
51449,47122,8.99020519442145
99232,42310,52.4198756753126
75549,18187,29.660386641158357
33995,33046,12.241115108261672
69502,19577,96.79645934723764
11534,33377,33.4068693025074
94705,8687,19.67479897822021
22985,35710,23.21392122395588
13179,8297,17.233236597168837
80028,14667,22.018797304754923
99939,7942,96.823323363743
57788,22464,79.20393470633228
47803,4703,2.9749849597656617
58906,45145,53.81566416504328
37567,35373,6.637045378923275
43823,10025,36.80869697668476
64838,21709,85.27158902494696
61113,4468,63.51642851824246
50530,24746,72.80552330959866
85443,47478,22.227037440184557
88103,20325,71.83669380316108
5216,41207,3.1119861534966646
44072,12187,55.26143245317517
41355,29170,93.25935020408063
6801,8472,44.46376834569647
82374,44653,86.54215115771376
85320,16856,21.475980188667794
16736,30749,33.01766734733666
33248,43678,41.85245526198476
24808,49455,81.823542780228
57166,42184,25.598146924826818
79620,13628,72.22272160930174
73364,4741,73.52707124307963
29853,18170,82.45736171359518
75732,33724,34.6483793634748
46526,23566,98.15589100580904
94793,39202,43.3437528542987
95361,35036,22.866137274837865
69288,5350,29.80828291080039
25234,1232,16.057366057946346
95695,10976,23.475418959054508
53680,40847,38.518447407358245
8949,47501,43.13641124050103
43904,43976,10.867968395174616
44579,36995,94.05684080116532
47978,38864,61.40360352875278
34938,18109,24.699094729295844
15343,39599,66.29999242037613
25376,37539,21.47947897629029
39398,42590,7.8557186073531335
40365,28979,26.93022950025765
30189,27825,72.91018256638395
21181,7860,34.232935193396116
23280,49356,63.010161777500535
87627,19776,39.96890785652552
41221,31105,82.70091651210257
32762,40000,75.91652113919426
55120,21185,24.457035346501087
76057,41950,64.93899434918217
85898,24288,23.214640373169836
15226,22859,98.32695439845772
4152,13067,14.163377402249665
50108,3228,52.64370673181695
22825,20869,42.50239298126182
22414,26576,57.99521022513501
51733,9553,79.71004040013358
95564,48075,50.27676548835978
72801,31783,81.13361411862141
74155,40512,67.41278349820388
1922,42474,18.22316275489708
74068,10381,39.976875516997126
88848,1471,29.109062386789827
87624,10751,89.5026834294614
9495,24945,43.23782534908381
85531,8684,98.24974554835933
90990,32349,48.44800854958251
5864,21525,37.56888042597921
42044,47373,27.27326409913469
44087,19872,29.37031535968173
93207,37514,79.99537685818581
27937,38830,13.56680190228752
22541,36334,66.90884918653057
18574,33625,87.36517602617889
90689,39354,18.73046124598654
91029,5690,59.21062057996874
77501,28229,36.053650029341995
23216,45207,71.55351902900915
51143,47989,82.29788951495482
57067,30192,27.290667566259547
76769,46224,11.510507588389638
13856,24137,70.83995394325845
28179,23664,7.183276841326254
5810,14961,86.63838795542756
18751,15278,25.295537933103613
95582,23318,78.74916716269745
21784,34761,33.2909177115896
19193,8689,43.1572641158307
50357,48792,48.06818983178854
47077,40226,90.43958950235952
47574,18848,43.663596844321894
90637,41807,3.1945599381168446
53360,31575,93.64774870776726
74492,49920,58.12746878994309
32625,12987,64.68472092844345
48946,23327,51.47785316530474
74320,37402,79.35046021190774
13584,33987,8.058612692545662
71332,11826,73.43334877509344
23183,33387,47.66091617301316
68890,11060,8.790990724263352
33212,42450,72.1080568768234
5315,1732,11.538548247576614
37206,35639,72.66309505829526
58580,45591,1.9991894315259398
3029,36638,80.49156666855896
92743,32742,7.056252169946228
7143,30490,61.569334156352184
74644,15940,36.005800732980724
65973,15916,7.559159600599068
38882,40432,74.7210178096673
77699,944,13.916692539854411
48895,9431,80.13091020872261
12798,270,71.85605460313113
73671,18824,25.264940453731374
63787,45976,1.2556672975250185
26963,16907,97.39420476284816
76231,49186,3.656516268283396
64672,2324,77.13851779323275
81874,38986,68.0085181815026
40047,27934,3.3763630945969068
88270,15194,55.10307464927578
19178,6827,91.19101284793372
22448,25371,11.055473844404595
1233,13179,13.423256842060997
81264,35103,18.075112662626623
57234,21184,97.75116505062539
80442,39503,72.03859748262276
89201,10903,58.38100006938301
44308,38709,50.56968087591562
62907,38123,96.769930872605
10552,21307,64.88760603491994
42081,14235,48.08148951798949
55595,6070,11.730466781387928
92544,30623,80.03126879010911
24367,20122,65.5922406865875
60652,1567,52.73559125871237
28209,28614,98.83360199619975
93912,3078,34.54952202757882
55966,29365,16.12640916170145
83856,40580,24.531053929262818
29926,6375,67.52460606889593
89129,23452,76.91278315834744
46322,17303,3.1971243504992737
5776,46439,91.14897016030763
91610,20743,46.95501609279167
13168,1085,80.86167710093723
15441,28593,41.09969141044229
28932,34428,13.192363083090486
62432,30260,1.8672301088161378
94831,17923,27.991254981074807
35484,21784,74.03569137225861
8448,697,69.88715334364136
51838,49591,87.09794819255103
48186,16754,60.11325278558123
32664,47079,35.35101109132683
77154,47179,10.44181786683295
54752,12017,69.87728246182388
85187,47217,14.910594344062474
5118,42501,30.051529816189728
95314,9812,43.981522346500874
99867,3325,55.47168508240301
86477,24703,41.61363519992898
71694,7885,10.769297970940146
92179,34536,62.91329099285421
5399,18679,42.72521730250624
27148,3440,18.282594803500597
10634,5250,42.99880071203222
46768,23341,56.47522606576696
95495,13918,51.22965292607607
28998,35694,55.30329033699973
85218,20056,51.80592656816687
48495,30689,33.70895209018311
67978,28646,76.52455136360969
90602,47626,42.238861713774504
21276,23614,79.11660634183443
58702,23398,11.205461122870183
56086,17581,37.889802926913966
83358,29843,28.66503166722744
43823,7841,88.99103871833186
54066,23335,3.8819753938560964
6899,24852,61.98843145689427
47925,4980,7.8147040903021505
64713,12144,77.53121774550156
17541,7955,89.48501925508337
24616,22115,18.99509607274
61321,19557,31.46324429498855
80057,32687,39.108428599436756
27778,11537,94.46238825684783
91908,2638,22.375907163213355
75706,20536,78.42749155611843
3582,35893,17.701639413959835
25406,4637,22.83261224999806
28942,46331,48.62258186288483
26445,942,42.715808014410094
65545,23469,7.2861321057517845
59915,23326,11.564943735363896
54060,33315,96.52028980391815
89683,23381,84.14652906377792
16117,19414,39.59160066756721
73041,22376,74.68282882649639
99141,22329,61.35361887081737
87027,23978,57.631377841245566
70714,16383,1.5813472745584076
63002,25271,1.028434875816803
93528,29571,73.42031888275936
41004,26093,61.4622112839126
17853,40670,97.61978485614263
68810,47274,22.637029350308257
94772,20958,78.43521030900418
11185,32812,34.45115614842168
56590,38286,84.44985575910367
76560,13512,30.30503317273613
60398,13409,58.16757075170741
54510,42962,98.84242945153117
98224,38729,3.8175033204748896
92068,22533,6.686908357712069
72425,32593,48.59528698232242
54923,8799,44.39517875979788
42223,7622,71.02214532182245
80442,1796,10.031112046008161
24755,22404,93.03723989652589
27812,42776,65.17448613995987
21215,49619,29.94797336167612
53377,11063,45.60041310977455
78188,31427,76.80086366891965
63372,24692,67.71762673329695
65237,34071,9.818435617866943
79619,29679,18.281315753364364
47413,17319,45.42490295562786
57691,32201,38.08223028534538
58350,13414,20.24516618651858
17711,18818,6.131651057666395
82289,30808,11.87754490398261
60466,31437,26.613942905145933
80828,41328,89.5138919827294
15483,28336,36.452515853228824
8065,49282,66.46992375758813
16767,12481,81.66248286079858
37118,2245,81.63592323814859
54786,16571,26.160940359756303
29140,19501,86.93794308621545
59257,30010,58.49257826240231
3090,31425,86.13275262477438
65249,8428,25.329860983950145
62419,6431,46.09407754938855
26720,1846,76.54128049084323
30307,37407,20.00484451051987
62494,15328,13.16309224926345
6226,11757,81.35733484263928
18227,5531,88.63234892489285
36589,16960,33.30879204874883
38034,5959,7.540051740584859
51757,25406,30.133173115480748
12663,20589,36.6238837099351
70731,11310,36.76763443323168
94625,14396,74.20476537978735
36228,36284,24.72126243448088
27063,42219,7.090165377715377
65259,34699,29.506947012365504
55777,36673,18.496226506838187
59899,46634,91.62140584560714
51296,26871,31.130504529850192
29078,7375,45.40196830891314
92131,12842,96.6511490708028
65342,18442,89.36522738763632
19700,16021,92.1262128759378
64258,13544,94.56319875895232
13538,41517,36.156973269437735
13066,12621,20.12118162586232
60042,39094,72.9298863744448
72504,3878,64.71520181731827
40085,32152,50.80238105766784
33699,29310,8.45583830696157
41705,16546,72.27084844643294
6846,33938,73.74482234172318
4231,32666,73.48431724109498
58344,1285,75.29943019027039
36683,11862,40.20863134675068
41682,36114,47.27322213681372
35089,11404,50.04230471446803
29316,25747,64.04618369455198
4941,41495,93.76795875224202
5592,34733,37.55802021801971
31093,34354,98.89716287196997
98193,21971,39.14209829436421
13460,156,75.17648582564084
54993,40230,54.52466241137244
88778,1801,51.73771735516137
89950,1620,49.72432754200871
89975,16902,56.44946063622015
91202,1765,36.12786142966292
14206,44108,63.14982432077825
4042,18979,77.0745512505061
30817,4782,60.26109489878152
35888,1103,44.26937747279315
59392,40224,2.797084012995563
35641,35940,78.57637767141317
5922,48195,10.446209996926527
88936,23915,72.81014394629041
32849,23090,14.064542998705015
42354,12178,26.823095901346647
79881,26125,50.27946837320881
95748,44711,67.02633163226507
31395,46147,46.07456186859531
88300,35759,34.061224729652785
30551,31164,23.573033299624065
63793,5403,11.614229844914863
80663,1330,87.21733148675938
15022,25540,57.737036269036814
58604,36279,72.25807016270399
68369,37919,86.45616346457075
20907,47002,79.34523257436884
72377,5947,77.35275936975839
37024,25350,56.34963554267216
4793,37782,93.71218774565853
78977,16810,61.35224144118607
80348,9621,80.5296665806917
36689,27539,89.57262600224242
17844,23706,51.03013098533412
59101,34438,77.29302821938403
33416,46611,87.97500636836892
82231,16902,86.47888124398382
59618,29729,34.36355608264562
40577,4150,2.2976994016191927
92441,21890,55.390236239594735
33606,32575,63.47999216821958
98220,22648,86.0556024196913
4448,22201,27.561363282817098
68765,27341,35.718309007467354
89246,26489,51.32456116800087
62541,19823,57.22007821330164
84096,48206,35.896478442707476
1224,11654,74.40708465559445
94607,24202,34.63273040579225
25954,17186,28.41804175141598
95305,8944,64.81066641162025
53254,31653,41.59379800578072
78534,15949,89.77629344643076
50034,39240,37.974259778632295
50891,25342,37.519669164252896
68412,12632,47.7403971708428
30383,34682,92.10368272107455
60445,39051,97.94763145387589
97543,37582,26.03982489174164
55425,12418,69.48603989377847
97784,36547,60.55538666680763
67366,29957,45.90409553119936
13615,42052,84.53879128997379
7568,5246,1.3294747946191667
39322,18514,35.48592076437399
1243,12856,67.98324924909089
37767,39084,36.936870609019444
18194,41132,33.74281780244291
63470,1030,52.24961968158004
54476,37273,11.782119884386807
17826,24106,68.17020343440801
71979,4864,13.088399642631488
85834,3448,76.69737181195347
1153,40570,52.26363822778917
10854,9545,25.703412729743157
7845,16044,67.85651599016613
33936,12176,95.1416821626739
38078,36898,38.82203648252754
23637,18818,60.21240582126283
29905,31144,12.101672542314626
37534,11499,9.284182814062993
39036,21944,25.21345245901082
87036,21493,76.14043707922899
26556,36536,25.936930546893713
30480,31104,26.963478236372968
85153,8615,14.005236588736931
62846,41312,19.251150620920566
38809,48638,36.66689768565658
29278,48415,97.17163935164557
60097,29838,67.23452850617245
94980,35632,41.66878507632601
47013,30490,10.240003120468296
37608,15504,76.8615154494628
58885,43006,51.650675922011644
50032,14032,37.84466351252263
19339,22484,48.29830313800274
2577,22028,56.10197890082268
76070,10458,80.4428483666076
82789,19627,26.285512273042514
73652,15112,52.0923449283223
64511,19856,5.232687076227599
5750,36607,42.16857750174929
26127,41266,52.911889263829366
99886,11815,62.66870036932046
72312,30922,40.579056381984415
96398,20689,50.788193679002816
9909,30954,38.834989143516076
60551,16906,60.46513196444979
18810,45417,31.04239313139828
34169,26522,26.171280010928022
21672,39003,98.75795850814937
40168,20300,94.269159352945
7486,47625,21.011268707034425
10108,28766,1.66567840259215
52047,24325,81.28633705061985
31822,24142,55.81173202921583
18930,209,94.9615611003601
66601,18235,46.054146571618276
14194,44041,22.720484843840325
72221,31224,97.74593289171105
4560,20121,24.996838637817355
83464,26227,30.246230213230117
76159,2600,1.6211151159943433
24339,14691,50.6773900013638
13707,44129,66.74385870482575
37117,6403,50.36925401914813
27212,29454,23.75646273395894
92667,13229,86.91359762642442
25335,43799,59.1368549831072
81596,9667,40.57965663967853
99955,173,84.59512370697362
24570,45952,60.602866822910826
77060,7436,76.91379604587107
95669,20677,92.42390769540953
18382,37867,33.28138850405606
6714,22312,14.879703231257334
80080,45775,74.72032157630221
31560,46753,83.69366262580573
17632,47960,43.48060154062402
97330,41792,32.240858311501555
22270,33780,31.118053139222503
10997,12413,46.785975575297485
19042,14506,89.55274963689197
76065,25154,86.91861717859736
50315,21859,7.265801257989287
98491,46079,60.3205285503964
89211,1063,69.96954896353797
95422,28667,17.457865212919547
61389,29244,85.77131430106319
58083,44806,16.572280562650874
67801,23727,41.53367771573093
51438,20610,65.742031808923
69192,19620,52.31496628013412
28150,61,28.19542465130103
11497,37874,82.33457928239551
30047,27796,61.18691533114215
72380,24610,19.22331497456107
37435,8801,69.86326827462658
85548,16308,44.73802531910859
87394,17721,67.89991063541274
35386,5842,67.76918704130837
7883,13186,69.99300206403719
8689,18831,85.31884944765822
83263,22143,21.951565134752713
32049,26093,27.210260731104032
36111,14560,57.874409024853435
79450,46627,75.80618905039594
15339,26837,35.39780244465329
60356,35709,42.29712115376476
27767,35158,50.78999720335181
73935,49509,56.15616648574978
98629,22938,34.212876433551365
5841,35187,88.57053280997678
57255,37945,54.99151098924825
31643,18247,89.10054671778205
56422,33599,30.865231083561632
29692,16226,95.41210115156572
94429,41267,52.22216089383922
28883,30221,4.518055590192608
84027,12801,81.05227360147012
98434,42801,82.44312697892146
36443,651,54.1105109663541
91575,35823,28.400744635850184
3060,11963,87.25039079508156
4536,17269,48.13607602201259
97776,5676,20.758008334130164
47265,19822,19.349741343384277
8195,650,58.18898686960354
83150,32901,91.31432749782049
23693,18035,13.778694744854125
36652,19303,45.67149713837001
7152,3306,66.53406101927632
20103,40585,84.13800898143063
20575,42937,72.1875747359649
83316,6019,42.46325515915184
36459,12188,61.68593278708996
21936,2334,47.507598244688154
54142,8635,61.36107988265447
94668,26899,60.19634626657658
1314,24029,65.72226832336507
45019,26997,97.34457850681501
83694,35410,28.436707319761137
7274,18123,87.8647023190882
12234,8740,23.83564916740402
26076,17482,95.76322009186669
88833,28362,53.51838207028597
6944,8382,8.85930984175825
29296,16855,10.278497200906372
12111,11412,49.80421798365844
98436,21133,94.22774752320922
14046,39358,32.533632803958646
12652,46234,76.47854299104937
68412,30547,72.02753538925734
85198,13244,53.32397080142035
25835,30471,96.81577340607654
59757,21516,86.56314232329781
48912,4115,63.79210366190214
92598,10365,39.205703981406586
68523,40972,37.75938747349029
19941,45393,88.311082437926
13478,4828,59.585407433726424
5855,41870,78.83177277800556
55683,40850,46.332116424225504
76161,30250,93.99552503376351
76266,8357,63.25888431136544
1054,41459,65.21907801584284
4432,16679,94.33614559639888
40128,8735,41.87987945374766
55699,7218,64.23679243074452
60066,4019,51.607497154217526
50834,3161,22.731090569838937
53495,17083,66.2440031447891
94070,4132,64.00938100120605
31266,14863,5.294441479742822
75411,32789,98.6615651989352
82887,1354,67.6225662150704
44921,4406,48.29025702416619
81804,19255,15.933538615878714
32153,35922,43.099378330583896
86226,40806,19.767491591829167
50497,23212,91.31589145481396
13523,34787,98.97345222780243
96078,40154,69.23465990357876
36935,38028,3.2485674707471435
7653,10628,77.87637180546015
75255,45444,92.63048374600679
14805,43179,38.00938820114345
70416,33764,68.53288900217748
94650,16045,24.198190547472922
78184,17551,31.854252499239696
90523,37901,46.68112050225607
77139,27140,92.01539283522226
20748,26008,92.7825788577573
15232,35057,51.25666646009275
67134,27791,41.40782876046025
69817,9413,71.42651707773945
71899,27766,46.40981234182365
19351,43302,92.62908786616919
80386,2641,67.28887138614238
30663,30169,1.0653224670056467
48979,47244,63.72788214800945
65351,29218,92.86124146548126
9058,35640,51.11439932469063
9336,19450,44.59523528897205
67930,29528,35.333893194230384
39373,10721,40.04835812543865
78140,49609,24.94809467654017
29249,6627,48.71070900457968
26421,43468,14.443458345531276
79506,29511,58.23118294066795
72422,30876,44.07621826495625
51529,3446,89.4101443143529
60000,16118,48.040187458592044
37402,12687,49.69752767505204
74147,44685,17.653317869167044
40451,543,44.87021397140256
36722,41554,67.47257644355645
61052,30256,86.2409551239466
43683,5917,43.70887059132285
62311,4637,43.25878156650381
34922,24272,86.1586759871287
25772,44017,6.929517561499609
41624,12250,84.4073429230916
63753,30945,78.85905475534044
67709,28647,8.77058125288428
96935,38752,2.3979278341465493
32841,14575,7.084982234757974
64306,10443,23.924724706403136
14990,18766,6.743724541521703
18639,20607,91.66718462711349
49813,45728,33.795473278351146
99805,17046,73.79112882279703
68539,29855,69.9179581195697
55892,37982,51.448945987212916
73758,17201,10.607106583977615
20629,19415,23.048080420657424
9434,8909,2.8341795143881328
49053,15325,88.2230115261632
55014,39805,95.33948626236193
53899,37386,86.46132609175541
95481,29942,54.523208799261134
80440,19472,29.262941377928193
56063,24442,96.9668294215451
2176,36178,32.09444447512685
45656,26617,15.49283138519203
48824,19244,96.14066046315746
10650,8220,12.350065187788044
38908,972,45.56966956083275
27592,34688,55.239364321096346
69362,22819,14.912640341120886
6771,22249,82.61484554973534
41217,26886,61.894639411927606
19051,38140,24.30442725108866
65536,2271,35.43442356089755
87454,46597,22.871120935349783
10537,11193,45.32255002901868
31866,13145,83.34998071085388
89287,42856,3.3697473508743645
8457,39158,56.25738710067066
18418,19347,7.411842566544323
51158,4334,70.35131011526431
56985,1797,73.78628074220042
96364,19095,54.54899900989521
25526,14851,46.32498515110493
70758,14449,7.532159764936761
1593,25779,16.023376373633575
28718,30362,14.362498865635798
11495,4708,4.038204273222851
12155,28865,61.06741751524023
91666,38645,27.63857489131368
44069,2291,35.09092161582685
66966,26411,57.61629595424583
28100,33824,34.05004810698714
98306,42029,22.14777081754477
65162,12580,90.6329387012642
1937,37268,43.03631563893775
39627,18359,11.678113591206676
86822,7493,73.78946569318686
46662,10575,61.59183204519391
80258,44442,10.994700740364491
76838,19957,36.46222517105171
5685,18731,17.139866941189574
4782,42389,81.74972006574106
51842,35813,61.9320916765208
23927,15587,78.61814360862871
79489,47702,64.82261227233393
62496,48799,77.49479151214973
94795,255,1.9212775089031984
32150,773,53.24930304134419
72793,7499,73.02092790313617
54187,14476,48.600576340635314
58026,34471,96.18311010988432
17528,47597,81.34287305041886
95615,845,54.063133585046025
21935,42642,27.783649196136555
84357,26536,31.958554770645485
5041,44033,15.864418203181877
63974,41056,17.4433506233717
63174,28255,18.118988061939348
4802,37754,20.513834819001712
12543,13764,38.27073630620624
24454,31541,89.76322667002046
33547,29348,58.53180818238779
19314,39289,39.66895163147607
78039,20219,17.15703357651092
72403,46361,73.11390736814974
7717,13846,82.94912871936421
65134,32451,81.35735729221574
92036,17757,86.31786823053247
21775,8040,16.399280548350806
4101,3800,38.238797635422934
84461,3525,55.21821779648236
67340,25572,72.84383876696012
84931,32487,43.87988928393841
5273,30659,58.59320828059919
54797,19024,25.413953770529286
91661,28260,34.5517049118099
12750,38527,84.70106645084743
87364,15677,97.45741270644099
59548,21313,24.842466940820632
89932,12433,82.87438110606016
56275,3598,5.397772310960379
48860,13490,39.032720232755025
58082,46789,92.48117142828846
55636,1426,54.397894884801396
43570,48845,15.726319121427423
91833,13428,55.57773022072158
12809,17113,83.31011115625112
71415,46850,33.41245870861318
43140,33340,8.241282208489746
11144,38261,47.13185890409387
85637,9435,4.6280383752831415
90448,9903,76.1087243715533
41271,36292,37.75728663790795
16647,17055,12.755960549263571
75832,4960,59.40238513010109
31769,41842,10.228327783006689
33616,36559,11.956296437258468
17201,21888,13.619445276986859
5250,29520,62.32148094328602
65933,17784,67.25873552621857
34139,21237,86.28502936414364
4477,24840,52.84087358310882
57599,24121,80.59606972992435
12394,22069,2.777620777778134
36157,45675,90.8919682135217
72049,26989,24.883583178937236
38299,14658,93.96768027650592
92432,15196,14.231505498104683
81648,47388,12.521011126584503
32802,45219,32.66704466388745
47120,30549,98.13426098549772
5117,35059,5.566575024595368
68625,27976,56.54295592194231
48107,11753,97.72217012975376
93163,15773,90.79068632142057
61141,15517,25.651852355153505
22282,38111,52.33149862034855
34928,37490,17.578346641379014
82000,11216,72.3159149025897
91875,40247,52.014707507487344
14447,13925,84.2880127655871
82312,45504,88.97725384883168
72214,26166,1.6847886485655064
44325,29724,86.99987131317688
25987,17394,7.105648623626715
23479,38398,65.52381367494004
70758,30360,56.22232810376521
95049,2687,33.87941374838969
43737,31582,3.2473519340475674
58841,46566,27.588552356091704
93120,43924,11.54458488478387
47326,26208,16.77589341886725
87166,29095,68.92459665549605
35097,26189,77.77815487355983
98114,12623,2.327742567429762
8994,23616,25.96675943520107
94859,46274,40.790280460967544
37489,15726,11.591463368893612
62472,8224,38.75409024454484
43615,1641,57.24262410869977
55199,47866,80.57842396634929
86366,24053,24.456318620221303
17017,37679,81.49647828096228
18209,2075,52.647159545287515
90023,4309,61.386450824188245
1929,18168,62.676487462459676
82698,11265,73.9948344403094
53500,23564,56.453169336352204
25682,20508,63.59085736260922
1235,36620,26.823125785114804
78568,9437,84.94673043094606
43424,13769,28.59514267154001
16957,10065,35.2522958200326
92889,12394,70.7994697391507
72593,5998,18.296157639907314
64648,9163,62.64146273438379
5281,24555,34.84381416851242
84768,48788,40.41983962458497
31210,21148,42.89520574421336
3952,21530,43.565646788167015
33123,47077,72.25302934009416
95218,8868,95.75493679192631
44859,34964,5.819666306282499
84293,49608,95.49753750318519
28199,34786,18.688575871268213
38364,47783,23.772941707616155
26776,29215,86.49986911348883
26488,48320,2.628360734854348
56780,43235,57.57582649041417
85238,39266,38.16507259392433
93263,41923,76.2321290496349
43796,29551,87.12529191122327
36194,2588,19.169582582992245
65255,2303,61.73475661243928
85905,25617,15.854245889932383
35336,34123,52.79267826918586
65730,44434,36.981108542468945
55293,32915,29.03741808775155
96299,14418,70.46232356739165
93943,19328,44.21271118840468
32286,2267,27.236005526925002
23663,2843,44.4086839652183
33528,534,30.909995839944727
61359,31577,77.94994874683726
60671,22111,27.076558502242886
90063,20366,56.65798410999018
91039,33893,62.34192901487497
36332,24093,43.41752609185703
49382,18239,54.50135085447162
10322,41461,54.079205664117836
82078,36729,91.0065138288286
27561,11804,58.44305492728104
9188,29749,22.370040327050567
81204,16884,2.0089861220633694
66841,3959,76.382145667687
56201,1375,96.07022996106782
37092,2391,51.960233278659864
18953,36302,39.32463261810344
62230,35334,70.11140385996958
69080,32331,43.333206666602614
16802,23765,41.31882786455747
60387,24785,62.15230228952765
23188,37797,86.1556271534452
95328,22890,2.2617081788622304
58948,36243,51.11257000793873
97348,40551,36.69762759722621
18098,4326,11.229642989873996
91381,45095,84.9669632347067
63604,24814,38.68899302086024
34296,1624,38.978114517155944
10215,27156,24.552436790504128
63209,11479,46.33263272672733
49780,32628,44.82682004811741
80714,45075,67.94356856588378
73812,6399,44.11296640634035
89533,49880,51.89333062918236
27896,32225,17.65043629581214
63560,36143,9.034599964058888
86230,32036,74.80322992396526
48810,4635,62.09392947135267
10535,22885,94.62484203112118
36806,26042,12.057743402869225
8202,42045,44.65926829120741
99669,33000,86.65022700017373
52590,46203,15.760088140492032
61901,6250,47.62526771182153
99877,47491,45.08424210618253
60385,47277,1.237123992086721
33296,42577,67.3417173745111
60818,28662,56.90701636768831
68522,40559,77.74874959064282
60473,8094,6.88965757149774
82882,32940,83.34408730861621
32991,7174,35.90244359316765
20227,22053,5.129028484281237
42202,35999,20.726713828857765
37183,5076,10.025256892361885
56849,25875,39.017698797426895
82848,3504,18.806325542134005
24440,39505,77.52084820248199
79189,5466,49.049179992172824
18382,19807,58.21673507357694
46915,31835,51.4127861663301
75965,10781,77.9735298893448
82868,17674,10.317821310969192
60683,34647,61.929630318022646
77846,22313,18.205248349157255
42335,40313,59.392052366002765
52112,47794,31.89554207857457
25680,16713,50.88135270256735
89443,47950,87.99640746228707
21853,8440,71.28314222569084
61652,6713,40.212856275470365
1479,39363,60.69274508006881
34897,47280,8.152879224918758
6391,1159,11.272228682781972
31944,48360,60.01949375560588
46481,38455,41.6820297201663
11152,31874,79.02823087887084
59992,2298,81.51357549735856
64754,18684,84.77913537761606
88253,26905,75.49799705942691
39707,28986,74.39069485875919
18284,25536,86.41669082358784
93963,22767,90.08763977164337
78260,21644,59.579472186867086
52689,34338,18.49731108001468
12892,42024,22.90089288338762
81894,11557,55.511987655231366
23444,18966,43.96968185412921
46049,8491,69.6947614515257
12272,40159,92.287304742385
90998,37150,54.07258642482756
28671,37223,13.992585644110852
92394,24772,40.346964917173935
43107,7286,93.2903092747596
17965,43257,21.10488134338877
65299,21992,55.81698162206936
37374,18190,69.76721436723895
26923,48268,5.19203709581202
76453,5354,53.870369703484556
32398,20344,84.91159409601168
35412,25246,40.50235054114325
6277,17250,13.520498715497059
67125,36298,71.71267169054649
93575,28692,98.01578732063115
96737,15604,66.02607852609239
36898,33478,52.86970516835421
23856,17144,66.5374234223914
67167,37938,66.72699237126834
43954,16747,30.615224611281945
19477,42846,23.789944214293268
28076,39324,11.076490005207509
45773,33964,3.1906729463046837
50837,16439,81.98390544997726
73211,1349,78.51095795235302
90876,3077,73.02333538980051
53323,19110,77.14039615063287
27434,17705,48.525358008466874
98566,5102,55.32943551533152
79683,47813,7.337946495221786
72592,19279,36.87035483703015
28228,348,98.01721291820625
97131,9358,12.617972759179043
98396,36166,66.26624284921719
56499,9849,53.435975006075694
81254,23545,24.07096065388784
62738,2849,83.54094506813117
35498,35323,51.47899331041415
31546,21290,59.6114495392516
17364,40508,92.64744713976972
94938,23215,32.399963489609306
92373,5456,2.7115556788969135
60623,26487,95.27774596807204
1114,29316,38.93508052976843
82314,47412,88.30912760719144
32556,27961,13.019906405775632
31571,22949,51.80494367735791
81608,19303,19.492713619905125
99478,5861,57.62684138107783
70623,23881,71.7757795821827
38344,37659,6.500271188316013
62532,3961,18.260711219840875
5269,30271,35.16214988811234
89452,7412,60.58300998934448
56994,30727,71.73575237888315
42078,37416,14.266591713275671
59078,30374,36.863620835885
42789,26808,38.84012358410331
43136,34323,17.610708016961492
77084,13836,22.41078669643578
94069,3853,23.731220168052666
37779,48636,66.14918681209063
91904,47714,98.7326105519515
75093,952,55.36667964273125
58746,27741,68.88741238323468
72100,17915,68.11342273250737
91691,35156,95.66142277825719
9776,8683,21.382041906958598
82184,10399,33.27511716589197
59064,5356,28.82904555626027
94508,7243,83.49187731141608
32661,40252,29.39326337466418
62190,45763,4.359787251745304
71512,835,68.68015107068787
8954,11157,67.2903030070655
57402,43827,9.638029964740051
16428,8645,14.87961569589081
5395,32772,50.7162402789732
79407,9289,22.907103830288623
93180,30431,25.652873690008008
81699,3558,76.3023967005972
99907,49544,94.50069554171955
97919,43378,90.51872440650735
92019,10822,10.544839425313317
58276,2929,70.28220637966542
20259,27328,25.319210536109512
73199,48060,78.16536990154535
77066,11523,39.24808473422973
21082,7324,14.504141893960181
76865,27322,65.59888458795174
55485,1192,74.59260596522296
15034,34219,92.85290407435173
65899,8727,52.28362622985786
24670,455,67.23538305936404
50579,34554,56.34744428369685
32033,6814,36.538701479729426
19541,26942,53.606569604553044
32135,41732,1.937231852557058
76460,39088,72.98359573646069
63238,27930,81.87991887018728
77739,2346,18.318741845428654
59219,19918,2.1545079907575833
85397,33503,65.0409389185057
64537,42349,39.95671617779816
9404,19223,38.78092507914797
51296,44902,93.34719370618858
36439,48285,46.61426896962208
84804,35167,60.58523876737
39288,25505,4.130045144510859
70064,8461,50.85556502549578
18137,42327,3.5865749018494526
82832,20402,11.281076739676813
83074,39045,73.42865082385738
23426,1941,11.9781844140612
18100,22879,52.124892757296585
71708,41850,58.200677211396034
42487,3401,67.70364834935954
78290,42924,71.56559785363046
29316,36535,28.140593234422347
45174,24001,87.07230934722546
94531,41479,70.30220500000674
91088,13878,49.76904605221202
56614,43520,5.093864397879827
82085,29999,38.75620592152117
60073,10673,46.65593281789116
7056,42315,33.720397205258976
61806,13979,2.953936358428865
37654,41227,29.414072413287297
52416,19834,67.4687192930572
88040,44278,26.777039637383552
28956,26915,60.84471995009808
34594,35606,67.83068437172382
59111,17761,36.6524319631947
83395,47776,52.261204315666774
27096,48212,91.92336261646695
85327,43012,60.37907365825596
50749,9949,94.59067754920943
22972,24099,22.841910735657148
31723,45683,20.470328527773724
9367,21715,60.55316846326957
24621,46302,96.30224502581213
78692,28815,34.785323344595135
47524,12713,77.49954135133274
1648,40399,84.07840271466078
83209,28818,83.3822508186543
35388,17342,9.332668850508085
83272,37689,32.62108079091641
88328,40567,54.1496425543659
91602,8897,79.1970997965384
81276,25318,77.69530496379201
15733,912,19.57282413484601
41869,27311,4.3777474221292065
29085,38261,75.75236832961603
60552,30735,68.28595374151159
85836,40212,8.354137313043944
27404,20745,61.45629084823618
67639,10314,89.15472831069413
10446,26654,89.74934144065307
74295,43165,40.404468645611324
79623,1868,25.487614978883922
1161,11504,78.22887589491714
19454,14588,39.39446361894649
71895,42423,53.749262100852825
72238,9051,61.016417941875424
44067,27264,95.19779144790863
30544,26446,26.256685025180154
39194,18343,53.937762846728226
98627,45481,62.294762677883
68009,30295,48.68789362011566
17536,32580,78.44056683461191
88390,46253,23.39191309841947
44994,11577,37.75065023276694
34697,3561,19.175117438550657
80078,8262,96.15230427162975
25969,44232,86.8153839402588
50463,1503,1.6198983070403004
51909,20517,71.38155600184024
84247,47468,47.87195780872033
78564,19520,53.55938608996352
59960,6863,72.66416830906851
43250,10534,68.2893625857309
49640,48439,12.485179111949739
51942,5453,33.59530554937243
9304,27706,97.0485248842029
51148,10715,36.397058967768444
76447,10378,77.00325295808754
77169,16095,51.70721184540834
55948,10705,91.6996237620774
34590,45401,33.24065426212265
94274,25253,5.150579372543801
95715,18315,33.86635735697568
63388,13958,67.63849255558306
64520,17358,41.38027390967185
3884,48913,43.685140270094216
80843,30778,51.818553219656806
39778,23417,62.603592679208404
44293,31485,59.68654934605501
31228,44449,12.606201127728388
6049,22906,43.8679170973919
24243,31968,65.0437066080321
33124,38004,71.84188653802794
1112,6884,80.74242751154817
41146,42849,25.731226609468145
36734,22669,41.97315757576627
44048,15498,4.062653924833003
53904,40558,10.313135251651442
48308,14102,46.317230980378085
75371,31232,47.3089053577756
82344,36956,38.897672020016124
56992,41995,31.032820166722477
42601,35526,30.96311683303275
11955,31965,49.23899605166146
29673,45201,24.293026392577662
49000,34794,14.188395491436578
9719,24043,69.12778691249841
66224,4625,18.61741843913802
51165,10826,43.47807868679389
92616,44347,41.54753540361713
39919,22334,48.1144147114933
94709,48950,68.02392054743828
28637,29134,2.1641666733453704
68385,44501,30.67229976484717
32350,36258,67.17808156269244
93835,24685,20.568885813754576
64783,47542,71.78581960921687
70107,13165,88.58158792405163
43704,5590,39.305190489378276
54201,4454,29.282508007176766
43356,14656,6.328887181391171
98450,7823,72.75278844631626
83196,45866,3.548237576475584
89327,33595,53.78406625529991
9756,37004,20.14845386171011
89996,3749,49.28089555498723
92368,48429,12.506536842042465
12781,3877,44.13989917734464
16481,10709,80.43875334694941
43058,35236,81.94732820353335
59249,38025,87.22197497295696
17801,37093,47.503352179666706
12711,18527,81.43423584092831
37862,42501,95.84753282931916
47758,8081,85.42378184932657
57290,40764,39.79369087987014
20473,9204,46.683644582600074
28618,38476,17.607299623318426
9881,14450,21.1552974912167
63954,42344,2.0548874940621666
43127,37955,65.59584082207621
15174,3250,64.72656151184766
33907,24788,58.51234326191694
53594,5990,3.673757325172241
15333,45059,23.976784913194265
31823,23469,73.16871647075952
2540,32092,50.87254695648764
67220,23210,52.019019018449214
4930,15062,55.49201394792588
78990,33852,60.99616204108066
17524,31851,32.531689867153204
8036,23446,59.96241373262914
36197,9237,70.36567013566386
72192,5412,29.940283391248624
75415,6681,54.07141805411879
69875,524,74.74831839344871
5005,25945,91.92386658816196
57628,17298,31.75007376111443
58391,20812,26.39106417454122
8590,38332,44.00431699589452
75157,11918,12.67368350368088
62022,36956,62.800437589267204
53986,4889,95.47184971825851
7412,25904,59.52578224323776
48683,25907,17.940000434200016
77068,28872,84.49136191747968
5742,7301,18.43964508766831
97820,20633,10.67888530562183
82246,17383,53.20585533665736
57940,47941,1.3688531832461317
45851,16202,38.7978023802781
44247,48000,14.625060193468977
23766,7112,91.77936950837358
66021,15086,42.572564415119714
28625,34999,15.145348300001686
37428,38091,58.47008279054554
84366,4475,36.70051408662282
51744,22900,8.918772440482698
57860,44380,68.06315306551782
18942,35411,88.34614608680461
68613,10784,49.793029723550184
12656,41526,61.05283062020571
66915,7566,4.326496589507274
72327,39353,83.27993200291834
39981,13585,63.91251953030125
57520,15629,48.00167291944154
35379,40795,28.95027173936033
97907,31959,19.074811931026893
1489,21283,39.27368060762334
35894,1232,60.36546654164639
84149,43286,3.942784944588835
88463,30794,29.417521594767585
97792,2950,89.68661875476366
23885,20773,63.79706380019308
7040,27552,59.162450557985956
75493,6042,40.7441600034106
70690,30078,86.24373244205738
19731,48802,66.80813142184206
19486,38697,36.22852620858214
57745,47239,56.482864805573875
52471,23543,2.8260390899297363
65004,39235,28.968493204181623
23766,24943,88.31472402097776
95010,10058,93.74938821434347
73415,13526,86.94892340668208
74325,24055,43.633231138569975
15917,18998,72.16840127047641
86425,26069,50.10857699387978
38305,34301,23.89521249980833
95953,3022,20.094112511666314
27942,1780,98.43978281802379
6038,38149,46.51207559025767
75579,41760,28.616435090832216
23685,20632,31.83709188719242
37264,735,46.54657895668101
86881,22919,64.410507467853
13251,49207,54.1086104923028
30697,35565,65.82586124338395
20917,19846,69.89095479720089
56828,40816,84.45823802981813
37147,26781,21.052717755079385
70100,30882,69.22790905963994
81394,159,48.53433363853636
13352,29507,5.327248210802082
6542,42344,72.41366516876903
63615,20634,75.99006543130609
53413,11623,77.40494486723367
75174,23957,49.63909868854012
50335,31812,91.44921758766431
34852,25097,80.98105759990543
84925,47136,36.082196999955464
7859,35855,77.88403207528268
20076,21166,62.46396834298212
86855,13116,24.282131247481967
97169,21383,9.65307257929791
83372,5296,72.98032930835748
22414,26114,3.02537921700333
24963,39136,11.991508929270697
76373,30433,33.58983358334576
21074,32938,22.29844732519785
41224,44713,58.672284339410155
14551,20410,3.0370369571311704
33321,10375,74.39905058345558
96860,16124,93.32382836372581
30363,5351,92.96986071963595
51108,47354,41.84490404699756
63591,8121,48.89166401632217
37506,24032,76.79691451139742
7187,39085,77.42804074919364
89624,3854,5.859721541123143
58589,11511,77.01922925816156
97185,46448,63.33131653140657
96117,44068,36.17311924715799
40952,34421,98.10385134234811
8108,29179,86.15904024217873
51516,353,47.98822796986832
20051,35245,70.14034402297963
19678,12931,95.60534737809287
54950,32370,76.50677743637128
51812,13958,65.83581341544783
14614,38008,85.51326140298718
33578,5017,36.32629543870243
29638,23237,26.25584747193647
27841,12233,8.48142162121416
51889,24349,71.27083958699338
83984,5680,65.6645560097673
64123,39349,62.56216176734664
86308,21182,7.690941643883207
61981,11762,75.20423438562483
71532,35066,9.495010627310467
77352,236,30.07415194467316
37318,16070,37.11358998220322
60657,2454,86.88002646229337
17570,2534,19.412442719333878
96037,21167,4.368842434996933
23058,13630,22.804450950508866
7522,6409,10.995206655658532
92525,24005,89.18735504575997
42247,42539,72.7968723493085
5746,24924,72.72772163544995
59071,22992,79.78678964564031
37670,14356,9.317700545555086
22697,16997,36.71866244089541
2477,33620,83.29343827923925
79662,6449,37.07531599083103
25864,38796,91.11422809168086
12843,32564,21.041327052551384
61835,5420,91.09567926012251
48473,37653,22.900871641575026
13379,44145,7.338912109854601
79036,46389,31.23950784346317
72974,19570,70.02376563545475
87324,20468,86.58966520362713
51312,37053,35.64460952046768
72769,14863,96.98711210600585
84066,39641,42.16529359382468
35335,26281,33.210059443974764
49944,8833,67.61692553477342
40903,3198,60.08177332478299
52873,21896,60.606109339829665
50422,48646,89.93949214642004
27509,42376,48.20482054721341
32650,31222,17.268768708195516
28457,3404,42.01810669564786
86856,21624,29.42627484233616
53006,17940,37.62420962648965
84758,10855,7.127752685265029
10676,5962,55.34586059443223
73620,7169,26.535819030522426
1493,14220,47.04406544150807
31086,30582,39.527212526564384
22882,9623,70.05515398528884
38720,20116,75.36562844140892
23057,17278,62.667704347762324
72333,35428,41.220715820873906
69282,43834,53.62310680541506
30449,25732,91.48860910673504
32183,2811,21.342488948499362
37180,22624,59.34292288612048
21519,37623,23.751665269514913
95661,41484,52.410414972984654
54144,39558,36.58050899820595
65473,18080,26.75793409938882
55192,17479,63.92392033307449
79637,12511,85.78779875473941
51960,12140,32.14022032380851
91831,748,58.027482020401926
33718,35683,65.25235572260559
25123,47237,44.34066769507942
49848,49049,25.828824820861925
59046,6268,91.06275095372803
65548,47619,7.460860792556079
26277,46560,51.33645677345379
66240,38755,72.56357097061316
96362,21824,74.11991194977222
75239,16151,22.026968138264778
10045,6925,17.348258121288232
61154,16309,63.64868542992617
63238,20316,61.047051803998826
51647,23838,13.942047443600531
92764,30310,22.08012306646087
57921,36175,64.85874521515824
7117,3445,49.359311053996116
67320,22641,94.09088465288377
29669,44743,12.711966205924407
76575,21859,86.2372394952807
76793,33812,37.71077574138266
3452,33637,15.1022316876263
16036,23207,80.41227748239245
49580,36543,9.369441624469728
59286,27338,15.469616006286872
2349,26929,24.50810837793653
87498,25000,49.844496422002955
68167,38792,72.0233691666005
1768,6909,75.23326999692532
11275,11350,31.894001440839002
73240,5589,64.20517275593807
54370,38965,81.69939606653041
34364,29887,40.073775539716024
75230,49570,79.63112570410688
34466,6187,26.276025566259705
36320,41967,13.410877521227695
47468,45508,86.07603139416511
36325,36497,43.846563820799375
77451,27649,19.1496709156539
80774,1140,90.10466442562573
36729,27922,25.00505857182254
36657,43004,8.258904695184063
98319,17558,28.57240496675978
79289,10577,53.149832532779634
56330,28742,31.952143465935272
73268,740,15.586439310170471
76311,4759,39.45041386583395
14498,4237,15.419197802123145
82921,22777,9.96612803910626
91120,24253,64.6874574357754
58737,43850,27.10753744265524
74798,26783,14.637017117660154
66383,13524,34.143857568629215
71425,37024,77.80797185792692
1278,5805,5.548649851095623
82895,14519,44.54112987657291
77090,13236,24.511928387457967
69279,27496,58.068967597475506
23226,7962,82.96335343985427
56289,34387,30.11900499074308
55230,33718,4.447563022925221
26383,1970,21.598987340322587
60893,5040,67.32778470796349
77245,48111,17.525597045941645
67492,24363,71.71936707247214
7202,31195,97.99911124609461
54660,12438,12.411598372360501
43717,16881,79.73733805397767
23419,19002,3.0961287603200054
38266,31897,40.85781403765229
92228,33784,13.025008917718523
36850,22845,23.329742095426138
58917,44231,89.85328689493763
62748,6122,36.83748773334848
60862,22461,23.191497353436574
69083,975,13.354253163873675
92630,23582,34.535926829130844
91795,46601,23.862035489784315
42571,26718,51.47207543620422
39419,21200,79.65871498815869
54464,15766,10.268792735317696
1494,35470,55.62197443596416
2878,17299,33.52770271317661
25945,37394,3.2472206366206375
54186,508,57.66907943489195
17399,7457,97.34457719954
23127,8668,34.186466434199026
98221,41101,80.28375347927684
92961,28457,27.86618975542591
44017,21006,24.678436802598025
27899,30273,10.20039916465283
84991,32641,20.54511959522483
92219,4955,25.173898770058585
1775,21083,13.494908432196992
64893,4365,97.13075744879187
17234,4630,54.877239644517644
21152,43510,52.82529354350177
18378,10710,40.78360999465978
26895,17287,2.6582602800363473
62745,20949,78.61503931198003
48305,45605,45.55398763043836
80204,45012,67.9421090092545
24161,19395,87.60832446300182
49524,30566,60.532531748212435
56006,19793,15.49431210551864
91153,1646,25.77646785186836
35423,4724,98.88484724462143
49498,40048,77.5787982025847
30742,30806,33.766337435688285
93317,49702,86.57866178198762
65544,1044,48.37612618465755
29398,32949,8.400274662524843
78644,3714,34.781529834258436
59262,41563,25.887999021952727
59085,34816,70.96014839441834
35225,13985,92.4207644744838
79756,25844,55.6491836156336
6725,41462,74.59306227584034
54471,10768,85.67250189957248
66573,14713,87.9757339686723
14501,41995,43.02786830778504
90932,30849,33.22730542377129
84667,36134,23.937290180016085
50951,3901,68.25147375270136
14065,33522,45.72390135325029
61971,30366,90.8314785112583
59994,10009,43.3989929279013
93684,46757,5.012160026744777
34437,31619,61.27326427639049
77080,48723,25.807765968969626
6649,13838,65.15344637264343
49423,30230,84.66973114291658
92773,587,55.47055755069907
57110,24600,15.664943440649777
36879,43956,92.75442956797947
21624,31675,10.766990153726196
69456,47333,12.214333252047837
32019,21198,21.782583981496703
87846,49543,96.23968586076013
2500,38709,30.07932231622466
51066,21163,11.259019988717919
66232,2238,50.25306509695675
93002,5214,75.18516437195896
96944,25719,10.578777163470958
86247,21496,67.57987734949258
74456,1456,37.463840308914875
96125,19133,36.36699763667082
11052,16246,97.35852306740395
84989,18340,11.329390867497871
58512,43548,74.14332244283399
63236,46410,34.36198191757396
88328,16508,15.440809919988917
49341,25921,50.41945350173373
37731,37779,15.365656590827735
26547,47280,8.98742941117987
91254,4520,52.81046631679853
42315,36356,77.06042905529682
83849,45096,95.01340329476818
43338,34994,14.335718875065728
17968,8369,34.692442346560675
33561,16098,71.30265243184535
10356,19944,8.943194391647333
83449,38213,68.24607679497265
5708,48829,83.1042365121126
70074,30658,28.569559237246782
58844,22109,98.19459490895656
26268,23639,40.179179571439334
49760,6710,38.161564916489795
54892,24781,65.17451701232227
1696,24010,88.96102322747628
54216,47417,60.56872093064293
65523,107,30.27067209567002
67334,27756,82.26171884101348
5015,37920,48.194004495552576
31087,43020,50.507114744305866
87692,10079,9.721849082922951
73624,22448,59.149177172477884
32897,17408,74.0001961815589
81569,20542,88.98319650407895
19440,48799,11.585518229341321
60850,20859,72.55959778703004
99255,43805,6.5068079798852025
4123,30842,37.35728215041868
14759,42129,13.062140583236744
99824,49372,6.726949040461539
95860,15986,79.63260176816989
86934,31306,68.55075131173743
75047,87,24.972911109089075
46066,29034,20.323555680944434
26016,21976,9.75525391404831
45588,35606,51.009967949328235
43546,16495,93.396738932796
1719,6109,3.9617187538179497
90760,46582,52.094492331093704
88611,30127,94.61975258152269
47081,47762,16.13019999811976
95840,16166,40.0636636826345
76270,25489,11.572485445873445
5119,37239,2.414826000712612
54885,37274,91.62742200988251
53273,28337,41.776629381089464
13492,46949,95.99848242677434
5007,49712,16.09547384493957
26354,9904,70.67019753951631
81168,24197,3.4561157868890335
79599,49174,73.12918253233862
96770,30962,14.803555858012764
23386,12770,8.444568731348534
64598,9279,7.184274570438519
87751,47276,51.697009406532864
72286,5496,97.3860537351395
39120,31162,86.44332714924624
60227,26054,24.302652475710723
26381,33232,4.24383357807703
74453,36188,84.24259988907349
78620,24919,34.915651255632504
15725,40673,73.06640209050049
51639,47961,42.35140959297406
51724,43873,26.84164055950552
47665,35766,71.59157953391336
2298,3405,88.67990508552869
82397,19326,51.070510899273806
75763,23557,18.76504864851214
30170,11212,72.7702384821065
5188,15210,81.97975530258758
96358,14428,67.07469084230837
23741,37303,25.27435513730036
4304,15367,50.36031599244277
22004,18674,36.150781573129585
58843,43411,86.8251743121854
57152,45017,22.434165780241425
10902,45776,74.80494309438224
35982,41471,61.256802880727044
90600,21443,56.23696270079489
46157,26577,97.0186710951187
76334,46339,94.39394982371537
39814,11249,71.69795268851215
68848,25859,29.748662548158663
15058,40665,93.28814876475148
69070,10599,24.779061322871488
95917,38787,69.60614566988305
88885,42570,83.99690099941631
8051,29863,52.22974166941183
36814,22380,68.59061619503015
48752,43246,14.014208053577176
2787,3739,52.40721623065149
71581,40013,47.25142198004846
98910,10569,19.922815769218953
53101,37674,49.412254139065986
45961,23008,22.44883186399802
68611,31679,2.583304501402376
46147,45163,5.899314638142631
68166,2080,25.82792448867168
17702,30742,11.197552903191093
45014,33725,9.583576977365965
87835,699,74.62384677333749
55207,48074,81.94022893263843
77233,28021,68.6874971940546
98105,26800,8.870196542980317
54232,40402,49.63050851416788
87111,42312,17.046106543127753
17647,38965,57.3855679225926
49096,36189,61.1571602621242
33929,34050,92.41098618526745
19871,28209,14.23473335959357
52127,5880,95.2328843523287
47307,39767,51.79967694641966
75471,18073,67.04887149329986
40466,37457,74.28347335674879
14563,29679,56.602376117820505
26479,7426,93.53095256106404
79566,6867,26.76293062963135
73116,49607,15.974356673959308
7395,11403,2.358776466022084
81368,26466,75.1504232176459
93003,33620,84.48132525855684
61032,49856,72.38358745302637
55437,17719,10.263366340967837
14657,15726,46.46972650124601
64515,8348,28.66682113941957
22937,18621,11.179470423323641
24221,21733,24.44876570591746
61301,37250,76.47424995648048
98746,37303,10.2058270431971
79462,14937,36.93871366430055
43801,5161,61.58175040295822
31286,16838,15.265549548415377
48354,14563,25.556027942186855
14284,40625,29.881523634711954
52066,6885,33.0705696424103
72177,35337,70.69969610118598
44401,35183,47.57581348030657
74663,29759,53.75638963164759
7994,34972,72.56834071085632
3253,21773,72.3378626670159
21228,5927,56.127323481396886
21103,16037,93.65379265295661
86714,46769,16.657642225524803
83770,26392,13.359087154596363
6761,8174,57.094934256592545
82067,47681,4.771703396126685
59731,24891,72.26591613561553
52873,17319,96.53949526585589
71465,47288,4.228992054635482
44123,7286,25.708954067493323
43319,44482,76.80573691541875
82820,13802,11.33980547214887
16213,25596,69.57363688356648
60532,20830,63.071193788415904
57695,1890,85.16220891508448
73308,18318,52.45397601306931
93645,15222,35.97615551952083
54312,47102,36.832527926693324
87620,26022,26.858201860299115
93627,36925,48.89554193854273
98622,3303,59.98201443814704
43473,29673,47.58352378451463
48066,16165,87.90022305622765
80510,14221,23.38064717050166
15853,20170,74.63435129808902
19144,30426,25.02556914956972
70113,25151,19.53322202021345
91793,4019,29.641325243298063
77974,18142,71.6350751913678
81620,23848,91.99146489970222
5723,46835,7.946246649538919
19720,28086,35.372233607889434
9513,48760,69.84940176120348
41443,3914,72.14602826644487
45720,14195,72.43419400676791
58672,17292,90.49234263337759
9744,9156,23.493847400598113
70827,15012,63.19476720822606
26312,4223,40.84722354218526
96571,20590,96.77295400914727
43626,46898,55.42939876704893
32602,17728,83.69154226597371
12204,37772,63.810664260842586
84464,36770,36.860141146835204
73137,34129,91.36111625527258
88912,36196,77.14106734606757
90735,36336,25.800348187417924
98037,26044,77.41546660382146
85171,26010,47.77229950032119
69783,3051,9.1261960117636
71895,29409,66.12260187380504
22681,972,17.589835278031106
52714,29298,14.460059727301239
78200,17352,54.50860843883214
65738,21543,89.71664297676374
32150,40596,85.26589155032634
54585,47174,38.598114922174595
83821,33520,3.9631063693091537
77681,18831,60.07291994754873
56458,1500,36.44619728487493
76402,11507,34.72891203711926
27245,35455,8.840881581759756
48941,36274,39.190719066228645
41688,21041,54.201605367521424
52922,31784,74.98830081639427
81677,4986,68.49762578086305
58304,17249,1.3409323556530843
71011,48094,11.471226470364932
84421,35780,49.65497727216908
16345,19717,70.11721089124745
23120,32150,94.51568408025831
66829,29789,50.46521787226653
92867,30601,83.8863482138218
91401,44767,34.6673531638727
5664,38400,43.64133160078249
47781,25558,43.405592804985446
43875,41880,9.230149151330625
43332,47166,55.880056975857784
29999,26021,65.64754298971673
83515,48195,83.30812309055514
6181,37988,22.106992122026977
93579,48276,87.75161285524187
64620,25362,4.662169007846948
57217,27929,34.19992884377033
68484,17602,16.3361779169515
13632,42485,36.70675694586117
87379,32448,39.251491845575146
59087,8245,73.04426444014467
38484,23887,25.025615935309844
9595,13309,2.406580800662495
57356,6752,28.57961617456723
62152,33252,42.501919690220845
77205,40901,48.23391789157147
93594,45089,29.848861792887984
5446,40431,56.62420959717237
63954,45232,29.572432674152676
44069,27267,30.017622224499792
99832,27857,92.68049163330369
90165,16202,86.08834038337821
2562,21303,58.55693341888338
10519,15068,91.16090880492865
16149,20449,57.83532111507
70967,30975,60.77693199602727
27191,30853,65.73243725449323
4090,13524,29.083500114252846
39888,10146,17.93432609675171
68238,24272,26.936963573679996
33711,18535,82.56939591519772
90964,47062,48.42259085629216
80088,33187,10.430744333201964
66450,15354,98.79327515573104
27074,30173,59.375503100648814
25363,48402,86.16792373318702
75062,28879,83.59962743169945
32164,38090,53.90469265914019
66430,13130,57.08140354919126
31218,34634,25.58821333696147
58468,12337,65.23847963857351
47884,38790,38.29288642400206
25447,24865,54.70221008341882
3065,31893,6.830887992851244
46189,40680,33.579027416238866
95500,44639,21.291946355358522
16558,20688,17.633644104480254
19018,21705,43.59553798606019
12635,12006,37.93494106472078
36485,43546,33.43833495205131
99867,33716,97.70938856612771
8945,6495,69.6751202809569
11689,16221,20.225319489232568
72765,38693,30.202155182335183
80518,28912,93.45032184301296
52945,34464,75.04235415871707
27636,4980,19.38609639326025
79914,14584,11.792479803541585
6518,14424,98.98634929944038
59196,8402,35.19199927881587
55157,24231,93.94557175047633
51294,42246,39.01944400380736
31682,45420,61.56049665661606
8326,41074,33.33574450707126
71731,8997,51.05877051907437
87782,3390,31.2811283090082
42128,2060,10.437009814018552
49121,49340,86.3559614267494
16105,11497,63.16876125370335
10675,48792,14.874057136308323
65881,19834,8.30729879879453
68562,35979,39.610290506165825
25301,12980,80.90570184767041
46144,12188,66.87959199302688
73950,33346,4.929458294106741
34740,37476,31.4158585446995
73254,5105,16.339871881143523
27821,13664,76.84577315229436
43975,19470,22.900693351914757
49184,11053,82.65423257358195
40864,34442,22.855229816882908
41938,43278,16.632448305106237
67057,28952,80.85655198686666
28971,11596,19.034992912486544
55435,13988,37.54916585415862
39313,3256,24.802374636337753
68881,13373,9.364690094463223
10500,4792,80.4782813463313
52515,47190,88.0566115146314
4139,49711,82.57884756377057
56643,28319,50.28260603954643
21148,43192,12.670334440285187
2104,39372,27.76565693530037
70478,45232,17.51858865475291
42096,14086,21.591596638387536
46104,43472,73.25457620181587
80950,9030,30.614101032653007
85701,2235,7.317439521968403
89134,28135,46.75737383278855
25184,31676,75.8135957968207
75402,17458,4.771873018796351
35082,11911,71.12619658519863
7010,27233,54.90943127003741
82797,1655,96.03507860365025
32436,27879,40.995418052974614
53803,37487,9.852142230946287
72845,10143,45.768508194769886
42114,8598,44.56945099700714
22825,46424,16.667647922210183
6152,7932,48.99661324125018
28295,780,76.22701026434876
32066,45467,67.65018239446958
86831,30266,8.327351465449011
79718,35826,44.15522021681144
1931,32861,34.00018556245495
28348,37126,73.75084094733367
74557,48304,37.81972946139962
69100,3396,49.615648658575445
60211,34995,93.75964779789156
74063,22356,12.640757663162447
58587,46817,30.5901161643479
16694,35699,40.909307150959386
99912,32538,8.34189233908245
60956,10375,31.207782450863387
97972,19014,40.31241239122885
75725,10311,44.437410659353965
41269,1398,2.5819492966338577
8449,32690,72.72295730574945
69902,12791,77.62556451210911
40538,49403,74.06434777327925
93474,2718,4.320703803086003
90003,42394,58.73414567671614
13420,18315,97.59012988446041
87316,40587,32.27147959938834
15937,42450,36.73052787141586
49262,16997,40.2720067292372
51292,8817,37.55514616424611
36255,21948,89.48229542896408
1643,15244,28.111525549891308
63635,39632,70.44589334182798
46850,44214,10.796971591413538
74677,8716,42.47367943404065
35799,37458,94.76963453140567
17369,29866,35.327821321814824
81909,16869,49.163615235659336
69340,20127,62.55313734424069
98073,30864,30.841197023994802
90905,28644,68.42203821457515
46500,17277,45.811692332570445
15415,37768,50.71655355291571
28528,119,37.814630324297575
90626,10469,16.589319312195606
41536,43314,54.43795646152689
38231,21820,6.476888492089638
74572,14955,36.25060700911034
50277,45583,74.11646432313341
18737,26136,61.34263735071443
95951,22350,67.56199279315624
61329,414,12.65280518693266
34540,11564,1.4520169486935706
94319,30134,70.9400812864493
75895,20069,70.66770834415274
85611,20592,59.45862537082944
69948,34034,95.09832263775304
22835,20468,20.235264534338963
15425,13913,62.149608576597124
36866,42207,42.579822414521395
25899,35096,97.2502349008667
22771,13307,36.52198662369992
42089,15991,23.543640829080044
66090,11935,47.3440580027635
6723,3007,78.91031139978682
90292,30232,87.82052551100794
34356,34651,65.63819072081766
65216,3339,37.37146494160577
35836,43266,45.86579721307558
48763,6731,26.023426175467947
68484,847,8.369748484489518
61679,12963,36.20288167502697
57376,8748,28.18551062534779
11230,6644,31.990257015214862
67191,4628,76.2419380815196
23310,30816,19.209999921337168
78440,8208,76.19512718652227
37721,46229,62.56460427596409
24590,2889,77.81007149011793
27055,5628,92.39788079316484
42591,10624,55.238047597324716
58307,24335,95.12851365906255
59411,45366,21.980144558781532
71317,34585,56.28353990861736
49952,28450,79.37243880294571
89416,1135,96.24622972624242
33447,13985,96.5771382910166
77468,30681,45.684889905385766
20077,38505,25.144370711915837
89426,47453,7.1210434518996895
51750,41867,50.38402669623277
49441,48605,93.40582385945581
56941,27651,4.562138726488646
6811,27101,4.705521189708569
95310,24590,73.56883235464278
37522,6587,62.02293275687003
16157,29144,45.3815011818588
46496,44182,28.838994265087198
64421,16894,98.56912828543898
50771,49375,40.36190290664377
27408,5063,95.99750580940601
44220,31656,71.01848989933387
60392,44560,20.690008990507582
67504,19281,39.41287602249026
54257,42883,7.661289721995645
7454,691,56.199532918710524
73511,38778,26.500197542187482
17957,11858,85.34218936628109
29194,8861,82.7776200219839
29967,29611,86.65908140107031
41486,12738,75.8109759941901
33247,13379,12.579455032603985
90769,26616,44.049719365653935
42855,9223,8.749987023841776
34551,6976,16.571305494658798
85251,5631,14.602998494376628
31481,17848,44.875577201539194
81680,28872,39.175854406039385
83943,47677,71.99504495457575
93554,958,11.430084333577025
82418,3240,77.82447576040087
54964,32084,31.240546161114715
76511,12728,40.33438113626409
4935,26228,44.755920248130394
69416,17680,47.476651333404625
52312,4757,6.78316639334313
89491,47972,79.63565824826989
54298,45846,51.10722573782058
21312,11173,64.70825086853536
8596,24508,39.884452148739065
53013,42674,26.702103720868585
27429,31381,72.67783136042299
13517,42498,27.888155990863098
75231,19496,77.85743177816343
22436,26232,30.077253516259198
65059,2567,9.625033027035695
73287,41631,18.11224592892843
98509,5597,44.683639308206736
21517,9320,28.575242568669502
63359,5205,25.03712369282328
81371,5067,56.80532278008859
7562,1472,50.30133086844692
70047,30646,51.480241366503044
34328,38399,59.35162982052119
85532,7489,92.18019560511246
86881,7667,35.677764717709024
81307,48215,95.50461446018097
35943,10960,92.89026661459323
34855,5475,53.78685347489014
60226,18173,81.07756291028542
7683,26646,14.522988611177572
22201,47424,93.55505409926387
82711,27006,50.54005427747563
57690,35699,84.83606220545578
59485,45774,13.91281244259077
48141,41282,97.2888038363508
44622,12169,41.27226888979478
85142,36544,32.804334450757985
64465,23325,72.53333595442133
13379,30586,18.396439015710538
12947,6753,69.71293962286067
27648,41212,24.030480948555475
52136,11414,67.34247602323326
56408,76,74.51374741266379
14986,20660,13.71734357641211
76351,39077,70.02879071137376
68326,8353,10.101569523750776
26414,27151,79.71925507995242
47983,20137,72.0013782226927
2315,35411,95.8922481997415
87086,16074,59.14883389366253
91496,13922,17.33480883138578
45001,562,34.526200761491005
63958,11678,23.16093586256775
15643,21408,4.077238538763909
44422,13731,15.23174618372801
98003,2852,21.702214360040912
21025,15450,86.7262868984569
76840,47263,23.66869142841611
52340,42818,81.00668916073307
14193,8416,68.36399973460553
7264,29706,67.78726392957911
20544,16536,41.1019872691286
49330,15356,24.576352449194598
2162,16270,74.68068927227542
65768,4731,40.719964147376935
46503,47994,28.416969429285707
52359,36070,94.23689827471709
61714,26042,51.630390494639705
63508,37725,77.04429685004953
7547,3109,53.9624782093954
91485,16554,77.43471074800993
35556,40143,79.49046629205812
10833,4218,11.824603981186277
29378,45056,44.72076158528773
7219,35247,7.354297771233669
29914,20406,97.07357315018511
71508,9850,11.851984518504029
34721,16037,7.800038381875577
64410,4631,94.01529040090395
25273,30492,7.876894999067041
85674,27058,32.84164387400408
66240,8917,28.221366825064372
27695,40531,59.79073187603108
72150,17563,36.64609911331975
82382,44501,85.78328852711942
19263,44013,25.757553361896957
83046,7893,85.4762415097445
14116,16802,91.46043118122847
64048,31549,23.80579366187366
88627,43347,22.88430400203225
50461,15336,44.07850461920417
22823,5376,88.30304135865424
40657,2020,17.348428025730662
57155,10901,58.96843256814844
84381,45611,74.71988368780305
55795,3268,96.63069812827727
3565,6020,98.66304640370555
4548,42930,69.64749881792795
67848,48620,6.811994771596608
92852,6368,29.071038383468775
20886,23154,97.19647282602863
60610,28162,87.91648617152717
61604,3567,11.884390985294164
35748,34867,97.11911087572851
95272,24346,91.12675738957262
24396,18148,96.89600358135185
44052,20797,49.534661183376855
49558,26897,94.24989842398293
92502,30537,45.520126095761626
9479,37588,27.6640064047043
93767,34237,56.01245215837544
53762,32041,64.27344556113846
78384,48288,22.799817416963023
99406,42400,96.85271191390683
58103,49194,24.142094957595035
2158,8648,95.01029016795796
60243,22421,36.709723749894
2973,39380,74.28089397246539
51884,14128,17.806251950255394
11507,19920,32.81452165549068
38761,9696,25.09556770783256
64626,41874,88.44761712521404
76783,30245,13.225802781341526
71967,32877,90.22531425513864
51715,96,98.36577737494399
78410,30094,35.648787736587394
54717,16907,84.53892281182006
17462,31768,7.6995656788611955
51738,48533,32.83621149768897
5540,23785,77.8880330665671
74527,38357,79.92813938938929
92688,35097,71.39975542691356
17820,9629,67.24220141784184
95798,36494,77.50958134801539
94137,27568,66.29176502466382
71631,1297,96.40241722263234
86896,31326,80.93148479127572
7745,13154,78.61364808367448
52297,18474,39.942708378830005
60736,40141,29.41334017324663
69741,22955,39.145367634162625
9942,30550,23.51263870854946
38612,23403,28.75033908834833
22592,23935,43.27266516324673
73362,19432,92.98643115987463
80915,178,59.781569179432445
87861,7262,37.81320485651524
51320,5491,31.45034638230927
91339,23001,17.07329856489997
23472,38171,64.34080635067185
84425,21991,42.76699080924559
47615,831,31.825138644601292
2327,23713,41.503609946404836
23548,49710,47.522442026744315
81014,46298,36.626338993721056
21965,5308,9.165217336114239
85886,24291,43.102305983277596
82033,6912,97.23368628164799
19269,18126,51.01313326790776
56234,21804,55.47877752939302
72753,6767,1.495483889293931
72053,1175,90.86635621327069
44248,1579,33.400982999514234
97949,15099,57.69964332460083
50179,5612,58.47647444978212
8172,7951,58.29810616158621
26965,22724,51.07761818790193
88996,19377,76.13276420745281
95266,41122,51.911345538315594
45297,17228,89.23087327132464
47441,2611,83.1728405259363
99970,42979,8.201142233174068
51952,47855,96.56081540760542
36156,6859,23.417041513884364
33682,27703,96.92698901124517
89315,27617,35.79965533855262
11930,31254,42.10839214308227
1204,40734,22.47174053618222
69710,15284,96.60483964756874
30677,4206,27.69860697523429
83852,38239,37.53104720636845
50315,37975,75.86544333802368
19468,49733,83.11816873220054
31042,1443,89.49039766920916
38940,6623,11.786162421176305
87988,9533,19.533709611326557
73892,45921,63.426692646091404
41439,39460,50.01529188089779
27330,11322,3.996938474449978
3407,15766,37.05010527341107
7716,37152,4.498263495984027
34207,13554,93.07435249671857
34663,12321,5.535660417108998
4678,15578,88.50639803107126
78270,23632,67.44576981878004
91313,48653,54.09518283363695
14442,34718,18.15387641800278
44691,2079,3.113054807906403
19589,14611,73.70026828665424
24755,21726,72.16337475086095
26149,1374,42.21745916025522
98289,43351,95.45934174378641
55884,19540,58.859865340758844
36736,20858,35.94427730991468
54726,23768,85.10059668187817
52266,15226,30.8196190905088
33204,7228,36.75233238739949
36992,39290,89.9971416164186
44936,5066,7.996019538286712
86688,5090,5.397010841801442
1920,5065,27.448585918227288
53585,48876,17.59166561718598
28462,19345,97.33470381175005
62982,41419,20.44298106835476
33677,28512,55.73009637418365
97262,13283,9.733581285144545
25125,25232,37.80067082793381
54223,38714,60.10757162772944
10878,36576,75.89989207410453
8347,6531,94.6527837825192
39049,18325,81.29153051333256
93253,31939,94.60238819144125
80586,3564,16.182686009051245
49144,20264,37.201460732171185
87062,35273,31.396979051529804
80578,40566,45.914799358414
2637,30182,94.23852127038364
16733,1888,66.35066679482084
65184,16165,76.79118857009274
39552,47910,66.0478525675295
55863,40895,34.628081532367624
63346,7579,75.71182968469603
23227,11554,54.2798952279121
76541,10127,80.21235142852717
9745,3503,65.97356652713086
87408,15499,21.8706293882027
71332,13614,93.65822192898051
58207,35940,18.73099384118958
77611,11799,27.173678352692196
88856,37270,84.06424847042898
33551,23326,81.1854487685213
15804,25666,63.55393434760138
10996,19939,54.785723512642214
47761,23254,31.241671101317216
64663,6977,84.09355502264668
21019,38377,95.38280049649053
25934,38219,84.5225517149322
99190,23136,80.67993350417562
41702,28168,29.94125507369481
13670,38782,24.056189413403644
34825,40209,78.29668810057626
48522,38278,70.15775768481767
12173,13705,57.812920686063386
8977,48202,62.42026705979506
52564,34413,47.917683896999996
36889,2564,5.724429160460649
70527,41419,71.79567293334867
99216,33435,36.428663351621466
57428,48050,87.27345328597367
2587,24079,97.22547526764221
5753,2455,77.45035823908042
67835,18838,66.16742337667307
74750,48773,29.00217568119446
62863,13429,60.171199810055015
30339,14731,62.25819644997335
85683,10127,42.94382239756355
79677,13712,27.095709173687894
30115,16011,98.88917562705974
76675,41144,69.97988893064633
16245,8601,33.281350488365575
40372,47120,48.54667916042069
35122,19556,78.12302035342964
19155,16770,7.638929830900336
66258,23455,18.89804363469278
2432,5455,85.74034943714396
63568,29559,20.237904910485877
20394,9504,89.1039538569589
79705,20100,77.873169617798
49874,34673,3.566795167958981
37869,11364,38.87899000696579
5078,14215,19.91589214387764
12462,36443,34.513740604864694
33982,15568,33.98353179304291
15294,34442,31.062285081758876
35600,31217,31.46746058522244
11250,7181,27.826797931415992
39032,27118,30.68028827823898
51230,10260,94.34507739833724
59611,11133,42.27519142254191
66257,14862,40.94032436550676
20895,41347,5.927454445093546
16614,17224,22.284246837526446
79267,28521,29.28125493733091
9931,23807,2.7547868838721694
17150,12223,67.1088010120695
78731,39307,29.759062181825737
81658,26511,30.600422286245273
12114,7934,5.619659061880139
78617,32046,98.10910965497392
14472,19245,74.94452207827766
24888,17227,3.9513278852002385
94318,12485,1.820307661591954
13863,15094,76.2351415912263
52750,7241,8.853381968712798
4697,37593,80.1563910162427
24763,39576,91.15468676789848
59554,8976,46.021672545080776
53623,2199,50.05594650239865
92161,25306,79.91208528469535
36535,28824,73.41213024169616
91044,22243,68.07350161730325
30391,18441,68.39424675356689
76260,33774,91.94285412103065
78086,41491,83.3738910940853
23302,39868,88.81081708851609
8413,9794,42.95543573333571
84354,6087,32.26775016307304
67741,30580,7.263333608066671
67032,10546,58.56791767281009
27263,13334,56.04582679579042
38700,48971,75.57845643345652
27938,2122,61.86189640046148
61041,16047,61.35938254511166
45532,21251,17.83112855696098
57313,6067,24.109143574463733
29301,31305,71.67474062430864
57861,28372,82.17035182678902
23379,7843,31.211858094079503
95956,40658,45.52447507329632
56943,23460,3.9910745311763702
63021,33637,58.78226251782652
23609,10441,25.607711252086343
72960,44328,50.75247149485819
15746,13172,47.80125050801913
59373,35449,27.594606331772308
92600,23070,87.47900232106201
41394,35078,13.741096389123772
80643,27297,55.32525548142484
74387,21885,5.113904362647011
20824,16781,12.122542053547964
29706,15563,6.203815045988751
3892,36380,54.224017101488435
10551,25206,87.02865318419566
51075,47543,79.79443340288218
49269,2072,59.37562982668545
41977,19922,63.63628477071533
84940,22638,69.3507948215714
16491,39364,40.61101793101765
67490,39361,83.41772432112475
59721,40359,39.12782732988042
44952,10219,26.098532605354706
53045,39002,55.70217168360671
73587,30380,76.71142819105873
47877,6251,41.16308248277277
19248,38246,96.42810641370927
42969,3743,83.34837864377825
56176,38189,87.98500931094725
62788,4616,34.64216677812252
65371,32236,72.37271675552347
9162,2005,80.25161132506484
3115,22272,68.86507775092416
61892,41238,81.27435914612715
55399,23826,69.5631643373501
57113,25974,86.25951397744254
10735,45199,20.441922431727633
56260,35512,82.90329333753478
88384,23497,85.60430050396226
57757,31416,46.968475111039794
58042,8280,21.164248572572305
39037,1335,4.69317591103742
73484,26558,2.5876184643888163
87642,4699,47.70259784117755
26752,8488,48.783695148815276
2963,23846,33.8276529846289
23381,29470,13.545937949235205
36463,25342,10.153402284624198
22548,22734,25.67984695335238
71752,3648,3.942301069047897
21801,8261,67.13063719243031
31537,29565,58.60180424208818
27639,27542,74.34643051588563
94739,37833,40.16042954310211
6524,19872,20.810074126498424
56720,12594,50.570814076997635
84697,18692,65.47915758114041
53367,38780,43.251393666752016
70830,7324,15.331450075943442
80364,43869,5.360253496917794
57451,33883,28.287251313835732
28982,46482,40.05652331684142
1028,3586,16.241481206072656
66750,26626,14.121820738773923
5117,40272,89.1830905139954
79073,15509,94.28352578350326
69759,47167,61.709600515768145
17615,1604,1.952945600916569
19209,40430,45.812825569798214
61851,45135,85.06814196513562
2350,19555,90.55224247014485
98743,16610,18.976262889561788
58806,32954,75.3533534659974
63006,48762,30.839145067005685
64817,21367,14.468360176111695
35905,657,65.37961275538133
76301,648,32.46345161650501
95188,38555,47.43346416655007
63960,13113,17.26014930851618
35014,28800,10.683781474941345
16733,27261,21.078172685437128
35563,25504,62.329935339001004
33209,13627,5.505972941502096
48149,429,9.69894798059615
69558,35622,86.26948602680532
60293,32391,98.53153477899721
27739,4084,20.63417929239249
1230,20350,70.73678459138334
52289,12274,91.40612972627538
91125,220,79.87786346485454
34379,40122,60.821925380100424
2371,30736,1.2872780981480447
89256,35683,92.788599747612
87813,19484,66.03574086413072
26791,33144,98.13360032976703
46942,36597,72.61011693453197
92157,1471,24.589306381091312
58510,46721,17.85402632565751
81539,3319,58.38768395091683
20178,8050,34.62317607975852
72548,22205,42.775816190865676
48636,46795,3.215621956921597
27921,16858,52.37897560926629
44019,6747,87.72414341794276
60062,8557,36.039661123716975
30545,15234,11.72618046110733
85408,16338,90.46641970271448
53458,31570,21.19125281641433
60416,15315,13.72092886578587
6407,813,43.02284288301469
83514,19704,10.408403400198715
97368,35805,19.83969095677815
9537,12052,51.18618698406391
73833,36126,6.649604673003442
88979,49087,8.560912407611765
41644,7148,55.13190983175536
64640,7881,24.800566216529777
77007,1598,40.97357401988898
18813,41709,42.96605495645581
89422,8628,8.040883659620107
45164,2704,34.46296638071722
85278,6964,53.355484249843094
71012,43149,62.79579188466568
9414,25117,23.772527628916045
86475,14372,52.09219765796215
92547,33005,21.03495123206269
62531,22997,43.038673734086686
31493,17747,73.91470398152356
96972,24950,1.4957353494060395
64962,795,85.41167694687704
57648,26222,47.8247701919807
4634,38180,66.75481626128624
93984,41773,7.211652063458219
5767,31164,87.13576933825453
64871,512,51.01766584697511
62477,620,61.55591555086852
19065,29311,9.02728290375535
21064,39417,45.006634360116784
16101,31172,45.82767770419149
87877,27895,95.738583260012
27857,19862,69.08232123414984
91354,19124,87.55195046375174
11350,34623,18.066919491496424
44531,42860,92.09193861131692
67600,35311,86.05800355387588
85689,18693,92.62126420128796
39581,31748,57.96240143861653
4213,25417,25.187220408506114
26497,27361,86.19921284820829
76162,25016,83.5308990814354
85109,14385,70.1780377999234
75241,49118,36.5810316206222
23183,15830,96.15994017912583
47712,33123,23.896736251945757
9787,40868,47.7293207680922
22859,30098,24.569278353260085
93071,19407,14.012407925003014
63292,18820,58.56265835526099
23261,23266,16.815902566179282
94937,12566,38.78578901278745
48326,26388,25.173996930832992
1312,49739,13.980160969278757
4125,8126,90.07174494733897
42375,39534,63.02510944026666
74637,27684,62.89499173053465
9925,33842,20.036906627629868
88576,14754,29.782894675888777
13037,31302,17.62220200474608
95698,16766,92.14254459267057
42953,47683,88.97312081386298
28133,26554,5.218977684385063
92380,20735,4.824586455443188
24651,22328,37.533858289797955
68457,7427,62.674357472314
29379,37471,27.459372424215662
38424,40734,30.248926565036232
83917,41754,32.10943624114378
83778,29444,30.784524812807554
58992,5460,21.723008450749294
7922,46831,64.41196542615951
82709,42344,45.82174193999279
13758,16520,22.998135253281973
99451,26814,30.078748497435853
92315,3112,91.89398653230106
2912,44724,24.715544191951036
86044,33877,49.456567319341836
91787,10084,4.986035924758125
52461,18547,53.53823329760208
74896,42064,97.34158008372177
55197,28089,86.40154870767562
64946,23163,46.24998496772841
86844,18070,12.051157852298546
23518,21831,11.094037912845662
25776,30913,53.853317395885156
66110,9965,65.13296290731228
70647,39274,48.30145277011518
4473,572,91.12098607872957
14312,1054,19.891547007513797
40219,22339,68.9079757845558
78721,46944,25.06212012650152
42914,21369,70.82197460149384
36055,31148,21.679919017361527
97812,33657,5.180222367672587
6810,42198,24.073082896850895
73870,48873,94.86026111030462
47082,34741,78.9199126117744
65471,22990,22.03670593848942
47323,24514,49.48811035062194
44668,48185,85.63556586432381
25886,15560,51.14306653245263
97850,22848,86.70041536941129
93673,15074,55.16844873526906
49826,35706,17.317925089736775
23466,3943,29.26640172296389
85686,1900,54.13276991908489
97185,5151,75.63261462944567
23260,31816,74.40645089009108
77024,30829,19.73690588017309
37427,16301,69.34626991555982
39187,16980,85.42752690316554
76932,47105,50.43302650084709
69940,42699,2.8461706158343842
44142,43059,67.24723125584993
29484,26560,7.768199485037761
65219,9203,84.6097295600922
73170,21648,12.03566522819446
57243,25861,21.98959514707626
44125,19064,92.78446557638446
9458,41265,94.12106420384413
63735,8101,2.700148151781487
76798,23590,62.626632596148205
23599,10931,13.27132368318187
50353,40925,91.88628879060838
6146,8318,76.53060266186257
74501,45023,15.058056364192266
92361,17307,85.29527495565661
1328,18067,94.6679957391452
8987,49489,78.38536202103167
82748,45627,79.256211450296
75849,30879,44.91132853419754
70395,44371,98.16492492552419
16168,31008,97.28134792458405
88505,41663,81.28152001724523
79146,4096,67.97465035498213
83684,37341,76.9648646451949
18011,11006,97.97612827013772
59292,20222,95.4855503436852
36837,22838,43.52303726553748
55616,23945,93.29015010227657
88607,19254,39.13987651282688
93887,13489,73.56397539931118
47140,8118,50.907473944459255
78445,9453,17.576166510266813
48151,13723,40.62499951042489
35310,38053,8.985791964461455
85052,29726,63.877222425106254
71248,11170,92.07402482888416
86441,73,84.1502579864157
38108,47294,84.85846853735657
81350,20042,14.439263015266938
56159,29738,71.31581315062631
53711,40365,92.04408928748849
98531,47620,42.649295777672776
44162,13814,37.03135194935979
61091,27014,89.74213531007
62040,31124,68.63279012933151
14109,29494,44.85071032926816
36196,16903,43.33535459617328
57359,20346,48.60163634968
72278,528,15.186021989879615
21925,18319,2.7598668855119017
33516,27487,76.42166068986475
52456,23130,3.5727978033133336
42678,28456,79.1083264134863
62458,1093,74.9154789476746
72730,30395,57.47870950493059
47142,12179,92.15894283674974
87385,15083,46.49554887861323
65429,10819,23.164655487187005
71185,30862,92.86776126293519
62609,3624,25.341137087156646
29742,37549,33.43451306141029
77773,4827,36.672117644685656
86098,10410,70.17786455277752
44933,47124,79.3292478985342
96699,8058,22.806540030082513
24866,21452,27.998262059630093
22171,44328,31.635479174273875
62046,45843,2.4290167623834904
44260,20791,36.35764189144229
74546,48667,71.23664872256113
76359,45933,98.06757420724836
24429,35720,25.684219311727034
14109,11440,85.15432633528741
70449,36715,54.52188784948078
76634,37066,84.7318619526241
54251,28488,24.934002494524513
5250,47589,45.715164202110785
6908,26002,38.07556336571523
39802,25630,7.457444475376061
2860,27195,18.794691614337026
4510,34273,76.03756299706286
11948,18724,55.164007263734455
92289,25499,8.856855588900086
95526,43563,50.09076901218256
15988,37113,82.05430124816577
1066,37452,2.9394358064642168
57488,25235,44.19424983200742
96803,14836,46.63758351844423
10105,8333,33.630860416872565
60544,1899,37.156302994436366
78289,23690,48.27902624251003
69539,8908,6.224999919378543
8031,13476,34.108585268864545
66644,19334,9.479713510492132
5639,43782,28.586328060175198
40144,29347,68.9289442405185
48305,20049,98.09760305850081
3575,40022,27.83812930704798
24318,9668,90.38844583417479
14184,2994,37.31743924432749
34957,25198,28.173290773514562
36681,4246,25.951253337852943
5770,40567,82.6960413105626
20602,46356,56.74813801746596
89935,27157,83.4334396843838
75358,7629,29.666675999998983
26534,4367,26.87640703777259
94007,42344,33.13442755674696
9684,44851,9.85389640285193
59475,27488,77.9953546293147
7750,32744,27.679987780123103
15684,36094,77.34701939830981
58919,46686,42.9714926810436
88366,6976,19.728505431054124
28331,25850,75.08212940587909
42376,47599,41.046925892433784
68317,36503,17.117194098229767
9000,13549,39.82141554028485
67419,16557,35.92669168267133
87322,1450,19.65265804286699
11877,48019,86.94307470442274
44081,12974,9.100057369690829
72102,7223,35.304289665624104
65206,1793,62.90911066399356
85717,25862,1.483072702428934
83770,34644,29.11710169788834
86339,27721,72.5089578036611
26636,8409,46.10076768033887
87273,14528,9.786081619804065
32677,26930,42.12555109892176
42074,28753,43.131540547914426
81964,14274,13.320811192496725
24624,37721,84.63530255000101
93893,9101,21.56871209439676
44685,38674,9.315952994583206
25061,46980,1.1986818400113728
73120,35725,28.39853380682049
61198,46738,80.75357586513842
27776,48239,67.49739208546953
2171,20354,57.631644900672285
45132,45934,31.954100042416286
28850,7228,97.91451641655304
3182,40794,58.404579987017314
37559,7017,66.2449642394879
23070,31856,82.38964518201047
76619,35384,21.36957406633644
48821,34573,10.630627394353798
60467,47512,78.88017597872667
59160,12871,30.320889671260193
96501,39395,72.26171264214275
32775,19206,30.40932151075842
52915,48385,55.92136582051242
62762,40678,62.020548039684854
47059,7195,64.43962665933407
10149,27051,62.478196139226654
55797,33195,40.38121663061265
49282,26517,78.14170488004082
98167,22664,41.269325552431056
91369,33922,90.38363585113122
9600,13995,1.2718061683467343
19227,36679,33.60606665354241
13760,21837,29.665066130760568
69582,40595,36.92958853058524
28195,6488,89.24391489977158
92493,8069,92.12695668733959
57325,25336,67.17069793171079
47111,23248,94.03389188628594
35747,44096,34.54830900061266
14273,30790,36.17185789042263
12745,8884,63.38900144596169
28139,32770,39.28059159874658
3338,943,15.850119554739441
33659,20220,21.872992529801593
74442,37043,31.059460261775904
38877,7541,92.49413229001881
34910,40818,29.20483909831964
18903,36071,68.5528063758348
64928,22977,83.09027859909027
50948,5482,95.23267044283303
27617,45066,16.63823870769341
72274,29793,94.09422368119473
69819,41406,48.15847379216697
32862,38895,48.39159214652136
56640,6242,57.214928046434366
1697,8645,31.479678413140462
44377,26949,32.711207901628
45848,16542,44.513251315448365
47907,6258,5.376424396689124
35332,40476,41.487002229848414
51467,19488,54.63908246577429
75537,43304,37.21335229438655
48356,21083,64.68329397815603
49058,16521,74.01251630411724
38786,44204,77.08613961994753
8677,30485,81.15857099930643
54463,48820,56.875486750958146
31130,36266,84.42827843375807
35979,8029,50.03760872710419
36507,4490,25.7736714774728
61150,2902,47.360018389269904
75300,28717,50.63126841948854
89582,28213,25.997273524095213
32661,45280,80.15989291116996
16297,31720,80.71727092571692
30327,21738,5.009761516273718
19039,47867,51.33032150662222
10276,45789,77.560250475622
28778,29655,77.33367776697995
36745,30700,78.30926165658735
55354,41953,18.74825788779333
3055,18228,86.17116412228407
56923,23363,30.82308900363363
94155,15582,89.71797703889783
25663,32535,37.7217666012911
54992,408,18.32464665606314
24403,46949,56.617410769623035
62878,5097,47.01761797303678
22042,44377,7.0591804957076745
70467,28343,77.19512862015503
57148,42134,2.9202737310395745
82726,43412,58.43558470676919
26514,20374,23.404739643974473
4943,2503,75.5127773930382
94139,37515,74.47701507670611
58700,46415,69.07078871457344
72868,6364,74.58964420142445
66000,16125,46.78121986232144
54509,44794,78.21364515279492
45942,8378,84.84748088802631
51265,1096,25.494385026235523
97874,5865,69.2919693511606
80305,35925,34.245253265792485
76750,32190,25.718472639520428
75582,48070,73.6540233062567
29938,34775,67.11833523440743
38948,44654,72.37207403972543
47018,49343,54.32079554535441
2106,41089,36.166162360603884
39946,9201,94.96661348995002
43951,18969,41.669802676092175
41527,14979,52.76537959753414
72966,9989,45.36796986474907
81014,25191,54.921769278561285
37480,22267,15.83720317577628
57505,39007,96.70690017103246
10259,32453,75.68172083616732
20820,18177,9.55803133461708
63265,19842,31.472918151016547
69443,49614,71.35449589477126
22173,4522,66.69627531617861
88328,33092,32.30212205901985
1473,32984,14.574259355034581
9742,26602,65.04638668249474
42656,49225,18.637711848951795
95664,19233,34.75314496118525
45545,43434,74.94649675036405
16091,3005,8.604596111698045
11779,47679,14.513736468398449
19421,12755,92.12161254000259
20993,40620,85.60219802491923
32974,20797,6.243871109591861
35468,30363,10.276517189024354
91338,12261,8.69946118922221
51145,14586,33.31807960459009
93436,17289,28.76837007013548
81928,25446,91.29125542217548
17726,28432,70.72616070389557
39693,34551,89.2816462749032
37308,2399,49.942348988536196
18535,14675,64.9479723896094
87865,18074,15.084452394230679
25045,40221,3.511246984152504
66642,42418,12.698906987891128
82116,22051,29.860147252486303
33699,22513,18.3940127103704
89965,41345,46.595373757746515
99080,2669,90.24826882853014
76467,12065,16.17486317702314
27874,26340,54.643992996053676
17905,45747,45.82137624721415
24610,28091,70.55782369405033
67249,8281,74.82463209020642
10188,42428,62.28437474673928
47466,10501,40.616131930478666
57108,12075,23.44691099384715
59202,22925,34.881219188494754
50068,47272,23.647006140883786
84776,40474,59.09514707530219
47326,43663,90.1619014054219
14628,28000,63.828289874810736
22066,32494,54.80316614245424
36170,18212,79.42194629850744
32438,35423,19.276982658086826
82860,37920,63.814704045621994
96926,25324,38.078390822816395
34157,43018,98.63925104309928
68069,32655,81.68105237840741
10096,24495,49.46292523273303
65226,45667,80.40919278400887
56002,37669,88.74442377437418
7227,1013,21.59210682346453
41211,8447,32.32637714708913
44949,21764,79.49115633229454
55556,13080,40.61834711322795
35181,11310,44.39788279875144
79122,7435,57.31672425552034
9489,16653,43.973998133274385
65388,71,95.51113783499646
1304,31120,22.42430085682455
97649,12869,63.38370099928202
75016,14741,91.56743687697404
1237,46200,49.04143238063377
7015,33219,14.91130888014178
18647,33787,58.07894701962662
91559,12347,92.21700145872767
36873,941,93.83265026257835
7430,34226,54.861464027545246
94324,40919,35.42814297417112
11204,45313,61.77814286886201
38736,27456,1.5388003048905998
85717,22756,66.72727327583632
61815,3337,34.01649993516905
29343,27592,4.11237032075111
46624,33758,68.16204734438045
61183,25282,34.89906971237694
72532,133,92.5728809299181
74868,9842,38.92131827798375
61279,22832,15.323869840501331
81785,14778,11.6440469986145
34844,30067,93.41884860630931
85978,28206,82.19378666455297
1382,47951,1.1871540337290662
2407,4622,4.725511017474792
43536,28636,1.051486868604789
81671,19074,45.442817363050224
69556,18488,27.784630441513332
12845,41054,79.4892644838971
51735,40870,41.73017277561599
56901,42021,86.67773579716696
27588,28650,94.7049080188875
15221,10540,98.60162674049025
6387,17226,19.68603590669938
2513,26504,75.20430422828746
76652,7255,22.7131211512792
27783,27574,28.020050741587458
8402,25139,1.533909625217744
17226,21784,35.1250073965558
46486,36087,63.75814260895463
66164,29880,31.721804670275475
96877,37089,41.49435279332533
87900,2022,36.832808314885746
46555,47287,92.1345208485763
9480,8070,2.211674914416013
41959,1986,81.54382155287091
19867,20225,90.3638801523494
1436,37084,80.50172475774275
86042,10875,53.267657717287626
1556,7038,31.543725067678814
65065,39170,45.610555084662096
70038,27975,65.2382687386561
48519,11906,77.7544807185175
50266,5267,66.1073643773114
98796,21668,96.62938243154535
41153,13004,38.52167487744581
80257,18749,19.901092568851542
8619,14102,75.34172882882592
39992,6822,83.22525933156632
8686,27538,74.37242710182642
89996,47960,28.894340927208216
23559,34744,89.31080511708238
98548,39011,45.1600150114761
61496,42180,77.01638523993724
75020,40333,49.355151851619034
26535,5647,89.92646829107007
89549,11861,89.99164345659057
54578,23437,49.843381303341026
98179,21269,27.355925291027216
82298,34244,97.50843632036587
71070,35989,18.64005709273733
69360,7696,85.6444948166682
51750,31363,44.898704952297315
6713,37893,2.3760520753858634
34868,31621,19.251736491095834
4077,33107,7.3168131680650745
16905,25454,17.47053764615344
34032,17139,14.236849868202
2472,1114,94.23102706972449
8527,36101,22.124768491124478
99958,44767,67.26526079660783
60598,6923,61.82118780801723
89512,6336,34.549949654562106
30730,45475,56.839015815855035
25432,25208,44.070021381065644
65194,36888,93.68994250812942
26367,26503,58.92253798123118
7875,49686,12.932066440293458
17803,46568,97.81482963606312
44883,9289,37.499346626092176
80800,171,54.40885241820391
91345,16855,70.80592173662018
25882,45902,21.172857434585428
5953,12014,80.91091737921091
14119,27195,8.77456557907416
61463,42851,6.045457597625693
61832,5354,85.71794784311393
66948,24877,46.6213807502002
47280,7811,55.15558522839004
88932,1568,20.0230469973205
47931,41535,13.538215541825467
18654,46865,95.04424641770817
52254,27626,41.851735283332566
24352,44857,90.09883276107846
19771,48743,54.0816581234304
31293,1078,35.86884990915039
81771,47458,69.30868882634935
17501,35769,40.76116705134737
74286,32664,16.261240090167398
90399,4021,69.34540442910252
86743,24994,21.61909062828707
37026,21624,50.33214788705595
64642,12272,73.0350253638151
86343,37387,94.96925552676939
69824,41281,18.764767842931665
80052,4827,42.950659333228764
85027,13292,36.37661395083302
43078,23516,53.54622065712021
66492,32577,6.208624197204491
81011,27471,3.3806593517564814
67405,14701,42.023433791342875
76396,28279,60.91722227850277
55591,14602,64.45720282106547
83990,31994,15.125580610772431
56582,23584,76.48091515893792
13752,15415,77.17887123810686
37811,49877,51.130943343621055
2853,15381,79.69327750909987
49867,49877,95.67576265674549
81014,42487,35.57870003215297
18581,43201,26.65092540233283
49730,5466,13.179451983983505
96406,31190,13.518005560519684
73223,45532,78.13352586344797
35018,15206,90.30666753155384
32307,40870,56.13479807919058
97338,1323,45.566658468719396
32499,13388,81.04139792005218
53747,6340,5.042759083005704
55371,25588,97.87589902969363
65105,39760,57.866058472908804
63376,16978,54.30029603202443
47745,1614,19.385961364804466
51076,936,81.52146251575932
41748,28999,3.2058888784518285
72470,36984,19.095558186895712
68477,29494,41.68848140743267
6812,16691,34.81867052448199
77091,6303,18.086047500661465
10074,4949,63.45751459013115
76304,18925,27.51472287799022
31335,4829,89.99727610900113
90396,18136,3.394458328597686
18922,37759,72.81238677125204
2968,22689,34.954295270222254
93292,33016,4.481727886104331
58726,29051,85.8891185425977
93620,20631,16.18206573571083
27802,32396,97.48839924064931
30155,28189,4.585629174180328
76409,8563,8.518366613120152
9387,15758,35.438035179088324
14005,20586,49.76312404173002
37772,6129,59.17792782731936
57780,22705,86.65004751193219
10627,36729,71.90030616414626
82130,3587,32.49751797077455
2391,37745,28.055580281626607
21458,20858,25.131717081826505
28503,15042,87.10940241962328
86254,49636,82.90931479375585
51791,13316,55.74962521230433
49100,42976,82.58573614396512
8106,24447,22.18310085393473
6338,11517,63.33742508214483
98303,49517,68.90442556665188
81311,38950,2.206088663606727
72778,3150,50.90385497482431
73964,41181,30.19837819081568
4913,25493,21.649412857736504
93291,27834,26.828291213643315
34207,24248,49.45302580595624
80095,43395,27.795118395883573
44106,44786,28.726569999774803
18438,42089,90.81555524608997
47560,23260,71.8023991838245
12095,42233,31.031870925464748
64088,39350,64.92283711981636
95796,34706,4.643391987982097
50599,9241,68.10087704010897
70775,35922,71.38410633205444
82479,12606,62.97480659797014
34925,28106,6.854496675663462
14365,357,20.883989717987674
88690,35759,18.171242991118653
58720,36915,65.62247980901287
79398,19281,14.130069162557579
71435,15095,33.26015493207725
14014,13173,65.60919890909683
27220,49003,53.16249679036418
78587,14747,67.16497937554142
34117,8872,55.977761337235364
41267,2757,9.813844011802583
59219,1716,56.94812673234662
42630,38283,11.636104010840745
55303,22314,17.302002270833945
70832,4175,43.435801466513425
31998,10372,55.891657458970506
53399,2668,11.837335153741734
83962,2307,56.34207300737625
69048,15897,47.24040742518926
61106,22461,64.66980059571978
20032,15441,12.753023550918892
74180,13321,52.81045344966047
14820,25897,59.58636836090725
2324,24528,13.49182419937797
70354,30457,35.66165345147913
99557,45649,36.535289377867784
81484,35680,97.14346441654669
69745,26909,83.04724546419249
84199,36824,9.138806617905637
92904,10446,16.277507009410023
64439,15823,61.064742340579876
30922,18202,28.018483891762006
52486,37888,25.76070714110886
49460,6732,95.82420874702665
4998,23635,11.327592791375105
27346,19019,88.63027412314429
86089,32249,80.11142438720645
67927,2747,91.61813195113191
44147,18121,14.25816185033033
6846,12794,45.569377465232186
36760,42778,26.8554128224237
60406,12132,5.578643972482877
55744,31307,65.89825369885578
80162,47288,83.39637144849182
26916,1631,59.00241829512006
61903,30004,61.48160586058354
44887,21401,37.2674764626691
70788,17823,34.338553676475975
82121,16003,28.948230117668963
88052,30916,36.197043010390864
39709,41097,17.592716180903153
11000,43738,68.59231632167015
58564,49021,61.82010962000015
69810,9453,6.529115859569751
32649,14965,80.98953180972536
99422,28146,79.47027583011825
70419,28559,16.15506360966418
82806,2605,53.67961860284169
28279,7679,53.53644601274457
39213,42393,59.70832607470679
84379,19244,85.4201221767716
3781,12474,69.43657394651768
52816,12509,60.03180348958367
13966,41100,70.10051879828744
5289,42009,75.85709349378052
57028,21337,73.29495540119811
52010,24044,28.62952144600868
60399,41356,18.38696361713918
83622,29547,87.50766640717934
42335,45084,38.767940062267186
99401,35909,7.352464920876905
63346,18397,48.17503710291716
87402,44185,57.72162821738441
74709,20674,19.888985934343605
91433,31506,9.021688584289185
44066,44896,78.8729994331026
91613,22199,26.67683548494084
61112,36665,37.01508794156133
12689,24014,27.714753486629597
43075,30026,68.38362316460379
95497,11375,62.9007925585057
78994,26516,18.7079277276166
81340,43239,14.068805210419546
68927,19486,33.841863294203144
2474,4360,87.78772933793874
5385,30144,71.78171290898273
42484,12451,96.33168625037038
54617,8838,42.94399975226646
34834,4198,50.40021208528051
21064,25832,51.95990578208946
39742,22798,37.657103091129564
36684,22655,24.981788096527893
4974,13000,75.13958094682853
85308,20005,22.348579447974863
22629,47645,24.161703235332837
77766,5494,35.28760832099357
18642,43900,92.93050152524931
40925,21686,85.43656092200743
91731,20174,62.88743871829662
3532,22069,93.01616201700006
29779,45204,35.25504388300138
84230,49193,5.711499623961474
8271,8138,87.94505526783063
68369,11485,38.13555055735309
72789,19567,83.27794329165606
83953,22119,97.48198293369941
27101,32154,6.21911151669379
79174,15659,7.385505289656159
95805,42474,51.88968445601213
69122,8271,57.04557829539198
45668,49408,44.370703157896465
89602,31778,91.24807123120043
16149,48925,28.964562749532952
88372,45158,33.700174304892904
40515,9248,69.64566200728042
55404,19156,39.76271102736383
20495,27059,98.09344159273287
93624,8081,10.99920099312776
44578,49673,17.925342528288674
95463,4587,43.12801781521259
97776,27434,66.80653628254896
66162,34636,83.55438692801768
76759,34714,58.25473292511807
4909,2039,77.75401237918223
46883,17585,66.18012788543405
53889,25282,70.5721594877984
92370,4553,67.66590588279277
18842,40505,73.99735686271522
38159,46087,25.940937328804274
60798,48075,87.92410371840565
70667,5645,98.50413149257841
65366,47928,50.61152078980236
89364,35835,9.277784400027695
3755,14234,42.59252996773663
40298,12728,66.15567286405863
73457,296,29.117755964631
12545,40387,73.84083110994781
4774,41320,12.086166409480349
66612,34496,94.0712683044725
34318,44066,26.536575342324618
56731,26845,41.28714354066624
48735,32174,76.66660966886091
76295,45961,36.48358647093348
18295,2259,11.557660102614433
90781,40723,90.08489237893674
82427,27998,13.394941604607537
97669,3358,42.93503581340662
35899,38473,16.72659758130891
55348,48615,84.30356211204567
93501,9222,78.69822244127053
6282,40542,96.47626945401177
92060,6180,95.65931171984913
97339,27372,87.99514165949236
53715,11403,40.051827973230466
41876,14487,50.3897541648749
76056,36604,63.60631394502292
59928,38717,69.4747054895943
8064,3354,32.00251319125766
74317,46604,30.352177145963363
53485,41140,78.6514050582019
21352,9847,30.536548567788646
47879,49158,41.95413283808984
66088,41076,96.77467990217392
5229,15914,57.56269344724671
53298,10747,81.91005357546345
28937,25082,54.38756715464198
96242,48458,5.9791739948170655
91743,581,17.411949515885798
16865,31622,80.7679572631721
61409,33591,45.65383529011364
94508,37741,73.40641979529451
50200,38823,4.563319519934966
60473,29812,96.6661723795615
44039,44409,61.24722428038114
92390,45614,9.187217809280055
38865,36313,77.6536068387117
5910,24731,4.135778372858273
72099,8216,33.46025327870429
18276,28222,79.69324579874892
71515,460,73.32693020235833
8970,49056,14.21450402056294
64153,1546,27.703871125382193
21216,4264,72.07997619603098
57147,4047,38.65558589739536
55107,5926,22.262379190750497
95510,30763,66.52647218442009
92439,38923,36.82053633630206
18157,41700,2.09073293388738
91472,31826,24.765971349003046
34492,47425,79.02648407940521
51682,24037,65.02702737962446
29416,13407,52.72482972562247
12454,4987,27.916753469625785
84064,49303,62.31727936934519
42495,25737,45.99967279547284
19714,3103,57.96137071849539
67141,3800,7.860360051257565
44410,41904,86.87591028801627
23161,26181,1.0096816829758837
77945,5164,57.453785664317834
65745,9155,62.063628466441486
74058,5142,23.14512795680135
95889,12250,2.801764071026316
49381,34828,55.16810391443739
53370,19047,11.359380758819379
35237,15155,10.307098273751617
34539,3099,79.40193277814065
66928,39314,16.00583121974548
50553,32548,95.435237570248
90064,15114,25.941928392757053
4482,48013,88.27802841153688
29595,17870,81.07846481436604
88046,33111,12.10825319120216
81112,34620,21.642959159989545
94388,34779,21.472969719155422
36084,22221,43.91646030510495
32310,1671,70.05606170493377
45888,25807,9.598303113738707
72084,46648,2.886683152972381
37887,19411,41.92708699473878
12538,47551,7.477308151300602
73453,45393,26.62947908709036
69897,28905,6.271146738955723
88581,40776,38.598283826184705
45253,47210,96.56869922583232
63718,27619,56.55080268544931
48077,46141,34.07386390417331
63449,41212,31.587699800186403
44320,12986,24.087268655725918
10226,28790,94.1425794979948
5626,34799,44.591589639922915
7292,35171,17.159914765326192
97634,5970,82.07073214116008
45204,32426,27.12347771220797
67066,16089,6.476925268176934
65789,39257,10.089660246800895
50867,31939,69.47151615689926
22672,33205,9.68148121361173
95602,7491,51.181370343175004
54069,37376,15.270852732740614
37714,38289,78.62647321083854
53892,25603,21.404414451927433
77998,41508,72.08953333108425
37483,20795,83.61380897184668
86665,18428,19.401794276940215
1775,33899,49.97274811056123
24090,46039,14.06891781476658
7841,43988,57.48618632065565
5116,5541,42.6048993791923
28854,3200,97.70217388801942
26823,29639,62.579371308649236
20628,49031,62.29255344973498
99439,9405,57.305995161112776
17775,31207,13.737485152947487
43141,42204,70.87974543127469
90784,48434,90.94955193270732
96568,44945,15.114869930565128
13146,41516,44.903873989955464
38143,36362,47.866972656989304
43555,28346,47.2587423218853
32629,38425,23.743191508076144
45797,32978,1.5061157375085856
85772,3854,28.39345286497028
79569,16499,5.603822157080005
44566,11042,46.93050411980662
65948,44300,71.90385388572662
94919,8969,93.39958464621216
34062,1523,56.61635855825284
1827,45952,29.78017963314106
53342,18779,71.2414485441805
47609,30889,19.931259363296654
2651,49639,14.265652429980605
73518,21013,77.36130125968148
57312,29531,81.31006535610342
87836,10509,37.613923615725575
83401,28904,22.82449301638961
49645,31053,67.14411751653886
26966,57,15.154270213689268
87995,2600,2.1594444672373374
95353,18525,50.46281775291469
9546,960,49.43591479098529
22508,6925,45.70400159020588
6096,27847,29.99258764048765
46095,49701,39.990603091831964
58093,2503,88.91106864594092
37175,7695,61.43449835551249
58012,46379,1.801690467752344
70894,49088,17.022266599664402
98905,47109,96.52487342502681
27552,1999,14.482701880907285
60482,38038,9.571664430964015
32178,45149,6.72724357447802
2155,38105,49.676862761078304
3857,46920,14.259691676901033
62345,19936,44.401933602587135
90755,17410,93.74413326270033
71279,49586,92.8745964159849
54429,17514,52.014169406268344
9630,39140,91.10039272608174
96649,5897,27.063277108151894
78089,27194,52.901589686208794
39505,33393,83.9217977434295
82465,16319,13.226415360394267
48824,24378,20.732991428307763
6711,3620,59.239527206140664
18946,21398,61.20241014716301
44691,17178,84.068707180852
38399,2797,7.874850563757274
8783,5941,25.688234118967106
8189,33307,85.12547073615579
2882,29796,18.844202529948564
13610,2771,50.577528943867755
61386,24874,12.839647173122636
5874,11320,37.47028561568888
31094,21769,4.071295331610609
43840,26994,22.182655443472864
55428,17089,87.55962775134755
26469,24362,98.0940319190518
10007,10963,70.12269355642012
99208,44245,19.912264733136237
17407,4358,68.1284645109898
1594,37590,69.93299506508166
74985,23651,23.688935476505037
85948,40748,46.56690592728132
47236,9115,40.00483511727865
53544,39966,91.76947968394065
13278,47881,81.67595744330954
91911,6621,66.02084459642838
41856,2483,73.2296881617367
58093,27746,85.66536237629579
73488,693,35.39884556181367
65251,8486,32.69671587776065
54816,6578,9.04168652358852
68914,37583,84.74209007941737
57735,1869,75.80868993131756
76683,10206,7.925604260644452
94328,9810,18.314287748879686
11379,40497,93.4816948532221
86730,3916,45.77587414752951
48822,14271,28.19825799777425
24715,5735,14.360364287218896
25975,34015,68.05046590507563
55132,42430,35.92594960973282
54629,14610,80.38948205691787
24638,19390,37.323797776236006
40167,30749,27.86283166421731
27690,37159,89.4516419560028
66191,28049,59.26868712644856
25562,39914,73.72545153631378
1044,16829,21.965013396580375
74363,48561,24.50631212767094
72900,4910,47.711988050839295
41520,8410,90.74952399864603
21542,11559,62.2339595255992
54384,29847,59.205093517892976
48261,35806,23.372474955401636
55677,11663,13.30473376546987
66185,48354,36.04412477863797
90847,33141,55.055487976480876
97321,23402,63.27921874475051
65120,45992,16.706740484110288
35995,13399,39.270814388250585
24656,33000,54.40851428087246
46065,32320,48.04157648100178
93632,37732,87.98382945363018
25527,24498,24.68894974754869
63137,40821,2.642267509756614
85781,48282,17.188110838070155
62922,32706,61.0424858057903
66902,19310,40.00403647112535
91024,27246,40.35239449545083
62515,27680,35.65218563259744
26552,2690,49.06196095938312
76739,4194,64.92779768889041
70214,15440,69.32853373404706
84768,20841,3.149385194202035
93625,13784,52.14938530983818
31732,23640,50.232517175070676
77087,12232,30.471694711790363
70113,35433,27.192923652095693
33505,37708,3.905165188613477
46864,23476,81.89824733774837
83233,25068,90.12371211337324
82494,12550,63.08782284878585
29937,41019,45.72329208563751
68615,28354,91.96744259106903
65797,44945,78.88922675391285
30765,4584,52.19942920095406
99030,33585,76.92205430721454
30245,43562,73.77555663966605
38774,16916,32.427092569696065
78263,15734,46.09767555329898
43283,25434,37.92970523945182
14914,45306,8.183382306946193
34263,23642,98.9791018492539
67012,44522,5.035145369766287
55516,16312,58.864899639291366
68393,37478,66.93274261463198
27909,24825,98.25908027238627
39787,24689,64.37570020648221
95201,14348,87.62182411728436
77800,26893,47.20280311059613
29052,42023,66.37247218518995
42321,28307,25.037066483628156
99259,22705,61.10102283579233
4606,37106,86.6181220559352
14056,32507,90.69811181700939
91416,9002,37.1398360360817
25975,3311,44.42146734515336
24531,40436,22.51921573722284
97557,327,13.341363773884142
79955,49309,63.86161759985064
66445,20870,73.92211698634559
32250,13495,41.99562393966155
81980,17652,89.6021798693856
28508,26918,77.50133424861214
21356,44999,49.778280262253936
54788,2616,50.667961470040154
50953,38524,97.22617292872093
34942,5263,22.49789564973005
50136,542,4.164927888596921
89697,17988,80.03063918060995
88124,40499,53.78546881844918
88460,15804,23.64345204048127
91547,28351,84.7609969810217
85999,31649,69.397379389271
52186,38086,2.966308654488195
98957,48703,71.36375004630405
13072,10977,92.67900745768797
36994,9432,55.784061000488016
12617,11152,61.61812144256269
94687,42797,67.88244325556735
92367,30737,71.31344158429037
92459,37193,11.174478127992305
73190,19448,37.913451352751
78493,2442,89.89085578433009
80529,8835,77.47843666426381
89908,24020,93.97726866975825
67684,10677,22.42408741803407
54781,5833,76.25148302738516
61340,24079,6.543554331194451
98196,40446,55.60067818904871
3469,3851,56.34381797983396
41015,31895,77.22745272210379
93682,4792,30.57782973574482
80162,25611,52.27042674965358
41049,25797,32.89155682635922
13625,39332,20.094674486562504
76661,14087,42.720942397821766
56652,14985,20.862381506589127
30227,10184,24.151062672127477
46519,40717,61.915787982311144
67215,25616,14.074915765690548
92154,23044,94.88603332214029
13348,237,11.152424746916633
68759,2889,61.58478433063595
92620,32694,54.63374232890529
74852,41500,74.0488053055147
43366,19089,52.554041571658956
83793,35886,98.2270230420913
82937,46299,57.56979251795275
77938,27252,86.93693411173373
58964,23958,75.61445482568902
51806,38890,37.116050170488364
56366,12383,50.038483525650584
38649,21341,73.03900673943258
95704,647,58.506168273807155
70566,8410,38.9341861550668
12261,3044,79.40607313484249
55482,42156,16.278612302784847
33734,362,35.07168613361274
9887,37317,92.31145863379214
30522,10815,38.34609393904848
35199,40484,60.802061530073665
58865,22359,68.75203395172844
48406,36219,77.56001121991018
57020,2826,23.912197675983887
18170,34598,35.97544134625082
97020,13057,57.36250419464212
75177,12210,13.475322763551059
18363,35996,83.76597085678083
29269,13461,11.674820474321741
61074,7955,25.037234647144768
67858,1498,39.26497416203413
41903,7730,39.87926443654734
73378,46490,82.41324644460141
55756,46896,92.11236296039799
47903,25776,25.50749207225371
40878,33588,2.088639878093475
14028,1722,10.507160903751583
43954,49085,37.354972358166854
75115,6570,58.59242871166416
23395,31552,20.225804598137866
77347,3553,6.346934034849656
26224,26086,17.729008210725727
9358,24324,87.24650078441236
87237,12884,42.81638503804668
7750,9442,3.5889990870729265
52966,13017,36.42878706311969
93915,35040,57.46290059648374
80518,40753,40.97008933530218
30911,12338,94.13340792294568
61095,31772,43.702530193628654
45127,6573,47.01569192525029
27861,13736,30.538876322272596
46253,9454,5.986623571402964
17482,32956,67.27681953418885
7276,217,38.468674713513614
68818,6289,88.88996028923343
26347,46933,90.1065094651505
23782,39634,51.07071957879787
7105,8140,3.133502516896116
56652,29395,93.07938408775257
39374,21901,98.05667049372504
22942,36088,25.516814050889092
52343,48818,71.9569125217471
18917,17066,29.372102067456773
25535,36615,80.87466768987622
18187,32654,2.5463440857873145
51358,23298,38.76562030382341
7363,8670,53.57960058178062
59349,32819,7.1816836518495055
13976,11317,12.155357208685178
49090,34830,13.158927026539832
80562,21261,86.11595036861375
58882,614,96.21875132312196
45204,19747,38.172313517914944
63498,48947,68.29350566074466
94926,22969,66.42223210406381
78500,3693,42.22913040645819
35551,37613,36.46838077153927
7144,17881,95.33473183841048
62372,31967,82.40614435167264
16106,15138,89.18346609696272
31679,6927,41.23379477516536
17575,19031,8.08169750158875
83994,48878,97.72798871633621
63433,16584,48.87262250827777
1714,38629,31.75043653998761
48019,2756,70.78368321771774
98793,26737,78.49967687380162
86474,11760,49.2108583486905
83914,30288,65.41997944363278
6128,34276,24.585010213123812
99163,47196,93.27294647507368
93551,31219,65.9645592526386
27505,34889,22.494533225058632
84130,46014,82.027718085234
5267,28200,94.64243303080393
7015,43823,75.15687220015046
59992,12220,5.47857523065324
95977,26982,90.50182167111112
33879,43655,60.95391935633318
45490,46310,57.61414578700269
8025,35151,20.899214218960807
82440,24566,2.704958197625779
34929,27676,43.119228700771174
78358,5335,25.14925255463402
11024,6033,1.4886547983068237
4865,1669,20.262843801385365
87065,43520,65.26068931900672
23904,19513,65.92384462227722
16347,5586,14.296418644924996
89242,48928,80.45695747092557
16737,40124,95.72516545677519
12946,49830,74.0462508055901
15663,25645,10.61308998795418
55920,9517,16.70809138370199
14325,37578,86.13574843915643
81706,21570,59.90075499891102
55004,20329,83.86071883042608
71010,42105,98.53168889568914
10534,14436,59.80075702734819
82656,27684,28.49824770813371
93162,35645,47.20768066813254
96588,3043,9.920051228727827
31980,39688,25.074280506890297
29712,29514,48.08146922560994
12610,40144,69.09258982688675
7266,11262,37.38063863260895
18203,753,45.20524448381269
27957,3223,87.97545317060289
83919,37834,45.15238222119351
68006,45922,79.18597030925609
14889,6894,3.1076394639540394
73281,45308,65.86433686332263
1879,36905,28.12464412202079
8858,49397,4.607542589649113
10660,2840,54.85931734066244
73365,23432,28.289005851278215
52167,30382,39.60300089611346
5916,14830,96.12909384930062
83467,7325,71.13295545384162
54189,28061,36.65631119448645
62411,28743,4.641081290614061
71287,741,53.27955214933011
42107,27941,11.626072273373408
49351,34154,19.531337009485426
39322,17623,32.619949211672846
69513,48250,29.41046699515181
54467,40174,12.703621089487077
69275,7660,13.849628350659636
17938,10984,96.85162581096141
56353,36959,83.69514439681492
32339,16191,32.869371493955136
58415,33271,2.55615468839743
27992,44065,72.02840358859459
83404,24437,34.79546926312396
19973,26628,94.68579492506811
93239,30854,91.0486416161598
71867,27594,75.8984850260636
72487,37903,48.90668101697031
60913,21395,10.658745191551295
66519,14995,7.436018700510572
53445,31015,42.25106523549544
15638,47192,63.404530206043866
9749,24049,2.8159455111603267
35186,11143,74.92543503575477
66360,24363,31.347220986876206
65341,24981,46.26074102527234
74645,12220,95.20033791320884
92448,39901,84.79721103222442
66511,28006,45.55221691458192
56107,27054,67.17135921210671
85631,43708,47.1466997203098
41527,38959,77.0639080817457
72516,13380,52.46933294050543
76456,40702,15.526842552094966
61274,5927,8.912199631142263
5657,23313,74.93407391798458
18587,10493,90.78063148734239
83715,49139,36.565619968511356
87644,22718,70.86328004531983
12396,31382,5.447225657589498
24782,159,94.2081730920047
85774,38282,61.33619964223162
82878,28300,56.25879145144914
27637,1385,44.42020030946097
8371,24551,30.048799203598577
63623,44370,31.69302999584586
76679,34589,51.15871694156166
47644,25020,83.81378968147585
68125,47949,64.75180519575514
4371,2061,63.82148544092915
89906,30245,60.307358128084765
27809,2074,74.43703724390997
87904,6450,12.911411878100665
65791,40252,8.587809401775726
78027,31836,3.7320372757867672
47140,18019,49.61656942016334
63514,4749,25.817820221699048
44364,43032,9.075193576114376
70240,4836,51.94929025371023
16439,23193,26.957153679742714
11571,40474,87.00184933559686
56107,20129,66.41261024823
12386,33185,31.38685377245152
97521,29210,98.64401540794196
12557,3799,71.79279114528684
52586,7170,11.236880302438166
98426,47845,16.3163122739199
46598,11722,23.873941426307173
92153,10058,27.06725632245099
92602,9707,86.3183287365653
51796,15852,81.356790507494
40649,1619,19.224969592493622
75531,32408,69.50291815706842
59188,3397,90.91280453700577
67761,46465,1.7431055798660533
64603,19135,19.69303457582338
27906,40286,60.07181481574676
98770,32079,27.349516151666442
8059,47100,63.73684704631532
73999,49691,77.49112007544477
48267,42702,78.19677285202104
19095,48796,25.74118222696663
77684,8288,76.34149532625335
71203,30046,24.72578084221164
51200,13058,33.62482905778629
16247,35829,69.16863163288072
58959,41181,70.43774347361884
31761,30590,41.390275226040835
56893,13229,24.368908965567037
88176,31682,91.29141844078725
80973,1184,71.5507296347676
51409,24821,6.388845520548907
19542,808,64.09407754846049
8024,10367,35.92146828218995
21980,10516,91.24701023691277
94814,13987,65.22722684495199
50214,4325,20.224044578347858
89146,46997,19.48435485279996
53973,46538,10.217236336071814
24176,16948,90.91955051439959
64221,25852,86.3656826284855
13405,42894,45.16750879914885
95489,29610,78.91816704599019
13691,13339,17.62718283875534
92113,27693,40.60741724947207
91192,25142,34.08012866822917
52561,6521,39.007052230244675
38021,49360,97.52774452829314
15954,16473,35.72315048743422
94416,14206,30.866448639741854
49279,10230,69.85318933782969
27673,16203,39.00510403678649
28997,44359,96.18438214888228
95845,16145,72.31314858850563
83260,12034,54.44079449311145
19605,34652,96.74839037563898
81412,641,62.25133633812693
99095,46579,36.977687633991096
94561,22478,55.248563331077115
69300,20389,4.177089323134114
23461,1245,11.73448600406442
27254,2673,31.496696684494754
79583,183,82.85204866925336
45715,49311,71.82656242302825
79684,28766,9.75033618099305
61054,35247,54.906076346441836
5254,31548,66.92932103327692
90288,23284,65.12033127914505
27133,36927,83.053652215904
28367,25673,92.75875565014961
60219,16445,20.831049411387568
74778,36908,87.9516950306225
85035,2008,69.34817100152311
83115,8265,46.253195138264026
76755,45989,61.007225569031505
14024,26940,28.453301150899474
2654,17609,22.767312297464976
59680,15613,59.20989706646756
74062,33333,57.27154965997468
68675,103,16.28024070404434
92262,26681,57.79381718512434
45352,19290,12.873950767256053
30259,26224,9.650707973476798
67789,26991,52.94841351056988
22322,63,31.87068116749953
8070,45324,8.116713469999414
99451,14639,86.7250939709388
49694,10807,58.834038688018126
74419,44978,39.26806769584084
59017,22747,72.68701224276144
27042,16141,86.35116210098752
98347,17003,27.532961234451154
88935,33127,49.470580521472975
23733,29251,38.753681856804754
70254,6074,90.64585825859612
8700,21919,38.871934524956075
58374,19521,63.65417766672978
66707,41557,34.17415004423941
13664,15715,45.019621871443356
50491,33877,62.700196152365976
5121,30671,54.12969279793038
5772,33078,24.125079243461695
51434,22343,54.311864900923865
99708,28779,69.06502770906779
47588,39351,34.35339697958551
71275,38938,65.15716428183948
86053,28410,15.251352606248648
77181,48182,80.90119906392448
39355,20321,72.39556444312989
72336,34332,56.56702001338179
19182,3290,81.61646293967225
89676,27327,81.48422262677364
63039,36972,44.40877216976979
32690,36551,93.5784050912691
37321,9975,84.3788619012895
95800,48370,31.553622357452568
29063,5057,22.744793907643135
58915,18277,29.80528151296378
61263,16524,59.42536739915342
22414,3208,50.52729878460834
17519,13156,25.777115525887368
59727,15931,9.472306041917895
6666,31870,97.7960362700718
51459,11852,11.70360664774776
40653,12826,23.677640536787653
63156,30872,67.19560490544156
42842,41114,18.888534490061193
51857,35066,91.69117061309385
82267,4052,1.662352674454645
23341,32205,71.542004773815
35514,3196,12.403894894244528
82154,30036,38.20595997945414
68311,14105,41.38700356366126
6217,34661,69.9993763042543
92398,43190,79.50388760893827
85327,47733,18.94455469977745
46900,11201,22.56703736594197
73025,27600,11.052745653580372
92780,34066,44.33493851510823
80350,43674,77.06615923450822
81205,29747,21.85831462557188
10763,28416,74.83790525120274
99054,24154,80.8664447245134
20150,27061,26.6140205376475
28791,5028,31.4089814608192
14683,13532,92.57566652698135
98925,998,48.24006561044707
45113,2500,69.39916940974885
26313,29386,44.008216012650685
75018,19821,17.394291451257605
76158,34378,46.65930821397175
93514,39503,29.416348817049762
90176,41033,28.047060841641237
57251,44064,89.72025586416812
89911,40626,50.29457196914617
87697,46277,79.76370605687758
13157,36422,32.256565255146654
14240,17973,74.5464527328978
89206,30742,83.66253448450536
81983,2273,47.98449488168613
43719,2934,93.9752565822649
78657,11606,39.04267517073701
82605,28465,96.56717225321641
6914,441,8.725456474273486
53856,16831,72.31559034702546
6875,9772,30.401180774144624
85916,2154,13.18579075199343
8654,22559,40.23187971171261
99928,20361,8.387722172360421
99219,21516,33.95120040352724
30519,37520,9.163231909360258
99024,43298,83.00793481347603
54756,44061,14.120031582131361
42855,11044,18.9401164343373
96168,36635,33.969015181577085
22588,48477,10.346596301837668
22228,9214,97.63718629760409
54969,23509,8.305447665900221
20246,2863,39.55840943901561
57502,49000,40.671930537051956
23094,3239,96.48593886253258
79201,27514,81.99212977936709
2816,1769,97.71215948803344
54880,32401,2.6989317035014744
22265,11732,18.922626473446265
65195,7918,3.9573752466550083
81305,41799,6.643529773625406
85553,38915,48.13780770228293
46361,7592,74.23242909533771
16695,14583,29.824966023616543
12278,6345,77.55693925899578
35968,22824,18.434792760977345
11847,2443,58.96663603261305
84280,6635,81.05946342740106
96983,349,80.30793166301372
10288,18901,64.93501925212387
60331,28918,73.81374944314021
93716,25962,67.3949165461033
26955,48772,35.013897474082036
44723,7802,66.82297670667414
91840,716,94.70472788675076
33589,20147,72.04559089142771
64091,9011,22.67341545502308
66163,47020,28.56731845458953
22526,6238,71.7844077739639
27806,11489,27.00036125815492
81829,24372,41.81325530180045
47984,19531,13.327276141426434
13088,22807,94.29543023245864
73263,38905,64.68609370702139
52793,4419,59.29877569652761
68881,34019,43.46892815237299
18913,7837,81.25303578305082
72790,25717,46.81987860593265
18202,21271,86.05166942361862
25443,34591,93.43760471432331
10551,4521,64.35085940780803
97713,27050,29.32046360252113
16518,24827,40.91879850612379
96419,19284,76.88874668665282
18434,11251,6.966861179371897
11974,43874,11.174734539023772
23190,29233,28.75715260315174
78183,10091,41.175565579048325
82674,36071,17.20148136347033
62293,38438,63.50662033501781
50515,13891,6.950326038329453
34169,8871,43.6853247298767
74899,44883,21.65910339936189
70448,49254,82.36080212119755
80033,14297,1.0557980844885497
38949,4200,81.47467987584594
73418,19619,28.33028570265467
28964,1147,9.584612089748571
47106,20350,14.890349105259022
87081,2794,92.89155318992496
66416,46284,66.53641013315274
15541,20771,53.25251392322369
25656,43262,10.021291048900997
60952,30085,9.184963515391793
48322,21036,36.52100087789198
4202,11202,25.26142031939989
15321,48300,4.926312692498779
14143,3968,84.70226966166267
78941,9576,96.55660567965342
89721,15703,93.76316833503903
69858,17988,65.28229548579819
20615,31259,88.69839196358394
23688,4123,97.35896044622324
43555,40177,17.33037331820404
32054,25163,68.56399326624779
41201,3656,20.51114549390728
50547,12507,27.33568403221296
70132,27552,9.883657230917269
94485,12635,88.45827528201615
63612,10829,90.2632083917412
9890,26364,72.82579723476321
26729,445,47.490614266367125
88882,36878,6.4643183940623885
68580,7597,97.2532498525274
71628,37405,85.34290387912633
94901,22621,71.87548849860627
2762,45505,24.223755500263042
41537,40781,82.4633785694309
19761,21723,81.91674921889557
81418,39050,75.4820551378862
7628,26484,36.07525855556973
78274,26570,47.13991420434095
41712,44314,51.10609840149525
7567,4621,4.5098864522516795
4455,8650,94.33483233282735
41923,2644,36.800941165783655
34996,25230,56.41082419988402
54568,14122,97.70537773587145
62960,18918,56.40338390285528
13770,43663,65.54888724879643
41016,48560,11.062657685758646
47855,42014,66.70305958406138
97914,4523,3.9259218378444087
82214,48632,25.0065250758102
54826,28711,35.21943162726926
32929,21179,55.0043291245083
36663,249,78.84088183344532
97796,19810,31.227978412197107
83629,3007,41.788482592320605
92114,11735,18.613504911880987
97843,938,7.012330836552012
13616,12065,48.749081009545975
75045,17738,79.69384860600756
59260,470,77.69789568020846
74515,16815,72.72031301811383
70772,26876,48.322302872426505
81661,43011,21.172262746188295
48236,15696,26.151814460915652
45047,34166,45.506661681798946
40316,38588,92.40991422345535
65159,31929,57.03190014022948
26448,29216,98.87254759440174
91610,39112,54.53874538021489
30956,5724,79.46484295648322
90750,652,64.54600147584597
43819,34302,93.97379197977098
93315,39210,28.349732235506412
68214,2392,27.485591088997783
19838,26928,30.299145515700083
67957,34324,11.71042669927507
70354,42787,84.9427025350155
44347,27254,59.4591329394877
53592,43018,22.552689088376034
14960,2361,64.37868023786488
42441,1801,7.131334295640093
52528,38934,31.475574269735922
14423,27047,97.4372686761792
50655,38333,37.668995844511436
64427,37466,89.23290104737073
14357,16828,87.34214698143114
9638,16258,21.944714202651408
93545,38105,13.222622972151854
40350,24152,69.55283820759526
57919,23413,64.04446163875008
25668,8038,93.5141773249679
74240,12206,9.147218027335066
2201,25244,64.36277702179675
36023,36156,69.33758718439398
24926,27285,23.686865826660803
96149,39900,82.35729593713373
91940,21672,10.309960293252598
46477,25665,91.83665031902426
77603,37217,55.8295222529075
25390,1243,33.49551680430789
60046,24593,33.75963313171265
45864,41783,4.441751608316137
25702,41500,19.76253394949172
35984,28756,11.083758598628933
45982,30444,93.71106905896454
92306,47112,13.949534098146064
97448,10015,14.911125590462085
81275,26967,60.58769163636475
74645,7155,71.71799313636774
77046,20337,19.334988452365376
47706,38261,23.70269617532524
75431,27227,24.58004779403294
76024,45131,54.5171554077387
47992,45445,33.08301929860052
66926,46481,41.57561780634203
98492,3334,39.528213985893714
91508,14142,32.8261272272305
41602,29972,50.61470951026737
1787,23393,73.23235101218151
90828,209,30.07445840877542
17026,23290,25.350951468994424
75879,34018,38.03525406198427
73069,11667,16.496028967879354
86692,491,24.641968145305558
23731,19072,9.23634176133947
93410,26424,29.7333026952322
65691,49129,58.847759778639215
46299,38355,6.467479642983719
91874,36162,62.083197083055055
17618,17053,63.379913631148824
4995,39882,19.38543733170929
24373,9738,90.20216786356922
8303,12265,75.86968260590893
22842,48070,23.592266814232605
77880,42299,17.511409892944993
51500,891,29.298019323816924
90666,27562,13.132344123456878
98659,5831,95.38632482193819
77239,28277,24.897341901612627
59158,1775,50.046994478166546
86866,20430,26.584132229425876
34657,36057,56.37809494473199
47686,9028,24.688235149805767
90347,283,2.5557444499156263
45833,8990,17.008812533343217
80626,43100,59.23080209492745
94504,11833,47.40832407327195
15898,43668,83.58411620416871
90204,28978,46.958514664402315
60928,41013,72.01834625088165
67185,7699,84.90203931483182
48765,12137,11.632246781755015
86523,8748,60.76099558523471
89432,9691,27.778672203597367
82077,13573,25.13923113592429
66227,6177,18.32489454425759
35447,39697,48.94552696651016
11993,32437,64.7965308301419
31537,13734,77.4638658383841
60031,29409,73.70048820192844
44676,30016,71.46644387423396
60995,48490,82.3852275436917
26966,34727,18.787753288103158
8615,16389,9.61542831427461
66827,43523,4.151526267776461
75450,25641,69.4511110722609
74406,204,9.32687407012412
97648,20477,25.336591463008354
53653,38338,10.430834816473524
71994,10303,74.4370282478117
33028,11453,27.727807574329933
70891,15595,68.71664986905319
92136,25848,79.49237444230951
44297,46367,22.328025391678153
41499,3913,79.8882215956923
33046,11179,41.112173003570966
48849,29841,7.637770028366808
57032,28001,5.49018839107146
85079,9234,94.48281702570517
84355,20964,26.15928397442519
13486,40112,17.771171796272736
83458,45038,9.378764760501113
22830,621,95.820777686768
26401,36068,40.592143072136764
45621,22855,45.09701168624967
6177,44378,12.156279876256129
73569,31185,17.124954149652698
48376,8471,45.463645195711685
5069,33792,63.644087506073696
25800,17249,52.609689763151295
27761,26140,61.796813571614955
13319,15460,76.51057947269845
22348,29920,61.45172137866902
38852,32805,7.515920442961888
43861,39048,49.030163246649515
55172,36173,45.455472157575905
83904,31489,82.04338511979961
4750,12506,29.416048865690417
17125,33353,24.550534974345517
74829,5529,1.0049922946854877
5823,5179,15.315441464591556
23289,3266,10.195450046247341
53952,34854,2.063580949357112
94303,2508,47.0262866023294
1585,48705,54.66574369354197
6207,23379,64.19498239351447
59419,5475,1.4442127148480592
2432,16900,41.691731051248
17751,18117,29.818116735326818
23652,31758,22.9066028343123
9207,31219,35.02060695503181
10013,2972,82.36331834039284
45277,13269,73.21818100633992
48575,15547,50.111348219362306
50049,13529,35.05676975666531
67335,49298,54.58395669065995
10721,6501,88.3685597540905
14873,40629,95.22741564985087
73004,34958,56.646338253512866
42811,31156,25.86595564752573
66843,28601,50.45048385088618
48837,49574,92.1768548412251
53796,31057,42.2650953446084
44122,26894,86.54271955870166
19455,24366,75.63195003061567
87716,33468,73.85871419315004
91741,24779,18.36475862048307
37164,39436,86.26474749792762
9295,21072,42.39757534924278
37227,642,93.60384316085262
84517,22977,63.93181055246365
66861,4688,32.52609237248443
9278,42702,54.674356455972536
8395,47413,9.494817403355295
55428,48469,68.88311720939168
81536,18756,4.904415913438919
11261,41616,93.36845414264293
67782,40492,4.747191452616042
16655,34671,52.675482320055224
93961,27755,78.46015363984614
9739,34108,63.93099114280284
61367,47601,34.75827754088961
64797,39848,29.406352298346917
71272,24359,83.49670955977922
32256,11064,96.09942190598507
27862,28105,45.10954223041655
21675,35033,72.8983337057586
59549,48929,61.37063042831406
36153,46216,68.12531962635072
82614,20767,96.65477008527482
55185,48231,90.60174641164235
66333,46363,50.24167839460536
19177,10952,92.43870018254759
25490,29821,17.24346829309489
89899,29756,71.12847909012703
63038,7633,61.88446455502657
35140,43838,91.17490590132518
1139,31260,22.066975184724775
75854,6962,63.753927576602194
53248,28460,3.723031304309048
46837,13340,25.705827284379676
23796,8374,35.90527059697911
67107,142,79.19190800221214
49141,18180,76.11621819283216
58789,1859,98.99920655445139
55945,17209,97.99876074205002
88301,3808,44.9759782782234
13664,17181,6.824822982601909
67929,1764,61.94663440461348
40655,47641,80.11219337722189
16745,31678,87.40206243957121
14870,48790,90.10108295057283
51108,37912,39.646745136134726
54575,1936,8.615638237522926
40873,30635,78.34955544437398
82356,8281,80.2030118263171
51360,9198,86.51981140844518
46784,47025,4.4599243783197995
11788,44108,43.85049403273019
93269,27727,23.631382447624638
41387,20666,49.33755357183408
31449,4497,35.15975974252473
50565,23209,4.385501908834941
12748,20150,25.811336734208524
47526,9296,73.65113585388912
74574,1600,88.36027508389446
83122,15329,75.2870450361014
53708,10068,45.40037968607221
61641,42344,47.92033999818597
88428,40811,93.11039335169404
31889,15612,36.8685297527016
57992,21350,82.49881624086684
8133,13685,57.177137615640405
77800,33126,82.45326817524067
67973,1969,13.95354362003485
45620,5863,78.90240548072099
52024,10096,95.25070368683342
97906,31971,14.00199930824953
40776,7164,22.717572712399882
28550,42775,65.44007759983103
29544,20046,31.113579082149663
42650,9167,64.88414341975711
22263,39589,8.004341112376153
96979,1871,88.81023147413693
23077,45853,63.63520555334445
51875,49331,39.18088093262152
66818,3715,59.77652914843931
98036,5748,49.61568822746384
50469,29830,12.238748955917861
30396,28078,94.1517203320537
99090,25717,2.3117566625669266
18799,24354,12.015367188016842
12790,38468,43.0115173854561
25427,14442,28.605181945130614
55977,36822,69.64316121931382
45511,43426,3.875741081242058
82277,1104,39.238239400669386
26694,2933,63.862382652280445
49634,38714,64.56798381054145
68998,12876,3.5696555450484473
20080,8585,96.23332020492208
58823,8928,46.22558488509255
92804,23733,53.02075206633804
20468,48577,98.8019369245262
80501,3667,90.22194257529748
25519,7698,53.902723260642894
29917,31154,44.117589563654406
22554,25516,11.099159924275298
49342,28981,87.4427158191892
56515,21743,52.75489473778472
11042,22854,93.20322103487841
92521,14318,17.521348432389843
67656,6172,51.60351616450871
18594,5936,68.80124127350976
55170,39861,54.46233553493036
43628,23021,46.37856746655817
72101,10993,62.136271131611764
23673,27053,27.125244883033947
32980,16572,69.43805049146533
97801,44205,54.88453733997052
79207,19608,14.676124676729103
29485,9928,15.48038222808864
19525,25773,36.167721922617886
39442,26977,62.50872003455567
52836,1248,74.18325903826903
15692,1455,28.17104518496544
59229,24366,79.17848919602494
19654,38178,36.481005108988406
3770,5960,18.41453503962151
97903,38979,68.36241083608317
91677,36383,10.405450442054098
43988,25349,50.19591242769683
65124,41254,89.81613252888066
90084,45086,58.15655356922971
78795,20643,76.0998625079816
31167,15028,92.39645496676249
45471,7779,20.88607879954882
29719,12286,73.10485741660904
43340,6326,90.22077482501022
99164,37195,21.72165401157321
14363,16299,73.63984582735839
44787,34403,77.78991575117695
76788,26586,14.179169312242884
1801,29918,74.54039106894434
90236,9625,45.27870287701005
95740,23291,90.25374224357213
89971,10957,86.95677331586435
79878,35438,36.98764724999189
42895,12167,26.603413424367304
23796,11656,50.00009608384179
59322,22513,61.110458667556244
92303,44988,27.4871258409182
66550,40219,52.3187895442503
11827,24538,69.17244400899364
74117,49799,44.18908835804154
25745,17552,74.47107626738897
9786,19047,1.97118543232714
13378,37872,27.390376491874154
78068,24587,43.59308767383357
49571,39452,85.9188828944358
46035,9143,34.83333873639059
46727,40658,70.02514733979989
62811,2434,49.08021840414446
75828,32250,45.560191374686646
22188,46494,80.16371818313216
6638,26168,23.4103343347283
59119,34045,85.08604824311543
43079,36913,74.51910584779293
59994,20943,38.58736569854515
56749,22206,18.543893122162405
47402,31916,6.927509210948653
76802,12548,85.82378109218789
88698,12583,26.317758023121005
58435,15390,97.0599126711094
86015,17370,50.510875088758134
49485,49790,94.82157212115666
14903,14807,3.8206059928368457
81508,4250,22.962606874584054
13275,1597,87.09096635918823
1305,40134,49.70806709306162
43571,35639,79.61530959022635
55478,5982,59.15203192602629
46821,40374,48.241400018600956
63040,42179,2.893434526883998
83924,28238,8.827124952469664
10664,18117,76.66371212464186
30773,19790,60.61765921438884
66378,3309,57.01349109520216
64191,30491,91.40536290716089
75807,7622,84.56029575271091
49225,37350,81.2562622423701
22099,26805,69.90632401742874
58361,11486,70.17945824587355
1069,4396,23.18410706290662
7533,5597,48.035289984434634
6500,13968,29.132420501359565
43811,48406,7.136691771109308
38969,3069,19.63157106072164
95149,26933,37.42859386286645
59366,23427,19.354596424751456
67668,49545,59.171530411822815
8348,6101,17.609751777156184
11344,21185,30.34863676329647
69111,20802,25.494899485545073
61819,32633,29.12764115939562
74629,38135,30.236331911699303
81650,48519,18.6961141573607
96911,39142,34.20139569021703
61402,957,15.738871389862824
59947,4525,13.51898966578255
78261,10849,34.249846982364126
83358,12139,5.3820762464182925
5389,24731,12.42879539417238
38878,42500,49.61638439876962
95619,2381,59.15056835969925
49388,4934,59.830047439527085
3143,22448,15.11347795669756
59381,13093,78.71925161547202
61394,18141,52.176157719767325
25243,47279,8.675788577129094
60556,27986,16.31250449052402
61552,32299,9.062009303616973
97219,11714,89.24477123868104
89893,17610,78.55020190354692
75431,37813,85.52666378303924
21276,4121,68.92149966251989
5733,21001,65.23281626021169
60997,26409,88.37755800833328
97626,45679,93.04017752356421
38405,36101,62.688395932150165
98585,11143,22.99588621946562
29261,15713,87.8023775578
13335,44806,8.725995130029416
72473,20397,6.253277675969802
43513,4631,58.91184565103379
37663,12623,8.216595248120283
11108,20967,40.07529369497017
6452,42474,97.56112654388325
6501,7241,15.006651011612632
43233,4929,64.21178173251305
30405,29662,98.08358095752328
69545,20214,19.74611167880784
74143,29852,42.29605705768576
58864,42888,14.005759594914043
72023,41131,52.747581104889726
79786,23823,8.523067006354566
39923,41835,70.28654833182202
8053,33321,40.20722819859884
10844,42306,44.291002409744834
8304,18759,85.24193897257568
11245,17269,27.33476485418178
91387,10008,57.26510255090738
38457,31726,45.944970899266295
25679,12183,34.82903458219322
69874,24992,68.02821991460178
67948,17454,31.574025178929684
78262,27188,93.4641724319155
65361,26188,54.75492216723385
31572,49708,67.74447473279885
70848,25190,65.23659993525985
13295,48530,65.99145514651605
40390,45292,41.23701745588713
92693,12142,63.47002829995586
92178,20270,18.04218947075078
29279,48492,73.48263844313445
67020,11744,65.65395460121728
60345,26195,13.239516652620466
86943,32129,7.589142669054777
20635,1235,23.566180354320572
89180,21904,61.956048959770605
25148,23703,67.1315812532968
77708,45331,85.94611584295683
30223,21054,81.39344219000633
49858,16685,72.29489566130712
72136,11153,35.78842682614585
29526,27092,10.282531085740434
97484,2802,13.68390412122197
43958,37516,31.013077042392915
66382,6711,14.890115833753566
35182,7098,97.88420471559036
3376,3712,37.44742805297766
37210,21431,3.2666088542734193
34704,28563,98.44362331710778
36723,39565,36.55594759740397
79131,46460,97.19253968577173
46741,5935,81.93540706174367
27736,32654,48.53888114488759
91535,40118,81.37912409449663
98577,28001,4.725428485735261
20834,39067,28.16071137272097
19423,42169,46.3052138831504
92675,2125,5.472823304085271
97408,23275,9.74841797612259
6779,1294,54.013579019368805
22841,16953,27.844267093471203
14370,2004,76.5880462807345
98429,47758,67.4218105899414
9183,45025,90.49684444090532
26301,15413,91.93791129829937
31105,36410,32.84461563084044
44556,3135,22.37709457919074
79646,22936,10.917409510227738
13936,1758,6.688397269986544
83959,27420,60.91387713291281
36155,43901,14.544039186419246
64762,39781,2.7039776707609864
24373,26866,13.76126112513745
81149,26950,8.309960044444097
64134,17981,75.53118631793873
57135,5634,26.49584922540608
42580,18695,35.58422964450582
6835,24407,31.474116962669196
34334,49938,51.41764477439218
46606,28640,82.2135509650224
48860,23388,63.371113783790776
55953,41113,48.65108344598284
36651,15925,15.428434400545779
14138,2554,45.475113229795355
59620,20895,24.095776787618956
87138,3109,59.18438365535737
12562,13640,80.45200082749801
80136,33667,50.2525137562456
81675,923,37.88615392358581
54466,32703,34.2457350508117
42216,42792,54.218265209865855
44564,27468,92.10384281564725
66255,46080,61.96265020139735
43459,15159,89.96311655294994
15197,3219,82.56195772510017
58640,49578,16.529162719682787
85289,39790,27.23374015854762
45829,25017,84.25068569739034
54651,5134,48.056515677683734
37210,39502,8.445074593477798
27326,23281,78.93353698362398
90444,10044,48.32978828243101
30843,24003,44.240540118586715
25726,24611,85.96304968082292
85612,2262,71.2392711022582
94230,22667,75.87917740231717
47534,20817,32.01798778891405
20114,30798,13.620290832852007
26658,33699,90.04912950869563
88422,33839,9.248515831696588
30507,33377,92.69499183587224
32176,30098,79.77465796880247
60149,27266,1.923854355902839
70855,29481,59.28676088541286
64556,44559,24.31432908455008
66430,41101,20.28098081769467
25052,19748,55.58154354360054
96159,23531,41.288125602147296
1447,6690,58.63636129643646
22504,26527,26.687948012595225
53690,501,26.590473136462858
79767,30954,6.696974594011705
49932,35117,31.048402443539
25862,30422,97.28399075657791
80812,43850,53.85793465123522
90167,29775,23.92588661534646
88528,35927,93.52129506653182
97396,17501,57.06555573918483
2340,8143,57.42932242834439
30296,35008,51.95431389992137
27098,10404,44.86080831646428
22625,47728,90.8944884653494
44975,36357,29.125782945462294
83648,41800,17.847208537114472
83772,42515,27.740194387888693
95377,3903,50.762146332221796
90909,13874,85.34197906573911
25791,5569,12.420019567973702
94563,2083,81.40874909324009
71332,16802,27.537608216905216
90427,11607,76.61328698062185
38251,5315,81.66751611937958
59634,6495,39.43896168119557
50933,19550,41.71887590906447
98179,48944,10.671411672676292
97419,15720,71.37054650439957
67322,11728,61.1485250548717
5504,25175,88.0431352878737
57451,38887,40.21042780281633
87593,16772,53.970244546770225
86875,22694,24.090567694114288
16661,45979,5.518667773022075
10010,41040,95.91763381446009
49409,15917,84.5666823219296
96384,20262,3.2290338229100803
47004,45877,18.43256951326668
98466,29784,16.881122871676663
85524,15547,74.00889099240342
45353,13829,19.97428346396165
83482,34636,87.61072896381468
11877,2106,80.23898739716816
17094,10156,61.43214785394928
11653,22604,95.77658215292816
84885,17997,59.28633531053113
21365,21018,93.57415607540983
86467,20866,37.74118443366464
10655,43405,90.17294155347336
21695,4569,51.6926619496489
72263,44474,89.08287454844702
63812,12621,14.250367566207984
79220,39011,72.86973376524791
96982,19299,58.95294218138017
30197,1559,49.02299313235063
27473,36140,26.769574242881095
37959,37885,20.358865528626513
99860,8177,57.194578701067016
78570,15239,45.71914059789232
98199,8210,70.86141439734922
27988,30586,43.38593185245907
75770,48393,38.483596146969155
60429,14696,41.0017181944034
36050,49230,19.505673219619624
44690,6522,79.34088293946567
39933,39214,40.69929143390908
43171,8887,22.006125184445953
88543,6297,3.7465450226984434
74639,48637,58.94306943701372
3796,31540,80.6678797361245
2784,25962,32.81320006545593
26309,22443,11.677406919887849
38480,14300,76.9271379347232
65619,4926,70.65110559807945
74512,23777,56.07611311115083
63854,22906,43.76615023155323
60698,32358,89.99363633133973
73178,39789,44.60582236883576
56359,40354,83.09277488957804
92652,47522,1.9195869095884752
11073,10722,81.85429940598205
13034,10450,19.684938252765193
44026,37544,31.91902385902887
34478,48801,11.52962136359922
2510,41957,67.23787049777464
57866,20034,80.74848042732043
39297,10837,28.780235995029333
10861,17043,64.45818921301358
69351,45406,64.68984957200604
42900,47031,43.33940291184181
87665,35471,57.314519374564725
25856,44053,41.13424885307191
75660,1318,30.97332190691428
85756,17881,45.415124564477466
17244,25771,57.77688205731869
59900,21392,86.79446931542918
35789,36138,62.4864563909464
14950,33851,71.90903778266055
24539,39736,42.7326917100587
5412,8112,86.65517811266054
95945,18639,78.58831914810254
2844,24335,48.11644211352302
67403,6967,2.4496106762218175
62526,1174,30.464545428930645
91954,22762,49.73728624484154
96028,44816,19.089389009359593
73583,40537,17.58177655833838
79224,23423,89.19977023351544
38430,5152,42.881785352228505
36883,41871,70.58766935751211
39549,33908,56.40709946669134
60239,7443,69.2517506408281
15316,21973,42.25584270775223
75922,11462,3.116336340015418
34801,40504,20.50051312310139
53896,23194,28.260100096874904
65716,26105,54.20108145392948
99348,22035,78.76202365917612
39277,41503,31.982864201718154
50396,36998,96.2629969513324
36983,10361,20.15651594588287
92926,47460,65.48638695645498
35768,32599,44.28398809066285
3544,35723,42.20994723766034
9296,30864,16.165596340249827
60110,30829,40.01018561722286
47315,24295,65.71282535748338
95224,46027,86.53913961878833
94999,19043,59.33099715211745
39843,13207,21.463865144665245
69136,26271,93.4779795109369
78058,12892,46.12808302112887
74737,48398,72.99210644943447
78156,24771,72.01390176649376
93292,4283,13.50448076478458
92698,46130,4.965958207085758
40009,17097,35.78814022522303
40838,47345,18.71185485265314
82929,6202,44.44774254832873
6156,37285,37.43134018874414
51010,32652,93.56552412914132
15429,39742,97.42552152664852
32866,25662,68.42065127931491
26603,28800,10.137314062038929
7838,46903,42.26743622565056
58815,21581,67.88362269436772
44779,32022,41.49296644167534
22031,10027,51.44202106743528
29199,38173,48.434091334234466
23039,2509,81.66770068762797
81580,38636,72.4787853769985
35029,2391,79.94114027724494
71956,15981,40.80899098514841
98916,47877,59.02211083283809
17180,45162,63.79745485214806
75152,17606,95.45118913196303
16972,42498,20.50160286835045
28788,48086,22.469942121062246
57932,30277,4.654629808119061
45208,18832,48.93877976519487
87349,46716,61.20444711893746
5388,29287,49.497745523497905
74712,41025,55.87003473414829
70736,23205,25.499107583393627
50880,45939,9.653835483067327
99047,9650,87.23012412743405
39336,37575,63.17528434780804
36339,4846,66.42913068212424
29415,29537,24.759332087309875
48648,21160,74.97967938159135
76676,35213,17.287418131353476
16837,10126,47.53738088915573
41290,28571,79.55815235277794
88819,42969,53.23128943748038
33491,48433,82.23769146870555
59934,45870,70.89094926938685
31072,44910,64.00035517406653
10606,6409,23.18466885696381
46369,39406,25.764436972537105
16672,17884,5.823409348593254
3491,41927,85.3564513929526
90925,38797,56.415047577645836
69960,46621,51.6485975451153
25979,19246,39.0828823861143
1229,22390,84.06414241723604
38471,246,37.15116853795284
79191,10346,91.03467671013549
5265,36961,46.21480860874938
40216,3225,95.86773404395774
59388,33348,3.5686169643682293
72149,41771,41.61309032527785
24327,37397,75.3943341661355
85131,44718,78.27710601264276
69877,39732,41.96680874603433
50803,43742,20.1344208748641
10143,34615,59.14181551030891
28371,17377,60.28469420143767
12104,10561,36.63320378865308
44910,48355,33.13679691999987
80505,27447,78.04093479640262
73235,32935,37.82617636020576
11139,28208,50.29726401958599
22203,46504,10.0436487938618
12592,42988,11.421100192652899
74527,49205,86.11249623825951
28745,17833,38.16323462982833
48843,40672,12.926808765111257
44536,43413,59.46053463290448
15429,13710,36.596277735890006
35364,39029,46.100087594992374
86570,683,94.65591745465565
77654,14801,69.35008867975357
74565,19505,80.52541341816375
79226,20674,41.56097181087321
24183,18709,91.46230905206271
35488,25528,41.29046253776262
75449,949,7.572233786090036
42660,10840,1.0162176951381214
21460,26992,94.44904097156885
37520,38875,55.89156069923219
58731,42346,27.761845138605942
8564,37390,45.41317715097654
37119,20840,28.232096477167513
78330,4196,24.49547587873985
82835,1775,13.600586023478868
53805,26180,73.6724434673932
59341,10534,1.9840866335477183
93415,32785,69.78261961057952
66773,8082,26.929209511510496
83005,1731,46.08539572810037
78344,47374,21.415343641920394
74158,46747,24.407498765362334
46279,34565,68.09113997328501
55736,1521,93.57559149542256
44694,38890,39.42663189927263
48783,20234,86.39360563810439
1248,14308,25.35963054715664
82192,44398,88.65655190896014
89467,44993,33.299946817268534
54668,9109,51.10708264236778
98761,1739,1.2484976921847202
6845,14227,48.98846961672335
59820,2417,73.98010898672769
74600,32747,16.859939402785752
60629,41172,25.833489387129646
36794,19337,62.32388839199728
27238,23521,9.980197531623746
53740,41364,5.3040842759955025
98417,1199,94.25606472307342
96116,22291,13.91102503285707
51321,48310,24.788376497426402
79930,33723,15.254080502319274
4361,47556,12.143304430227145
52462,15366,1.1279391957041147
63566,14505,65.68279936993876
92050,25015,35.113802434011546
91068,13663,75.68641285860232
38509,48541,65.58724093514971
62606,19447,53.30728562141002
10596,14655,54.915956761057814
97376,25780,1.203986945690755
95020,29189,39.07301020361596
77724,41296,47.70322135211885
1701,5869,71.72406191747066
65255,26024,50.360981872587345
58013,24075,95.89652393652581
85296,48062,39.52159717767578
71157,911,30.932013577679292
88278,28245,24.68001265532725
58254,25223,75.08727998623243
7244,25981,64.61074039036038
52261,21259,61.07716048165053
65619,6781,11.526449209669476
51578,10806,91.81643295244426
69984,38974,97.30760397249139
24299,11189,17.116356341008863
34365,4012,24.359446754660947
37651,16589,88.72853893792954
22559,17038,41.197497424399565
14526,33904,40.876452979664386
46665,3898,34.78820240617841
76262,31804,43.07761500724323
21235,4797,55.81100059386568
40011,29916,79.91879694625808
73262,9890,28.88852767748781
92654,10829,24.906050944865544
99041,42839,46.3878716924571
72849,44251,97.20555893805202
47387,23924,80.14427439138849
81001,45082,56.7706162644519
87695,45017,78.06084076347109
72648,7364,9.9041106338571
45628,40792,97.99907659953651
57924,37567,19.09809330449402
30761,33731,56.66039520585799
53153,33802,84.62552976560474
28212,25884,62.34625445805099
48536,21428,45.94366774933386
96172,2567,84.70037565158009
62947,2653,40.400888357029125
89218,46109,64.88960994654863
70386,36777,44.48742127371834
63314,24457,91.19478763952823
46187,28473,86.9316462543431
60152,24772,93.44648221465282
16309,25865,79.75181896042756
75493,41665,68.42720492727999
52441,24619,97.59628276264485
37279,20266,61.201575806231986
71829,43071,93.11211997105154
91974,3247,82.42583707279432
46722,32089,82.81516740477223
74794,8927,22.245319736158077
23227,24325,55.05434238339193
50499,9682,9.614009052685121
18792,19939,87.25178748425951
70492,27769,8.981650317092052
55308,5745,91.0045940875248
28306,6018,59.952558302594234
57405,10647,74.78654091472335
76669,19896,4.23702715257731
85928,38616,16.341313262000874
88075,22116,71.25283704860321
27691,25730,65.12579522351335
60998,10156,71.02620660249532
65706,11107,47.944433091739796
78775,7883,82.96785385181934
97385,49558,74.21551289083627
81555,45782,10.643344420537646
77858,19940,88.37433454019101
95782,30033,19.9921258665155
8862,10453,95.95624212512666
39314,41669,23.798964596507933
63355,30531,87.1521621996315
77809,47052,56.509225428535785
29842,9940,82.07774146071527
65175,8935,12.17290411450789
63677,35525,84.1211033341052
47676,5479,46.549355494833414
71453,16184,44.31488462119
6311,45812,42.06194074598117
41817,45524,33.47140144146305
21406,16875,36.607587600134686
84716,3165,47.58481517151713
40486,29982,65.05200567269219
42727,19922,1.2849385281761436
16786,6736,26.190513665911226
20214,27938,70.17948461660603
81978,28827,27.73561152863597
44747,26476,85.45035475726131
77211,29108,10.409288985410694
8743,23815,49.668740748034935
49917,21936,91.53649261106283
59923,26688,58.32315056778318
29017,41124,32.8934240734257
61240,7487,92.01611572521834
85583,4834,79.71343871625098
32540,9537,97.57757272364046
52028,48463,92.02701255546168
85279,46454,9.972252866145828
58164,4163,70.33732534880396
10406,23531,97.92608840904141
55627,47027,4.017158616823769
45440,9407,59.313552811087945
50021,23337,73.66164922898496
18699,23939,27.71956570309185
95074,4117,94.76718547488916
58657,36007,31.304128183828716
96477,47610,46.96585015540964
30394,47136,85.35343964159895
59118,49619,54.1776743021768
43312,13980,29.32590951203841
52085,12124,79.8176357809946
32185,34597,50.416040264814384
62555,553,38.44847057514241
79829,39402,62.65568949291158
35369,15764,89.37430270589955
33751,10996,90.49492760980208
81888,35629,68.31448627793293
21448,7964,2.3497870166997314
32844,9344,63.528018978554755
69952,34995,2.18832914031369
52649,21907,45.467857671434366
32651,24686,2.2413384555057525
30556,33092,35.50453368667587
12932,35115,71.18106374063271
99423,45383,48.053131008832516
73092,21700,49.49468824225479
77905,37253,44.35880505181899
62685,3357,75.53122104866974
14295,33528,34.11849479838626
70066,42526,96.53831292667974
18615,49964,74.37761125993272
69152,998,53.13450802382398
93305,105,67.78868856696336
12931,15697,87.59455789669659
45448,10065,28.99124915813034
87699,32941,45.814592526610014
27973,47305,47.797595082479965
71147,15297,4.514584391060322
66048,36258,22.591855414710423
14361,33501,58.32517077521436
22383,36871,8.299955701493598
22210,29217,10.888736531978116
5381,19422,82.60768812648084
56463,27099,44.303741589402485
16676,19146,74.92887775076237
14408,43882,13.12591145364167
80980,1827,33.67637965928972
50105,21430,67.56548770676592
82829,29696,78.75112672465242
15851,36833,14.340136013495455
80855,26688,95.58933624358156
31789,3780,83.93101646769553
18839,44292,22.14476306088794
91969,32032,35.24983481119084
60605,7606,7.809436161596042
92855,27049,54.22606514325363
79690,15346,57.118299431538006
58570,49636,3.5553959011507246
94434,27676,41.69347452331473
61955,28575,74.5856421966639
20412,36233,74.74830955625939
33132,19831,91.05084314024037
49428,42706,66.72013926975715
55456,2864,88.09993905781567
93802,49729,4.208244394394898
26204,46343,93.81635831419757
24902,3093,41.94596570926127
78397,34471,74.34589080401122
17627,6103,24.286082572465645
42771,15168,27.470072233631697
97658,46880,18.503917546169447
62197,43964,12.799870046724468
39768,13890,56.91674879556507
83308,23903,62.23683518747056
15817,4674,14.099876592400078
13900,23919,10.941337827834106
78126,36660,47.926476073976616
12497,7009,4.170359053925984
81599,9732,70.03372130096163
39043,45851,59.0240920671409
82055,13655,62.51090153059773
41452,19318,30.933623870280357
57148,23890,79.10317965095432
62642,39719,65.6626417060683
48284,41401,90.3154998126574
29192,15481,49.97799063706353
96313,24321,94.96220962083166
79293,40056,77.35872732814703
43197,411,67.5449645586243
90701,591,80.17060814393571
17540,34470,85.97248228424318
74056,40941,97.16074000140274
70540,20127,33.879841761546814
2226,19206,94.00798859068681
25075,38654,25.596533350608333
2185,28505,70.41282184435391
90306,28566,12.642324634333345
15925,17117,26.42937548719581
97112,25856,59.86851178399405
23921,32208,38.71292902888957
8100,12006,55.89390172490335
88737,6261,27.0327516558934
43158,10545,56.00896411117735
50909,47692,4.412418560005635
56498,36024,84.72693554737667
64442,14521,69.29334687208303
48010,9378,34.37789468451707
63273,15317,71.9793146840879
76224,21647,65.38634703159022
87605,36008,36.36534555158361
20073,15400,96.75077479267955
97905,33582,52.33756951135062
9722,1835,98.43293528295402
78646,2384,15.813058508093661
63717,6962,47.62617454596039
53098,35130,23.754716062637122
85443,22480,84.07478284795071
10456,38916,30.334347283243673
94497,15451,6.1446142834398465
43367,47770,10.650736992339594
94974,25521,14.115072217248779
98352,25898,4.1817039867929
47571,44342,15.879710419897087
33320,28138,89.61721504369838
69660,41392,91.58118976001347
41711,14382,22.74438139932298
21222,35588,34.99295338916577
61053,31521,89.18022153878006
2124,37201,74.19375291546062
56084,41549,59.562779125515256
93697,6778,95.97489055188451
64096,29916,88.46720149146455
64813,37908,40.00496997012737
30785,44008,68.86308677548551
51891,16387,54.5984416032347
10934,27948,72.25746206392891
18177,13212,37.396379510077566
6478,33173,45.3556864449297
66669,5753,83.70777638557537
10196,24115,52.42581429028265
51918,47353,56.50384500794258
84476,39765,14.34670080452893
70109,25657,8.37356944019383
72237,28333,61.15340368719423
25188,10521,97.77952112977121
4674,44062,90.93775506159311
58631,24698,26.505836361904326
75534,1532,8.089287528826977
73777,10859,43.28907140003911
23265,8491,73.3227557696359
89267,17408,51.907616646935246
41592,47697,30.22608417360479
75655,2928,89.06845052703605
84599,35023,75.90573100524817
60670,45193,27.388187416018916
6933,33867,69.34189571991976
20837,42101,16.154947271044712
67232,5750,25.104129683197563
66443,41989,51.85245548357215
9627,17987,17.54362075932368
22408,7295,15.554975897110438
80998,15681,5.851148276124742
86967,25811,26.266078709934103
53801,30471,34.76747679918215
87447,27874,41.46647359421489
55770,48105,21.568453105614388
64748,34374,1.6495784148106951
87759,30456,25.235041983137315
67689,2296,22.120141718492555
9724,10841,96.31759784176039
94696,25890,48.71064154043458
34045,49143,2.9427847066637196
1307,38502,59.2494667783527
33508,27800,84.83560656815237
44800,10082,64.13839526905963
45361,13649,33.91934190228794
45994,34723,87.74508145896148
82488,27313,47.175396417606656
81730,43825,28.48163557216006
10313,44727,77.76888848952254
21587,46739,38.27884831294107
76279,40772,26.488385686132826
31041,30519,3.9613234450387425
62522,42342,86.36699454455004
69605,49650,38.83526333440727
27385,33027,71.12987181633999
94359,28528,7.1128625758707
64706,4785,64.95915368334299
72497,24432,39.51935490528744
34238,13220,73.24846449133533
9759,48905,29.438975626256926
6479,34962,33.835436707631835
76609,35278,46.585944995280194
25733,44947,13.767451652657993
14074,13754,24.40364231620736
52161,21031,57.998611326300505
60695,1518,14.472430553544289
66571,47938,26.674970193611895
81833,48468,89.54093783807396
67146,49983,94.48877724102198
29787,29071,54.47704255082459
40141,34569,16.74836266481106
68216,36920,42.74386938399835
72705,3768,40.27765377080677
40402,14288,93.08638568649536
50546,45497,18.397725628763038
59568,36696,42.430831760858474
66805,6283,16.04049213709395
88432,20924,1.720563921782093
4280,32536,94.65857745774252
73833,20426,2.4251276744776273
44105,38212,80.93262732568701
19540,20895,63.47462594668351
72854,5940,54.97190765418948
98448,39181,22.35149300610842
17652,20225,4.694114629016666
72428,32078,47.33972168107618
65233,47775,26.691412990449958
7312,18559,15.346322509815856
11677,14906,39.54784490623857
55991,23199,96.80621971068997
68737,26807,40.109030100157135
27262,9232,23.68385161485731
92708,19898,24.966044360193614
3263,15271,93.4202297927623
21296,17112,37.43686009350815
91183,10151,3.182758557723451
23532,22180,83.79283107883607
36446,32404,5.140322993308779
2039,18817,91.74428014943005
95592,9049,43.142916902738506
98675,37456,34.023814639429894
77951,25285,17.611000682205013
36506,16404,75.74849654243461
91411,35990,49.57855097160572
62681,44548,30.053448102533466
23616,32658,85.22557245542433
14152,20803,82.81134131419685
32958,16007,56.42821653071834
3433,47180,17.00200941134977
87338,39903,24.246152686698938
54443,43956,85.83059082005994
79373,47382,89.128266391339
61633,40395,94.32024414877039
16176,48654,39.51826353691403
92242,37239,56.29048899724134
86606,39877,38.44721362479527
28537,43353,53.26780396140722
14043,19600,68.9758215158518
18714,18097,77.35376881431357
73339,1739,19.73062804694975
60489,10059,79.37664627680392
28017,21804,3.7994037203289226
1707,2558,10.572449132933476
88622,18124,57.73443372446823
36084,28080,24.330670735034687
56996,27017,84.39273067898364
25672,3539,50.19619742954058
43167,47748,18.05262261774954
23045,36188,30.411436261626836
38697,46683,29.461036607364345
4393,43219,45.42104456495943
42163,4329,6.667895013489197
64683,7870,80.91335133392556
17624,35873,96.28448831530113
75383,42678,31.489621569538343
69007,5747,43.66449169533086
32245,33001,86.0078854904817
23101,43936,87.21849400352828
31227,4006,82.18153299204899
60157,9935,46.2462925428974
47292,27468,30.434599026252773
30619,47479,81.37024000746904
46962,18680,24.82725499948307
60333,32149,92.23397695533667
66661,16290,26.081142677002916
40660,30935,10.896692221888403
93131,31877,64.05624359907254
2722,17775,7.9822727731341985
23077,44187,50.65576491104439
29450,23011,6.053053476496457
99178,35740,84.72006012720848
79103,39084,36.7052119217302
27270,44039,38.56331817109564
42538,39704,1.4424727044399746
2841,14616,90.46006894113526
79086,6873,75.38230429505444
6547,22664,89.5764211101225
15808,29615,60.787200925057384
19945,31368,96.48758519884765
82375,22171,41.073505091474374
67607,22029,52.5511524372849
64036,21418,16.848157802531272
32569,49100,65.56449426451495
32188,8622,59.59766524684376
36567,32715,52.05041458671618
21034,15364,93.46415122267949
56125,23043,55.43508989891607
14491,43726,77.55344891066541
97111,37026,54.67917414420022
98040,10765,19.345338435852973
64483,40409,62.232837464109714
40542,6107,80.75292196462416
36891,34057,37.651956526216445
35054,208,46.264059991702354
71069,21570,44.97798423785524
11717,9442,51.461949208158316
80503,174,72.55951122524078
3459,26946,18.41671792099503
40122,24716,67.114799048273
61313,10608,68.8820540740923
43517,32863,76.92289681799589
60006,46100,67.19816817104802
20032,18074,65.08213440889796
59482,25773,37.70419724339758
2024,35418,40.22167060152856
73838,8561,40.303855805135626
3201,49846,38.547953960721244
94218,6795,71.07458302139584
99067,49945,49.76769062882541
16258,26312,75.36886355277443
63507,11584,32.275767940870864
95660,34397,9.616309905748993
13572,27911,43.56398381099484
55169,280,42.72817002764944
89983,43579,7.050285109619897
16028,1128,60.34616435476974
50076,41038,45.520142270925746
15565,31564,45.456687881434696
85895,25456,46.81112067991441
87378,43636,71.69488233044336
93868,20193,74.95107766804875
33641,31944,86.9899766448512
60362,37625,14.396888093581925
77432,4271,39.7163634347187
70039,33661,49.656590081627364
45291,19837,1.9170535878606798
75543,37429,58.50950233105947
28831,18673,7.509566872053023
61918,33204,95.3875981636047
47804,3437,68.09628208399533
70183,24226,20.267792307956842
85120,14508,9.218622328966235
76006,34865,38.69356621491125
75688,27754,76.30590020304003
72249,39997,23.777754854228796
54105,9899,51.01477552779593
87017,1479,80.04756619658042
81911,30928,57.08535744173117
31699,32724,74.52282067989725
13471,42824,23.375299479372643
7144,29325,41.515562997702574
99108,36525,85.26630309418118
30165,2819,78.37889252341135
78222,14153,80.83334444486766
67470,33830,83.30584192389283
14278,36549,11.263738435229213
5544,27119,59.28483093242752
51891,37238,12.223629346228543
71816,4508,84.61362190816288
86568,32371,72.81069896640776
68298,11143,63.436561536040756
61561,3122,7.289067661990092
83520,47843,6.147580799147942
57706,19005,53.2135163838317
28745,46283,29.417748277163593
6199,21741,29.929050115106417
5440,23481,52.98246983159921
29183,16329,27.562028658783827
9085,22540,85.65494047979968
64147,26818,69.25476206503859
84731,17108,48.421749033653185
37598,10072,24.31380789399757
98351,43473,50.38258845715166
62199,31519,6.203116538086703
99719,2005,92.22291814009516
64215,46700,61.305010479265874
16766,19759,12.24889413211887
76251,46204,7.132303840555366
6973,40776,39.09338906410317
6358,33832,78.42632661317121
47663,33657,8.697118508623873
88280,7786,38.36479788495288
57654,11206,12.38766549728691
77911,13973,35.07499323691906
97549,15659,72.91104402296573
51381,29718,82.13898421734174
19817,8951,50.8380603535706
80241,24564,11.644883330679978
10650,42420,37.85353340746664
30202,43456,47.08946588579933
74932,17660,1.3137944339851597
94402,14319,38.617900284819086
78727,7038,87.99551558096913
85308,35390,2.0050635168655724
73655,8685,70.65486661897638
69360,23362,92.23935998471902
23535,40632,6.746311530853041
53837,44079,19.475306231282133
83689,9140,86.6406824700387
90729,28038,18.123173832106094
96349,28313,12.488960014765992
96268,27702,31.779086162237853
6593,7021,70.8778636647519
40975,8335,88.7270630933617
60487,13897,46.36265594807472
76194,27267,93.70464153798711
17459,13197,30.19982825294849
88886,17602,58.88710484403973
68816,873,9.107805759813177
99257,49576,93.46613649919875
79370,27731,4.870021693914943
1224,49563,20.266010233611357
91668,11860,58.16981871229687
47093,5635,4.165444557987959
56287,37884,67.25861916578943
57767,22387,5.3780863624718585
27425,24566,69.15862711762965
17079,11719,30.972720358338556
99094,48432,79.91279215494816
42652,26123,85.53074857113936
61337,12336,38.889089507057676
87319,41320,23.609649936989378
54457,34246,88.78455066017997
77733,35616,39.30027357225667
11857,42050,15.45308782514363
85911,24910,31.13004386594068
45294,21725,52.53248331013243
47116,37373,81.34790437792121
23946,36244,84.97593047705651
11097,46131,50.417760175490535
48975,14955,93.8155484985712
93102,31697,19.50770725468995
36647,17562,48.42067815016707
63974,25258,72.86682020922451
84269,26237,75.55720676952537
82417,45453,31.765100638708574
75099,29723,60.659421257746885
40568,44808,93.47891215570351
86941,19302,48.90079829456822
57088,20786,4.875883982540646
17708,33157,73.49328676959463
83211,22065,53.93487199440019
39393,22057,66.60874377198006
38890,30596,85.69322091442442
75431,8759,2.8984246261133366
87602,615,70.69879223483204
56769,12671,4.676010679757987
66828,19925,31.248386942502854
28178,18966,38.47669450680773
67786,46155,19.95146247751022
70789,17979,3.9472294373613694
75763,8522,62.12660577420363
55222,18454,75.21577740146199
51413,43302,66.35668810438362
71744,18960,93.33528827927844
25790,12557,23.267310590535512
79928,7911,37.7481719813171
87105,45819,13.184152836737642
60903,43952,72.59570989327591
1368,25756,14.172847806648967
61352,46661,13.201575679375669
59206,14564,24.035138854198916
53415,37734,94.15460354461992
57842,36869,6.555324347818986
67610,39621,85.83096298637378
74666,30927,8.534180053070914
23624,2791,49.37792586547628
22178,22548,3.4574709559920853
76758,34477,78.4324079672099
94145,790,79.76855980675549
38390,18603,9.478506140337398
17339,11214,80.54198716904342
47494,482,28.62721257974328
71339,13317,94.23786350183617
54601,42204,12.896709427799115
81236,16084,25.892771467578406
17189,31067,77.15224640946279
29215,3954,59.60185059412045
75420,20459,76.2713416964004
59271,37514,74.36194994796506
62420,45476,46.24420757102309
86312,47155,40.27782244527993
61333,29754,18.699351756886742
87144,45610,10.485876346576475
74552,683,5.109892177146586
57229,26768,1.284569662038288
55646,39373,28.940437039094697
57325,42483,90.07160351107582
15148,21845,27.736579568847876
8256,46909,56.868249770477945
16747,2271,50.923856817127245
13081,35022,46.13955482587092
83614,23438,68.99266324677558
29643,45941,11.472632469994629
1231,41344,28.744831220540867
86020,33596,11.59305352638089
86525,48093,47.934702340508125
9727,43370,17.774221076764974
23134,41173,28.496229400806737
36474,48555,78.4507372863897
12535,15590,28.42292059144841
35472,14167,10.041888842592819
22931,23944,29.1503600814324
12989,33507,44.785393959137565
28486,13136,61.439025701878336
54525,44614,25.102548651310197
40112,38178,69.25169739367729
55973,37997,8.48797836602579
45798,13680,24.678246877831196
23478,26116,57.820134538116854
6374,30848,1.191298348015061
16403,31822,37.979477430297514
65895,18079,40.338226893639494
47527,4008,6.642695024471037
44121,15049,37.36247012025329
79760,22215,88.08805909794481
80271,17555,89.0773672689294
84357,1862,71.58734945176924
32563,40685,93.14297139027998
39294,1838,4.466223456146993
34056,6583,17.82609169552165
72709,4655,54.426671863507934
63263,46472,97.67125357059884
91964,2642,47.04059308591149
85611,23468,21.366999158408042
70629,46916,43.75011414216556
11588,23334,1.9170808945808284
84090,20833,20.384833841088184
96238,31622,58.10884011702293
5300,10881,67.65229109549502
67885,8799,43.192785708205456
82868,40793,28.978906922015998
42614,25315,93.05251246298025
25958,14475,12.144542968522856
62094,15696,57.49560777234205
16638,41724,91.48835828288335
47997,7067,30.850679585847203
27899,33660,21.495270855420937
88578,35415,54.96776339445652
42039,24027,67.58511199647596
78279,18745,88.08192723013303
34088,19858,82.0799158062101
69731,25897,91.1441028613087
42213,38357,79.9681691241661
16290,8411,32.96546771746348
37217,40650,58.95677710416655
66848,46492,20.235174472525102
57955,22391,10.001796703494017
25863,22522,63.65867492304607
26834,21708,10.404648313428277
68573,24240,78.671292738336
99226,25283,90.07379000131941
23600,46223,31.07891536774457
49649,44286,16.517031984181763
95747,21780,60.09536139263715
14252,49307,29.267002785791906
77737,49294,47.34896833833677
26570,10799,36.28346929417389
91664,31313,90.62333518184766
52167,29252,30.32826058154543
24479,20476,35.61422768455708
89713,20994,25.827773232405868
80527,47741,84.41899254196946
33955,792,91.03570603439776
84569,2396,96.85575407409478
94556,36833,17.291585660215883
7784,12655,96.35576802513036
14581,24767,73.37619729913433
38729,2629,38.657160425111975
18263,47719,73.15227766453633
2500,46312,82.09517649996666
43381,30471,63.053482283313386
11199,33535,57.20177371385149
26313,42039,49.168123241077275
32000,30476,32.87488515096385
93863,7988,11.642210571040403
29098,11412,69.01188362274497
48860,41023,75.15399632713664
94998,42811,89.78615903767802
5903,6215,30.014440045986483
89171,49102,91.99896606247827
64347,14942,46.24624803249325
70749,4528,21.025515722753983
68200,37758,66.74326537969674
3004,33715,27.350518088325114
83188,31406,45.93885967117207
25904,28800,21.535923566094972
45991,35389,1.4986033529939886
15887,37866,20.814693422025318
48319,29309,2.653611925021078
38659,26421,3.212760848783612
91231,4690,18.4265764177329
62871,31086,10.173068779857939
80190,10836,75.91163154648889
88355,26824,30.231359224005022
72971,4643,97.24653591307494
29522,46761,74.10248646639363
52988,24653,21.85116581259317
74348,43989,33.93573346129325
52497,25742,68.35823342247606
97201,37921,29.241961189702703
53868,38143,65.70920652011674
39423,11825,54.1287669286184
97092,27779,34.71397225208422
24045,20297,61.63074701294083
90385,30261,86.69074198307317
25396,49602,52.580695223945874
98057,12691,97.92711385771914
38384,17483,39.04108663700373
28147,33858,75.04849253099871
16116,15494,34.80520595694972
28609,20566,63.96657701033159
68995,44271,41.95492025126962
55110,16789,22.87853984896068
19465,11283,1.9870833235702456
41740,21046,36.69740643701161
5972,6067,34.67044189695897
92760,25618,67.45161978547904
45721,23416,15.575004214494449
55112,26329,15.887143297481897
2300,10601,86.46654992466866
85111,4236,12.752259758407474
1542,12396,26.90557695426728
97331,734,74.76504081722707
87953,3526,66.65748030668834
32023,23104,56.460273919938466
9970,35540,8.457855341260952
74266,22384,31.71102026795818
97186,14056,66.95150408947721
55763,9935,86.70071444785675
41139,16988,4.777603493668017
69709,20327,39.22362729965315
49856,27718,81.82405783508854
54688,42778,17.672793606699276
62802,22146,38.490549743705145
56773,30800,47.15167542790014
22847,35254,64.0593541088588
34112,32260,97.25149713178725
14652,12078,56.46678051017113
94983,34591,63.443067111853324
92824,18280,67.98039856517033
78338,16763,64.95304535519973
58079,48493,80.3807309883269
48475,15481,48.88250493913136
81744,6262,40.41972503774327
88791,30876,44.32695885350096
51512,38759,80.8020961121026
66147,8075,36.73004323689671
96101,48600,76.81334318822053
19371,2708,7.351608776141704
82680,27214,92.13637716065277
24682,24294,82.65949001052546
7285,31757,54.02610310395214
70670,39955,91.50600578305647
92459,47568,84.55598058411513
16101,36344,81.65786446232315
42147,44655,25.63349632738283
72723,31327,29.697109787282578
29001,47191,91.90716362469912
37050,39587,22.110438755562814
79232,6006,83.19154818887094
86832,31099,41.43094275169517
21653,1454,65.65482608523678
10045,7067,62.23794142787256
87355,29953,25.36366007722744
50008,17428,51.930077806125446
88876,49528,40.93488055767461
18236,2816,86.21694666033625
99397,43248,55.572491639047755
20442,29550,9.184633145097735
1425,31598,19.717849346781236
91066,43299,79.09356936037295
85873,30451,32.40587171920633
59832,17040,32.16655371124281
25707,33255,42.24387908201394
42860,5007,86.85665505047719
47114,24092,19.52560236138016
78301,13559,66.38632048606293
73993,47545,83.28411845709502
90871,22637,86.48547527754346
94115,27606,49.574049100694495
63182,18870,86.94066305443361
79812,41700,61.17089076800075
2989,48297,84.88934195344594
4012,44780,57.53965623829595
37894,5339,17.353369197636436
34656,19797,98.32561740546379
90685,16838,48.527308908941414
84297,43752,53.327839033935376
77758,28638,53.70854451790555
26669,20190,31.56495111927295
99215,29002,54.25759619250538
67183,41501,88.7499604234889
80817,44508,83.22235933088196
77646,48058,55.19611570937893
38196,44750,18.908606747544447
13819,40700,83.08351320442469
23679,35946,17.840086010865722
48387,36422,96.4966495674341
46110,14203,5.938172720541396
49219,1507,79.15538195034007
2259,29534,54.39212994398808
15793,7032,90.45334614108398
97713,31414,17.34193326057551
40309,40647,60.327769521463644
85352,49719,50.08420977055835
63913,28034,79.41598714915126
14246,6089,21.456301366051648
11836,41068,91.04376225605347
25988,46807,29.839332369706884
7943,37663,40.2478691929056
45562,32049,51.3623362041209
44589,35935,24.183469635329608
95709,4975,76.79394400558648
76252,22902,76.49917150989384
43331,37227,18.73317130344906
6783,35679,51.143556564002694
32960,8961,43.507690123318916
2228,8652,41.273599327468645
93234,45041,39.557929583953154
5599,4203,91.7248662470029
51789,20384,13.954013707305895
69404,48009,75.15357355366736
32936,34352,67.68666127351881
62637,40124,6.113527455468322
28573,1839,7.254916443452199
59670,48443,94.37331552185326
19680,42700,62.61129677806593
98508,1230,27.679396416408046
68541,33398,61.22699549571201
44658,34782,98.47385575610289
4602,10491,49.33541915460909
33018,6095,66.09598654784806
74763,27059,76.32750276410525
60511,12276,85.6590241257661
32150,11721,38.70274868301327
57721,6128,22.826669439922497
27520,45221,71.95852349308979
2307,48445,58.89399863986426
60037,42971,66.67751444185018
39165,7740,78.5970854905498
47064,36277,17.58536589575049
62614,38935,79.56433755895274
93271,23464,67.1009708664381
9008,11820,34.9239848598996
82134,6871,11.858994471110883
95406,40072,18.462532823796973
95816,19137,20.99443953508228
57947,15895,47.92688888369759
15385,77,46.41463150819163
30444,39016,68.99971289212735
35970,48233,1.9864766375463507
11231,16055,75.75124387647485
69136,33438,64.1571653736822
50133,6910,18.181324318709507
78122,15098,26.67350350648758
90309,27523,77.59381688622639
83297,23164,5.894836702298383
33765,38471,20.81729092363437
5904,1848,52.31330539549171
32183,14297,70.48822048534792
50285,4985,73.124680026395
43104,38328,84.889983810311
9136,43057,27.1151816312702
44888,108,75.22487281248094
86753,11334,96.82421396992692
99158,5918,77.05331799750746
88994,41687,49.47079097976696
22777,1303,1.5265897422939518
66175,24201,3.3681563268403805
25222,30397,16.547102212355597
73977,14001,2.8630096094099247
65419,24042,58.759999813822745
32831,22973,78.5244238433913
16008,33321,92.25313405521446
3451,24287,22.15368914276832
17882,27825,7.015221566356367
83252,27253,11.848753468230173
31630,38566,26.275308579201216
45365,21026,58.132335718070436
89887,41336,3.7214590626222153
84914,39498,94.87221495617368
87468,5344,81.23789854382719
50386,38065,73.66726414332308
54321,37584,12.075914895995549
86582,10183,11.945345490297449
93441,11172,96.57480388175075
7583,15504,8.32472853319922
12581,44001,73.32031565386191
58213,35846,41.37994774961783
44504,30576,81.61490785317658
48050,38962,92.24850068871571
10370,42210,69.24324695596758
39915,14347,13.73300929211917
71195,8125,98.83721945236707
26124,33823,52.48324737896013
17299,43705,8.701369013680164
70026,34493,53.11699071066681
78381,13750,72.42828088875689
70644,2354,46.56353838097352
81606,31904,97.84735610484479
68161,46646,36.3466207124354
60317,20919,22.06057240696781
33314,6223,10.013941435564076
71432,43591,36.4808023066732
43074,4054,8.719298500448655
28368,24363,63.02560382843449
24533,2911,44.34604880535243
87730,33136,77.44615144629343
9638,37318,42.82510265861511
85963,17617,3.9061938080002685
89923,24258,4.613700551265656
14564,21410,46.2342732797268
53104,30527,93.93465111199448
14602,39421,49.10503146998921
2021,46756,95.20062742279488
2536,33360,71.0144219947161
73022,15515,33.254753287826304
63947,30201,84.93085341372844
59518,40743,26.82962379496828
60240,6546,59.11287818238844
3297,44655,72.0826822777458
20982,25819,81.4659136167778
61224,37211,9.940876861670446
15548,43660,61.76136129199851
53852,11687,86.03780740023014
65405,10459,52.6581562014225
50647,43499,73.73101796984699
44868,41746,61.52289849170458
43433,16844,61.475413077251176
56260,17557,18.539858777557157
65870,26791,16.12434871387507
51621,12278,61.67168379670196
58316,19382,70.79184882698003
38761,32685,24.752711948606326
7618,17957,81.39015259967888
34279,10977,31.211860071342745
50057,16398,6.279631058908718
47238,37925,2.108430742038676
87831,13662,92.56917718188305
55033,19605,38.102961595053074
30562,39201,48.55105262607047
60865,2798,85.62702656862675
78854,21666,68.08645329827846
39579,48440,6.507364413749064
69266,21653,84.92201887736792
4274,29733,41.212324380967736
13489,23451,40.612793231760456
31354,47543,18.65581174258969
57582,13650,15.65409182399004
21921,33045,70.14294549192492
5445,36608,98.71002642384265
81619,24659,55.46961783156937
55798,40248,90.60014999220911
95266,29857,98.51621441259718
35436,27693,6.7494717097720995
47711,5334,73.4066900105261
74785,41596,68.63454820931894
26563,22455,29.296771301251365
69614,46562,67.98771243929062
34337,32447,20.22516104651564
50512,45010,3.943616287185466
80825,31858,25.304658199920986
26156,9160,77.55713151705619
24633,21755,11.375685707011648
14125,34175,40.19037544852331
84979,29385,72.3444958352879
19913,1628,88.13876138736953
7069,2321,50.65347533172057
99727,28112,57.091970381213216
95042,16052,30.403777945417954
38175,5543,96.80958693832996
50089,43415,91.06318927091154
82926,12751,54.695786752278195
88716,9952,97.56046764070513
68204,5884,39.11250528085203
35262,47667,70.66540835065719
81716,14777,60.69267952403183
23633,5027,39.68919235362812
86084,3583,88.74175961872292
47527,48119,16.96721803343705
3013,18731,29.968774385522035
84818,49970,33.629372691300695
54568,35887,68.39111254423938
34891,29636,61.09069370949101
99982,37878,15.557124178887733
90916,17884,12.68588609676668
15444,48609,67.71946088533163
81566,48505,59.29778230954294
90180,38783,3.2960403802190137
95820,17444,38.26783978836975
81330,3325,30.350399364983037
66885,33774,53.879718712600834
33408,20247,59.513659831401995
76381,6648,54.14517260032472
14660,4234,81.72907001175331
36154,48587,9.498228141792369
16275,13333,80.61941418572117
4569,38179,11.553537034334614
61346,29790,92.90815258631079
52077,22470,38.58401146304127
93011,38458,22.070191074773692
17797,43763,61.241407413466085
6777,34273,79.45673402446548
21508,33733,12.874571124750494
72831,27843,75.37750227238121
37686,4094,66.0021171297435
6760,31427,73.44514716567122
9875,2061,35.7117174412444
87848,46423,43.72424910590241
84967,29302,80.85465943429564
40145,9019,68.91659715302194
13394,48654,60.01974770842611
65742,45408,11.935391100127653
39876,20332,42.43266741285796
48564,37469,97.57203999910159
79222,43422,27.332167625574463
43452,45893,63.213731306244355
60994,42285,22.235935965690615
9548,41153,79.52779002062044
35697,4703,33.404309733639806
19595,35108,38.966331931572235
76700,45707,64.13814761270547
7113,12862,25.792042729460967
51663,20049,24.38183246338642
56015,40851,31.238930439608772
70073,8551,76.81302816388042
29359,6417,59.317008621821415
3197,47746,80.93583921899757
79336,12379,54.197542622978474
33546,17299,89.6626893568891
3098,8129,3.2402403765781744
47162,49212,87.18860902989861
92313,8241,5.0517458479834305
91858,13073,52.53337910640342
98112,26389,73.08658447525445
62647,29255,17.504445702435024
57987,35379,77.36274112879515
85947,44813,14.044106584815648
80716,19260,91.8979014487809
95435,14312,21.07063781104113
78033,30065,71.99870777421845
48856,22305,72.75922264735154
17969,34594,5.757257331511788
76030,9248,1.9508548753679822
10381,36184,22.83649634950227
62210,17141,27.708042654847972
65095,11656,84.96464887680953
7472,22668,4.462404372203766
3436,23181,36.600040085014875
79996,8701,37.79669949135898
89908,32184,71.79546910704778
69662,6130,51.49953679695165
30971,8691,12.9089058646351
43789,32484,76.91104468574436
27356,4387,59.748570568339936
7478,41185,96.05302239194556
52365,38783,26.940408175623745
4204,39966,73.40836816808442
97133,42559,29.486495751546304
17402,24888,35.579087664034915
81938,9987,59.836426607970004
53220,49559,39.72845619596955
40676,42554,63.9874759441564
76158,15835,1.7286628001122974
6004,31336,70.40130991350802
92669,25532,97.73342684405449
25727,32959,26.53722172064634
70083,3827,49.65690122952826
83996,23363,86.7522572135025
16526,21687,98.8781734656171
62164,7866,76.61895797411071
48793,29869,8.110197756568674
13901,37026,82.32619201176718
57404,9492,18.106199966327704
10428,46882,27.36960208535953
32563,14058,94.4685123725482
64731,49864,6.774479639380731
99011,46680,97.72241300470641
23907,42633,62.03812301555928
61676,31708,61.11692452640004
39551,36231,97.42468854957495
11629,43863,67.35243093705812
8827,37976,96.43306111536124
71503,30264,58.94154520777416
73058,32237,95.42009075632247
59184,34805,32.824887412129215
70299,47407,90.19174902496218
51406,18483,39.66333252268432
41823,18342,56.164192381706215
22670,37931,81.7673307233661
90507,29406,8.130881603432528
10664,8801,43.36098736390358
70668,47443,74.08105643534948
35770,23502,37.08188787398303
20924,4513,69.19847258194088
96530,11535,84.01565397566668
29857,34753,20.563540336826318
62678,15110,4.793020763585195
74147,17166,68.39513712988777
61373,17704,62.582267311109916
27267,11446,84.00775559900735
82148,24590,46.427658378641695
12462,14098,8.82264398974876
51636,40346,98.48988822118288
82123,44341,15.172107863455842
41884,27854,16.7642309008759
48901,6499,83.6004578520701
7409,23392,83.33947192332222
68350,12362,18.08370905593577
3610,24087,84.62603807034806
74888,7729,27.51054527074901
97589,12955,97.53957236560697
55232,9290,41.44602873479769
2817,1492,13.760352498715017
85935,15184,51.92809459974192
37332,38731,52.59119715707187
85304,32923,14.850739808798274
25856,40781,76.72918243745647
92027,3992,61.23504230134581
87112,2118,50.46795073995657
49074,3078,49.13740912172149
14644,15345,86.05654949432899
52080,36165,88.2252914681939
56370,22120,3.7107312944393316
31956,3817,7.0418154402001685
72154,49810,31.019347027767523
61780,3536,66.51154787280558
83879,8303,28.951490836281096
34429,24971,79.51648628359003
16029,49258,57.76032054913437
20384,49965,29.57833488592138
53092,269,59.43694890221635
95918,5811,10.660487120726772
79832,37396,13.464859891354816
81318,30041,78.6356679238127
26542,30023,67.99887927611064
12318,33771,89.67317369751754
87488,43660,32.11389384234542
13234,49952,93.58756717148523
50247,35973,74.4313176493057
43879,45842,31.995826682571295
79670,17489,42.67902993869341
76155,20349,18.62886804281057
32898,48114,57.02087716924513
44035,900,61.36138804156188
84563,11638,71.11546508826466
24993,7822,57.25628852764105
79645,29549,56.348011613816425
98015,22452,96.09859738071101
66154,32292,62.286999029417196
72175,22825,97.40039989192589
64926,20842,42.07925702920324
34347,31093,28.800654497482537
81150,39102,26.971130063800604
76186,15255,75.6890370000523
15997,44134,89.76229984712903
33257,24508,86.65355081168448
13433,22633,87.39518757206848
53965,35922,11.513497836030933
82604,47208,22.769433249318116
1174,11719,44.978550402870646
2195,9919,8.607220788119431
74164,4642,39.19606702675913
47650,1408,26.444589131939903
65927,21815,47.957074315565244
51026,17010,30.459406851300876
60681,35843,77.93717497899183
16362,23991,70.47334413761905
46048,10668,37.356170716057505
65287,49989,33.443565469401555
14447,16140,68.30793970205141
96162,2490,46.35857745345548
61695,37563,81.62794514378169
21290,9964,26.88565930071319
88094,36271,80.08423927364501
89309,39414,60.688135584447394
65236,45898,87.67334401282237
27015,9657,83.34606480945789
14283,1803,87.32087512226636
70563,22077,66.29096018485104
63151,40358,12.681977603476579
32317,40605,98.68999930128504
84027,4792,6.371123822243654
9615,23084,65.37545932178655
75552,29061,81.87487663461232
56496,47615,73.54039657298314
54358,40866,85.65526454579364
82095,15547,61.73235753049774
66129,22461,59.18165831027611
8005,18078,10.20293480044926
39868,30254,56.38308912700291
63772,18439,32.29291052811989
8736,23144,49.08895648302277
17144,14392,22.469337719204745
56829,26639,35.56509356659384
77397,33889,60.58890554189157
49662,1377,35.614949766467355
68373,5159,65.89660366384015
30962,24505,5.233216864094969
63295,17611,71.74365330565695
32501,27753,19.06823370876871
16926,37001,8.730797525972218
42315,32902,36.773622891038464
93466,10761,10.27042115674647
70629,35020,30.79216553056782
58919,47267,50.8958438316849
82087,14512,63.99204484300838
9526,13820,16.60071195411291
40971,6152,50.945328736311886
88185,9474,23.164132473266136
27698,22950,30.037255004605946
82527,18526,57.142837110556
29469,28251,12.403552874895055
44914,14042,46.27723727312369
32782,23592,85.2174665777761
92563,36856,61.309909098272726
49313,42070,53.55494668187049
28454,8840,53.16302756364802
83163,17366,17.79292979279787
34120,17289,76.83573215532662
58430,5048,61.95950110138177
95271,11921,37.07651229961954
3043,3107,59.07161711430591
97968,6882,77.6465979945646
54287,13345,81.40517944326075
99012,17712,76.24365872699525
39528,13016,47.60298015776978
85736,45481,16.012444845073368
1430,46345,48.19834152576772
36932,26488,36.87000975051309
61296,27931,43.192287561793876
35702,42149,80.47769398709737
43417,966,44.42628743759179
51817,43238,17.52927105985616
59242,30303,34.45888861082419
64812,11315,28.84348969221737
39821,20373,56.407143513767785
16953,26386,62.61038693664756
6939,28111,75.55363725455071
25154,42707,26.83303417745898
90356,49154,74.32804714002341
39883,12500,16.431089136358246
54522,37650,29.78215880501121
96314,24080,89.94220939022915
58860,48014,7.619136786453148
85003,32594,98.26758194795235
44282,26466,82.62847393059786
91205,41315,66.17906406245623
68277,47504,69.19250284647995
64510,25586,34.2849473019376
86071,30664,2.9179015004120217
78729,1012,13.817092291471667
64417,28716,19.982549588433766
39378,4700,71.62447909877396
85963,15850,96.56200140300193
82462,22629,44.41981894025764
44852,23106,51.57648319799822
89867,38931,57.48576638822017
30293,5095,9.473368356737236
22706,32443,79.42921422123152
48921,7949,46.40104412141678
51775,33130,80.74259103237885
77569,3844,55.04503467932743
85514,18125,31.38719632483403
53130,45354,46.09935250483981
67306,35008,5.239790361782241
79729,30186,33.461917333156904
47298,6146,16.817650031987466
44297,21180,63.713201508148785
96571,34247,70.22858608916498
70987,14266,7.011096740990728
59589,44079,38.457736015902775
9413,9651,32.21657648556608
28058,41116,40.47348502106981
47847,46850,88.50764379131553
18918,19397,85.74847629027144
23709,4398,76.3475436143752
57337,13994,43.444426834918616
64766,33164,64.67709229121054
65906,35366,39.68756395063374
24021,10011,7.305903294528633
23747,47755,9.669231616750382
68444,12700,61.790048511783205
8955,25563,36.77548557582142
67693,47442,84.51612696529273
34305,1998,47.887310190967824
60326,34556,70.07829268924947
47632,9839,83.92881383115959
91064,33887,9.359314737237597
89640,45131,83.10757287441292
31249,27081,80.75040173032919
64093,49643,12.732716632163397
28658,8507,48.3992373665771
6844,19960,44.37506450562512
78535,2185,59.45461518886972
38792,36488,48.483779500998004
73607,28020,82.77786011561074
62433,13136,68.61647155678543
93323,41517,40.0653971476527
23567,18298,21.13365251466864
82544,45922,88.00485848690215
12079,3867,77.98835436363515
11062,49590,40.824997857350475
42856,40400,61.364088652440536
30830,43096,72.71242225200645
66637,4732,44.0010070086864
19662,32372,87.7313258246133
92653,38902,67.12654251122996
15365,16746,24.068275284389248
89043,42940,10.623056242129849
58031,43870,84.24924681545669
22418,40380,3.251150748147987
7616,12921,65.48435567724442
59102,26483,42.223464373734714
88064,39685,54.98737009027805
31364,14294,75.97769264773679
92877,46728,49.86297250354026
91193,18713,54.0413464256717
6504,11597,70.93271616786659
12264,26181,93.9459168147807
55083,355,60.14987449053951
4996,34679,93.9602926803851
67039,26646,96.07724169558081
54093,9790,44.17371812997181
41369,15464,22.002120999100836
54558,17080,30.508172070379338
44814,2054,77.06866244611504
39093,7433,89.72345467461656
75957,36652,51.548124482330316
76723,37529,9.50657638230262
94427,592,55.10048566229519
97774,1374,32.21245761455003
90861,18296,29.821593544074368
63157,4018,23.316848081030205
56817,10687,90.0814999437312
70255,19473,32.72909211754706
36836,25813,69.1595704359242
24711,37998,31.188895410973277
82490,28713,53.05424698335292
26585,7184,59.7092273406967
98246,49186,62.988453990673875
17788,49247,58.25605728803654
10763,2961,86.39723657645236
56213,38783,37.307702055019604
47797,16301,46.93411127409598
52799,13844,59.59767778542974
26587,42814,73.01645036524027
35821,44173,15.797927741098514
98734,36185,97.01800739565077
70954,28327,87.03179582445873
6695,9532,62.87464539850618
66030,45933,95.36130712704893
96061,48664,86.08505307391829
25828,9496,70.44400077372286
10292,33461,49.87889886570944
9786,38270,38.70540949918951
73459,2064,37.189885702545446
33745,38060,15.78995124701043
10637,33449,59.40312488578302
71351,22823,38.70018385702669
34086,1088,73.3024194422576
40693,12966,26.953087823204623
70514,46314,50.62642705871549
2017,43499,21.651488522734684
85454,1252,61.556451937434026
11367,3611,36.581173794771715
88828,7828,15.110954291791074
64945,3523,18.893717085758368
35003,13110,30.164390896337288
17167,2594,34.797994050876376
25058,11188,67.75943759669455
7712,30995,30.488677767159007
39032,42344,52.09600441022182
41745,3088,1.268932162989524
58925,12551,72.20682754186001
61372,17100,4.383109655195835
80684,21900,23.066162022574865
91937,47941,27.196159201519578
37487,14830,32.1977523666136
45005,9671,8.722609856118364
93440,32497,53.15083940345313
59431,11326,6.251773376782598
45704,9918,78.38413005678271
53310,42365,82.4754116020985
79574,32806,94.5786825011193
21520,41335,83.22116410400811
85078,410,38.016266963590866
33242,46046,19.53739534249006
52646,17533,52.29932430149223
76247,11102,64.12009104791814
64542,44328,45.53758172803547
92949,11115,46.53803391638377
20490,42341,61.060636320928396
66277,11135,90.27256741033915
66371,216,4.497438810824442
45196,1410,38.089347938073075
60978,39523,20.933822763230992
88018,47616,90.45172519839481
71961,21812,43.233372529463736
77721,23354,42.33305159815072
39512,16948,52.816552717149754
73680,22337,58.817156119107274
66612,38909,91.48219552667558
91368,42792,40.87519847051466
50873,28289,79.82152921761096
95679,10621,59.23901595059135
4832,15337,18.248617108111368
79606,16231,96.60226377482856
5476,49511,51.89418677718825
3145,17770,92.66374958886973
41174,11490,20.376876448331068
74411,42725,48.92689427259406
86095,26731,60.467818693357756
98239,31133,95.74190043493014
6920,6511,37.640805231880684
41977,39526,8.885152810860125
76011,5060,35.56813297296779
5750,4850,82.24305839662225
96114,19093,34.62263935344136
70590,20108,77.16810488372734
49748,37202,47.28059140732361
83263,6716,69.42564224762631
61443,11832,34.57062034769129
50851,19372,68.0554355854754
41997,19965,46.62090373925767
12079,7905,70.6741860617599
51722,32359,50.69475137425183
96009,2264,94.12323164206414
69352,14048,45.9102349204812
68233,21830,53.982563625257875
48522,47976,26.87160139867921
80254,11133,62.83673284714032
99384,12967,52.78296944623249
93382,45775,19.86937232666492
90205,49939,47.68819003828497
61112,24740,35.28160483277417
54879,13783,57.98918586092587
97465,8000,9.595747330199902
46815,8160,33.16932867435367
12885,23023,15.79914781138866
21528,27282,17.51351471434087
12921,21155,11.590687412279856
38687,36633,72.47930050847448
98827,13683,56.71068746103771
13857,17029,35.50437130905455
86210,37135,39.980704413865766
82512,41238,4.225849947979269
3467,31687,6.633634901440946
68843,24499,64.52798158493317
67489,41882,51.34043367512792
68316,47988,76.77282415426312
3518,501,52.36433611387961
43108,11712,91.83284907316265
13868,5472,40.27638821627129
91210,36655,94.0798935877607
57609,47711,66.84837881949905
75330,48733,92.97699002962705
61327,20699,28.36244939262868
67950,29662,26.207387155861472
51978,38828,1.2612938081700555
30259,24393,85.6096687390138
43951,45432,96.00870361001367
93050,41988,84.4433391849458
48263,25111,38.42966803691747
9543,49766,39.22033755964758
94214,29181,36.51920604244224
75465,22504,45.16126319399707
3262,32595,26.59997465996574
22903,2427,15.507854129895033
75220,27622,73.24521177878415
9191,20613,48.05024853967626
30237,42009,78.25235574174059
61286,3468,79.19780656101571
10408,46057,20.4685109932563
41766,2411,43.598815185642785
26773,33485,39.55465276123503
6126,26537,9.001229970640724
53976,935,88.29855837222783
47697,46345,58.07293135146264
74842,7312,18.51528562249542
97059,24730,38.606582401940805
68243,37464,12.171410596049409
52032,98,44.96377621821659
44609,29795,23.90979301251853
90099,20288,11.179744024839195
93773,34032,89.44844453548777
37163,24687,36.135569009321706
55797,31501,71.99838096458778
74394,26411,22.01748467018525
29461,9576,89.94869469466539
45810,40035,14.584483634489317
25065,14555,95.56294668887082
93773,34761,29.724726112721484
32729,39160,95.71796026265369
59246,35778,70.29689225161154
59976,24114,54.26513225758593
74708,318,81.72793659882784
29091,8695,84.56480455801695
27338,1773,77.16665988067068
72075,46135,36.34621681708962
75083,13374,24.035773182268063
22308,19496,4.254282291681802
14013,38572,26.539618022483396
87382,20447,17.104368911316204
80249,34114,64.29343494477746
82508,45412,29.565100181400993
55891,26138,5.006605187828606
99659,24668,13.162221698638394
21344,8725,3.1349159677405343
97687,15508,60.39483210160819
93690,5916,71.14872469199925
87166,45485,22.994979514417363
76741,7605,23.96519765992807
62535,4360,51.73583187972293
72699,23931,13.5105899122388
85355,19360,84.86704434354387
11715,47961,46.146531056790636
61419,37767,16.698013371923935
88942,15225,44.908002576715674
22735,27070,53.90535680957732
94714,40822,44.81376396235909
46652,28882,50.90813050465136
15043,24791,93.06701938448761
81529,17105,23.734920963833115
85426,21410,97.14779106748034
65908,24147,55.78837500742665
40513,47944,26.49646169024382
35955,31568,42.14052214460776
80789,20795,11.96963920435024
1745,22778,78.3755353484444
15165,36528,37.22423706422267
30815,4156,82.85932270232566
44953,22976,77.85295180401263
73454,47707,93.04365175732237
36347,20223,2.465935313353534
97891,439,25.194565587892694
25221,27912,74.66277053554327
66616,43695,37.656653246806876
7260,49116,39.898418964913134
14832,35367,87.29667146626502
12584,39820,24.60407241978447
58159,3587,86.09126202772525
21412,46899,83.61871336731723
84244,14995,34.37509043775836
44684,1192,49.81232106632705
97428,44898,29.409411426581936
49208,18556,45.04412759658585
81996,48948,18.8023818921725
35368,47221,10.531126832669583
49617,15515,83.74597923037278
60973,41789,8.344787974739065
22006,40672,63.34824793510733
26214,31174,17.853616647730988
60109,2139,6.148847596080894
66922,10481,25.90536743538537
61646,8574,79.06014726070369
52492,21499,80.7913890606322
49779,41035,77.37700225731948
66720,4642,5.927095440990206
19270,24927,79.02180539793657
9612,41190,2.050611447354231
98422,29445,46.64068111432382
38074,35028,92.73995638003306
93519,23130,28.544663740763276
98357,16421,49.89549301762936
88223,16019,17.350654681619993
60751,44343,66.16941527451064
9832,4258,25.293031275209515
59064,40886,82.4979634824179
10687,46912,85.60544582152832
74615,24735,17.04925335062847
64171,31128,30.035204941298407
19314,30446,39.258681832769454
37119,40553,27.103450160146412
22299,38028,78.97927585147296
63687,35157,7.732183574051452
77306,6896,53.15728112411447
84646,18818,61.714806105972436
72058,16536,27.042686304699107
20635,39046,78.59575363372674
93566,47945,24.77420838706645
73600,21788,55.40337574542554
69242,12060,92.68246854457453
37487,613,89.96520616656925
97858,645,1.7447208585991723
92561,13963,40.33861596025844
48868,37705,83.59086302408423
76559,37037,91.0324643653492
73367,49774,88.3215105079613
28179,6885,48.99799401580274
10387,20437,12.263123132450232
72258,44619,56.073858291172485
41394,27161,51.92634850493951
72802,13182,73.01369089442915
34371,8082,25.21982256043231
1874,17639,18.523342800285075
29006,4580,57.528917910632
85079,14268,41.33767127106571
66525,40178,44.745933583413226
41888,22967,70.13707385721654
58748,17146,86.7496492495059
75349,48099,69.91794791348184
77323,1680,94.81778599801609
58350,18316,63.95564205047777
61658,919,31.271121127583594
87618,48816,8.279999166170349
16094,29217,61.47688209213292
17497,1223,60.34784239492397
25716,18615,4.871837574809245
67574,33951,98.27118215058495
71469,40434,91.34535056548921
44662,40280,92.45568176716564
14510,30268,84.61050905131745
34735,19768,82.9623676250448
17877,12638,35.19464493346245
16525,32507,70.15923316704512
37507,4155,74.143500947898
67609,8755,9.273886708366424
99086,48355,10.821704364729534
22368,15883,92.17095648243841
99799,35469,35.48739785292246
99768,2720,80.60775346556403
83427,4814,57.70318521923918
74638,15912,64.23211186204284
87073,23379,83.5350676143099
32069,8047,20.482854346071747
90683,5056,88.38184994876251
17506,35367,54.17751536730913
54239,25200,24.1291165977686
68926,34484,19.655882826218303
89674,39862,53.5634258185851
15629,15649,35.144361392132005
7037,23400,52.81206992325711
21319,16072,14.70227847025101
94165,10829,96.73436944057244
10192,32704,78.66912179022367
43528,20218,63.493303745136075
21349,3472,75.79614525802573
98301,2926,63.75178048158553
25831,33102,49.579850105471856
57880,12754,52.41569229269298
77602,21156,1.0170680749224754
25415,49190,65.02515256159687
90617,47369,13.045863053629336
98696,1588,80.92846392887775
62545,35885,89.86160423606441
3458,42852,74.99698497716955
54036,18848,28.0830416649836
49033,32825,37.485720252623835
97605,37273,12.821114515978493
84770,3858,54.64300243308799
96968,35862,92.29129926021137
55881,9535,47.955544550445694
39248,23561,90.97857449641774
51776,12574,82.18671914795317
24037,9554,69.69175068236807
40479,9863,22.12683370075135
6887,37745,20.64207691583741
4024,11768,86.52504857278433
15609,15508,97.12419868199098
18050,26899,91.21882419285859
40778,20103,24.87861612394857
59772,8490,41.62250211811963
87650,9229,77.33968144334405
37398,3654,81.69510311759156
82411,37465,5.727887057665468
52031,6739,59.32383567266518
28746,12506,84.40411894252571
94652,12287,9.448638455708377
33694,2455,60.76322083376362
65623,30833,18.558642557085502
91932,41357,96.56794815224839
20838,2991,16.932571168714826
10990,27905,57.10381738675782
12884,1556,98.18610981981932
79496,15410,46.49803662167355
22925,32566,43.05153600621767
49035,16504,96.20462770547996
84441,14108,85.75941435998122
70535,38015,91.35274969843937
37680,1601,1.5750997812114207
6101,17648,33.36085985687068
52821,28583,11.968703642281557
51972,30462,18.02763005099598
85085,19389,94.32785845837887
15659,39497,9.961553294682126
23526,32865,22.942901887611796
76450,28308,67.06166346668977
57304,36069,6.14858350587359
37330,6275,65.12352305248203
80987,46914,59.58903464834889
36895,37567,54.4013250843838
46080,16001,28.38285128393244
11942,36468,20.601464547758532
82355,19283,29.921725508595934
21873,6845,78.56359857303298
49830,34247,87.99346594204142
47648,9463,29.434492651314322
91752,27298,37.69145435723758
35314,27985,86.88229800821777
77387,8119,26.945561387263236
24152,8682,7.736403020501948
68161,3989,55.9432138736014
49530,17267,11.719175814828802
59734,19605,82.91869533291869
17643,31647,34.96650214798743
85601,34456,32.47905913077582
66267,33680,10.990365141090466
90598,32186,76.63129557713577
86863,27292,48.369983581297305
59529,6634,53.781038982502935
62714,1622,74.56429904779519
40482,28797,89.58025257728585
56530,10308,86.57736663772216
5184,23024,24.73719298724223
70201,10447,86.22712457814463
73036,10012,9.711222721441622
69679,33025,96.30528857096755
65127,23487,69.42814730250068
99743,23697,8.051463596347604
47585,6465,2.391802527944977
16319,32298,6.327390689687528
25784,47356,82.60853335404798
46831,36505,77.97038784334983
12231,13694,97.31979453578737
90652,15129,15.668575649429362
16987,42058,95.49999698310194
99501,44216,7.284775335550849
69441,4782,94.71567326542792
84819,40628,54.26130595366501
77852,36492,70.67468652341593
76135,6809,54.53664849545687
54981,49008,78.84687330862204
35001,18204,1.9632390696129207
34005,1978,73.68090980087813
58986,25357,40.38599034132289
95424,8568,11.809641360526252
31671,1877,10.59212404843949
93513,5941,38.05204605665973
91769,5604,38.65294697543286
11117,269,38.28833684558669
31169,37705,22.116486281377465
5082,6233,61.03121918974771
83821,3164,19.41132511491321
54949,32133,89.7069797558431
77151,2597,83.27480035384234
7606,31101,58.61741949201724
37877,28699,23.749688202534237
90227,49945,35.18597044780649
15026,24726,65.16574118950156
11426,13193,78.75932723567632
13996,5670,52.4755463898914
74462,11970,84.10965645791502
11098,13020,74.91484992658991
96137,28820,60.56330696628906
76106,14357,73.75031133836113
52338,29324,21.997082951595267
98517,4469,30.29317733545046
13924,44478,39.29849283943723
87277,9868,70.64622493859473
77868,37620,17.811693490043165
9693,34968,27.805681418521985
26520,21137,92.73162492332352
96462,46908,74.66182591242217
49705,16035,27.606010014154194
35425,47871,77.0073966812334
46959,7778,66.54515553023992
45843,40518,15.109382300376616
69368,35612,30.799850640563818
80240,7416,6.416133714359569
34873,45519,77.6525073910626
91381,9589,69.29484896341498
20719,40728,7.63447095625167
54356,5145,7.9325519980997425
73661,10042,9.536696753698532
58426,18182,6.228165053822717
97109,28670,29.053905372342573
37891,14207,78.17413706593914
26429,3137,39.52653617296804
77517,5478,50.22021598857809
75275,45925,48.77526699863199
50438,30053,42.820686210941
43159,35327,5.917292677186693
11365,14846,58.180272610209656
37702,19556,5.3784273397601385
21672,3006,18.854910986334268
31821,11653,68.24430519939273
89559,14843,87.15055244288867
70800,16292,31.25214631641975
97618,39611,35.51841650888718
74660,28372,80.23938928161824
23809,45090,2.0276344054251925
32971,8426,73.7170262498486
55758,9750,47.765886539823555
69749,6397,66.85124991654067
17401,36572,78.64646498799205
85035,39944,69.55698093913193
62204,28746,65.94550911941188
65321,1335,47.9894148066512
89195,2095,20.203756624597215
95808,1196,24.26169899751375
8401,38459,70.38262827510383
66439,7713,17.21346645763878
30288,42799,5.064868333455676
97450,21636,86.67585171792308
14660,42972,86.6329238963948
35050,36311,50.41270086078958
46705,15994,52.64518236831003
19387,5135,28.069954951268777
32704,31567,98.73734634861674
60457,21273,33.81884155546761
46619,3007,86.22685130677372
80656,48756,13.0419407009342
36667,49346,70.23576476219175
31854,21158,88.90240155398703
61826,13704,38.49115135168214
9065,45430,66.6906471852349
50697,10635,28.868568706034527
76643,6460,50.63336347465043
14510,10818,21.350036011122953
4230,31122,30.257914867210648
71026,40456,27.071288767144612
80055,2057,18.69433505678231
90639,31890,12.743206401361038
35903,48131,31.554800015843725
7443,17011,25.493494225316198
57795,20548,4.605251099882569
75829,42520,3.9850258642176892
55249,30887,87.294110290614
8175,42051,51.39447147350778
21179,2455,70.34397809527226
66853,46723,39.73140052209092
58764,25297,85.32554094181228
55222,25543,36.48883353818981
1666,39588,41.82739928683866
44647,19995,90.0949604903449
34441,322,7.216883850435583
61394,13822,16.715715326214315
58294,43504,30.151654089889742
55649,41924,98.10941947648125
16380,33519,51.672599385237994
59172,1781,88.13412969794341
91758,28678,93.1345883404379
13318,30402,92.66102844695928
45762,14683,29.675287107940008
17487,41089,16.42715498005917
66173,32497,31.486117554234124
31761,48404,67.7323015500264
70127,6249,28.43801167598307
90798,46022,86.5374824732375
20914,22492,33.24395460578333
11119,15954,35.0957274962403
49063,49055,3.3147210803139986
55860,5940,50.66373327253405
28556,34674,45.68792258180905
62801,14210,74.3810275151938
90584,42050,89.6780528083918
15640,4981,63.81370450433581
73606,46393,41.1791743657584
66598,10284,77.54937774752379
98864,16204,48.47425542689571
98661,20373,36.45376899141274
27678,22043,87.70417079671495
25209,23443,48.1189903338605
58101,38291,48.536758727206625
71997,12537,88.57277928014454
24094,20209,85.35611292985091
5998,39036,43.8220184567513
11626,44235,55.181530309846565
82450,31157,2.0341648808431896
55122,3475,37.97250444984289
15300,29981,29.761359673815168
17695,22551,23.08237478462856
65740,15627,17.586648080297245
75148,13852,59.45352178971574
23121,23415,14.83251903539675
9906,46958,76.42504941787814
30321,45950,42.53088143469929
8241,3234,18.0891751237108
15365,16001,32.05506094276833
49925,28312,49.779580376712374
1504,833,10.57372880586124
40639,14408,69.80083022183105
15491,22853,58.52405762375909
4683,17825,56.56809267048938
54643,49844,36.51830948777158
69387,17406,64.36201426298287
82233,34208,29.35463883814452
84661,24844,10.723548812604307
24677,30859,89.15011916983305
25484,44484,68.60395533762961
7983,12069,65.80455535203512
99084,48089,33.96125691025131
42968,39377,23.287836205604535
7834,28282,65.1980210258242
26533,10168,23.68588521952635
20929,44105,24.265290179681102
82932,46388,93.62976832309094
63351,14260,51.3275418903573
77967,37945,3.5489332996045952
59640,45234,32.178870137731266
83230,6074,70.08743126644352
97443,49501,75.07846222712412
20145,1336,58.29069925136535
74509,5849,5.524316657421231
39266,23524,11.351215911843992
74522,10615,16.952342342085103
98002,12705,63.159891791177834
5187,3690,55.67037966217211
54663,18979,97.30588931835617
11273,43205,34.36025485146866
17282,40493,98.99372638894364
46409,10153,38.96416093801492
21558,8071,83.28071590592073
93607,10686,42.57292816261934
59297,1933,93.97002337891774
26086,26329,51.18630921278033
44744,48968,32.423899421440346
50963,26365,93.77763318251957
16466,5590,82.75156319579557
20898,28362,87.5635596868267
48824,31687,3.6066220837168106
61096,48880,76.49988745182073
90020,14481,57.4829101626336
68188,30365,63.48403875033633
32448,13403,28.34881576531637
26818,4292,51.47075319423986
16234,19272,87.54655505150502
31182,34799,62.94223280038578
41105,13670,83.77778899044154
95220,42104,15.704436384553683
2840,45392,44.99623967713868
79048,27217,2.0685030486791764
75554,7360,34.04340291870547
30894,9627,41.51557905734907
74537,46339,88.53769773837058
57140,48019,70.61788019216249
67484,3112,61.83167657917821
49252,44804,54.78140723047391
18970,11840,11.438796095659796
3368,6431,1.935733347624675
49953,43060,67.55069392752345
90392,21982,74.89702629025635
64685,20835,58.19033382957981
96141,12931,50.61088228428886
74349,1325,46.82796132563232
99399,23052,78.10569245497645
33374,19487,21.561993969898417
36179,31234,60.81775344177444
90230,37781,30.409617365291815
59914,26265,71.22720638071854
42792,19242,84.06617898947053
89824,30954,23.410993813204545
57258,38420,19.235170146657808
20747,992,1.293735875424028
39842,29435,90.6675267614839
66562,28482,8.184508432050135
34603,43348,44.72271932446161
61654,19153,82.22281036015777
99182,1677,90.63240911257232
81122,32353,12.62596793516674
10416,33494,31.560034427456333
42959,22549,1.918468280010583
28271,33135,10.863289931325582
71842,40582,92.02626470858306
93773,40055,71.26113908743322
5652,47670,54.89648331571619
82302,7859,79.24640884784536
68530,7717,84.76888366815848
66763,19129,90.97560692612417
24473,2847,8.856974374078092
13499,10810,91.3688961010177
58763,27176,60.721007159738264
99305,31003,90.49799395902568
23579,4002,13.453949822710653
30311,35132,97.9151114685014
30202,3399,21.25970621644857
2208,23599,12.89279874297588
88223,18288,41.0501050079969
54289,12784,29.614048944395353
43756,37381,95.66879452590153
69878,21411,17.444345950238787
17230,5553,27.84663297151724
87316,42685,24.76560201537091
47633,29322,21.288229996447097
31926,29465,26.516382524765156
74344,38556,6.908502640135989
33588,15774,24.1276595120684
36305,24700,77.47171318906736
50152,36058,70.67875120678688
56444,39044,85.03664257414317
20713,5049,30.426239151448318
89579,46797,44.94056342119423
99680,42178,18.631394353630853
77412,5558,47.53409246552387
86575,5072,62.45284323655144
8552,16878,18.432273224890668
82124,711,8.163214524881829
32771,47248,74.97987486846091
99115,16363,92.51843047833286
87144,9113,72.08159434150005
81740,5966,74.43220515531942
84881,40453,29.768925097536826
12796,18995,15.637757344511307
15798,41095,26.95448941406953
3149,13450,12.087094034712534
76463,41324,81.03559142437551
9027,47378,64.55441171850686
45251,21454,53.24393040990485
10117,10690,48.00260301315321
40930,37407,80.36752266148835
61391,47827,34.08551545898024
3712,25973,98.50714203262186
52867,2454,56.940590808651
61880,29915,47.0419789330755
59206,41401,4.753743537801629
15293,42120,43.15027380346803
53918,31209,37.65129047750567
54220,41744,40.36919404536757
52014,17859,38.698559468330046
54570,23078,40.10030654583116
12582,19427,41.18309933395947
38034,45860,91.64557438751251
48961,13062,36.66085199545143
27131,35344,59.911784890445745
89670,4852,74.41878709077258
87920,45487,38.41261907638226
29031,26358,23.882057372005573
4979,49183,34.796534840168526
19222,48022,52.76236560542269
37398,48627,87.36501587889008
92121,6523,43.409468958662124
48080,24878,33.280574273918226
38679,3661,32.497067692402894
4017,5971,35.118586506279854
61119,27745,60.5773814730695
15050,1750,94.58533929732194
28323,12282,39.11396516907136
45873,42106,42.51093140421856
5009,26349,70.39047170509708
23603,15294,51.23292969388979
69351,860,75.72150955896399
5009,4691,59.92928428650398
48938,47140,8.837456739353321
19443,46952,57.13352048025195
19679,19057,63.21070136681549
86275,37094,13.07662628145054
15570,49706,43.66043494560432
10298,9179,59.65083811611785
24113,19400,66.92005455353757
89287,12121,91.72450061028886
39203,49219,65.65033173704678
16331,39812,93.6627033961198
79322,13536,17.374468561232415
95571,25403,84.75931005376555
53980,19842,3.0773516560805554
10916,41706,64.53855940323011
95047,6522,38.412504345928774
25826,26313,10.842589980464023
42524,35778,6.27219413529799
30221,33707,31.62663932815056
25349,33946,29.91062630317019
91033,39109,3.62397560936721
71840,40739,10.787835004383158
94340,1545,56.931036473600955
87136,37569,8.619655827881115
17252,33207,95.25766880189278
9832,47773,78.95656989744158
90543,33037,49.03180782896258
74745,33418,8.150761267126503
43296,43943,61.425267214113184
30815,42474,5.240336692984303
72955,12527,51.17400545289759
66705,8141,8.731318860445766
74701,44226,38.91610256410136
85018,1000,52.439209819323814
86960,567,29.685565387164786
11775,5119,38.00134319085794
69903,44489,88.0395548688816
72352,3226,30.689140812520908
80828,28607,73.51319275212322
37377,48526,2.4639918493880124
96690,28717,38.08556322134554
51826,12471,24.34585566676809
58267,42494,65.83107401977566
86766,6028,79.71184294812261
82422,24873,48.42044006456613
99011,18373,29.027524107120914
36668,21513,64.50822498755852
31522,48079,78.22500703826285
45717,38919,61.38756642463735
13903,10927,66.11884607910538
53855,41677,32.56482235001931
1098,33386,58.694067610379356
95035,19977,95.86531459024111
47547,40078,30.49095334849232
57496,5372,82.45408175848479
61214,33918,42.0833496931207
65013,37771,19.03557908910296
25328,35035,82.43148483440763
11196,47796,60.87951321141163
19242,37886,74.29001920490765
6804,33658,71.49006129150402
38146,25181,15.340557731943829
98197,44664,34.16265805307832
99959,9791,23.052913678825288
60786,2424,68.21769222412556
92206,22645,30.687002661430903
46181,47244,59.8032527695493
13189,5325,9.592988316149253
24623,24719,1.7583901731801403
80877,3731,66.0057808647041
58293,10525,19.36571465592781
93822,6397,56.256423066939526
92576,10014,64.68849620497254
15143,8049,91.16626628262263
24764,11707,65.79298479294346
24347,10478,71.35159613254366
1630,42247,62.29303128968882
32491,8654,52.47007643802648
22835,40825,69.67996359571397
53713,32875,40.97042594704089
62969,18014,70.50991453687706
58071,16664,69.30414135267762
4317,7311,88.27031924077968
90457,5635,27.076323235180332
51533,24681,86.72459342688771
98730,15423,17.975366203070003
62521,32672,5.597521583898539
3490,33268,68.08540259531482
50675,3284,1.3469018920759295
61388,36290,33.017396303240055
67921,3854,26.823241459706075
22689,17450,88.05951634414194
69727,10598,4.608991914934174
87444,8143,50.01505046539283
75468,35682,8.525156630233699
93966,22548,42.73512065581517
78332,19853,61.28085511966467
35623,34767,24.415807251514952
53916,10785,95.24672241479793
94679,44213,23.17086906395846
44861,15528,89.97202093683461
34824,19154,50.73818812424267
42633,32346,31.809834636601867
16370,20143,42.90224324818934
6338,40734,37.47084765583443
95205,20400,84.98519322595945
95830,45191,13.149892261094354
55037,43681,70.60383120579388
9485,2666,92.27396376937502
98523,42301,24.949177747281283
91737,7010,80.84075340431596
75925,33242,28.766226623393184
61125,3270,43.01640369252782
53725,31098,31.028076244102387
11371,35108,5.980902489561997
24347,12130,79.98670326851635
33553,47891,73.9928125828348
6981,4485,65.52908668612406
74264,376,27.60056282771909
48037,31875,78.68358431773818
47059,27198,39.32455070557258
25144,22061,47.65483998946096
14324,14492,31.404736735034145
51697,28736,41.17795148671717
54796,39095,61.49769830616104
39373,1195,53.915492475385996
61723,46665,4.677290328369319
66527,38083,86.96701590286003
74035,29101,83.33420326700322
82933,25999,82.05888495725016
68895,37076,29.628627446451464
26017,8670,96.18645019919688
34236,19338,69.82276935356388
24349,40259,71.90006470863557
75466,41295,14.744429186340856
47945,45551,66.90440151149376
48247,32367,13.300670291614185
49299,425,22.429314659774384
93171,30453,35.95301853824245
87272,6802,65.5467442883284
36813,19457,20.14640828657002
33443,42269,56.021555103547584
66568,31700,52.87357138943495
76364,36041,64.62687657535753
25370,4269,33.81403479410263
21759,20225,77.0309274096253
27754,2353,86.71968119075648
68316,8566,9.352971728130155
49565,31991,4.4218531605796265
94022,48181,76.34423590217044
2160,14489,30.760452416823288
34837,14389,64.4995479741205
41890,18385,18.32940828668372
80059,41539,86.18564746252349
73042,1279,28.56946359854419
80524,13805,71.70606326417723
81181,15580,41.752587540048
51304,30904,10.717518985898366
72425,47133,20.166447140031103
45786,19436,77.83385205124394
9411,31383,69.7953354711332
84433,47898,1.4181511199235097
48148,7464,31.363150470281685
66127,41666,19.6474429896966
50006,22662,78.43439221236221
17465,37380,88.24128641528381
9429,24437,37.72253733390263
72984,6395,75.74960273652196
29077,18414,18.471832026118864
44688,35106,6.686910029831777
37977,41178,23.073510985667806
41527,37882,34.97600680718633
38693,24355,48.186850363551514
83569,27548,96.44903524036035
29080,37824,58.83698961476859
66840,6086,96.30398874218706
40177,29409,79.21249908406439
74359,42891,95.07746678763387
30910,14066,78.6048725568693
36771,15271,51.53960908749993
66408,28725,70.03622843944306
91382,37992,68.99600718996636
3718,11419,53.1578547957188
11017,11077,88.94549972311567
75275,32421,83.70682743463146
23545,1326,39.454001617981774
9973,44525,48.65393316680983
68866,41217,36.89785009184885
43430,325,28.127716889596115
85508,47451,98.999365464935
23832,810,28.415030554671425
85245,14213,2.6892039527271496
88177,22068,54.7386630136608
85086,1782,23.03932173626793
49347,7712,45.632876992933326
68840,11046,24.295811900740645
25111,14975,72.07751590789461
53733,14562,57.453430342505214
71634,41866,98.07727081907298
6909,19551,49.49719584250785
33103,29607,63.168831624074585
70682,28646,91.94718502902978
40945,2199,76.33499460281534
86941,35066,84.99314014552652
47400,6700,8.478506425276317
34603,49606,34.919879328078466
28711,37751,63.868424257809984
58787,2213,69.72163970897888
10438,48577,27.305036645119564
17868,47478,41.673333039922255
30904,9221,68.47934229715985
97312,34993,9.589663040520952
12175,36972,22.285678726652872
32518,11485,42.25748067578675
44676,14007,51.77398106752567
60169,31890,20.21168698052807
9445,10970,97.87253699060142
82265,20311,62.05674901055995
51323,22463,62.00010795364761
35216,35610,71.05505049218108
23684,736,51.45681343235488
48186,5940,55.946847126870054
66491,38611,50.410984702644114
77508,2762,98.61576236326998
80304,42077,66.92870843417235
99877,6859,75.48841528043206
85696,28780,45.181751582426365
39582,17713,50.86285531407407
68113,45846,71.82367730032549
33314,41635,58.18745253773919
46907,41642,13.19482580085373
10034,20872,98.59219790571372
54857,16064,40.03259501812819
49621,35661,15.191066617287689
64506,23019,62.8196354805857
34272,16166,67.92279846717511
37228,35035,37.64044754839034
90019,45850,57.83838317942744
36801,24204,32.25260660351314
46599,34143,73.60568517046113
29747,42859,49.52793882246925
45632,25917,10.004083132465059
25377,40489,73.62327949076291
55158,31527,70.90606447488689
20042,2224,64.81827565936365
13307,36868,31.03452064014584
14010,6725,61.963323743499764
44780,45447,54.319383013884
3367,2553,6.497922239740312
18374,14308,1.228797580622701
32340,26096,64.84228385799949
66036,48969,11.128274066776834
79667,18741,93.60943736548109
93234,35303,42.68828444713771
33940,44397,75.75940209720167
56397,48100,69.2193074753272
3381,33204,79.43932307407451
36833,7474,58.43809016841899
79007,211,64.70751427102903
97158,34762,27.28765085802772
47778,19468,35.725285109886485
77974,22300,15.767387677941539
72166,39789,62.29948444564485
84889,41181,29.87535234758412
42641,8581,94.71687550680082
61503,34644,73.39715189621917
58215,31039,81.3672514747255
28399,15355,26.68996594222149
83163,13121,14.29989705321826
55029,34578,39.304999304470236
30423,22125,61.64271913153703
25703,31345,75.46072584637486
91248,46713,55.96029162057603
51949,15318,74.0149328332548
82153,4551,18.525532760209416
13095,18507,48.6101894888992
26311,19589,64.88437738368648
33005,5315,8.966544947542243
51688,33223,38.703128116383645
32134,6318,59.69086188934632
65438,18970,9.54054228012945
75403,48881,49.36057067899802
96839,28490,68.78003572793995
55820,17867,53.14160242942786
22139,103,18.6099440280519
85344,36438,31.00787202851053
89585,21980,82.64893843821423
62146,39897,62.204581144169964
80295,38114,79.3369253547688
63493,25461,43.76323373019284
67997,37061,19.232799497624306
65113,39433,18.84388939219498
59845,8200,53.87662947033157
10006,19287,74.35791105281636
62557,42390,23.354570261575965
40474,591,49.03789511007903
60921,33414,66.56839953826058
12955,21447,50.63987533142109
3351,29082,89.28702489679151
37631,39311,28.741947620951702
36431,28498,32.724986950339854
22137,24511,56.247174174079575
4895,17881,83.40434647266812
42718,1235,6.659067738662225
92413,41312,66.27699103855531
11989,38207,85.75066112662189
46221,20770,37.69440662851456
40714,41564,14.933477671273263
36336,31827,40.056609555652315
61399,30606,59.367033723774135
9618,2909,34.04166253004592
70592,17828,82.36171472166468
94333,48672,93.74096769578756
62855,41044,44.00915681508016
92381,22784,1.4347325302328133
91922,23898,9.700266365795756
29721,6220,33.34522186075729
58817,49192,24.40057173360962
10974,21218,21.400375114158233
97189,26826,90.17502330218602
54991,46165,24.462606814199912
31871,9943,30.193306528368403
99026,21963,76.41573578444829
59578,25185,52.87485238464552
62912,27695,23.287824600287216
47967,32247,45.94641314835206
28048,17687,96.51295295432729
4821,27346,81.19301745066096
49089,32394,17.570415835206134
25241,41816,44.63884669354272
66020,36319,7.879118530326156
32418,28318,38.22159246108835
16434,11174,29.673836905547653
76763,18444,42.612920040125694
67341,8111,42.16770819814844
55710,9567,76.68901704462887
66549,29721,39.23418550987577
33585,9940,12.767590100224755
50208,26425,18.810063217228468
96482,29968,9.68019022757661
18708,47908,20.404846724449413
11365,47791,61.4236829409381
97849,36909,44.2322247903144
45297,499,64.3693286876811
16148,20895,57.32772958589436
37632,39493,12.452215760330795
72599,23773,61.11326358859795
48411,35880,48.75200554588005
75239,21569,77.964089379168
28209,17779,81.27596316587072
24936,13128,33.50096759715531
54582,48375,2.338470482525236
45366,42856,78.3930308550499
60688,22249,26.66604390202734
43304,4300,7.934401261840753
24541,13310,52.38175715904458
26964,4171,62.27905510616755
50432,5379,4.4114718135707305
14128,37959,86.10350429165422
57770,31673,57.924553278884794
53490,8415,33.32280342157898
25948,38969,71.08937670731902
58425,12406,69.87245999278389
23508,21961,63.03396558794229
54034,35291,60.58146250416487
56902,16645,22.740102104862764
87846,14821,28.11288292416215
56950,40929,75.45157431467183
47602,40469,79.25102147341516
49663,48000,29.607201378890007
95819,19660,32.22981645468022
72824,28488,41.2976639157145
3702,20149,83.68502201666304
99722,11800,72.14913310261676
84763,10870,86.4616243660467
80489,16994,29.491583846025424
72959,23348,52.53485806826579
47050,8387,50.858674645692446
75623,34200,69.41577565128426
85643,18831,7.107063562543864
40507,16543,26.411333731282962
36279,35541,24.23194289625692
17253,8175,16.797407083463145
18062,49703,33.431090882080525
57397,7130,87.5516402498994
32922,25675,86.19857676237454
33371,48569,33.461555656102796
47191,11749,53.54687657886665
42528,38084,48.52233232978812
13673,8466,84.49494556101821
81334,21950,68.21216223395193
59349,13853,30.111975671045975
93455,1399,18.831423788874165
80597,28726,19.747125214500265
64139,13440,84.22133339152589
37471,17559,3.21397350484205
11002,42658,27.447915742140403
53158,2323,55.35345527374562
52256,14067,74.17272470499782
13653,16198,91.25540933012323
25029,10275,93.24382433579872
92465,17948,90.44192045247839
18653,23762,82.78639523478387
85755,14595,76.56227177254713
5300,19387,46.36347964217168
94930,48616,25.60262892062239
12624,21465,61.45855174930247
62709,22740,16.290678806714975
7964,408,14.251074397572394
47651,44255,81.34082000628989
62223,19678,10.118661285969443
75311,41740,61.72185239236708
99858,2460,46.22879734327343
68838,18855,32.50063734170965
64902,1368,56.91641142149189
33579,10398,24.490735313520805
1363,38264,89.55961961900543
56863,46474,37.57200408830819
40596,24241,90.29349035007381
17192,49030,70.93705693944632
2765,23751,61.2503612348962
2153,8663,23.924587865563122
8765,34639,66.95996353354754
65053,15227,21.960511507213152
88622,22087,59.2766882240854
32551,13416,92.10741041400836
68753,11487,17.87947635183779
2169,21489,13.644865914584484
83282,41495,35.03649290580987
96116,18467,22.171343932987618
63745,5261,57.50824390324119
55886,48279,56.90353901208353
8396,1590,82.73456384093821
82433,42434,83.84407796431462
15987,46561,24.73408296017943
22257,8490,44.31691872839433
13358,36911,54.32699328392719
86093,43791,55.93854235939577
89676,22529,87.62161654905005
64071,8887,51.39721694770678
53310,33433,25.322888848669663
55164,41574,53.34990359345504
90961,39093,85.3107086564452
17696,30837,65.1392015972599
37666,9024,61.210403352153065
31502,13208,50.9879199768311
65563,21900,62.564573876749826
32444,20796,48.84843356553299
39810,26519,50.06977860887554
99261,1219,64.15415286287111
71890,38678,1.9148018889501361
68290,14523,80.02010786102208
30154,20331,34.242629930020684
41001,35842,83.3935694648137
81225,15480,74.22909522977835
42591,36890,26.156930865799172
36441,16198,87.84008744612048
40470,1152,9.57231497634642
65067,36651,97.2538288958191
48015,16179,93.69265551429433
3955,27329,80.0209970910618
96262,27965,18.830623340185543
63598,17702,23.671363412472292
14522,13700,8.741525605623515
67932,40620,33.43159761888589
54907,29041,41.576249674250825
19834,30493,90.15003825336846
4821,47065,60.18711180683745
55861,42007,80.52529848806773
92911,5764,51.19664129499452
88558,32654,9.7660094758823
33159,40657,28.097858262907298
49818,38440,82.5342872216744
26019,5224,21.33379906136317
44269,9776,60.70371897601237
58277,10748,56.310505336170465
12486,19854,5.771660439275027
79874,24929,54.655508421011774
91813,19931,28.108442223816553
5154,24786,1.248175497775698
78082,7962,76.35749740428963
22683,29925,89.1936912131151
88355,11624,98.04047475258952
50292,13567,89.35977698696749
66514,46602,76.80585107625602
81157,32181,53.43492687891241
15574,13128,57.6148798311784
23724,17112,48.77293222525855
56106,49640,57.235390756047224
20548,33349,27.27587883490953
97535,21279,64.55823334946601
39053,42461,29.649338507309174
94748,33657,82.96533157708863
42242,45615,8.293772787596494
37360,37246,48.53779564167162
39061,30171,85.21863167041674
46556,17101,34.39577048283025
46710,19848,88.68908138447914
7106,45805,75.55904773436752
10662,30126,32.048968902788545
95332,39173,86.26114535894239
88585,19882,72.19545453561193
44018,38913,71.02683893901269
65295,12291,65.62576661340668
8361,29780,60.471835076676975
86840,179,91.86193068652267
41738,33154,98.26507382892825
26354,5301,97.02205243621412
58671,13775,71.10027952282692
24861,4544,53.79631696388535
26627,49390,20.30184852041796
41735,35659,90.6100854602354
59680,2602,43.325751307625765
11683,44260,69.4465617864944
24189,31597,5.8543650932487825
51890,17801,28.731353100069516
53231,1747,35.55611618530936
20936,24498,22.950147079140475
85818,33396,13.749882649137062
60698,22349,65.50950636647354
26340,37865,48.29223249392774
23401,7602,70.18114573375242
45452,18230,16.997649009729585
63037,7225,23.502700366673213
93223,38171,69.38872916341836
97313,22423,29.26321979465987
88791,23428,62.435966083120505
63430,48741,69.36708054072571
13134,49321,73.5729687212628
75797,5782,36.83371825888311
59180,18310,49.15909693876921
67252,43620,83.73011396208467
3337,20357,82.42611011952553
52823,39355,95.40952396082871
42020,25313,48.052088404208
12571,8550,96.73102160935157
66954,7540,16.899827116021328
4709,45048,55.6603979571956
48630,38985,59.1677940033567
94305,24446,7.111973715214456
20437,38908,21.727544232178545
48741,9952,48.2244260371372
89223,3998,30.72039605735504
85406,11172,21.095106860796793
88891,5744,85.00270054517492
23262,38492,13.770660011134355
93056,33577,21.518322072264418
42815,23503,72.7892398098358
53449,14274,68.64259199062766
17162,30031,81.79367843992517
7935,24124,31.847861269053723
74563,36931,19.355876668761056
16500,41463,25.276993936889653
69281,17027,35.88645535741413
47223,38668,31.61028028797301
68673,29876,77.24369869598856
76830,28232,19.617783507843434
56064,47008,31.742119453557578
64999,38090,4.828132972994859
24033,23377,23.13375524529101
50552,9047,41.80335110773559
36582,47453,9.393196897693983
86746,45515,19.683441073801948
56316,33234,68.56927521103054
54207,40411,59.72757865752336
23895,12241,61.19632067480176
30204,11101,96.1225125010881
56536,42025,59.120738642580335
86614,7095,64.62419521863417
62122,36827,14.421452131419198
40236,13866,58.078548905252426
35457,11081,86.45396835275791
79080,44436,4.644116464111464
51023,23849,3.0266814230453987
72223,8621,87.98577194850488
40375,33664,44.80039724741494
82365,49121,40.02260979645946
91688,33375,83.79005412228211
37689,13968,28.02566761274048
44006,8561,41.881878192676474
86827,30303,87.02747465117126
99505,17491,63.40479574019452
77298,6345,98.22307602771947
93561,2912,39.99700026341692
1222,34115,48.64482757813161
2006,48853,87.55536400699751
68057,25869,82.0908093398799
83538,45531,44.55739145815672
85527,32044,22.529588829602705
51777,28698,48.07558362023034
48248,14493,60.92377050314859
28325,48516,15.862767658480843
3930,44341,70.57613098889345
28941,40762,1.5850718963452173
13682,39779,65.45720794465615
13476,18388,55.9157865511966
77473,1888,29.64386068995094
72030,46130,70.68170506652866
88593,33401,43.84513212237999
92836,20623,74.88531872835514
45258,31625,25.732945511917144
36490,45197,63.80594763443414
60668,16178,68.77139236808735
26843,27866,32.172231875415
69105,49669,32.23320200675604
50720,24813,76.35725134391969
45140,40629,97.53045519736783
72589,30647,18.63291991115999
9972,49028,20.93665884943263
98307,33373,48.56703619980092
1620,14204,78.8749988253678
53262,23961,81.60156931489804
18201,24879,89.4032585687683
85095,3996,23.198134195088162
58462,20322,93.14936172657268
82841,33962,21.619714247510593
37992,47719,98.606948765402
27625,23828,42.461588467668115
62752,28524,50.241132507907395
77732,829,20.07155678414794
74489,3539,52.794107821016674
21388,41550,6.472235070421387
5895,5984,21.971151485267622
58196,8058,90.98458068540324
77320,18641,18.92849639669584
65319,16276,31.945175457998452
61418,42180,62.26480249800436
39687,36357,94.83160008909162
81148,13485,49.51697953519945
25238,44439,49.18228462636577
68585,43005,46.59981237292724
20569,15218,63.20515557029052
41236,21190,21.846530508651817
40867,19943,72.23992129853383
26421,46081,29.747472235773785
68949,14387,30.28676485209038
26811,45907,9.750252619120959
17200,36680,66.7908050092817
41894,31424,18.725188348974143
67306,31619,70.07023413022583
17909,23641,1.242122904333549
42803,3591,55.94125784964804
52701,5482,15.406155028249328
30423,30166,69.03185206631358
89391,2138,51.55790942516077
46719,25784,89.51668506371647
89794,49054,23.983703970215075
2820,8084,87.80501672627689
8733,41623,27.794943400540266
2866,20000,67.17582455448016
95829,21038,35.961737823303594
11575,275,59.79674193091336
40662,48546,60.45793441960567
77977,27518,95.66478115165422
23996,1084,64.65586827818565
28360,28804,40.15797507958639
85264,32328,31.963473788921856
77607,15542,30.910191364093134
88293,28790,90.50476823437337
68422,43802,84.03765642167293
29473,25731,87.88268232362205
62807,10353,33.2920441207272
55673,26738,13.458635205902027
16647,6111,1.2477623024420494
37284,38221,50.30510808602491
38379,18414,94.6385019494424
18584,8822,26.376934029105435
25750,40739,36.19629917396231
42217,6889,54.65516252391277
52138,41850,71.33008548424081
32160,18747,55.39655283548732
17464,45686,46.10972703447565
18486,30067,91.80464970213234
27053,25406,57.74353534596423
43925,27896,93.65310771862563
45463,45309,77.66246229584117
52807,20084,92.65026672497787
60544,31385,47.30281272740693
53671,5053,65.04120973980429
77308,22262,52.63456262939288
18344,753,80.95995158574277
88666,32912,91.11106842802553
26533,27041,16.789479874557912
92845,34527,21.68758308473805
20403,41749,33.67074916248007
17637,40926,67.30581995745126
16796,25284,47.721164055662584
41489,49844,89.57734305941621
30133,27465,72.3922240802018
5553,38335,39.63840900832082
67381,20268,60.49705144209912
21044,17359,74.47201573052926
79171,38133,52.66983921272784
50095,24470,44.1272809075142
83298,5213,29.941097349686608
22530,23640,32.915527598016006
37147,23097,5.221909068022519
86121,33540,25.620667760747725
6799,12316,85.60831774348283
84110,30285,96.302990274644
85228,7348,51.42317313692296
6382,29525,78.38161301216999
19097,11832,69.8606315959391
25374,36008,47.246368333887425
52536,49782,68.87671833280992
73758,10009,30.04321608989314
64625,47452,48.79877358499826
55814,20191,20.807731303458546
49344,20452,20.70737301318537
91908,32276,36.53548871288341
71553,49931,54.63256995493814
25627,32208,18.874598770311685
15858,33339,56.95614606973825
62656,14543,58.42748121411293
14016,16207,41.89815500628322
63532,31305,5.880420590969426
6677,6014,95.31675300012479
7806,44334,94.95069349439669
19303,30017,87.31532275151469
89749,9826,35.597095792233915
86009,867,40.2146250284753
35250,7401,64.65423751051142
22133,39211,91.02997018768981
62532,44864,74.49361177582087
35909,48710,74.11957233818613
47153,22731,85.11301939912974
74530,43700,93.83461042076986
27698,27771,96.26809241072782
26323,36259,36.43758277822949
34539,36309,14.07136161474597
30766,40033,62.6141143789282
84726,11017,65.30980498520958
8976,31141,55.427297997275964
14265,19816,50.96307734572082
88645,31599,8.618451699142812
24709,3045,92.0024756963809
85152,14553,19.74246722141229
21850,41237,60.955771706976925
35515,15732,33.8263663708486
10744,18002,84.56517962076389
98671,40615,93.96045607638673
98140,43430,29.202881624854424
25901,40063,30.04259227548054
31462,28873,79.45825825768013
82851,45112,7.349171926248035
95830,4342,7.224399526213093
91243,18580,8.864945695288712
89329,34200,65.05081011754424
83506,44215,5.563831961258405
26631,19525,25.12307066398666
78393,34539,78.78329299149307
94841,26042,76.42347943772153
34114,21641,26.562339715528758
52460,12399,86.23655020818575
69962,23854,41.22384672652467
84453,5771,76.35618345099817
27420,37250,49.54167386040022
44287,10827,98.79046019823451
25019,48757,89.50445741362745
5258,12958,39.76969065273758
51741,47996,11.621140318743231
93706,3074,79.91869177358345
65516,32298,80.67001789759122
13530,42075,75.70880325130722
63698,22746,62.86449558628297
26163,1461,81.27426139222634
11382,39028,86.56382292608056
86182,47734,70.02048749331753
76644,26150,27.940722588360817
51422,28875,54.75006760597103
88528,37676,7.306635411280759
69476,19478,25.63794233802431
81252,36942,24.06690007916565
16209,47825,83.84353599433706
94580,20834,26.55805711506204
68866,47278,72.95470128593179
51093,32098,89.9002434872694
13031,4771,8.366409287768162
96453,20922,31.811283684876095
17877,26251,76.96224536428211
91174,6251,76.62969320279814
86924,46962,12.778547296435804
63614,16780,85.44917015948924
15757,17584,21.527493765154656
27311,18552,13.454416507369398
5246,47384,88.94866664659493
36633,14865,41.06302287748253
24891,37157,17.341403285707603
14695,26072,77.0648158019033
71469,26803,94.32030480005571
83388,46394,25.505157804695607
1413,27363,47.31150426476938
38372,6639,78.56568473392731
81315,3943,6.461492243861576
84224,7688,61.20534606200772
41767,41209,39.908363965315225
46817,31798,23.502827876480026
86329,15824,22.45160679353311
81046,10704,66.28315425203478
85392,2657,55.31537690076763
73247,41119,16.149423497132766
67283,41782,68.3316137036586
24913,46473,97.97569200956147
54303,34094,50.466331684251315
31875,28367,86.76952166647824
81216,37029,6.2199176690350875
71263,27531,75.47178879012857
73027,4340,70.0357949132516
82998,37279,19.149643044878903
27851,8330,1.2181672636517538
68959,49183,70.03270430768639
59389,3297,76.81833305767668
63036,12414,98.50973650645824
84741,14567,82.38111539678748
58085,11182,28.79377292447845
44539,6158,48.067138141906106
61879,16872,84.85312947309649
91255,27729,92.52678691511026
20038,28218,21.452805797703434
78450,47151,18.732878724488074
66933,17871,64.78865388186922
33117,28507,96.72769047921139
72132,18805,56.49645241530635
30287,26116,72.06556281191983
86911,10012,15.82688513310081
18046,30142,42.261645195831534
50144,47654,58.87419981195104
40979,18269,7.089599709692058
81740,30331,62.77391038323579
83574,30770,71.32735241896081
90814,10832,62.5823297904327
20291,2625,20.468299176529893
88582,19914,33.36080757396047
82344,22660,61.65360893533955
57979,18163,5.31406717365607
89911,40120,15.131929948167334
19142,7607,48.56354077024924
63609,26154,11.78984905612689
77911,9142,35.80383685888648
21637,27481,26.05578463104742
58624,10299,65.22372247961954
14335,41828,12.549267895142531
27088,4864,86.41195282656307
45438,40175,96.0712697439346
2662,22792,97.34285190972103
93810,14757,27.094575589342938
47967,41912,66.87700761280409
29137,42349,64.82830568389593
38002,31860,59.62814553848443
11734,44138,77.67072912719941
94094,23322,35.751312969880125
65448,4928,64.24637635276238
35477,17181,54.22720613189754
1679,27554,27.617816191150204
27458,15075,29.071061216180762
54843,1510,2.1931838741631045
96951,1363,68.85173982256923
38245,42241,80.88625705790749
53342,12500,8.082756341832512
37837,37515,43.652801246233274
75529,42651,21.39824140000892
15955,21679,87.6654356778306
34041,49367,27.624039896664932
94968,7206,2.9669025622444107
95259,38850,86.55117784476438
66645,3545,25.808050824138167
64428,11385,47.62571563863844
9092,36225,79.86057843400887
56529,11432,93.38363941920812
69484,5198,7.91186309622106
74830,2513,6.276860139831454
81378,44587,29.096395293721095
48444,12302,35.56128699927214
1450,9679,81.67940078022926
51219,27834,92.37450381615406
65639,35527,9.862180903121049
30075,15363,77.57633757905151
96095,29559,51.300680405951084
77500,4953,7.539128374739685
90841,46502,55.34867974132256
40543,842,3.3183608719276076
26358,30753,8.31996944535422
17224,48454,49.518254167830634
53908,48676,55.5784351839498
91390,45731,15.033808411344522
36535,39267,89.59483943693253
52915,41567,31.24994012660612
32222,46373,24.811595387855128
43418,27126,51.59095754727393
68032,29112,12.175998671127203
73736,20782,34.07972396471395
58846,10867,29.15233295598397
90589,39492,58.24121210443878
17111,49892,11.793202894127827
82925,32613,62.058257092417705
76104,34138,24.212260542032354
64620,40279,59.55722881360546
26165,18424,80.54196794275173
63607,24047,36.83573879519654
58411,6836,25.412366625497445
1889,13014,47.243851585871596
74858,26625,33.81152259750195
57993,18964,40.86876280945566
71934,44681,92.74263114627587
22626,43848,68.59614855420814
42854,48203,16.853109280209303
87791,35060,67.02204936894687
16394,22131,67.30276850344026
25284,36278,32.950707077006754
38633,5018,37.01387677625132
79341,19748,39.439333674600654
54585,8687,38.505116183209424
44929,10270,96.27411003414926
23298,36671,81.07772547975154
52763,23820,80.15023609045073
40889,45932,16.43551671380763
19024,31441,52.18173501361324
18193,27875,75.41285251277242
77215,28794,98.46186596116078
96689,26612,69.19566464892861
39850,12108,33.21952012829841
74467,35046,59.62036652411221
19154,2798,59.64096241828658
75059,14342,94.05151975240196
96848,45442,89.7944099946457
72512,21610,63.104896982364764
21775,20317,72.72235363071451
28339,8644,21.0619752814376
35504,33262,47.72049726430242
74304,4703,47.9875967549519
23675,41746,19.95995587970931
72316,49128,83.06276380217831
78358,6097,46.377732923986976
89055,46815,29.462699344616848
48060,41555,78.37812360276635
42329,37714,91.05499573180987
36059,44395,80.14778213598127
23550,17960,31.033064438101817
47449,868,14.749994456772558
45180,7630,45.26297159362275
31483,23871,85.6984262331269
26478,43121,75.16638302475864
76961,27742,12.695507349047473
69855,1924,60.500281416283514
76622,15593,56.98963801773379
22225,24815,73.83510534232819
93732,4957,18.007099016963384
71008,35814,94.03387636069237
62962,25332,73.75807256753347
44705,4979,61.85650653900187
89271,41453,33.494767246951
38528,6902,54.15760480745346
77109,26226,80.59013281792215
58734,729,46.45940233133583
39501,35611,31.17032772908285
62827,11111,81.64841519284718
44436,25032,7.931495361323176
43565,49235,73.29060095035943
1087,41546,30.868345773014166
70900,31067,37.58400241889715
21041,36801,25.103205327639035
94537,7208,72.40281204311643
50569,33179,63.64242373559516
98254,362,56.654998789596476
69931,12235,81.44081065283925
80181,24468,19.55349210467415
81303,46795,11.027181695098177
29647,34653,92.07490133926892
27318,34843,87.88242240733683
7622,23319,75.65044871441131
36864,31953,93.53038993902584
26098,582,11.35093551927899
63569,42324,42.63040944130473
62282,36585,65.08190726847768
56844,8101,53.743502307222116
53875,5475,43.02662884188981
8402,18614,90.49309106243797
59458,5525,76.61660095809596
80757,16042,86.49570199431125
47040,6001,30.729256407881046
73215,1759,78.05958658158694
94972,10206,23.631009677415147
2787,974,36.41642216654467
22936,19178,16.15111171460384
83637,40664,11.495510076662462
2509,17348,92.719205914463
61451,48770,47.28290941103262
19946,36606,41.32971183179403
8514,24726,10.748356466221823
23072,30314,66.03939566676776
59691,7017,57.091786424133645
17635,14807,80.25555379014192
75412,30463,23.60825958527951
16514,27920,28.177956398271
34175,32205,27.028026649012688
13550,1233,82.9704746674631
65175,19154,98.65518620463443
23047,47498,40.87413470030376
90361,43459,92.36186965726118
56074,34028,66.47481165406785
8989,15655,33.230184099308204
51716,16134,97.85483450584084
75570,10480,70.58934110218082
86857,32493,66.34789925134203
59010,31874,59.93520345662769
64014,34164,78.17135120625028
62182,20876,72.03773728049934
73868,810,31.614321188721036
53592,29077,21.70327119784775
23517,36942,30.94262136613932
80025,9492,86.887024824695
90190,33999,7.631186158424666
77196,36486,68.70386774090625
67807,37305,49.56684815197054
73395,38815,21.877543842297122
4609,13604,76.36806781174336
30247,14919,33.73025560359647
66801,23155,93.08206964768353
93945,5079,75.51665044676201
88889,14628,37.737061702970365
75076,12279,29.867627756326456
12668,32586,7.90912707431423
18427,33734,60.262793464328745
26758,48796,3.7960779744387523
50257,11842,28.48342226170176
15060,24162,26.249027037021076
31500,21162,16.907526489504786
87961,44279,19.910229216659356
43902,10908,49.53628827696234
6097,18841,28.7789798517018
19632,29607,93.2265248075613
94102,36578,79.29346407948935
4720,12435,29.767835635265325
9944,16905,86.260522000668
82823,38194,40.666905904485866
4685,2367,48.63707691789
90792,35347,14.188719790259686
62503,38726,67.2841799070894
98961,14014,17.284484136935365
5153,14673,40.598478745942096
96343,24285,22.97091896509542
27049,43074,45.016854987445775
18604,32838,27.01621255069493
57474,22556,20.184559217129127
57853,43627,82.04895605820408
68040,9030,28.226380413169196
4750,22604,30.62647834062001
2723,7317,76.67327617794426
26229,44021,76.8802745672557
75175,43081,89.43761792434846
71088,17929,35.87695342358297
27074,45858,45.25002761496139
84063,10843,50.824643915229665
72056,45282,44.35359112523201
61501,41501,13.118355637890508
47685,43351,21.573365046746936
56105,8638,13.528568351767209
30766,31203,21.298690700026967
39033,45606,42.71949448150674
69707,42767,36.83731681437743
95877,15353,98.26672144495456
22066,41796,94.02815708805001
63528,10560,10.836166859255158
84541,29921,11.40002220014403
90450,40027,14.140115466390796
31205,30309,20.898401123004486
80958,4603,87.61411520160937
50932,39793,15.760981391965938
10962,37083,33.48760073156685
53377,31549,68.56520758474832
95066,31638,36.61797470464899
4718,1372,32.42430374835358
28739,25697,11.432824710452405
29344,44336,59.695704552604376
71694,19496,79.5780784710364
93773,28847,90.5525513974371
35451,5468,50.86016851079547
32758,26278,20.927691093799545
2553,26325,1.2338492987017549
62681,45497,50.81537228708414
66237,24601,54.828969103946505
80722,37956,55.57460203423203
23886,37517,53.490919480054494
66841,9618,34.93185426227539
66670,28027,81.77123982481166
99399,43066,96.72081475240908
78363,41174,54.414488379587624
71350,47087,2.0241008549357815
85287,39461,88.31351689093822
81371,33918,73.08423896026248
18060,229,74.28799833645738
8929,24210,8.565000979868861
22202,24659,89.83817886309
3657,45480,85.42339502930064
44248,38338,55.507891582391494
22773,29984,74.67772626196515
10829,6525,18.674111456554854
7705,43974,50.607905068987385
62442,37895,37.420452683045895
13499,31109,17.765191423983758
54524,17165,34.07090349797535
4074,1599,42.6090236580191
20496,33288,49.69693908193337
6560,28699,8.263973263499807
45679,1488,55.941139016953855
47494,9420,37.743215958724804
99642,10019,93.0070257894911
84131,20093,63.075767281770354
61036,11150,21.325750356304287
66762,938,77.63868470823708
45796,42892,7.3157046862634
54917,35857,54.8685068644121
31970,8478,28.640535484252695
49623,36395,75.88841676481215
96257,49746,56.27857750417314
90987,24791,41.27356702073843
84883,30751,91.24137424939367
93053,33499,85.89110311907899
14646,36102,60.10063379217357
14103,3677,62.65530968116815
93350,22428,9.591844399753105
4125,17029,95.42799060315812
30132,36727,12.345132952832646
56477,17759,98.56152341299209
59668,2082,3.6332688391179944
79944,45811,58.075889590129925
23956,48591,29.710132634452776
25667,32150,36.62360443263736
85855,41289,21.822621658265557
99805,4205,51.790747544732504
40853,40761,8.53103363059601
15966,31892,41.37183638084009
56497,48178,44.25141510740282
38822,22966,40.614688157311974
63589,5146,64.35311178040305
68286,12871,62.73461207463791
98836,20249,47.42617212999801
84399,39429,28.28429699323137
60333,24149,50.56374990744485
92537,17917,85.76258832869557
92549,25666,32.04122187025753
58286,9319,9.767515065050121
10996,20056,5.123361724982212
83562,35394,48.27139423557846
57600,8974,42.92391376756836
52117,20142,88.54545074525933
53960,5074,40.831840683074866
12369,6855,92.39815033034037
41993,34910,87.4028970504093
35818,20868,58.81137886180993
28218,15884,1.64406746186042
24941,2244,28.69083080425634
3593,796,90.54892243215149
33390,13398,78.47782520721749
71245,29730,54.147822872234144
29683,45500,11.010470745871057
44249,2831,31.987634794616962
76800,891,56.64442425916966
50030,41686,19.62544976249025
7183,14278,14.721829784940045
11319,7647,19.262392229868645
57369,25135,16.062621235449846
85861,1358,20.525073840748316
15560,28779,72.90117657391724
24391,22550,93.11409686471787
22452,9718,3.024049726309622
78028,13209,61.40903867131605
87489,26569,70.27111627277876
55361,2514,69.90882278271772
76557,26543,18.894218811800172
69869,25148,31.612574754101995
64210,10121,32.1860628378691
29402,43193,96.51464207031553
92114,4247,96.51471222101391
47269,13642,49.73465260988721
18084,27972,5.351578970948362
72059,45638,8.955411488381085
21707,5784,52.16432106172096
36462,38800,5.872801528146155
81190,20233,94.60510049518862
2476,3669,7.5736160943671695
76239,39872,78.58610623286468
63534,13419,55.035259762147234
49047,39230,75.03393309218917
46066,26256,12.62709793059306
4888,9130,77.14729709795958
69680,24473,3.5338990004782787
36959,29047,49.70710893733478
46989,6542,66.62661580758719
26265,22997,5.983944024139317
83117,32641,84.77294836178983
14883,48123,2.0778947951124627
68687,45868,82.64483765478789
19057,992,17.68051231404963
42727,22514,28.671782164180957
41482,68,12.641422445517431
74107,40453,72.09696692560497
1219,35945,95.18026422259054
90525,4598,6.253196044815974
62550,13253,19.70665017972154
23200,41504,74.85249176723374
9722,34555,42.49591192428094
96854,35155,18.176434077501856
71356,2514,50.49459366959496
13765,3465,65.89673024133566
61643,12176,28.755470517429632
42678,43810,32.69056711033282
65274,16110,62.300615343477816
22027,11809,44.92144296071208
58576,18490,94.33636371648373
47388,13175,56.86329787236057
94793,22472,82.12281454952883
31712,41287,65.60230064442064
27992,5704,91.59474498897387
78375,39399,72.92652040817138
25119,6645,54.645833223080984
36733,33042,10.244921621112699
49282,3969,54.31966156690855
75228,28990,6.9075634976010285
68755,15563,46.73587780769192
52775,31797,18.84733231627989
87798,37508,54.20341682548197
77485,3798,96.59393887558342
83771,5162,89.67613918577113
5266,6582,3.845105325369866
76488,2280,21.296104820534907
95048,36225,60.62521951305826
78597,41015,15.20486679335699
19015,38653,26.346811873601837
32566,27776,96.61796655688113
45029,26785,35.69340092413356
72588,49778,52.292041567038716
6735,16254,88.64466558140825
87619,29914,65.63183927362924
71180,39033,29.980586628945034
34739,28358,64.1324178245882
63731,36369,53.22422874429937
38802,29085,30.225468959912508
14557,16483,34.215041016639304
49420,41795,10.61555145484472
92388,8113,63.73265443671426
17815,27940,31.481153004892597
95263,21664,49.586872847508914
76304,28683,66.80264405655883
39867,42248,30.695660683884793
62886,46677,3.5774851740708318
79062,31770,2.7662574356636718
30206,38733,36.344364015934126
51985,8961,45.57188977723074
56779,32780,63.69816509006519
20735,20809,45.0063242572453
50407,10166,31.392091729165788
91018,14590,19.019711453417784
40049,5776,27.33840749676749
68928,46465,3.5601017524920118
64144,42772,9.195776677618666
30857,20425,21.895401180267413
3837,3186,1.5763333350496223
81849,40196,80.2493821299272
25085,8172,90.8668684831888
66306,29659,30.304538774378074
14659,32531,32.07460671091633
89595,37033,32.51798811566755
41013,20264,34.79577684376255
44973,21933,28.06774710934605
57239,23425,24.68104016573615
29086,35361,83.85847358392833
43286,7357,40.65604244686171
69054,48192,22.113153557820066
68092,2266,26.89179466749144
53029,14244,60.983294127620084
67602,3254,90.06634673905349
38048,18423,40.01720630150009
89011,32685,41.876138762791264
66686,14008,53.67798240860603
85448,12182,71.78014003151976
69496,49273,15.95482752899619
12807,42523,11.780819861594418
15337,2002,96.55418605580816
3961,34328,24.97262482117698
5637,29812,82.01809491150796
7762,26078,82.40329430479291
69788,1158,68.15816726869522
4922,8584,75.5556903837175
42768,7435,13.010078403610546
75698,19492,15.810395135798082
39646,24585,12.508474371398043
1618,9266,70.87632438717753
46324,29725,13.37945157557596
58582,30022,80.00137217205508
86134,45556,23.97584737057919
21668,48569,79.54791394409976
67955,12243,27.756538224355374
88490,23771,88.10514490589438
97864,2237,39.0340561100076
96300,40559,38.99650213069286
73347,14043,68.05304298930318
20143,38391,50.05615327368883
91741,34120,20.739012022080857
7939,3353,55.144175583363214
79101,45280,16.10383779928585
25227,41022,96.93348146869769
47794,44088,4.930122840664753
54092,15701,35.264941960779865
5143,25396,18.532413992304527
42834,17284,54.96084865699254
64927,27814,89.82102622110881
57683,22826,63.51226474979323
31731,24160,86.74949406133146
86763,9632,23.930673324394473
14298,49902,74.29960954553147
49075,10695,43.28718245847056
11914,3512,60.69653377631422
59397,8784,47.619929698737785
26258,43901,51.282169167927066
21751,5418,38.8299973151352
56154,18090,61.27242302033467
79384,41019,47.078410170505556
83316,24556,82.69359058938218
75624,10518,47.45725378564013
5572,2907,93.52725256130837
92918,45155,95.95564373219965
34404,12235,9.424766410784228
53263,48301,26.967895076685704
6945,33480,71.92905777729739
13839,49052,15.836693763767169
79988,15850,91.38506557367788
50340,23382,22.676875873317265
24229,32795,39.87891066992962
30212,5489,69.18710341281647
24565,268,3.5589359611320743
71893,32131,80.83115079005556
35904,4519,59.14179010982115
61092,47866,45.19472256902987
55949,42316,79.48812143484366
92912,11180,1.5734349536066905
85424,26401,48.550830741721114
71883,40463,2.7780109207488213
1959,44051,57.943479156586484
54410,14494,3.6602752455060337
86251,7328,33.38953131004165
25138,3475,77.57481908076808
16145,49213,56.53124726058767
40046,26676,47.8077325442721
73016,1469,81.16147107502697
41746,11165,93.93927231803102
81098,2411,26.443219984749856
47956,12144,54.337926631882254
28009,1857,91.20000132228594
76688,9682,17.313419933913245
51595,5726,74.73154645924465
80454,46913,24.6160901160362
17871,33599,79.45935692017898
33750,31544,31.74536463643294
82228,1240,14.852895709418405
2863,1925,95.18029973468569
69597,25326,89.95493850279117
66049,33037,23.148790826906556
87324,42262,82.82369507270523
97398,49914,73.86858147788665
36586,48593,36.51673213214564
9227,20347,90.43630361351553
23092,41352,92.01275255774976
71142,27172,87.37291111231511
92319,34858,34.222007238738996
6798,14371,42.59297091209139
78875,34865,19.982739634572493
56949,2070,60.91249895578366
94107,34627,59.100772915280984
10251,16849,77.25692231828613
86614,23586,40.832201311457645
84073,33811,17.482009792395967
26542,14377,32.602176120044255
57182,36833,28.39636738152434
4122,46890,94.77309593150082
56233,21036,49.44850895301406
50042,19020,41.1902854328812
22380,3965,82.85871592506835
15335,32260,72.13306566691483
1064,19960,48.63767654669628
12102,31610,33.50361808303821
80499,48190,8.267013474493286
98751,12843,61.80295830937205
43877,26539,52.140994434499355
74022,7187,71.603460432752
19004,17230,44.03118826620605
23347,8105,98.90569159427187
94526,9006,70.22474575603391
43585,16748,7.53462842559954
43748,12648,24.144180975521753
26614,47427,86.371717575757
9513,28505,58.20872728937142
91651,15379,2.0613245955076565
29954,14594,89.69439603869003
6176,7582,73.8034309320088
30690,18536,88.8443176495797
14393,12774,72.20275352415536
17299,16929,94.56844115977782
29256,45620,90.61050570488017
84157,8464,2.9151276300037594
10104,28039,55.27788971608207
2799,38493,15.298103106518525
9217,37319,16.725796376580448
31547,33356,95.52284867201908
32893,35092,72.18586560548601
76780,9172,69.82390623688207
3996,2469,23.322455851897608
45801,8298,18.047458110547403
69401,45885,49.75387269043178
11586,36136,72.5648787698107
85235,2591,70.0812915349165
41259,16306,49.515830091796204
62530,42121,34.347107259342835
83351,46552,49.6766537182184
51841,7921,27.542992493672227
52962,31810,50.845216508074536
53193,15295,1.700864587367863
28139,30635,90.89058056149094
80764,39436,42.10053020656748
7230,21875,28.754771308474062
87552,31591,56.77245203945517
71779,27657,74.89503366741762
53250,2164,14.442847423208995
85427,30738,66.9404647679717
16389,23810,79.83544335156448
87665,43579,83.57058783805394
61734,9994,35.11888104152986
17292,6870,73.03933147691667
25110,36159,70.13812023130403
62957,34711,54.381267908618575
11066,9092,73.89431695772454
33803,13326,5.593436546124268
67688,20957,39.52043821162026
79676,42927,29.61552717816824
27084,43468,31.235732791375654
27635,29314,17.171726185107843
91508,38518,48.13599892397152
90779,33966,5.493032885670518
33722,37777,84.18270991305793
42151,26409,87.93852156123134
58917,3857,52.887267790392336
47716,32245,84.72785934838478
37784,45862,41.99387129947051
82578,42345,56.57569133445573
20665,1922,2.3907084238761946
48010,47708,27.745362346964104
52342,42184,20.015670696460433
97689,27341,86.28532621222286
22975,24638,89.65767881963208
26519,30428,23.723950872254854
36006,45015,96.39849054553542
11465,21995,90.91453432417494
78573,6254,40.13584287254125
50961,8988,54.53528351505396
78043,7182,95.33027000338932
53124,1304,22.417644789616496
21154,2555,57.079931433481214
5993,32576,48.80484640657855
45565,41450,13.503221372581072
68075,20539,54.20428111886933
87879,21873,95.3859147358274
32585,47445,72.04205134296723
68270,11622,42.086602807870904
46070,45361,91.9901544869287
75879,25363,73.58220270030134
23432,21987,32.58970187493683
6813,13261,2.767607782294365
72483,26687,10.78949495878143
89799,20697,72.29580468135869
44446,38587,62.940889660379355
3522,315,81.26688521140916
89572,43342,20.20214075602311
68710,6230,73.61455418382505
4181,41981,6.949237247897468
54488,9004,39.80619149166949
47866,22879,11.600173032600345
64304,23030,18.7821263192292
8818,36671,94.048369966234
77704,22321,66.76361591804842
89468,27222,45.01539480019619
73819,48483,53.91998667868778
20622,22889,49.52563326989017
61085,46618,76.05691028732628
27416,47728,44.280976747346834
62662,48639,58.755741689998615
22397,28492,67.96756317555244
56027,13199,76.3652751604225
15471,32854,83.30217276226861
87934,28201,9.444964104394801
43079,49784,53.61658055274935
87936,11635,97.62226773524254
28042,28570,11.567925553854021
84319,1987,4.14264197095265
21538,4888,84.48022966133271
16014,8797,5.521686761459398
76342,26182,54.7328042790925
23262,7966,81.40231901649253
80893,23647,1.790095681630651
29795,5666,24.273676825632073
24764,38939,25.655071753077067
67992,25228,19.802215674261962
54388,6149,90.6217203149739
55486,1590,91.21331132426747
96833,48188,98.77147367220437
87678,33928,79.40350463143322
56764,5881,10.177599324505794
8290,18274,57.18958059121338
44772,28270,50.03798559885641
57066,48059,67.10203909677885
46974,13699,66.31773792306414
57210,4138,62.21079042102311
66401,46690,51.16489651794162
59830,25902,18.10396943026932
54221,48452,60.565122295880684
16019,29953,60.65368565055414
62342,34132,58.26635355084463
1000,5171,31.283160381609108
74212,14048,64.86309477345947
37510,14238,90.03983717083982
47218,41503,63.51494765052006
93181,43971,25.853280240301384
78633,45089,48.86093161704072
46730,37738,45.927058413024696
55996,15882,35.064548447727816
10048,20979,44.70677125997355
69346,6594,88.2879686668866
92286,32384,41.20863435250358
73584,16691,82.65155751981811
77338,3199,28.715416148175418
33216,46710,13.396482711767726
91179,24803,21.005055079927597
65297,48509,65.5203582811262
49859,17968,39.05204548364654
29294,21221,34.12408195249762
1714,48259,48.95105466340896
83240,19842,59.299158020138115
35188,47502,91.93785502183839
60834,8290,85.73140054139161
93693,11427,30.829770086205755
73775,17838,22.798804532062363
62990,14805,13.32552665683945
44532,15464,55.692018750664786
3073,34575,38.42377928964946
68089,45595,73.96176568186569
27980,42526,67.73774920949909
54894,27331,74.50824590737375
77446,22539,77.15913076940345
47456,42252,70.63691420164324
66488,36229,98.55964802374444
59137,1493,27.93854892954075
17363,14506,7.36530416953462
33429,23634,12.808745483811729
67347,45136,85.4127104556561
34913,2663,41.59735615727278
75754,33735,84.07275099274797
50793,47536,61.82332789584716
83859,9912,87.22503662115507
4882,48214,40.010539208942696
47506,3255,92.11190385634936
58084,6191,44.26823088637488
38025,35193,61.547400005319545
85522,14418,98.5983324109602
33908,14059,78.4631358407515
92686,48230,44.50539077608013
33978,14220,21.835136369952433
95972,44510,80.91640468350566
88328,22229,38.27481886261177
95688,24870,52.52999739732125
90195,32480,76.18852915856132
79620,4484,66.37931114784688
54523,24786,5.258060162778239
75320,24460,96.84775282944335
47574,2359,32.55307269967773
40418,44567,77.66149729214006
26158,25155,65.08054481478347
60496,31049,76.23940474057936
90865,6566,93.34593164012969
12191,13668,86.57154808653816
2942,17045,14.64737476571302
92134,12631,31.143226039617865
13104,41872,17.879112103095277
63394,38273,89.09617563706456
65846,12496,10.692088807262058
97723,35215,91.07906650545316
40375,25381,12.313567599324468
72711,34294,70.29887359784686
41100,16365,82.3558570687815
2746,24435,29.1964641317197
8035,22023,72.61799865175598
28128,37722,7.6064926293769695
81556,23515,59.3877757480451
63151,33084,64.67735487704005
3180,33482,6.848715296378333
48668,2028,88.77554942317492
98076,31945,17.18526022281342
43846,38365,20.855921810849374
99378,30545,26.218058333795295
88264,11338,75.0106791064049
66184,43636,93.75554030138653
81585,30917,3.866451923684081
57988,25987,68.23943299607289
17215,17578,7.631333690494248
45768,12860,52.41893667717417
67404,10584,22.996670616024247
39503,5996,45.845466850051096
34915,11474,36.3919908128972
27923,2349,94.3977601611601
65349,29719,85.25547735700844
23800,48336,27.138619122578145
41171,30769,49.42915177629236
87027,23572,66.8847785245617
31194,28707,55.56334350927075
52047,15432,64.53844085861294
52643,32018,70.74527746372867
43897,27922,82.33945238241117
44868,36880,16.49950783439734
45763,10977,22.531983473934506
47039,11709,17.9137726251068
22030,30686,21.798450505011413
27657,17717,67.09847400515959
25294,10495,1.7338012968869991
59650,37127,89.10046920436386
78910,17226,90.46302297289202
80571,12491,56.48257083127549
66908,49833,76.21549534867493
25858,20943,4.510611148683449
77207,27280,42.21389429891647
58665,1892,53.222601583026865
19321,2352,20.657951647691718
74442,7594,92.51175182536883
39797,23377,56.7471756282498
5934,3465,77.58494026923493
60433,30367,49.837618686347355
10906,22635,14.159881933813413
99976,10090,16.155127734499136
4703,48328,54.40907136971607
74299,837,38.89627332917934
50258,43567,2.304842220481272
24508,44027,74.47838335853335
7932,31323,54.22638790770586
70153,24738,91.22814574669157
55019,30372,6.665219136171584
47518,5135,97.89997943223851
71751,41804,7.150549535045352
7562,23440,32.97840346714811
6244,6368,16.235599544439886
48426,43953,70.66121719798107
52381,48738,60.110452991071746
5885,32314,39.96456081261484
73511,36517,9.900505048837855
37435,3459,90.22787214688256
18676,4406,64.94515559307054
40073,35357,80.43603885793885
16554,5193,24.966154980301845
78522,10868,48.437283251518394
81096,29091,52.61093283323415
57875,24443,29.087599868136678
82406,44444,56.522068752865344
30801,46935,8.557861464062086
21636,16563,57.8218138554172
68194,44796,36.49693004516286
17375,24501,90.91377610763057
89435,7834,44.01362461653279
48212,31799,49.07374476287678
4153,9791,86.28591758466736
62312,14524,94.20826711896028
77750,987,80.18915177313143
93014,26210,42.05049981680662
50155,23374,46.480381389585745
76204,2237,33.78846071316126
12471,41722,72.23172628384307
38021,14082,39.774564125299236
22804,25807,49.022197344110864
51040,36336,54.13999527996435
70936,7185,10.369694186711023
78611,34505,94.16086919774861
20307,45233,10.295644744528914
53420,5473,46.61241832381537
79859,9205,66.7471981180433
54627,46742,62.51036836010427
84018,15164,70.79625935611202
12032,21418,74.7242582891932
82340,36356,43.0354942260909
81841,27960,74.25133449124434
54743,42228,82.84741099222107
88965,27189,67.74631487707396
66189,32744,13.559636411159403
48257,32358,87.65390166620172
14387,37207,93.81882552838647
32386,7511,95.48340919524173
22834,16609,42.88464948290191
91031,33444,68.43305902268902
42015,49326,76.02127718427937
96133,33744,80.9597239689711
52741,36918,44.44979052263338
61452,8949,25.485410357570377
43281,29635,80.52026263659978
32903,4228,50.38949142704634
23281,40319,24.612996213581923
87176,32111,76.92153007470327
1260,41990,37.90466688906918
33642,11056,16.888289260067577
65330,37570,84.7215866821691
86873,14330,26.659319395534364
70787,7083,69.47373351018518
79382,47615,18.345181518521393
49095,25814,43.1131780070048
16708,2846,25.60154983437483
94087,18978,59.94792727883567
21439,8914,5.0237616242686
99331,6366,16.12643965784472
34594,4317,6.59419092186364
68739,36791,30.269730396969173
40596,42235,97.84684078009887
51007,21312,62.288359987511505
57220,11046,31.910156588058562
2525,20778,56.66540527621381
91462,23844,63.923614618530195
64588,12140,19.035188342067848
45586,7568,21.79460560432161
37054,5377,56.813248841778595
5500,25750,10.925385665374234
3307,5016,60.881671714145604
77001,26112,55.261039057472786
25887,28635,36.583780491533815
4232,45625,41.18063324349525
10545,49128,86.06086758992086
45119,38023,76.83878760004497
62548,2223,65.73477266605032
53822,46653,85.58113624698103
59705,8530,96.9691728546335
61499,42948,17.641861575856552
48189,11846,13.514740671044203
38678,28779,44.17213579632725
52142,39010,3.238376199035284
55170,47192,6.133620876340218
22409,37630,11.49332609500321
84180,48690,35.90666019569208
95204,44543,69.50552043551644
91346,47239,39.81977846453286
90208,437,19.432650511095968
64212,43564,47.89290972829224
83995,30577,46.89564520796278
79755,28057,30.502440463515434
54427,34738,67.98799030450643
52964,2138,74.05799208745742
65503,14917,11.78748414319714
36134,11268,72.37179842091086
77825,9575,81.89317708973458
23143,49579,30.066572233857823
97068,46295,62.733734750700066
88756,11919,67.89933307152681
59915,31025,88.09821544599646
71635,43068,73.75622113399666
50519,38076,98.44953603026721
55965,35182,94.37226840881176
45728,13896,93.10900439741302
58307,20768,71.79408574862772
33281,16623,56.56241161463252
68314,32083,53.26986524819855
93270,37479,19.586305442443308
91423,25134,62.914109857308816
40912,8375,57.74149529954132
48799,24110,83.79198405281431
72265,18383,98.17685203023447
63082,4608,68.28425641261069
83734,17280,95.11829582751993
40679,38367,90.55886314929914
60667,17930,10.960817627512425
1164,16274,86.32160719298174
34414,44264,32.14670673065476
14782,45818,49.68342585262863
65162,9647,61.53010235801752
71811,39784,50.36360860819183
31959,34289,12.992844894950391
75072,20050,6.475483877475911
49553,27955,82.77245215829413
63817,29942,47.73307606576518
24915,24177,86.73669385562611
57920,10835,76.54977283902824
88441,12552,32.37992192086173
93391,8274,61.76719758822128
7729,45251,91.23040464165683
37855,23398,34.22877093661239
82609,41484,57.441617817713585
23802,7060,94.6513435655998
65439,41059,97.24314874347317
58829,15047,23.613912803490084
92838,13515,52.83446752801614
29977,38566,10.95286160307363
56472,34724,36.13121008404471
17392,39999,13.568160289757078
35477,32530,94.54051553334648
71968,5842,7.9236063045010106
91712,31641,27.250114803222417
97714,48556,64.25500630297512
86944,45625,15.499815335417825
6148,15647,91.4080889676272
65596,19803,58.25809654163985
26306,43280,82.25358401698779
31599,41737,28.45148238600407
44155,10951,60.41524310171391
73080,22450,94.23967529360785
68539,40693,25.730306405480384
96270,21093,33.292541131639844
54345,2686,71.70334154027844
83470,7045,89.44827017321563
68067,28623,60.463938256110104
75733,48252,37.808454409876596
47163,46942,37.31377254108874
87457,30488,21.154596465838157
2066,44895,53.194214156517695
23762,9324,43.627518769543805
47158,36428,42.916449848227565
28212,18752,50.38079041549543
3476,6974,87.67266556393545
82037,35753,80.74930254946689
11089,36494,19.109345435221982
34708,13372,43.066686447432396
32862,24526,34.23236975443907
80948,15327,93.29089930262711
98304,37897,59.034530335917005
1035,23784,76.48110719787148
67282,25774,59.154103333356055
21011,10243,21.401251265147152
59471,26504,18.470295067430616
74249,20683,97.44091815056474
53119,31258,85.82879237281544
58397,28629,78.57360867793689
99254,31707,26.116078065885304
75223,4933,18.75479901378434
65897,31311,31.531322849032684
53298,49523,6.504855636005479
22145,12339,28.452223149088468
30592,34508,9.199972441617318
91659,3962,68.60358583339243
75640,9319,98.55896062728232
41876,41043,77.45010171460132
92096,44546,78.04374033654169
78926,39400,28.020659454831293
25267,2813,19.613617506528815
38122,29217,33.77726458039086
78994,19189,71.00070913332034
35578,38295,65.46279908646135
8788,30747,70.75607694965521
59447,47587,95.74744311144228
55871,27122,55.44225929870801
48341,19477,82.93151017613683
47951,6699,20.657399214341673
78918,15578,87.77102569851822
56269,38896,28.658482530638366
6219,2379,55.18215926287485
27947,25364,49.36443619876974
36957,4782,42.02455265773619
72915,39734,39.65661996090225
40697,44252,30.07157312073009
50786,4200,66.01140332273134
9618,28408,29.932448798460275
55777,33230,18.933965359886436
33858,29980,62.64032954371367
16011,37894,16.454119003289243
61045,11328,24.8450450270589
38460,46855,40.64738644320573
62005,22507,25.98779535347377
27525,46406,18.170709627542333
8347,20368,33.627308041840685
13609,29570,20.148287805429185
35822,18624,71.86189570898972
51856,20693,3.149097538467705
36578,9186,60.43604041754584
80294,3913,7.260773330366949
4882,45934,93.62769107116519
90899,12471,87.4174931935284
94705,16336,20.956836436044014
37483,35892,83.68036081353992
75641,14695,8.398515866232371
78829,16234,7.670211136217348
47616,14899,42.72012970043937
27708,36287,34.96601653977624
34181,29909,61.62628617146586
9982,30988,19.073660299407038
19124,20944,39.03378878721397
1363,24357,32.06721666974306
27207,37278,79.99133825060167
61434,23844,89.19560171311548
71586,7642,24.84264517975469
11649,3861,52.789920517587866
29223,25261,11.934907262147892
12666,40421,38.046200804512345
16664,38459,32.90534044338719
37793,2586,97.10560281105145
43528,39073,35.680187659607654
26481,25737,90.34467710689344
49756,37996,8.092583540031795
87235,15200,67.3767646623453
94703,35974,91.1544246445336
54050,41302,79.1642416287836
23756,49990,61.60741425910833
86917,44649,73.8533653763307
38763,44329,77.06942487009128
50982,30171,41.32666081140023
61840,35552,67.66227808678508
71340,41595,65.13478490642417
30490,45675,60.01719086453914
44615,9080,32.9805959025194
18871,34236,80.34768728911742
36334,16953,68.3693459719319
77046,21298,53.12314019532578
69248,9487,15.319352557620372
50605,31257,44.95766398204468
20902,36132,64.62471980237933
97657,16403,63.00755836885154
16215,34626,7.065993506241517
93381,47509,51.76454840456942
76879,3635,49.714687738733396
63645,39449,22.78341268968245
4537,40026,40.103934415174834
57628,26787,4.621064852036156
2064,7524,40.600224065179034
45897,48161,51.55276423369759
1520,27557,94.72581952098628
91180,49757,76.06463624754345
93803,6659,57.961383602555316
4404,28417,46.246365437374784
88395,31359,23.416743103353877
17462,39006,64.72204689940659
49805,8008,47.62684299631617
79583,21398,39.837686354549135
72975,29425,12.441836638750381
33123,14474,77.80457018279782
27640,33480,15.57949861339456
20034,27202,71.59138458939054
21905,37847,55.33558551873333
65139,41906,37.63702912626357
48248,20868,1.313312268945853
94946,23817,13.608021179794287
70221,7500,96.12872313219073
86433,43147,72.66773700439204
78427,11805,93.43975195106374
19697,36839,22.511803706153003
48860,36768,28.30889263836616
34816,25928,12.732037277630415
12916,1852,16.486789998945838
3192,28351,31.38695748367389
97156,41007,84.53941860116379
5214,12015,44.52008119331258
51873,42366,2.426046805699278
99889,34315,31.669504652018027
64618,8053,40.21067037354378
91466,16985,6.866896590410917
88826,26371,8.54413102639569
81397,3233,49.52962634544025
57357,33294,65.25726524902873
93976,8214,45.75516234310877
1850,16050,30.487836011949664
90733,2719,63.928472927965885
37676,26168,87.74514219412008
69618,5934,27.046935307990083
83812,38592,83.78150898961003
18784,18701,15.074243815416507
20093,18433,47.45292979503702
51422,11027,87.10971531261474
50615,30991,73.27977671185512
18804,15053,38.119885600995275
19002,8704,37.78643699972871
43417,279,74.57728361443489
18618,33990,80.36060676569483
85053,46113,76.56597307882305
71840,15280,42.681704714570145
85191,39267,40.84532510373835
79816,13399,52.94176439892214
62181,9418,90.49040818284527
8556,30090,46.40342163768392
31489,228,20.61880799703885
20432,47835,52.47217908159027
33201,19164,91.07765529652994
82748,45467,32.89471654698055
89491,44356,64.72118347393983
20156,1936,2.91704685886486
47475,31375,13.32495524551879
84768,12783,98.90313148063062
25254,40404,80.3610386006453
12896,4398,23.97327103191093
43927,35879,13.293058578710683
14617,6208,49.467807873078414
44747,17766,27.154804368863502
92411,21273,18.541958206642736
19197,45469,72.4701597098913
92518,11653,30.852301779126535
73824,32541,77.05045732124219
71138,41647,1.0386141341271216
52882,40470,33.754255510298954
82252,33206,57.74805048399497
61418,36101,12.050084706994536
61948,46895,76.58621413023097
79260,38195,75.06529076816561
3360,27280,59.33878067327051
36520,27663,44.609447511942754
18066,19980,38.23676518020089
63583,48941,87.07552666237567
91451,13277,61.59732494088599
98204,8166,42.25191463007977
95529,15720,96.44362723435293
5256,37348,20.71251958714121
34923,3247,24.184420949186638
76961,11582,74.19730123619381
97934,35389,56.86764978609935
43439,3463,51.73687309622668
94283,21415,28.11215245360978
7341,40362,70.90419404908288
53467,44852,7.217513574505268
99988,5072,53.12091515003417
75990,37415,91.01848534807678
48750,26567,20.308591151238637
97586,6419,14.607284747475433
28429,10627,7.8627726399333016
22411,25203,96.72553733104345
38718,37068,79.28226042005336
40859,35603,98.4158485647598
90124,40866,92.99380652780734
5510,23144,59.01874161046964
14903,33244,44.1800052060404
95767,33788,48.336818279776956
31860,46335,13.646606720811148
73162,7006,38.277131125071534
15219,11836,67.87874265442886
67939,19601,33.142047599211786
48173,10483,84.39218313465634
76962,17596,72.02254290033763
47029,35577,84.77116613660118
38326,10679,55.54427834805881
32960,48247,74.60694965896113
11713,25631,27.966772528941647
5879,22023,95.05857678273688
36216,9710,7.249345178149601
94818,37409,5.343079073166999
38975,2728,82.00638382540839
70011,5643,76.1806638172014
27026,23371,87.34570696326631
79869,48227,53.958988538138584
79840,40027,38.40652566721829
60637,9445,49.277781489672115
76782,37030,70.58282970762357
43384,26133,40.712873279750504
2207,27910,11.629892219653069
15319,37144,77.60382357116963
36067,31180,73.73577536029114
70126,1059,6.139523584324702
45647,33600,69.16726155532105
69438,49920,12.896169780521781
56928,16487,26.6851658748754
62809,36542,56.16306023459279
50175,41890,13.469952158328931
40693,47438,2.781974553366007
71744,26484,15.552754056310542
20307,34705,25.666983089013296
57968,48089,3.4840164869911936
88539,44976,61.35585682175591
1864,15220,75.09408207974116
72285,34580,63.512345834574
74462,5891,6.282684075913185
24185,12486,89.98739826043565
97613,12950,69.71654200878221
72964,39700,9.110494602052176
45274,41758,29.34396221555698
27060,39192,3.8762495026463
60333,33495,31.10791480772264
26169,43106,68.04299927607921
92893,2768,8.927573914944684
45814,4295,29.364947206508543
64667,17458,51.270760123995096
70825,41769,44.41102678838017
83702,22107,92.123462878412
94306,42847,32.0059911776186
73288,22689,54.03374690906935
35005,31328,98.11981702011123
91145,19866,17.738059166108744
1189,7976,85.97862175619589
68467,21454,60.235077938821235
49420,14539,74.00491420652898
28107,46699,78.32563836132793
10174,18120,30.996319194680236
21295,10317,58.03940589509544
85626,1191,68.99516988287714
85343,48788,23.450829407826326
12006,37890,52.71878789767256
64060,3499,3.238805472289246
58037,2340,21.89823907159992
81781,24732,47.67551133915776
22535,3571,89.5199811828278
50233,19740,19.58929538523392
95654,31581,14.158227622019442
61694,26056,10.421908027033904
99426,14032,53.2402719217702
41602,13981,41.15705640071305
15679,22054,19.617726479749482
59533,43636,29.380583454304897
28682,1052,68.3827155926377
73711,23319,71.93979819788115
17908,28951,6.014154079109523
45999,47658,67.47740944624721
7462,5228,60.85277231901399
20418,2047,10.844146939070678
69191,40770,16.169746186232466
7447,40564,50.80808217325855
3297,28197,95.89552063979318
42572,44267,11.439290760915043
53738,31427,2.531859936295589
57204,24643,64.80976820696509
79445,27682,81.74056095353997
92084,17287,21.885846223697573
61634,34369,94.27866123633842
16030,964,59.256157675271126
54074,7035,95.72217551995902
48132,19965,90.75222890285296
83774,18941,4.530463771988858
8903,15439,80.66242698702943
4563,8996,20.405595681807103
70596,15253,70.33705869796545
68254,21495,28.215184087518548
77753,18525,65.77637184399045
50400,3344,86.64203662867779
19015,3207,1.0416915532637017
89038,5324,31.622660186060585
68263,21029,50.07371454435078
4718,11674,76.00544168111577
24694,9368,15.850296355482513
10510,9569,86.46062560902173
34953,44722,59.58029455202277
97491,43497,26.999403722017806
97611,2130,41.91565016168054
23954,37053,83.66620532460136
72831,11365,78.94498508125272
25832,1013,20.47924384537535
80584,37031,77.40227108118522
34458,48061,26.390644889947705
10870,26838,54.8445054195671
31807,29257,64.82590201980952
27932,18882,51.08037946760301
87715,27292,71.65497895773876
82468,3840,46.28502590216022
19959,10493,12.27302534727579
74694,44069,49.268252745282666
80816,30076,21.6335919841572
99312,42938,52.142026922013336
59235,17634,97.31761468706996
34672,42313,26.70760716660776
59061,1812,51.06982459602936
23409,38166,95.81018330448585
23468,8305,18.58255760735023
31359,44294,81.56815608606702
89673,18750,6.0846039544518185
57382,23892,98.18018881539541
62531,24749,71.98864384827337
3256,33173,93.93697661942737
51018,20919,52.01876031485591
23430,16027,47.76752314632714
91180,21834,61.1453250569159
32923,8653,5.946904033908769
51395,19859,90.4959143531203
24804,45108,62.355759556153934
82101,10934,76.93915991718505
80035,30340,89.6590891344402
71483,49018,52.084638846434764
64010,17988,82.15948289066472
97916,17174,27.5129740064802
69101,22454,47.044358311523446
3262,26694,49.51488189309693
75558,47097,71.69815922212658
89061,32027,65.58900085219932
43617,5994,8.322281467927649
65981,43305,28.496920321188927
54778,23164,1.9635112634400145
47181,21183,42.3946206767738
83862,2808,69.26599930451627
14134,33038,31.280964582731173
35099,24591,90.3589926873586
17347,46689,13.171767534615135
43517,37977,39.26891806816994
84066,16249,77.84725410052614
97231,13200,74.57486638315461
52985,17761,32.74384086037011
59871,38653,80.85727882466684
47678,26109,60.14559265371072
90884,37171,89.4163545528665
8623,43976,36.31255412078246
41583,12630,59.444670744214264
7224,34320,16.242963055914085
12160,5332,91.78707434994554
99412,40561,18.55548993601743
99088,24013,26.396051876396086
8319,41402,32.271134222291266
50784,5179,89.15523481796981
77877,9612,22.645326089535708
69911,25807,54.71254435607184
43086,8759,70.93851075705615
27884,5819,78.41127781968129
37783,35867,6.84247272985982
57075,4215,9.74485059862165
19436,33713,25.598640235314704
6342,14811,85.18597475070803
65652,27481,77.2386857774116
68877,8745,38.87656531556241
77446,39552,15.935616821501696
32504,48106,18.155277707744386
20872,47934,6.7349489989035645
56248,19221,25.20212205318637
83634,39193,18.588670428186305
22225,32099,98.32115123747332
45524,9730,70.23667488447524
86520,1400,45.0129616977116
79012,25813,9.734870778307002
22233,28880,35.557505575681795
26735,23010,8.709851358377431
91832,48560,26.33773467349536
20884,31721,45.521490315399234
66987,13560,41.493299550806064
92446,7633,31.620802501597158
56988,16293,70.23081236037972
58757,19682,29.727820543094126
17241,36623,22.342069208994403
97163,11838,52.88624733557492
31841,2975,65.31647439127681
42587,5181,82.63501265240059
47315,6231,58.37727290669375
45354,7990,40.25495106514423
75822,27728,83.45055474547989
7168,1973,64.74415166163044
47766,40276,65.42951646440787
65993,18126,89.03714353053451
95042,31700,50.56173553821208
68231,329,21.48097463581137
91134,8958,24.27439052290155
87698,6655,68.52735813073565
5565,24735,75.46078155438359
76489,23774,74.1641049647486
7447,35195,86.31839975158955
56463,2180,91.73143730659065
46978,21517,48.74004783203409
48107,7974,6.015113044992194
6581,21135,98.56574175183016
81770,10154,47.676299606869506
33884,19028,14.294637717895469
18319,34028,68.88055785926574
85036,21671,95.58524923934485
57338,17907,62.96635864842093
40443,8133,64.5116522867079
85317,48493,85.53234423625183
20461,4286,90.90768202978968
84892,13786,82.02568389212041
55836,47761,77.46803713561825
6989,48740,36.07769355313655
34217,22772,3.3780723680730045
23075,17674,15.810874036861634
11530,1349,95.8425080315132
1008,45403,27.37872610134205
77384,17974,58.46430839330024
44375,2980,73.2223711913147
34957,44468,60.99245106437493
51985,33186,37.68785691902828
16678,47768,73.56622389332355
44414,18976,22.669692693010415
12180,10573,94.90554053204558
58544,40942,79.36542010683699
17864,1792,10.36612403685041
61314,37854,73.230498503202
43432,35827,45.64906182258783
55992,41517,40.18984796850101
22994,39534,41.77499266401152
37035,14071,46.88761656187243
94836,49287,22.779473214932434
87683,43287,84.9267944483607
71266,7382,74.00011671670211
74841,33465,91.51169937890525
28840,41483,22.909951178602764
80523,40564,82.29227568144807
40237,37909,95.29860244876667
34333,14110,46.7575681776139
47895,4638,64.9722113637013
59529,39138,45.14881560413593
8963,23380,63.644649050772905
11965,4392,87.68202012944461
29782,45203,56.66441745359201
17212,40554,83.89423968618418
40261,48352,53.57248979192329
16516,20094,98.76811371345049
25211,34419,28.122432294874006
86759,24035,24.18344230419047
44612,9847,22.725708393100668
58454,35060,83.01994455611101
5622,33051,59.526596528506765
65684,21630,47.509630251751844
59740,41947,72.5323890958346
81090,24178,56.67089340273687
51326,37721,68.08208461727365
52283,47225,93.13792491891103
99606,30051,83.82935379289357
45778,25257,16.383561992028294
59748,3063,47.23553601396931
50811,38294,65.16690529215913
61591,8407,79.07708029425433
40605,23951,65.88386687478086
33983,11222,47.705550251006684
42684,27550,90.98139049030141
29716,44326,90.60767011348347
94632,8430,39.6409455589221
99670,15578,64.59029834988371
52010,20767,93.59554311758654
7477,21164,97.44271684302943
68094,1284,4.411675574804335
94297,5787,90.90186703438394
38403,35008,92.66677560502168
52436,864,93.70188734608324
46577,49990,44.56596904475178
85914,4210,24.827627385226382
72245,46886,79.11087351111478
48881,43446,69.23560283260028
80400,43977,88.64647589383814
9241,17864,92.19531582671489
36043,28478,1.7262709310425894
59820,27968,63.225605977482225
30194,3115,95.62568584374561
67657,2283,32.40713234525209
85979,9179,25.99102500583829
34869,7281,75.9126455026539
57986,5246,16.00292507306777
9738,23411,64.83521948794655
3151,48142,56.849829770065504
15122,15364,39.98521988445499
2740,5387,23.259128672188645
15199,31602,85.29057072678766
41285,29207,20.132722240826364
75725,25627,40.16226841500846
51967,14583,39.52187138034891
41717,37124,57.65932531430158
53096,38758,92.77319194896594
78307,527,5.02970481984511
86856,28053,14.5377325488769
14851,21542,36.781278249385345
78241,34280,38.266820132601566
37304,17985,96.73644800788925
12134,27668,65.85846320830666
42682,15705,86.72509419952463
35485,45581,18.774870559142034
71816,37859,85.55977864963853
51839,10580,10.786441112319352
10052,10931,57.44622359314316
95807,38987,83.21382511302025
40066,6049,71.32499735474889
9575,40337,71.74451988979796
92294,6944,29.498548405268572
20930,28415,52.3059178784193
2889,25240,4.90186051812641
92997,44219,20.649952661526907
80147,3803,16.950189736400098
98981,25671,69.0018067359011
84556,48085,16.371627997200406
12447,33233,86.93574422881377
82139,11250,92.35013130580681
33815,7269,30.214778045648305
81881,49490,97.8004283447426
52294,21719,54.49069369783541
28777,3505,26.00020125593297
60824,37986,41.524545212545284
68996,44155,33.89317624666867
84746,8165,6.242107012351632
22262,40796,10.881445120237156
42283,906,66.23477421975528
10619,47526,53.54680125472322
20420,20322,46.60411471177401
99231,38721,95.24996112142638
23295,20086,15.332469202888367
14401,39516,84.05324204486851
42987,18230,69.35615722076226
12347,12958,25.1777274841318
47825,21775,65.94191099059302
87697,49661,44.98219331390917
56618,13671,38.90100100248418
64595,39288,98.75246578641702
73907,31363,13.01958726401504
53496,14421,44.58847913990073
75655,11967,8.433046991470484
59887,27721,27.989089345086278
14845,21585,58.334333878271416
54351,46693,81.41548224381495
94999,36751,65.28867090557806
53129,29098,42.59656705692373
66970,1042,73.87871067956364
15499,32604,14.312217368272544
80118,20720,36.006160276528604
67824,40843,52.06786976832674
52683,25989,91.6308331276594
98985,17023,82.83609052063122
63364,22060,4.601366489125202
21396,37038,38.493979593992826
73175,13030,68.41894454463628
89834,32204,81.92330175288006
51647,34415,10.454639827152942
84502,32134,68.9771395110528
30408,7357,39.822595590456665
27505,7097,97.13070590320658
22058,19706,97.48109704363122
76145,21527,50.06761985903203
87001,19088,45.50188634843358
71657,18099,58.66013503957814
5605,27727,13.541016743395247
14478,35239,54.86210519052028
69869,45653,50.14281524576428
7425,296,92.40727495524467
73282,19227,83.26438090116784
47957,8936,62.94101481726648
27077,15874,23.314952632427495
42137,43409,52.780195514608735
19625,2441,40.74650924367038
72015,41077,85.68331184800017
94780,6006,76.86618361801703
77695,7910,60.766318434800134
24655,40752,11.877489848881632
52880,2763,82.83593328041938
57291,31961,5.471406052603095
93175,31319,64.3749517797254
37467,7599,42.4137065544348
74848,32179,20.950653583918196
37491,45683,27.611895806502236
42234,5038,4.972950802601188
71620,11807,31.566055278803994
24599,30889,26.191074392080623
57064,9056,38.82775098351222
85707,20219,64.47960579905501
26285,12473,92.09065991795757
1195,5762,10.59537161820383
82102,1190,15.107365768243803
17197,15213,59.35586110417814
58488,8545,92.5116146567949
8004,25541,57.63018116441972
91333,7378,83.9467999083611
61591,40072,3.3996150873074322
12513,8486,27.458974467833464
9579,30263,14.319682122480398
1269,2431,27.7259716528618
64047,3040,85.47698620905747
6387,6347,28.835983350324085
23977,41273,88.39990985143265
84113,18051,56.95402119134703
55668,18189,44.13221478556208
23791,33345,75.45012655125119
25389,7409,79.39995963811705
65841,11076,59.206302626699646
84910,46294,63.155460972524764
67642,13448,30.55105734567268
25509,15463,52.49540164712172
2174,35709,97.74300710232711
21772,3438,92.72010405247724
69507,12216,43.03598761801651
5262,11962,14.209748586002242
29959,66,52.583399673632265
20257,7592,81.13371155077373
59758,2375,87.94039930495029
37785,34040,77.61261045727682
88332,35808,63.229604927191595
88684,8657,87.95165159173297
87482,49297,16.6904569300018
43599,13407,2.6867419117667892
29022,7588,70.0290783632588
74449,2282,44.4398594312644
49880,21151,57.39417335312648
93805,7750,78.05863813651521
27204,7494,87.97252117741962
83211,31696,8.535016166288552
89600,29847,81.14977251552051
86688,48269,85.13431116723186
80804,14448,68.80958365771438
15525,28508,93.98256831921618
74843,7415,34.90781057189273
79157,26398,18.731048513424255
55416,1981,93.24409368352788
40810,30907,14.483509416981224
63732,45530,44.67788878968044
31523,49423,43.797112371241525
17437,48276,9.386850912868587
48658,8912,4.750752049525952
25500,4947,4.404318322660928
48188,10895,61.54708117817591
3777,34333,17.168180471973862
15625,19001,85.63757699591555
59854,2333,80.49302517350746
55253,42417,7.865802019426901
54467,19600,29.135606291808035
71467,43647,33.171707501116174
99086,36561,83.58080070464781
33856,15605,64.77955577864955
2102,10504,56.469014307277526
14376,29980,76.21319349118228
60504,48607,30.27030241224107
97050,7191,85.48442563209336
20372,40816,97.06351051228356
47636,26343,23.60987719703026
64432,632,91.44212758070547
19430,8639,86.91410644473166
4836,45977,14.708998822147448
43000,3744,23.40402322189057
99301,22172,43.93732521068335
1312,2359,22.841463468429573
98207,27335,35.730630169460284
78674,25410,88.64264512862297
87876,36516,3.0557033889453304
41502,41968,78.48017130494982
41716,46316,27.265051676395355
74576,26760,78.1058295174657
62525,1450,26.046094835650027
54681,32740,47.0911980937764
74415,14592,57.21478639029965
11103,38988,38.87832888350337
30884,24787,10.511241582290868
68002,3030,50.041583653411244
14446,49662,28.932616186253792
41202,6164,26.413165964946693
44625,33884,43.714858643768075
95058,20145,12.91591154567687
47180,22692,96.7426236010891
12689,1032,83.7306579922034
68752,33564,69.66620278185403
30210,44225,64.13651942412963
29973,19786,75.48304753342578
87159,24885,54.908814552724905
50538,10504,51.54984899444919
92896,25181,51.99606347951011
34640,2899,84.64323877965963
18000,10068,80.19242250333205
15698,33303,58.71629123630489
70484,8604,4.075429805970462
24005,5462,2.669209840999395
21123,23035,16.92494645600656
94561,40490,1.9733314570417262
98668,6840,87.68339311278386
4596,35626,43.63771820927703
21552,48618,8.157293955222057
69598,11271,71.98760986107357
22542,22504,78.86053561745832
47570,6447,78.04793205426097
76313,5141,94.28179328243569
25879,23939,97.00055268624527
96746,37652,16.505926483138698
43274,3284,52.17265039894532
96248,14484,76.68206922672651
54138,47404,62.45742508511885
61405,18217,69.78841005922743
1278,5679,16.98937847299161
15946,42202,25.418153932425106
45645,41871,65.37614551594947
65550,1189,27.78240370030264
72501,29564,35.47204600085331
69588,22826,15.40301990676899
64270,1778,19.85090249903189
61994,2714,48.526540866681
65177,48414,98.1867907067085
40818,41809,87.35454733411757
13418,13027,80.12738634706164
72781,23626,96.65507454501443
87271,4157,80.06713442345863
82515,21330,8.307116450169346
16159,21926,34.886464663745116
23937,34288,73.88285862543941
4895,26122,11.86463172484686
22073,17794,41.91835816874983
20810,11055,46.100497530421386
69908,25545,44.67156850104535
64098,13248,61.42217585284474
34429,42745,29.654735912161076
47509,6063,71.28047621582901
11959,29404,63.571040262042246
70547,11190,7.2700624087940104
18661,28870,90.93883701633301
48844,27820,45.73555650926778
73286,49685,32.09397735922546
6326,37717,75.71366700902435
81238,41156,8.27552066259646
72793,23049,85.07276737290387
73495,41605,54.116511829170825
35845,13557,9.975241755887456
53209,33562,77.06363599490773
52807,35674,17.101470750680928
89400,17539,19.75138203777889
12233,24493,55.58159317132265
33361,30820,91.00656216612832
17295,39132,20.10265064839398
91777,6973,38.78504902614856
99963,15940,74.9286002217605
66171,5886,75.17384772241053
87962,4952,42.19089702501664
77373,12275,21.012168258124717
29359,17162,8.750160156367578
15805,26570,61.402618229444556
34584,45631,98.22644505281396
32616,25087,46.96842643920487
4845,39254,69.78381985193923
67226,247,68.80392396930772
56393,22416,80.24502373720026
43150,38783,48.742462655364164
24116,29334,54.05917925286249
70673,38424,94.56606485169462
79967,46998,71.09054142296837
41894,21987,48.5896491824514
97969,22751,15.877331654456183
29664,1000,16.346094565957927
61379,33439,85.61300508118022
53817,10542,93.41478280409594
8464,23583,46.32541758787653
85058,1321,40.9333333784079
26598,41372,37.57983542124973
9552,15909,1.6484721256027126
88774,8892,84.99529448497479
24180,32009,20.951539904988593
75941,10213,89.92924135891278
63034,49277,84.51737939222009
72112,5803,54.7798189870583
35643,25591,17.931566456415958
62957,31823,70.76961328113087
5778,25557,17.53326026389259
47213,9411,5.780671032624577
94797,31041,11.612232541431599
67301,6786,50.09585536600137
32900,36533,8.764269337806377
84040,49316,53.019978956071505
51392,45175,46.958121035504384
32981,24550,81.53483140129488
76071,7844,95.065586165825
73601,20427,55.18623799991318
74501,4761,29.031685440184933
49762,5286,3.9705062451099042
56475,17807,98.00034413010258
24777,49930,82.67320232900907
9035,32327,47.38986212097654
93180,35640,96.68672356704451
13823,1398,38.699492869305374
38600,7923,35.82901765731508
35584,46508,42.53770270493905
66952,30502,12.357440284048305
21137,15348,1.1295224811950613
58043,18186,54.61435683537785
24705,25404,6.650350027146703
37030,3001,59.11716480170624
3801,3772,14.157183989276898
81407,12923,3.105713567135035
61290,17302,21.25924626068434
18754,42098,39.85066503212504
17621,34442,52.01843588136256
10973,22553,58.99292638032416
36815,10045,88.72374488041616
21538,31893,67.86687037881974
51010,18278,52.21985393275905
48989,43602,14.979525493929724
19461,8683,6.865756832060229
87703,12357,69.53866387651526
28473,3568,74.5732022511406
83066,37975,67.91925823779299
88899,44833,82.346905433653
84487,1707,96.12739462273805
1673,36601,39.798369191758724
39394,41986,90.56724799244262
33251,24944,22.635181172217532
35176,24010,20.691247440215918
11999,8274,75.64748305608327
38822,5353,37.66168649647013
72868,1135,69.91696534929261
8046,26131,2.8002115902900595
62412,40751,41.42157007077101
92105,17010,71.87953874280618
46232,30504,55.21425506641365
44124,7447,51.856703745888936
82149,6316,89.44811340871205
45873,2153,76.92781690755957
64116,12201,63.344430891536945
51958,45495,61.98558489331627
36354,32205,49.14115471356531
31870,36973,18.652668833468116
89730,17165,41.091688406498406
18300,36328,14.239281983463021
22581,17151,64.61352989689456
55686,42627,86.758185948837
56866,15783,9.033022161590962
11162,20921,78.4697418486842
58649,20807,97.69273180268287
26889,7825,39.086358438220785
14816,44520,35.72425866713054
33889,16990,67.89431659925773
83341,22751,33.606877405198766
82428,45190,26.518812319868676
68225,36411,90.46441273798024
95295,19352,78.93824371468781
75958,23775,1.1633005977452922
45531,14352,91.3075172603557
12852,2007,3.5802082099618584
49312,21165,43.36471736581553
60783,32882,80.27674155252384
57212,41603,55.120148352972244
3731,35243,81.2792942124717
25460,9739,20.261874064053018
38812,42751,30.538509773370293
37112,32066,61.11563478720471
41748,15305,95.09432021604414
64472,21613,53.484253022489824
41683,10647,70.16107868749293
46202,12141,29.637125301155976
62577,49645,34.935821704283995
71991,30596,95.29309672391126
46971,39780,4.0630708657047006
19866,20988,5.339775224342738
7452,45843,70.22283077025705
7568,17443,73.4030871947209
26411,42384,35.79473310464266
67628,23741,61.39907664926101
70791,30290,9.061523259218742
8028,340,74.0253317354233
28168,28526,20.565043004539042
84825,15298,53.440127676336594
11040,49755,8.177729250005221
47149,21961,54.923228695910055
89379,28234,95.01911498156761
55240,1250,89.81990576584296
21099,3290,55.28518793840881
35629,41403,85.99634150412483
9886,26645,20.159280422274502
23632,6557,11.592251577288588
49383,12923,37.233411421403346
11060,36640,25.808518989909206
55656,12648,48.47933749961727
75006,48134,83.97563973015286
41481,29910,57.595200273989086
50917,23940,16.071961260951078
94545,18546,41.94317131855619
40657,30404,93.36670424054576
43862,6570,2.4130786768917747
80523,6947,88.39254954420186
43484,18363,52.02780220176487
79579,7757,10.716135091346677
63471,2826,15.383372189227824
49128,14456,85.82506108574297
83558,8532,39.845850033088894
98802,46717,98.2907533838019
53959,3382,58.51133687568003
41910,42620,5.15775605597505
83440,27510,48.083545986755695
5167,905,72.94338218892196
85399,27355,32.438479077929244
85035,40095,59.81189342298089
77286,36784,11.478496543551953
50626,28175,98.1300820330083
58688,3533,38.26773585023457
37349,29762,19.891743183628147
9080,19263,80.66871672267281
55363,43012,20.53502368291122
85652,7230,32.06753029838163
14862,45172,79.70555497658506
5447,29128,1.9277305790157593
82888,38467,8.237759003132535
11477,16452,57.97392936358602
92356,47774,5.929136425074851
61274,13617,68.6577744177473
28208,33616,74.30720385478038
46252,28460,17.608681155681833
42050,23244,89.46324088730172
18507,2282,92.15405062271071
40424,25750,34.82566004799269
57504,14771,6.084964324940585
95240,22581,97.68728798938774
87495,24601,44.64100069532924
39942,42062,10.2763472263817
91403,43379,44.55687397954832
47717,30886,84.0920413544613
88095,7415,30.419827576975266
54006,22394,24.20351824482666
32496,21386,29.383552441823525
93061,14575,47.12924092976518
93110,43245,95.26122801732174
49779,1454,75.65633184327959
58906,5028,3.165760425547063
98107,10592,65.58012096882771
98329,33255,86.67308181704517
51731,11451,12.616119036899713
54660,18819,3.726058288902784
83475,21955,1.1241110292408623
47564,120,64.55916482166617
1935,2092,95.47004804642333
72594,34550,38.0993014301477
41260,39044,35.129331284098306
22801,30653,80.49186265428636
14213,29553,59.28612434931835
12031,49868,62.774122173342406
38194,4773,93.42380240115233
71279,21966,49.567068846295456
41762,45384,55.294681883780534
7347,45989,27.762685005812532
87824,39538,45.20377649775025
52014,41816,60.36762602389897
80950,1315,97.5541723296664
45646,7942,95.09329025792229
48663,8894,60.5270249653568
81244,21670,65.50026400461245
79458,25987,4.797945612992752
44859,32587,30.926765727064907
62689,18327,61.03140884900824
74835,17870,82.64014771504036
10125,9862,16.871367682484603
2653,4397,17.39901720168349
84780,20030,26.54210740478805
83647,9862,25.91556829564298
8637,292,34.27382342467168
38537,43078,91.97191506624951
97243,25920,1.0771828841109174
53088,36710,15.619978142674036
3503,24667,54.42420467814928
67763,33758,17.798452282682693
16056,18964,10.446758600372094
35310,36237,2.8178080720534577
81599,27035,85.99592709506119
75721,46882,8.729431102535408
40041,8970,2.836319915531681
81488,17785,48.12719345894216
24496,14528,74.91822688607397
37282,40911,43.20331686589966
80835,1013,70.48074208294426
86960,1260,69.47634727662557
17418,43536,51.13129781408157
43155,43632,47.00267384820292
29110,41210,81.18949664247788
56813,19361,51.70645133903886
2091,14969,78.92147417780497
12721,30119,86.87847013910573
8446,26780,73.21788869829281
98130,30152,46.241601120272534
73282,40690,56.787905589726684
53871,45796,87.19716647594991
79921,7611,59.777504603738294
41387,22668,42.813998593467325
51820,36228,83.07673632951403
68141,38829,74.13845082752313
60799,39560,53.56009603030665
30618,28779,91.51129801944009
2343,10257,95.43200979405144
20538,30020,53.46325886169875
61849,32510,38.15453460665527
89284,31046,69.47847207792988
24105,18795,22.42275446792976
94773,333,49.74681632551795
69731,25317,70.04495522183937
64957,9430,10.98688883411968
84394,19358,81.5501939294052
76510,19459,67.51833473468115
61058,1847,26.70051498147919
77029,24475,62.47241904549977
52383,40538,93.93102315466994
13849,32228,35.453932103188116
26111,34407,75.88063902007202
4057,20443,65.83052172567956
10869,47546,92.2580798508539
33470,34582,89.7443724277136
12255,40006,13.660689065521286
68889,7798,27.70267856883274
81941,49292,31.352631541731572
75110,36323,87.06756286913816
84200,897,20.013381096374626
25628,37059,65.12567924761045
97444,48027,81.49078048990349
50687,49534,84.16525195709471
97943,20948,96.74203539165715
49281,46718,30.11910163742539
29736,46670,45.13234341542821
2264,14967,71.85122957713605
30663,30063,39.04417122306468
86433,17733,42.62237677872313
17984,38378,82.44294615641125
43199,27280,60.64377925808724
21509,24942,88.91784609756503
18947,25544,43.41241105798344
82085,109,29.32493990955922
20778,48481,1.301655181848833
11614,2188,60.53616678731495
84520,29805,7.609545571076733
48932,29097,32.207067279849994
63677,83,60.16512179544713
84902,11633,81.99686396490918
74829,14235,68.74764653238853
28431,30091,13.648742857481754
78107,6505,13.763671221676974
91925,28979,96.59973146909374
40795,4867,52.21691412418348
80426,41089,78.29752132541229
33349,42899,85.92162561413193
78367,1336,74.44059135998283
37924,34022,86.69041429959199
61400,1313,45.679486257480356
48550,32371,67.9751484073166
35510,15702,69.99112244463045
27712,15267,44.108369544637924
7173,26381,1.2227207518456993
41635,35469,24.95063993401193
1869,14547,60.73242438863994
57854,45628,95.20436618474677
45611,27004,95.41987950160708
8707,1080,1.7300202846017283
88877,21323,4.5236917616612535
49312,48950,50.75503741512815
91383,5588,45.350932509979586
27845,15573,85.1005458010831
76242,24654,62.10102572876619
91691,31946,90.48078795807423
37772,8823,65.26430320153067
57694,28269,53.26859205901039
42635,25449,27.322107292414106
8794,31361,85.5970477220044
95849,38280,10.714939281733209
12242,13405,80.18424096787925
53278,47193,96.68835043889514
78412,14470,87.79802406897493
16593,8512,96.6705054573808
29459,26981,54.09855872086509
27017,31175,80.36050599748611
51579,28197,29.84939757683703
99502,12781,97.95055713265265
43602,42319,10.152606536257146
66719,22658,13.418507014438688
71157,31209,22.107084666689072
35996,19876,76.74408527342356
59945,35124,44.088498916795245
94519,18263,86.30392887954042
24298,19481,80.14164778866618
35469,2877,17.1368027854731
7275,25336,41.9157886411199
7599,46575,1.2729163301346225
92437,35442,86.77003498655574
29987,7848,82.08315229009628
71966,2029,42.45636422046603
69546,41243,31.08473750984032
87469,38478,48.09052016934637
72282,33871,65.64386464129565
32087,10074,41.413418975095205
21624,33949,43.438980417496055
78491,22056,68.14459154318558
10156,18443,24.930863921348582
99366,36066,61.483787117051335
21829,8121,61.86036942037887
17223,20396,78.04055166943871
1770,42264,72.48652384279465
77921,39132,27.267830891416235
89723,9315,92.4141420281272
47787,32645,53.690902081973924
21301,1162,26.93320912760022
11963,35801,98.26598704350855
41953,9219,64.19498875224969
97267,47947,91.59975307785345
49861,36162,7.618039219137401
44292,20707,23.643575651849307
18890,1392,18.197534300182202
8643,41377,8.915135177807205
99257,43084,30.51844197839666
62709,8712,61.71866785257532
79884,23864,1.2560895064192377
23000,5006,11.78435822683538
17496,450,18.94708386084334
62278,16316,38.944972556275175
78792,18294,88.81039491882622
1097,21401,63.023944260085194
71922,45784,73.1879151133281
82680,11475,54.70385082308596
21927,9727,42.78977704792925
6337,4510,41.60415594388722
69244,18783,84.84380636800823
7284,33440,5.331445921496834
87335,48083,20.29774994560555
14920,42383,96.6310477763512
77223,5588,85.60395162711947
82005,42301,77.44215689135001
70329,28672,24.677463803953838
44824,44379,37.96409516828891
56372,21246,97.72570402846573
16672,47495,96.21904958744082
39995,8201,4.379152809156134
51657,11654,36.84479963884582
43963,15466,18.993408182221955
12602,13556,20.752780170609583
69658,46279,39.027997906830905
39008,26090,34.12761698575492
64249,34756,31.97976288318032
57337,7466,74.41812081855481
8261,6171,98.13898434240181
98693,37971,33.771826714287286
81033,46178,80.90211108931527
65937,38497,16.670938524750564
32356,38185,25.245475671351187
80540,46111,84.46606296481353
26269,21390,71.03477536326793
71587,15081,3.0427070555497577
94530,42066,67.70540871381318
6918,18719,91.68579075327992
49579,14540,32.30781208008287
68000,23549,43.727988510777735
53118,24506,37.04169706735598
92242,30033,26.05071266265284
76688,24731,54.63253615213288
27496,6390,78.93290903728536
50758,30249,19.81121548163757
40642,6923,88.67148455471369
68780,31869,53.8305994875494
91424,17917,68.08722484895411
24035,40722,18.282791734096428
6605,48419,2.1683062224569474
14084,28697,73.60319351947382
37700,4193,22.620971481912786
2783,42186,21.7640200462442
65617,25694,61.538729129582585
31842,12990,69.74920517638104
26680,6013,57.602370642165496
96428,119,94.3533354520095
23103,18311,34.65681820930115
45680,34054,95.68530738271023
80478,39112,71.62037385952345
25279,37567,42.7360692932895
82678,45219,58.462873883065015
88463,46883,21.35372506652532
64211,46061,49.0932936367071
2330,3206,91.34944503696191
61471,17073,95.9563535882012
85778,42421,44.34660022470374
71873,47130,54.79569351905696
49773,3412,9.433730405548015
75418,47949,27.51644012579535
81549,39616,78.82963635444536
13690,43763,58.21318849764199
9735,16859,50.67120001475599
32631,22199,35.054381269449
83913,29928,40.03771277368517
20749,38718,17.373341661463616
75282,16078,38.20231536779801
9958,16161,16.716116979538903
30892,5384,90.62636870633142
69990,4129,65.1859356897723
37955,30081,14.537303300990851
86375,7452,28.945513246228778
87719,40507,9.894566637814256
25361,42056,84.74548842444003
79762,11867,49.1118179204613
69265,43620,42.11094696073903
74668,26548,57.435020904940245
30887,10505,3.2907186761558234
33768,8458,34.67687796772031
69222,9354,70.42312307888648
3286,35450,62.240790397011104
80986,28446,12.468299143506716
19604,32513,90.6691085435552
9008,8454,46.03321775845831
21766,35285,38.898811698994706
52568,16316,25.384268985704065
70705,6898,21.278536432213194
98441,14390,6.597422652259119
61262,19166,54.074226370691456
94027,38554,46.610161735709646
5587,42203,96.34517846299441
63902,34699,10.863664874366462
36020,44400,41.31758957723827
14017,33307,41.24897871033008
66241,2328,1.6033131872131405
35838,47075,38.4858792321553
20032,380,32.71389392322612
75134,22569,40.92542565930358
1015,23019,16.70725138480923
98361,21776,33.83305209224021
11152,42497,24.819215816952
60623,3065,29.785335219606615
84819,33512,24.91567609859528
28121,31327,18.563066249697943
89097,4314,29.633727819866678
1655,4926,68.50721988444961
92344,48379,82.70142436455663
9670,24553,5.660307961967432
88593,30431,10.372543124632646
75017,47055,50.182236959313364
12823,46304,82.7432536365165
23812,31745,90.66497346943001
84489,4013,7.642034823565144
36595,9791,21.912816394712426
14981,5435,63.46837979528983
3440,36968,16.78108072331704
82087,29988,52.30487090004974
81875,13348,16.786277095707177
20852,42399,6.492281476737025
59803,21105,13.319312561231046
5611,35754,97.32249160119989
32320,49182,38.103401018488206
58184,12689,64.232371447953
43622,43057,47.61699889691262
96890,22058,74.83946612189543
17538,3671,14.373819485269202
91330,40979,11.328226614651314
96891,47990,84.45990674863094
67491,4125,79.95622032099335
57648,23339,73.01565388591482
94886,32215,93.6254902073052
56284,3933,79.18395027054879
4028,33713,29.985002625864347
32940,8978,20.60666032879101
48845,6229,64.56817379236765
30821,22877,92.5789428444029
45010,8709,61.79552867422501
54065,20857,7.973147284477917
12816,17587,93.375647567826
97992,20083,37.87694691295396
55407,10151,97.82032096159246
16850,9379,36.41156884941067
70622,35571,57.505103812804805
90869,29311,11.279361467401733
72594,48750,14.951085087220077
91452,48229,35.09835653664749
98503,686,6.2365604066303835
10355,29947,65.36050339893414
78930,3258,28.534202145253293
90549,40924,16.076566622319728
3505,5224,81.68237737685264
20356,27324,82.41138712334198
10738,32736,95.05575286409413
10192,35811,73.85436538243354
81764,44173,9.054658357584326
76693,17250,72.47375835683013
22964,47363,49.29016075427912
20747,5108,45.26416866452283
49782,6761,32.02479398154803
81276,44279,81.8391084643597
58950,28132,20.84047113480562
58016,24480,85.88493245065935
27238,39244,13.773989975774022
10346,41482,26.43728076931779
20059,49458,24.009555407273442
87797,32925,32.78368572567241
25467,8699,51.05239109305539
97984,36361,4.896683348305439
99315,15975,48.88649598405147
78249,33531,9.491828884483693
35979,21523,15.697759545311804
94939,38829,37.84168374033568
19987,22003,68.43819908865429
43438,48516,26.395727855261235
58294,23949,40.422650404899485
23560,41749,20.878757595485016
13130,6206,54.24678616199837
21953,31774,57.424520550067115
93893,42164,40.8165998157014
10963,40259,45.730438264517474
42201,2479,17.974345654438398
15305,41991,41.64676533558115
43981,23988,94.69788061535172
40883,7022,28.402284402101685
84572,1005,17.777810830543398
86936,30438,39.24192792619345
94020,47756,88.76782558011837
60993,9018,9.174592916736016
22714,42675,85.3979182997607
47214,19133,38.223983460061525
93795,49411,33.907461792540495
60173,5361,97.77906890426178
72513,5496,72.4452725166151
74753,15816,31.31369388207573
75937,37691,40.04276815999684
99249,34206,73.29911767446485
63136,24318,83.34636775142576
26114,44002,32.13983125145931
39722,30285,89.9499677760945
35590,6508,76.30264566144199
52261,6031,4.428352333378781
20751,26578,30.3422511826422
58029,38120,15.250194060805807
98981,42181,66.10017421248357
59575,28198,57.8233864408063
94087,46614,18.1754337580079
31318,21242,38.01470858516453
77432,11061,77.51235738520815
26667,40813,41.0273526989228
1647,32074,38.9647303418952
65875,4547,17.358035615411016
55592,29640,96.71743481660484
71116,14871,70.58321526440261
78692,47804,53.83660631985425
7954,21757,85.23620334263653
82653,41105,84.57693467789461
41739,21460,49.21188389108337
64164,44271,27.32323174059338
65204,8926,25.557381037224044
52820,25501,98.73240540301474
28239,42092,67.6450628328878
74390,19941,45.24130896961015
47241,49661,44.42574029353277
43546,4704,58.67289018811792
72405,27017,63.86380936147301
24449,2332,39.724482251264604
36860,16146,83.58469641923016
74942,25787,91.39399168148559
66381,49342,28.111691498605722
21147,7278,40.753582562945915
18969,19131,5.083138486485467
39358,16776,62.024848178919854
91746,41342,36.34013715311077
96450,42016,42.13573978534012
53796,24069,80.32926692580794
99466,13943,21.21907262946461
60746,8795,47.21850023148198
63782,30589,9.891989704949028
42389,41139,45.982108059347816
93631,24485,1.0859470391743768
52655,4701,51.62963481772636
77352,46996,68.36969414387123
40203,30099,78.77735273148683
10688,31913,37.074231424999304
62326,12549,97.80574463821188
97104,45570,22.358468816050276
67804,42536,38.94631765613152
30673,47238,48.68337457667738
75124,21512,49.865392134233126
49125,34116,39.37126609597393
69217,49962,83.64873337292232
16228,19814,85.25783288245606
20510,253,1.3401375699979223
10548,16294,95.87819309467457
99225,20523,3.8442661107053393
93988,8062,25.145561010561313
99248,49838,87.84672953309594
41347,43094,34.86415135051048
51377,33046,87.39280243946057
78036,33762,76.25859759918534
69896,2369,95.39390858153499
26885,33306,43.13645583216347
20103,45128,65.70739564682034
85020,19793,69.00048616804311
70479,27066,18.867467184924283
91409,43324,20.609178206955026
3619,36900,36.6283794127261
96930,34137,80.05928658588485
8063,9844,55.26405417306509
57326,35049,4.027866642126814
70951,1593,18.9100076160815
57731,35402,68.83743006241902
19597,33012,88.00729320629723
25947,42592,7.1828762150757575
46786,29583,3.992192813120831
64957,4714,92.27390493530916
28711,25722,52.700454654790725
88003,28440,25.366242544426306
97028,24379,92.91828671667785
13057,37720,16.44124016174257
59241,42731,8.611857376697477
79570,4560,72.7378725022781
68558,4500,55.383910543410416
36226,2264,79.86018588930617
42346,15204,13.859823603756436
49008,49631,38.56523539311202
89462,18416,92.59769371663526
45166,19427,43.545496246196365
3659,35069,55.31056679296058
99474,4290,12.643993397636866
19978,8875,3.7734265829678817
65123,35177,7.152023441441646
59095,12666,52.98922052184893
54775,17064,53.811403020113104
71557,48297,67.70987354957845
12443,31123,21.028587529730252
54697,41646,91.7190098112354
44142,25138,83.74703226963084
10298,8794,41.556157698384204
47291,27433,82.34717479610332
58941,5935,48.59345470898772
61540,4376,53.182967105905014
72569,42955,11.83610110673639
27647,29286,58.434838587980686
67135,35829,77.60420911272014
53775,21496,70.14715639871949
27139,39522,24.37222537256442
23880,25344,26.210770629748843
66461,18482,90.7622880319637
92873,27327,60.962221829650865
50434,44096,79.07207244857136
84193,4304,61.726151931909214
36175,11654,27.660123085578107
16036,854,49.405378991040436
63050,3077,80.25326076939345
84133,46961,50.878767515513196
29910,27525,32.900604751975976
1238,21149,7.937472456965538
3492,37673,79.52786890706255
50408,17444,87.00763901377721
9672,24433,45.606611355156105
40893,28485,10.810752532487815
97205,40630,34.635621665779894
89838,44769,59.35896107559502
97876,4259,3.573730766256433
18302,39112,16.763052795273566
34549,20444,54.138742091555876
69373,10603,50.59198882074997
87318,24955,98.33878086132081
50038,2550,84.20865849096633
89552,7082,62.975349006249935
38215,26427,32.63285582357946
33428,5651,66.29954426472214
63934,47362,52.91016863895635
68408,19241,96.06205315203458
61868,1626,58.259390400553315
88638,46338,61.30293173332733
51730,34631,91.34215021915766
84564,21858,19.689073799402188
10571,6155,91.18944797303236
65936,18810,58.396966184240185
69035,14098,37.273416299524285
63107,43790,21.389328220037843
37903,29214,14.688372402753988
67377,21825,40.560119150266374
36167,26189,23.823155039411084
12111,27191,71.26537869534936
54882,17583,9.073342587948872
67948,25830,58.814680552867365
22437,30575,76.40329998672193
12240,33020,29.10776660388252
17094,40553,55.498090458917375
40589,10538,34.81666863145637
28697,33426,15.105409933924765
22230,12664,95.68188909807677
93331,39283,79.20335169328403
33284,33268,23.927951234120236
97821,20413,19.422480547565442
31653,49624,16.195433191515484
45598,41541,74.6145100628834
40518,43530,90.00772203200361
29595,18169,64.44694425608607
98542,18611,43.62738120857324
56908,22884,90.52590595014728
81571,47317,6.396022788879548
50887,6182,87.6491269393159
63472,26104,87.49330461307561
98947,25993,77.7643061248433
57978,25184,24.653159703492566
33002,19123,74.29929268826557
78358,37119,25.36319693635
37049,8954,5.5985374513054635
27582,39694,83.71302158557802
5180,31047,6.710495339780078
98391,15492,3.6924647469461265
93600,21152,9.076378004230449
68426,46014,85.38892950091707
1223,23917,33.21861553582429
45185,2525,94.1634208100968
17897,5712,28.62250682923804
59877,8324,43.677439013700315
43074,14345,79.47441973449529
47096,29034,35.138352956876155
15147,5934,37.09084793504881
23001,13327,70.88647082918331
36283,3471,64.58676301484194
50152,24287,40.02376415063213
80739,557,90.93970982188344
9644,188,80.33268657989015
72215,46908,86.11717399253365
29174,6569,27.02713881961801
89609,6466,10.32197472275442
39200,39623,47.89703764412655
90372,1123,53.13106076557024
92652,35268,57.627931625471
11939,10934,6.191409316213372
44782,20258,98.94105296923941
63482,5865,19.487833104885972
15705,23148,72.38917994696935
71796,1081,50.761941920967004
52929,34105,72.30814526355292
67903,15397,28.025279319042337
40121,30361,55.83325695913797
40810,22642,63.72997788529596
97833,13265,62.07737820036539
37015,24939,11.710929430471076
39064,13434,88.27927680288526
57641,32134,15.430798138918371
45799,39701,48.43080199362643
86915,3978,30.506779256519636
48810,449,24.79062771789919
4203,46177,24.63703377055465
1192,31846,24.38365264917979
45987,40064,38.76016454175133
98304,14847,71.34870971586024
83762,31002,37.9237635169102
2538,35177,91.32385813326444
31426,9703,41.51395673240937
51479,47889,34.592241077275915
56398,41449,59.39119095795546
16403,43905,77.86451168071498
45488,48121,43.15578033041455
15256,4543,69.5061795416643
80156,22817,79.3525756486871
93181,12743,27.756011206655895
91736,1027,41.08683332376294
34197,11000,53.13345487819596
3753,3943,37.66526674955408
25961,46015,37.94052007300069
68028,790,64.21362497906291
99023,3751,94.99480433355644
47872,25408,40.63667642587226
43200,48059,67.83885452104997
21741,11765,95.08335038318552
6305,17164,3.657986386155039
26773,9030,89.5020086429912
33409,10328,2.389352674804858
39726,31428,2.592952371173163
8451,12902,28.597160376737797
23509,37497,58.83555385681469
50134,13899,70.45141222878105
7934,49443,34.43115900655807
48889,47969,2.9717065601791095
14383,5102,40.45215619719055
62579,41443,64.29734337633641
42606,33823,26.58491678899066
57283,28261,60.0833406172561
25368,10660,60.038621029985634
1748,43820,12.346355575601766
1460,12543,80.09302521718108
73307,37171,69.8607046124871
9624,28947,93.07301837794361
55833,6557,51.22807863502328
27956,36523,9.496326644452301
83593,35924,71.95396603036203
97510,40853,97.92015218866892
63061,31444,63.522784471183655
23388,36579,86.8725364218
26528,19608,65.42070588514186
19497,8547,43.84660581803614
26115,38750,91.35560481840197
67926,34537,98.23224756362698
22421,25241,56.051558422163055
78516,34956,83.17513653561765
27499,27325,61.3854218051268
73513,5913,42.95225425527494
63905,31161,9.24963999649556
35328,12063,61.471968250957566
52890,22179,80.93678689287243
83915,1311,77.50004614929341
6532,40259,45.56770008192241
38979,3192,74.08796851069354
16119,33264,7.722450763685386
17659,44487,61.365756530812575
24547,26906,67.74413224793355
4263,3527,57.68077090307681
23121,3327,57.76353670358688
23868,10786,42.8300444566821
11612,26983,31.9568979426732
10649,28581,87.48676561539234
24109,4830,38.47866328250512
38685,29277,84.63441934073273
30486,9974,96.15854668858702
46626,34871,70.84690887827091
79187,7835,3.8219009201261027
32437,14863,89.76233405983093
97263,7130,61.22255683333691
16329,11936,18.248736210689902
25247,31686,61.25803311800675
95778,40099,55.55815064507711
72656,3321,54.22781870193283
58220,17072,63.34922369980864
59283,7473,49.69353373584382
90512,20442,39.19428788793783
61245,23456,95.90037113121863
20871,12397,16.691362761368357
82117,8956,48.447190791309275
94443,14604,31.831215903641578
93457,25825,59.69384494923605
90787,40998,80.7024661766251
12565,46475,32.27553148925875
26926,16569,36.30145366597809
87337,45885,34.576551720463016
15273,46980,73.91427620078099
65611,35136,47.39365063391222
81093,42036,65.69726787955634
99113,18044,94.0500172191654
78602,40053,68.83472464339367
44284,45016,66.27097108436554
25241,922,38.580088699190625
66537,13975,38.190986925092126
52774,27500,91.57573046749796
28343,16923,55.8405571700012
92428,43144,7.005849098278791
43812,48843,5.372395751546756
75067,6977,85.34206963595791
49862,46525,60.69529933480331
94279,4923,70.58990590104574
79027,38265,47.87439296256284
26755,18604,72.14045737670514
79784,45471,30.233052275257133
31717,45059,70.64034827039123
44477,27045,50.131222109057994
92540,32055,88.6461302802596
60614,8769,91.46485023959723
3175,17170,52.29377953351647
68916,20918,21.346436507757677
18359,25906,18.730973944964816
64743,12827,86.59597515805415
72516,13183,76.95758668946907
58406,4111,6.904707518532419
42828,23449,97.94578151247656
87311,27267,88.20413914104486
5720,28326,16.46378077806574
40412,32148,59.17129731829463
68285,13592,93.84723130722448
27003,3718,36.382609081114325
85364,7673,16.277546130750295
59899,46285,6.924261729539418
28079,3458,33.15503163366453
14616,38224,87.31901825274562
15270,8288,26.27160434598115
87231,649,45.935103893823864
60066,1822,1.2649257256708817
88955,38402,22.13180879692992
88846,36644,70.10632193638708
62185,17631,24.758949214479003
57957,20803,34.20715617082699
22711,41842,53.620270548326225
60495,22708,76.13190925036194
67569,8447,58.41922061177712
66852,29646,34.53624947307088
20016,34613,98.35442596827484
72628,35373,46.250478316316496
80624,6574,43.02553917404739
72460,23162,31.3760549523065
41757,39309,59.15393954123289
94190,4800,61.753278693097485
31501,19991,90.13994615640468
86567,39796,22.84074742534102
87042,33940,34.94980444419703
64144,48972,70.0136054990305
50874,9915,32.940212183631694
60861,13401,80.18516974348071
73610,40702,6.017237795261105
18146,40602,51.62023711884871
88228,36707,83.54832644335637
74582,38669,43.05452277290012
25154,43554,46.48740003078808
15818,37795,38.754685977344366
68902,49782,16.50854544946747
42317,9466,15.99230912749299
5260,37683,47.39546273590704
17730,4414,8.568450212280268
90935,27845,34.20568620098025
56753,26647,50.12846096986173
59779,14015,45.67621908046211
31298,13847,73.01492759991625
66145,29012,37.384705771888406
74518,4984,39.429672350145886
78478,30277,49.03084958917197
2603,25472,58.992227563650324
43971,45713,85.85981073383202
5183,41994,8.149180201634543
74864,43928,73.3393889458191
22865,25359,97.29298291950087
8908,49154,2.9016159853149737
92699,10303,79.86948833690927
39120,4810,34.66300391988505
87333,6203,46.37504888854207
80091,44156,42.59143076781916
15947,49707,67.95348132390711
98935,14297,41.45940379330066
15986,40805,77.65314037191841
94538,9571,92.38166701024836
25922,41967,12.863659119940793
7844,49755,30.619531059198202
79601,26579,83.52291194914932
56164,33120,12.584342533835132
65650,49428,29.905014113957154
69250,43219,1.5211662349684179
89067,47751,64.52648147479033
66709,2023,23.655287475087842
62520,14799,56.01401099005434
87582,43321,30.623744927872394
58326,29317,51.1035093562703
94238,45553,49.37482866173148
20457,48109,46.385405354647816
98508,25980,93.3496871681739
71556,8262,29.794125862016173
85005,7146,47.95388297474563
48916,39281,41.70664040140474
61872,25036,76.26191030974339
99721,34622,4.7391560815404485
66054,17415,43.42646532368827
79737,45628,58.40616902714975
15032,7970,84.76081618278464
12768,39523,80.46252844275938
15128,2376,4.454455423915017
81101,17568,63.54673694503876
85354,24966,31.05163913477792
67659,41032,97.91589838847288
55602,24628,26.367193447933058
3951,34765,7.1021588608044866
79521,15539,65.92778187628433
19159,11618,40.695261967805514
80263,31751,63.89145204944172
61068,14037,11.834844387204624
54874,348,53.652737709668465
2285,4052,17.700493296827734
88836,14227,29.50436590808785
11179,31489,71.06688450729371
70701,20648,21.708235996188353
72112,13601,59.167465084057746
18006,31048,95.21483307218874
32431,25071,68.07491798884864
74817,41497,7.917475765136836
17652,2538,45.51501097203674
88507,14478,19.44171855515797
18255,26868,54.39504878164757
88717,37774,52.12970163497859
65282,36147,43.739282256281626
15707,18724,36.32495334836328
59288,15759,21.831947281508928
42495,19827,37.2915722150624
42173,2230,86.83615270109439
38914,45783,60.62576230917168
85779,45400,26.5171618587307
50497,24514,84.53749216603958
82126,49887,97.17032325177284
33401,39943,19.997999307111336
22988,27590,78.80422174333924
39431,6603,93.6666937154748
29901,11302,67.10504585734924
85434,32196,22.820695067559345
23806,43202,49.826678064843
7159,21651,25.112497042066085
19733,5499,90.39927906190262
5243,5788,17.854627439108334
51054,23957,81.40838162253868
20845,13885,18.67123848871426
9244,48911,8.575969762600415
64043,18528,61.49566015171905
27896,27766,95.35417989083412
86952,7454,20.691190885371043
21173,1019,76.88276604441874
71130,18930,77.53951015527943
36083,43011,48.38701686483841
98875,3495,70.14194827328184
37920,27560,7.7349947033453255
47883,16336,39.15381705852009
71538,26182,40.8596493596415
53323,3969,71.34438147033413
70154,14095,6.335410197504572
56015,46876,32.8416194397053
79064,14469,59.64510677162574
88699,46559,31.357114912587146
69394,49573,13.527128709216209
19367,11085,85.37181934146555
92154,29003,26.898360568538344
86273,13488,65.50796302626476
49118,40809,55.203555007687775
26148,29512,12.204355088938067
62306,30164,75.4019234425259
77618,22908,60.82182267143915
19903,17874,91.88797797870701
91716,46180,43.173417865117734
6704,26366,88.81856959730126
28596,42699,39.323094138980615
77491,9505,14.931720473879158
82907,27864,54.266859452116606
32972,11146,26.259213608933845
66838,20747,15.531745318145509
14758,46089,88.69335553489265
51522,19716,45.59923218243158
50903,3706,61.39703981981391
15267,32079,13.438664601559893
25181,8955,73.16472701383833
40558,42775,95.08209971100318
74961,15543,31.870666621076257
53543,39808,59.74580536933913
82274,6620,9.047052492093817
27810,2645,86.73811322314623
99084,26652,9.09997323709516
25134,19860,64.66853202568993
1529,5790,94.70478023102939
96493,24642,11.865681699998932
71514,24470,80.70640409987305
74121,20153,50.07291010425521
77938,44286,34.672590746269094
2450,36268,93.67289106063178
84124,5111,70.14079292653395
19469,41305,81.21253886673726
60966,32164,36.806048948096745
16985,23247,86.57837776134805
40127,22997,92.10681579394502
53055,39095,67.84236934271361
53385,17291,78.49529694109638
32129,38298,86.21807916202818
50443,29010,88.19519582198349
99031,49275,12.633115394213505
59933,37646,68.0004898207971
80534,46111,89.72483073609557
39514,20831,74.81104968819604
63853,46300,68.81338423608807
49692,14741,86.52765385037677
68746,28912,45.377447797653865
80304,12530,81.85625483757259
90787,6818,97.56914443997414
3850,18949,83.10958286090325
71980,33700,97.50424541057063
10442,15526,69.28768677303931
18365,23465,5.787905721557319
12585,21906,60.194500774978984
74809,4608,23.91199413381873
25098,3129,9.357129339910355
58786,32429,77.12096973759046
14854,23923,79.6349748659193
34514,30990,70.32291297769954
8729,18007,73.75584539039856
15979,8546,87.12802194951028
25555,2639,49.44525028959713
43936,40868,70.5174452129128
90441,13689,42.223278319312406
94262,37439,63.43201946198446
1600,12462,30.20727857647679
6088,20592,96.4359035433695
56570,11039,19.811234889009107
7872,34860,46.8398742113297
47713,47387,47.03701048374837
66645,17415,84.51739997021416
50265,642,51.011283133470045
2604,5763,39.68094162270625
19398,9162,56.83013634882298
37064,35131,6.021548054756691
89249,14734,73.80826242916065
75117,46035,38.26833429643313
67375,20978,76.4208778504345
60546,33704,85.47090360818285
43632,2820,27.84558360648685
74260,194,22.326315687236445
27351,2345,86.68250933679215
76223,27355,77.4497399828961
36333,9977,91.91108317732429
56288,8355,3.9758147584896397
26512,42495,51.68532096698324
50975,22563,63.10948150410272
26013,42224,5.958739973026817
90593,8705,65.86451611255313
16512,41725,80.74147322548063
37491,41961,41.09354317621534
19024,20131,38.458849988824674
58217,35150,71.79469521973444
66025,30651,4.236554840024101
64250,24353,30.299204105008087
72137,11469,94.20515845134265
49708,38855,88.31844620932661
54820,35231,3.5683953234344825
79884,47021,87.51824604993026
99937,15317,65.10991804630133
51902,28566,39.14698367067001
23879,35883,79.20940206103035
69827,7812,54.338580068491055
13459,26232,48.24105584511606
93342,46634,34.40475848508608
68418,28031,37.436814573734345
37738,1541,57.1070090500236
65126,33479,34.85592734503597
36377,2962,10.604432121452811
41681,36089,6.198494137563507
49312,40055,85.34990377657687
76917,45851,48.33295571760098
18652,7582,7.350497417092726
73526,726,54.612205424905405
53822,42150,58.13359090910175
66672,19327,68.87092401722033
61380,25020,86.28924413284425
91361,15493,10.647787628762028
16402,34686,15.247480746634006
9665,36009,19.817466518631036
34933,39501,1.6262982405443651
58231,47525,88.42531225950353
7505,36320,48.0749096831006
47631,18647,79.95132842809805
51147,5591,4.507208170869333
64337,16008,46.03899905633894
47445,42380,65.72048810387562
46405,41545,23.559769147942465
11327,22473,66.53280281182383
42064,33281,27.340064611412146
94026,35717,10.951006668879636
33563,32102,65.38934837770562
66747,18131,17.590544655815357
96383,5607,58.7913804915884
65760,32845,28.005248107942386
49190,35406,14.491005125689536
10027,5410,31.172177649545606
39834,15056,57.038027856296765
14527,33980,63.50077269009365
20526,5191,47.26377355184672
7566,6960,10.947429632554405
52194,33632,69.61833908258716
89696,27808,29.498892628457842
16317,7336,72.29262885411569
91889,11418,35.64653653071034
26883,8440,25.5578261344344
80231,11905,81.25876730768756
10174,39493,2.4747277040445463
99655,5685,14.645568102482573
44906,45568,2.6893086230714722
96141,18203,74.99463185520686
8147,4365,70.39361275144373
3801,2292,50.86094791854882
75661,28971,95.21429728211274
17151,41695,93.83135815226252
33704,20482,64.5992991306681
8396,1414,65.86313463402257
85549,6940,17.270032085332012
9841,27686,8.522149083037927
10811,40303,15.998608476469272
92323,29167,17.816897285654807
50375,16785,80.68652922117394
61822,44498,56.999669399556275
94776,28840,77.49054482082404
42191,22833,6.573709213176115
7750,46470,53.104738433135445
32994,26942,54.828601096773454
11235,46880,21.77321668634146
65379,8300,70.96164662170533
50891,18110,96.6012515434245
5998,15656,23.538190567382273
61258,19179,3.0265230158353496
57165,47021,82.68830665034977
45504,25952,49.646189965426984
57295,32204,84.42104651291528
35918,19275,45.437461694534214
39211,38813,53.10503873761821
81641,34460,15.234855010834625
67813,26641,78.58372637290965
86896,15640,17.2166958851431
70677,45057,45.73730317273577
67282,44616,73.72725246179327
8689,32417,31.974831198532723
45678,10905,78.3923917121404
66553,31404,39.55440617653744
10906,36099,78.92953422436338
27568,18151,8.486729708277137
55614,1881,8.178578290984582
79292,41767,49.03547074587616
35036,3553,84.59251176247105
91942,18407,78.95074518890063
62683,41966,36.012922224250204
31868,34548,7.750662739500292
61244,46043,24.881200946183768
65415,7085,17.534501996954532
72824,39811,85.44863768472212
19039,19662,20.550779129295616
55195,12581,92.82288159984759
84814,22394,3.28898650520168
28193,28029,25.50457030114461
2266,24242,93.49070002208393
34544,26582,91.14613395228854
46646,11027,16.168199683848947
88562,42384,85.32299442024325
14583,26964,90.28562846903517
84273,11902,82.4521615082366
7669,48709,51.421070572371086
12312,1323,15.95018311130028
55336,12038,68.0099704480096
46053,6193,51.048858630387286
29664,2609,75.69302505894915
48992,40725,65.81280688823621
72312,38951,62.80445947496425
53195,34597,96.36286312224425
17622,4699,68.96151093606534
84743,26615,52.106151797933926
73688,10700,87.4655111433435
79717,30737,42.91778818761094
51570,36272,95.02739993535637
25134,6514,5.396968593481388
87666,38809,29.505056492880264
34115,41920,19.090468244480505
34580,25420,39.519755954672114
89008,563,14.809816324565528
47317,18413,54.626653790507035
73826,7406,12.544844556442248
93988,48569,67.93705566434281
66161,2359,44.84310680136468
78315,23018,22.245920096189316
76466,8426,77.43971947477574
54957,23246,80.73535961781627
1287,29161,43.74244881275693
10186,37374,82.72915715064939
95385,38836,52.614346968710684
69830,48549,51.38852577946658
40661,31015,59.86631909594981
20940,33040,16.229772735817523
48364,3039,4.014783996444498
32844,45807,61.52091924817978
86900,48476,45.8595150614647
32022,43418,51.852236443453606
39088,28760,13.108432117482272
21599,24544,76.35895188430918
5777,18795,17.02755581387806
83490,19778,7.780040854576232
90856,21098,19.904824910146797
42911,38297,70.98046619877566
28655,13710,27.951775763858997
45579,17369,3.32951180250821
39588,8837,13.63073728080448
81798,39639,78.50275407314246
34485,35478,36.4881914517078
59805,8760,77.8459170552822
32183,8661,50.613204455904935
47223,40760,86.62598914312069
8849,34665,66.90085191544368
21256,24522,41.76407467891497
73299,22342,50.266691097162074
98028,45836,59.52606657304887
70068,34957,56.283753203547946
53096,33160,81.85947306167208
1000,39463,67.00694275046426
43049,26768,42.36014175075492
58176,25439,4.802446398075459
95332,28892,5.885396124272063
54977,773,62.056512994476606
97632,24435,66.63479215328586
83027,41786,46.99842292616849
24905,7954,65.77062584875561
11796,24950,61.76013552329534
95486,45167,74.1708542590835
86144,47666,83.15073398571255
91295,40639,9.602555669396784
79151,14883,90.68775093342308
56230,28133,59.85783705633978
79587,16323,54.734931934901724
61248,43019,41.294240289383794
97050,5339,1.8420040179307322
20300,41626,12.661164817046199
6356,28067,73.55131502206596
18571,15363,71.605883063226
40459,6289,69.60940799846642
6970,10140,13.040459884084926
60054,38249,8.357988111386419
92092,26741,79.73221951972282
66503,42528,69.05385187684585
48997,258,31.0303859613451
15110,7614,72.85293994078305
47223,42822,83.6520286694224
14423,2592,87.5732527582704
80824,7598,23.450303575326448
88781,21039,73.26911638783298
61929,42004,53.0844289392229
29656,27801,66.67204412080318
46333,36328,53.81979358089535
52829,14026,27.438659005252212
75676,21754,3.837810796477556
94484,38038,7.122487774212027
14117,28819,77.1006143590782
96971,3202,76.16971624705614
84907,30024,91.10296095589291
44467,16392,20.643720607643715
24883,21983,92.34426908903025
13737,41886,82.30008418885589
92940,1572,66.80313679934075
36542,36131,24.28235683418455
5305,44194,36.469286178784756
60475,17152,52.709144095703124
56785,30281,7.083846012864039
27188,29943,42.95263197784741
61352,8400,25.901387049816485
51129,1125,17.75615762302213
80471,45336,66.2444335310489
3368,22917,95.62605121763339
77283,37310,83.78228826488831
27614,25743,81.98351841944732
86967,16824,11.84354747060733
21512,27993,6.692868337888168
97052,23524,38.56261322375799
62081,45596,76.79350714042737
82013,6525,42.18127915671795
85086,23802,92.82340286464384
61128,4499,42.82782140162304
71370,23054,10.841388865166824
92680,14756,52.243877571505486
10537,13623,1.5306661754890323
91648,31721,40.704742285445
52333,21012,33.47829178597644
25283,24230,63.11501525416551
80139,28880,7.548572894637004
55601,44301,50.74051566557175
97227,25996,87.1898543907629
35017,14043,4.013746521351885
34408,43984,43.27584245919628
63026,26207,61.23606472794347
78273,15914,86.93517350549958
23526,14623,43.56559604165627
57966,6370,22.153134278428478
52070,13640,72.54092851355024
98577,17173,26.33439815480416
76727,521,25.3338927956899
39655,33394,85.01758022113985
22661,25511,70.30590247420938
50181,34543,1.6389971282693492
3011,18510,17.841432148523648
63175,30526,35.75248940520163
21748,42950,86.29187752388864
83108,14883,89.35754347510583
31110,18552,17.829191970256787
98947,39397,36.04581764618447
51451,12409,2.9037224974655764
89130,46609,38.681784857141714
78626,11265,63.2284126203316
26564,6150,7.640204234637275
76627,31493,25.491604519285502
63611,5694,19.20146514056308
39732,42423,68.01094619713707
66133,41626,55.90006389294699
51349,15241,65.02459025612015
82042,15321,35.6177168936272
71110,7182,38.33006390812509
51978,40133,53.469853758867494
72931,13835,1.3591237057047985
58477,32004,85.06204798451506
80104,5405,6.179537339917319
22598,42407,25.82040350001557
87083,19309,94.27691455317513
24981,29468,68.9252377089829
31766,47324,89.89314411830269
24481,15019,47.50447666604239
19061,11485,58.39571732347542
47622,661,54.92407999598872
4613,47731,68.61172323855955
17506,23619,59.81322299117606
74064,11858,18.889225826533604
21401,22819,25.47542249632191
24736,34385,89.81389975595049
51433,43326,68.4707528663091
12268,5858,77.2555179145121
80641,37678,60.77250762360913
84923,27226,69.37244045405029
30932,30080,2.9435106783329754
98386,10059,65.86497512090799
3142,19207,4.883324858202995
73375,37498,34.580440085113615
66913,43379,59.00031144629963
66443,6785,46.01343537641754
64892,21776,45.17605975478667
36497,36555,25.695428383486448
19905,6662,18.124297891395965
56552,40983,36.297744782152954
77199,47769,62.47964108160692
31118,15323,66.64061220750865
78942,8138,90.54284193347743
72225,18074,98.14683298586586
70700,37663,14.06673703765503
77053,35631,45.42473000229887
58598,29592,79.6626474316359
42844,29439,2.7699102911656857
80582,45635,96.46921495412485
59404,32226,74.41804858318994
1218,39882,61.911070051007044
89655,39242,64.4106138528293
69223,17847,28.015843310146856
2582,44068,64.8770335047669
9495,40976,53.50973567986753
1731,9470,85.38961834932684
38067,39417,59.39707910774512
4604,49799,22.197055383223585
4076,20461,62.448717543616674
31357,18969,30.78223783590723
69099,7637,8.368774548101607
53528,37169,84.23808971614241
89629,32690,84.94127120101038
66355,18800,62.32799445456649
78511,12956,53.82435651624986
44580,41030,71.66121680951525
2890,19579,41.906935620381965
23032,42604,91.23225471023372
48287,26838,91.66225478856259
42904,41470,74.97929746616552
81662,3976,91.95867485939999
46186,30422,28.362784257470956
71033,24538,45.23660723399786
45556,13968,42.60852535674225
72570,16160,97.7007600429743
3915,44299,78.34792719556874
81540,16356,75.59604421862574
1378,5635,77.77149158963113
72765,41104,94.25076084399075
81080,33903,79.18545526855578
71753,48958,81.98849463959401
61462,6281,9.86357756156942
84274,6995,17.279155339386012
55044,38156,8.975075875962176
70624,11167,41.798044754800124
1505,6307,52.11943555118903
21080,42882,59.30913283283683
65447,19257,23.918554892183938
61992,22596,59.003865181439416
45156,3456,36.72563332410827
18330,37374,33.01477363507527
71546,28250,15.216296346663835
94069,49239,85.28600872035045
94141,9278,62.25802516402401
75515,29480,61.60264697059155
66587,47417,9.514401313422438
69205,1310,52.62547661884502
95316,10738,83.49956910502445
55608,780,10.563651431047377
14035,7218,73.9537089820501
82726,10483,21.193057624635937
66511,31327,46.514188824122066
96550,28794,46.78415429198584
56273,9158,66.75217053982537
76299,24407,64.87090983970836
99202,35459,65.68059063989001
14789,31130,71.0071372152445
68034,49112,1.1381136922698742
51856,10263,30.8756998588515
48953,23534,32.54298098608942
45786,932,7.84242045642538
69249,6449,18.97106094183823
77849,26215,56.6588469413502
84759,27840,88.36767364862021
30319,1723,65.73287236127854
83828,38620,40.237669279490056
1515,4928,34.37038900390383
34712,40079,49.436879302718744
84671,6312,73.19672405872006
10853,26731,24.798920522682664
43447,19618,72.59043899312425
12713,48173,1.1585630664569306
84270,23917,87.82243839719374
65235,13037,45.38277096800859
44836,24237,76.99453743113533
94259,22792,82.5525129206098
85686,46399,20.54614313628295
20002,19273,34.693738110887615
61876,31902,56.958959770192635
97826,49223,51.34909460736035
36441,21016,37.467530200367534
87143,8234,51.653484340375016
85757,44479,92.70079431183036
1773,39777,4.934743823718113
24651,7173,78.83807714254576
75403,48635,15.843460158930267
50593,8508,89.77990837841509
18555,9953,58.76843412970358
29887,46364,65.9149395407989
72086,27231,70.80015239040948
64903,8059,96.80397521717262
17433,650,95.26870103905061
62181,45076,63.70209670004964
11897,23042,15.192228768799646
70322,45500,11.398197896042383
13910,32216,15.158070352435773
96707,34869,74.69342452377991
82602,14183,2.942983149768545
96150,12554,93.14612305683096
89017,5146,60.8155294931106
35298,35235,34.90959426735351
80348,12262,94.29276735400929
18092,19295,49.42863679085613
44461,47710,43.985990480624785
88686,39624,9.387913344004271
75139,9098,82.38605128594017
82841,4367,12.370582929685169
19966,19200,69.09062079457728
20186,44224,40.98877687694657
64908,36158,25.00364729204048
71960,3035,98.40992250379666
90347,25680,51.08791352973691
14496,36737,44.4907925158179
84190,27538,57.30842845047445
55223,23263,61.692608988082334
3869,580,75.51728403606631
22817,45083,88.80736935506937
13985,30124,28.03020286706195
2331,31462,62.97758722953527
94903,39715,16.833125118779165
2731,16698,75.81412394902556
38646,49180,68.3544922976329
8540,28265,60.97956767604533
56942,8402,26.997268297477046
63996,2104,57.86625846510223
12726,12397,80.85699751580736
37130,45710,84.03781508590612
4009,48876,48.306850833352726
21121,21187,15.224378350854854
17840,10298,86.46074175593847
41995,39500,29.913645935733303
5838,1865,80.0121031511008
83200,24926,80.86622711714824
97958,13338,20.012869864822807
45501,32851,60.79899355274532
26770,36707,10.90191501359693
16277,25095,62.53426291485521
18986,19400,96.37787547415597
80584,11721,31.436848121134112
27311,5673,29.088837077422554
60381,37615,13.270920301008791
20004,18724,59.849340065145135
74063,25536,76.76316253808734
75144,35297,60.400146459416284
18433,31491,1.052290181726979
31218,35054,65.65809290557074
96117,47966,18.834071696792847
40027,6793,70.4924797578268
40036,2749,50.54685589189016
89248,13058,37.67740766568585
71114,957,45.17764992519656
57237,20932,78.79816475672516
67335,44580,35.245762553290064
98904,42865,65.76971927627774
80270,19304,68.31816032411923
98395,926,22.133819924395972
93860,18755,19.200168645071756
90225,2685,98.99284689495053
66082,6489,17.960819234085694
63487,33334,17.815111853041135
43188,25029,78.55351882885516
9669,38069,45.04459650488179
57267,15514,22.364873967946668
86953,24051,52.758148743374676
48945,24866,98.85842070337392
15659,19270,7.0085108023344045
67886,34432,51.90698529808625
55365,34995,79.83226716373117
40910,33026,31.584742222755395
30872,44753,47.302664547127165
94884,15216,46.80672990113063
98462,33285,40.11229018823178
39248,12838,2.285847290523497
50468,21542,65.85050214184055
21574,3315,33.76117199301948
8627,23703,69.22886645756866
40663,9510,55.012838144940844
14858,11534,64.67389793501883
3856,9164,82.5931733067549
9578,34252,55.39948610034594
28411,16808,11.672523209842876
46741,3207,50.13758176747515
49250,47278,49.672455279638555
32692,44992,25.645660907443034
96626,5302,19.844987812515107
7457,4157,50.67694526511191
24373,19977,38.20365840750239
55956,25442,67.08828818128231
9532,136,4.876114028772354
12126,38088,56.898411460499105
24419,39129,60.20337328436282
95381,41926,47.115075254183175
97507,9915,78.92244550080243
23363,33022,45.42391439465964
91527,27890,79.10593014289823
24598,724,44.5890426057652
11231,10144,66.14171978930449
45884,44680,15.720417046375816
64478,42486,75.84383291325624
83111,25833,53.58694559956654
5281,12067,67.85125221119655
71502,34696,94.8168536825214
55914,15984,34.21846669711424
76079,49467,25.016497690079998
98213,40161,92.5596333291918
49602,41241,13.636528864400088
55046,40125,4.971254196101864
37369,31773,4.9813656675254725
94342,36823,70.21295701392685
80443,35586,2.0167758045112634
6277,21944,39.730030031927676
61711,15315,28.384227612135902
42864,1519,35.10016749137216
46223,26366,50.838579005912635
41876,38359,22.9351911277102
16193,1884,36.730834458961965
2627,34512,91.31993403467219
15188,45648,50.509277157975845
43501,20358,4.720828042253747
90720,6387,26.993878345816274
91147,39712,15.2362990988332
64348,17744,77.94169875633457
48160,33784,54.89028790579007
48055,42772,11.935948581618991
4476,22196,90.35719024057232
88310,37260,16.33481455297544
20399,18757,4.752510814625258
82238,19276,70.652643850181
8854,36741,58.30267744490139
18354,21968,21.965642066169927
3791,15520,14.831081239719857
81456,37732,68.11513018422154
24955,22145,92.98877410849896
67182,1371,52.474926825575785
27387,28583,36.87978531287111
41028,34844,33.1049673141378
69620,21075,17.971177445349596
6763,3956,11.490538415924412
64926,10944,90.40837132466606
48808,29643,67.92924818626378
40922,27075,34.50872342850019
8121,38440,40.44180577115658
70065,7512,70.68805990908466
68721,6594,3.836968506510083
96311,43043,68.1603456317662
96334,35396,70.25483680191103
12337,25854,82.67226039257434
37895,18161,40.37497632418121
23541,28375,63.68157264983201
89730,6051,64.50416722181336
39135,8226,35.10462958960226
7751,15463,44.97709924083117
40390,40984,29.929095598357822
99988,2119,56.191200584020436
17063,35292,63.199894886057
98354,33600,37.62001866320335
1985,21468,62.25315843079241
20990,28508,27.743639570204067
85776,49255,37.243509626461936
44095,30342,40.175982330606665
25836,33958,65.31037087962358
81183,28051,97.03883018853992
80346,42824,7.005994062240056
22244,31206,57.89094104555915
27021,23996,81.46401960157522
56872,16048,47.64310365178131
10680,44098,40.87820068480572
93036,49978,62.8384379654334
2508,7681,58.98151136925791
3996,13598,50.99212720192469
91956,39228,42.83743028694745
75880,17007,50.61457442423999
92361,18374,75.37954250914812
59953,30656,68.43127658397778
81841,32992,82.061161570744
93148,28132,82.17217424216508
5237,151,50.57185952743539
56139,40188,32.750841695313156
84666,40534,53.43473423706318
41998,5980,58.2643451639794
38383,28744,17.200507905643065
57977,12974,30.52305081791929
15867,28824,73.49891091707141
41795,6984,6.41029471001907
64874,49247,27.7540979532108
16301,11339,9.201883832347779
71426,11063,86.82589835210662
48050,3329,78.05487821203808
96667,40995,18.86105163981054
79647,3879,29.66913972806913
45511,39832,91.19643200766039
3929,27818,16.47893716736268
65355,46281,66.71903124161544
17220,13194,6.002241077341361
57318,10723,43.80491932292716
61873,6045,39.28347638522349
33228,26276,76.63143956539732
2038,11823,60.266417844588965
67148,29986,32.09700538287323
98751,32896,51.68422225967712
26904,43075,8.114055193367417
43253,1804,83.3679348711868
34379,18363,74.35956418118575
40125,5711,90.67066720990567
43173,7871,19.198210072222082
86413,27634,49.19448088757025
25815,2402,72.90666253127326
65898,26646,27.832520416217672
69459,14350,56.41367636532049
97362,10762,67.9477754795111
68773,10800,24.67650465160745
2194,18476,47.74928495523207
52812,37180,81.23117355622819
3857,28532,75.01099863167262
71897,30579,29.627752086680985
27673,2299,2.4563050836446036
74469,32219,71.27390833239014
58789,25422,43.048021723881206
80462,18207,82.57860486737329
12069,4151,57.575398620204346
17256,20037,89.93812387260229
33923,27773,38.8570963109887
1316,18940,76.42873512020279
92657,2152,88.91956903807882
66421,30608,87.79600043268107
18496,44823,51.161717380030986
31762,45469,90.77446253952479
4444,41768,47.9744500613325
95666,44170,35.37809832154995
77998,12497,53.2736037813442
32149,11564,55.534560842047355
6887,46635,4.481338236986793
5968,10626,59.49594968271595
82602,892,46.260407962358336
13310,14910,83.20621893591117
83044,37476,44.451777742622056
68762,29325,11.462783027833671
98028,11445,17.37375798006437
62125,4214,74.08454199492833
66229,47818,44.343654501987494
20584,46442,55.59753546601591
18066,40646,94.80428802198462
93897,35266,60.609095462058136
51457,12285,8.485763514506871
59618,49088,15.134778032525327
55562,11456,57.6100378185645
59588,49033,54.394644739425246
97516,29322,64.43522248991324
1282,1345,90.9216625271068
40836,14046,46.567313858495176
52687,6557,32.907336688875574
98258,19650,98.35699588473928
95855,7196,6.029906455226933
29820,3595,44.169943231098856
16393,16285,88.18131786471216
48834,7365,39.77623951477323
36701,23360,7.520375488062228
37847,16119,69.68048959158068
89337,6378,83.00702874880346
72095,47546,90.47112362147122
69738,24036,66.04933881126685
74725,26330,21.172144280024416
19287,49774,22.209564372438173
35511,25034,54.44052127431962
92550,18253,27.309549459989558
5594,1370,65.73514992583368
31326,33325,67.11519158762127
94947,2559,11.747940447959252
32427,3460,4.809841727773926
89440,33097,19.52352763336578
32223,41595,65.68990212366425
39693,31170,47.15548583227824
37560,17166,55.9988731627891
24054,14499,40.377926812810934
53937,22816,87.57614267623651
35401,29575,8.932165989151674
77442,5331,75.70289669131785
91118,49205,91.15508117814692
97932,49132,17.325862606030597
47395,42874,57.16121096763367
28917,24363,92.3763541421729
95583,40217,9.272357152859312
75002,44738,73.91087309369706
2834,14674,50.79026136755443
88183,19193,54.735143855909214
16128,44643,17.239921778370174
87855,36400,82.90795142111158
64512,16022,35.678551836588454
19393,13877,7.571709840046454
87382,21711,43.8290740195755
86246,429,73.63807715343353
56641,25281,37.69506005575415
18066,20186,33.08749742484634
71219,351,19.34130506285036
23364,36860,67.95731206949634
85354,20772,84.83588613121206
20034,43236,10.747202080612272
35159,7990,35.327454174473466
31081,4929,52.59750188513909
98704,21838,31.47991640761515
42190,44723,55.55135407106859
21300,37782,88.58078492046498
70456,31298,56.71163218341971
65067,45712,86.70479530937416
89133,32117,16.062699834009393
37108,42043,27.080121682461638
14446,15113,68.79318930842034
89194,42573,86.0445383846835
68784,24363,39.4984981649907
50169,25009,38.17619149742264
55389,20278,7.258872378126086
28288,39271,88.66052576178193
55935,8670,93.28057573553981
95361,43371,35.866078466990174
57986,6740,30.30496362925121
4154,11517,30.023634409007325
36812,5638,31.81570495144673
16988,9563,71.9242330344509
16208,28071,91.79144252067519
9794,12399,7.132970028251084
55913,2156,32.87053110249528
18406,27395,24.708380692985116
9308,38632,76.65533157449052
78621,3817,8.771423897854955
67312,4249,19.277241511625085
69446,19672,63.02464237505698
31848,5391,94.20723967902632
24341,12684,42.25704685595003
18732,8858,79.2998398623927
70891,30366,61.74354495052501
80388,5486,39.07953140403443
81795,13176,93.63997060491256
13212,17958,38.23562529417933
49525,23568,68.92742031489136
67329,46172,92.05849030507932
27924,20740,58.936781698983275
95600,17023,74.81564896396937
24651,30383,81.59610453487288
48393,25549,94.11410089035058
68147,40097,51.52288768258379
88921,38059,2.3453326030267423
11490,25694,1.7168171144704105
33574,19593,53.96098725424366
13413,21305,31.959690163278065
94629,28768,9.392530907161667
31699,25315,20.226538802095064
74562,14384,89.1951201012123
90921,7888,38.411778697657084
57306,3444,96.0518962179575
45038,27231,30.17147842594959
28291,25779,8.155099997337434
88535,35143,62.06157563188664
27545,48616,94.81845097751423
57440,18695,89.4956665374941
24758,34998,45.912139386850185
5766,15123,82.56983841218812
13538,8714,35.59309635379866
25218,3498,61.77084150824611
19412,17331,52.67494446905623
21851,7492,39.82511913137857
67222,25762,23.308407826974523
39800,45381,74.26481116396174
31362,20382,9.167466640780809
76539,13300,35.436926639391054
47874,41984,31.01437363099801
81773,30851,80.63195855284303
93345,17440,89.11031298867357
28478,29166,33.19090433565211
49300,19707,4.129091146505839
77770,16355,14.319674279031785
16932,8712,97.70038802730816
19045,35759,74.408410604662
59850,21719,6.206547709270404
25937,26160,55.809642794182814
63191,28623,45.87144386612115
18422,159,70.28161604075669
13164,12656,3.8905996922062993
99228,39346,23.743234906291477
68415,48477,28.707274636615743
19639,19032,59.83728970076367
60726,41489,15.187919700117954
36368,3276,82.99812539186831
75658,12383,71.97898992870905
6316,4152,6.703253322629751
44286,46771,1.0033690030278704
88994,10131,59.038357968888484
40829,44183,62.383824574812024
72532,34471,84.47514774199325
99692,35345,75.79339752323393
49607,34039,96.12926654683828
15908,1390,9.999836277544986
53976,4646,44.24603858854273
4682,16773,89.13477611417346
84600,3424,93.28666137857566
22280,10673,12.55840620998729
71157,16363,7.228331796366858
14378,1877,81.48366802867595
15988,48755,9.690133712315577
9159,11857,33.067676726984686
54859,3777,68.80854375748851
22982,34045,15.709303435404642
11082,48963,35.89829096028264
89391,34162,55.32203598820612
29373,41777,98.55249231463064
49166,35617,93.6297014326623
44211,12515,1.7248509904257425
72433,48278,28.220768952581682
37883,39642,60.781568683476
21689,49725,91.37584083953432
52060,41141,37.35007900270516
9819,42978,92.36200956845228
20340,15999,73.11892497966215
79957,35103,50.88608197550472
65596,17214,41.8048389159758
90508,14458,74.81843125227182
98182,35828,80.12911733002713
37212,41406,94.73147767849598
27035,10906,13.539028017355315
90856,2165,18.285459778114344
88730,481,69.26255825120691
82408,16490,19.94951798213464
64508,2239,89.47789715459794
54784,28715,81.09998485747339
78925,12356,93.85082825339559
34382,45527,89.64809786534029
12313,41873,87.07500323668536
26399,9552,12.96858587554111
58935,31198,10.272094798775857
14960,26300,59.311235615407526
3044,9897,36.418855295634316
78170,43551,37.555629432127255
32410,8780,53.380167036037875
41284,35101,21.521022752961507
29507,25853,46.881080590311264
87392,27002,98.08183597522113
74114,36534,17.43264606253925
44658,3822,18.61069157401242
48275,19760,51.68066379674485
21541,10401,80.56134714292448
28451,31767,64.9604198438131
99968,12107,69.44102234421663
88928,13117,18.663084039995155
26207,17291,47.86974748993699
5307,5877,40.28948318019521
64685,38355,31.54612471079664
39336,16571,92.73777008889974
87633,44084,24.4393078721095
28048,31141,57.37720659606628
73466,45829,60.402966217864474
80511,42949,25.555565705506222
92242,21945,40.65137293558942
67093,33101,88.80488550799375
23023,10306,32.03116065291802
39575,13830,16.034940956531663
11928,42593,12.960494355402957
91739,13239,50.062396359461644
98140,15024,38.11968490739058
99486,45551,87.22643711205461
73421,37878,3.703761171109178
43256,21134,9.481353962295833
1313,4052,17.841175688493177
50733,16079,83.89957779716575
69154,44153,80.9465004434127
41081,46865,36.342302363160265
82383,2834,15.265737843573842
63553,9751,58.49578793592705
45936,23507,22.572743143117982
94491,18481,67.31221828958236
21421,3213,83.9051954550059
57154,49055,85.76092614767579
42033,7944,10.080154849963536
16978,36413,48.891525616742285
38151,25192,23.71599405998333
69335,7483,58.11202192595457
69755,30936,68.42333143778039
32170,15137,87.87830324320855
10966,45320,42.645769169807984
43043,37917,36.49828392990463
4557,6210,4.212874319247771
81942,25943,34.05173610005328
55643,15508,55.41478908338674
2703,46156,1.0871910978754447
21014,31475,82.28161544172218
96987,25175,62.15132156228911
65073,21875,39.72182636859438
61504,15290,31.486004669623778
46143,40451,72.33329060953352
23951,8753,37.66298465993564
57700,47841,12.850927665003109
61105,35619,93.38006421834517
81083,35701,26.215652098213624
28917,9674,56.478247986872006
39972,1600,59.05117552745926
17102,34443,84.52961996662411
84981,13523,40.36255794243589
80935,3126,31.231743086022867
96765,28456,27.509419472025254
98911,13829,4.351439229790683
72726,32482,18.815356946369434
52838,18658,47.03061010896528
64245,6588,2.8938840274932947
92374,39021,33.74150595129215
69363,27203,72.38142146239774
95460,418,56.01898433921796
17375,8471,18.604137900102266
61485,17919,6.038640253951989
68562,4073,18.81811524683001
90109,2953,65.63425408125846
49588,2038,8.583519984236684
6760,44913,77.25348348741521
20651,43299,12.493998240674747
61058,24458,14.471455290205041
59582,31830,36.23866833855272
55956,31014,40.113278430749666
24820,30228,78.43839952917288
39138,40453,29.329811104530272
40511,42930,81.46035217214542
54472,3335,64.9065221311636
57443,33454,80.80105849733151
21058,33012,8.750130932126384
56361,31664,64.2988890142154
60220,766,19.916898191174333
68434,3477,29.82533414947831
7351,6840,58.95928159658699
71780,2007,46.7573309645772
40067,41076,17.590911030036235
42882,7204,65.99495213840147
40506,30901,72.73541313593812
44363,10372,68.54153384843504
39705,17808,46.53066519124555
17456,32047,95.57458785304233
38638,41030,70.78949173227537
81449,21477,76.65858767131427
93263,7165,60.58123780010118
64342,26152,43.7491436344107
60717,45022,50.28288175541354
28627,40740,68.08251726728655
25167,37703,48.252700503690946
9978,12562,38.53055082098918
83177,13444,34.97866919895155
68230,39267,25.26894010795038
80825,14182,62.881679797186955
3646,39577,39.34544322051704
97455,45515,60.70487888736545
42149,21287,19.750762117718676
29799,27393,14.935588722702466
25244,17031,49.29808762155656
23355,10034,27.363550246416477
66784,49863,50.99171710255358
95495,21231,34.16314162752972
21040,41898,78.8030265952442
83058,23839,62.02130163211041
15752,42516,60.3218400776173
27903,2245,48.62562117186118
64308,2424,7.819301951196682
3039,25472,39.10423812643725
47249,38666,9.695389213956782
96733,27341,9.718371374056991
89347,24822,87.4543953040634
75957,31893,87.62691148887644
40772,32211,26.21862588861943
11054,32262,88.95924258447819
7640,408,66.55959057413308
45031,18426,57.738665033781224
13404,22945,13.379925502234574
33049,38159,84.55263844009575
26621,16677,8.13859496868058
82001,18043,65.34364934970803
63639,28581,44.35121797345208
26858,28860,4.628908758832154
8985,9614,64.19390617377593
85637,5816,60.3358406150539
37888,46821,91.8943222397743
24777,12831,89.51996672230675
67715,30842,2.554712716089676
74971,23272,65.4390028428203
2608,32848,37.19128066176714
20706,1875,35.00177480910023
14616,9484,30.413195050233078
58795,35213,76.51793439755563
41021,31673,86.25625851682578
68886,20031,27.842694683728293
25343,45464,89.07105358668409
93688,31885,8.484981771770231
32075,48894,83.47398283553976
12335,42485,52.32171237568857
50575,17581,31.26499392687542
15038,19926,81.59890042585113
77813,27498,79.08520862338388
47862,47377,20.951019867488238
55836,5888,69.16841059372358
49627,4544,96.3158919299595
5581,35667,11.635418046277477
18652,44282,41.39797230122042
43386,45432,32.91419236233574
71761,15037,5.051083582992318
29564,16002,46.498013539468175
27395,23538,7.3250159061461755
77473,16191,71.50389218407625
40876,13092,59.43458393452216
70035,29066,37.087843992368164
57120,31317,88.83984951749335
76299,22304,6.7960113326781695
37956,14965,50.54797079211313
59730,15034,78.5752234134121
22238,8047,52.96874708711246
11949,17317,9.773868497870879
48312,26090,69.2438701098729
70051,43518,98.31196458573694
17947,31734,86.20538351335692
35100,39774,65.06536837453714
34017,15335,61.39031890132246
25975,15964,7.006227031932079
98378,21699,80.2810037522154
47896,30350,16.1804995661682
35847,3049,45.63806295881021
7937,18707,44.22476857852898
27323,32820,60.57149289883464
73944,4800,48.99443697054024
1278,12648,62.950697020964654
78959,40562,91.73455235538557
12964,38515,47.71555700022515
84150,48662,64.13941417080949
86413,43710,13.867480138798088
73062,11274,66.16793093377396
59361,24172,27.027009655140986
68739,31065,90.69423181729084
62875,27709,55.34285425077468
19368,25660,91.6009081422723
43510,35664,6.1878083883914305
35194,44362,41.351085413090125
29299,27954,95.28701933754026
96211,37591,26.012857499611275
53598,24163,75.08880032768285
76910,42204,42.73979432160296
72191,34414,89.28442674174269
36003,45693,82.70564711317178
64559,48275,16.69621291605081
1608,6473,74.54591516346706
99170,1015,57.56950878474596
68346,17541,40.77486571742026
5341,31011,2.8306317779937733
39743,26867,63.04054094548389
98944,37845,38.984659112301806
8801,49611,24.181167510764634
27628,9591,73.51457912757571
76487,27796,5.753735304613398
19921,35312,60.79102891152707
40056,3727,90.81129167430409
13784,21050,79.77066580246954
35252,11239,67.34040132374872
58250,7138,28.480557939534968
33682,44316,26.30577606398732
22162,10906,22.292766868838626
57318,2100,97.25410833360243
95061,2503,79.21736594743042
30620,32517,98.12126642199404
19631,7416,43.34551539706597
60208,45023,55.44691379352978
39287,40581,84.06806735421449
56828,18376,75.12712573507197
44374,21755,67.02946919354203
34825,42182,7.883801310670293
98495,40272,38.663799552930804
85281,29082,86.80161584806577
40667,11566,64.31389345601866
16303,18210,75.48801298850674
82805,10876,88.3438679506483
5065,27461,26.365732019221447
38846,46775,70.0715004328474
39525,6962,92.59582570801822
24637,10591,55.69554898938069
12452,14760,72.16750137516185
98593,3904,58.602853927672946
54614,40179,26.275029767694548
86045,26507,47.42077845741301
53887,3874,26.54244604171909
89231,301,31.410204984738236
31685,11304,90.32130567053537
84629,28167,56.53471682941434
64404,14432,55.50415914992692
10726,24449,92.95471345317398
93299,42515,98.92305193544125
90946,17104,93.24009290648576
3398,40950,80.33422425937475
7276,5735,10.217470984644189
88431,44391,18.032940303729717
61051,1173,38.88686565901173
78443,4076,57.126193066334885
58588,1500,62.95949740196065
19142,29261,49.18050458727542
70407,35488,9.828109728247895
72866,24259,72.95524031535587
99403,5313,56.49718576640776
7416,4975,18.753091119321418
31939,38461,45.9555183102599
19980,24485,79.83802149791505
6244,2697,6.952052304922592
62844,44665,9.978392941509487
26339,46402,92.87554987758767
36274,45829,3.49202777966721
47679,22461,83.55156363642548
27512,18586,3.760939067136982
89852,22275,63.860527246858105
76558,41182,52.921249276996335
2105,40167,34.860906534781634
95243,5177,76.82260229377331
1907,23200,49.42236376023789
48377,2818,53.3616263338906
95566,26058,64.02474284751327
61010,38534,63.4442810961666
61585,25988,30.11987615617967
8373,3857,9.894963699812934
82735,5204,59.322108187778035
7415,16509,2.6873320143800896
7202,258,49.616277125748404
90641,19595,58.86845294297376
17550,47485,20.75381564106987
19895,19498,29.010950990055626
61236,26210,30.05602249434634
33321,42229,73.40725455926452
39831,16089,69.61621110684186
33906,27674,52.98263176242427
46087,35477,53.39274946982068
50877,35666,31.134668375495927
25402,26052,45.638357812270684
5592,31052,53.551166871783366
32217,8639,35.19229648576744
16304,18767,49.10829302824117
31506,37231,98.84240570685307
33940,27451,42.81252386991665
92212,44341,89.31204679105495
95990,17185,13.327327826526641
92129,12804,8.533630377121352
3854,35985,48.26596508240689
89396,38387,12.432711670893594
48852,48107,83.10604470243585
27448,29686,60.47154444325365
40412,33826,52.5307428156708
29345,462,97.75391891820509
94193,12833,65.23881989603638
76215,43274,68.40263588468105
19903,20802,93.23804120084675
55547,11481,49.238566239040054
83675,36595,55.41354229509216
1057,12442,37.323491980708646
26678,46073,9.640244859692235
50212,40363,88.48415474099146
60158,35068,5.02074323656494
44707,22635,24.833873533532397
80574,4381,30.483006223762036
74760,20473,46.46209855778879
8521,5149,24.94696033266966
78036,33729,64.55641658186482
72008,48181,53.67887836972074
69656,25644,75.5348344936638
11873,17007,51.16457375822117
7796,42200,8.762258402925006
88130,49323,29.163555087273824
72223,42586,88.80463804511118
96948,23625,9.893126751355693
20142,26640,55.260895740339166
57332,19550,7.894688348708918
78408,44918,58.724536466532236
17500,2145,8.631226228070867
55326,5098,82.86601294349946
34408,10127,82.20039195676794
84463,10950,14.734428335201054
31590,16849,45.39182467135639
57280,18915,75.31356904436919
74766,47195,53.05570783521573
51186,32431,3.127227296380722
97211,40647,70.70600384012661
16599,5452,30.242132775350886
79259,19624,63.22540930942216
88742,25188,2.383144007730154
74546,1495,3.6479253268981813
16255,5479,88.66295180824548
91125,13450,14.47726488541881
47562,17285,86.61250175461073
83597,21233,89.21640433088939
71666,17728,75.77473630629798
87977,16065,11.241550186661488
92653,39667,92.67531068800699
10126,23302,90.40716131013272
29761,40191,27.124566798872593
93466,24372,92.6620093655012
67873,26927,6.165394830839624
6109,47026,14.15798621315511
64373,31325,61.476250709350545
83251,49005,97.60401167087761
55967,1122,33.27876685965235
24114,11596,98.29101154906213
2572,33555,5.457061483751709
60469,48606,77.2931689191754
18248,31946,23.930196475858306
91387,36889,92.17303885581478
81944,10197,17.763126916017
55064,25481,6.542862447229923
37801,27157,36.445847415785266
12465,28073,18.523450122445304
73783,32082,63.35903443514967
17135,6798,28.33410466482463
59363,24940,42.809796677015136
48450,5354,41.61541693524967
84800,9839,25.8767992152806
90426,21470,91.04451777815447
62489,8195,31.269345972168516
1800,38810,20.119814815366254
61306,16085,58.28473908609243
10946,9916,61.097184369779704
52079,21321,82.27064483589957
55862,20004,39.85117148702173
91963,24177,20.817036270435832
66976,10155,15.445844692084416
22117,28918,12.982355804386138
90904,34421,13.129984954134871
63379,22499,33.603305105344816
46252,40614,76.74209277547617
60739,49202,17.032613381242378
84859,12312,2.762983591052574
74978,30145,24.98200405247176
64430,2019,22.31383914231707
81295,37778,90.0603406453938
64896,18171,50.687837671289195
93344,15324,73.62243475269827
92285,6631,80.52456943733495
34972,25730,40.997250242977366
21277,24779,67.07718044892599
21454,31351,84.67497660457745
85977,31718,60.287131287015065
28019,5181,9.65231607949
21295,46619,84.84092157926452
18614,40848,98.81350815329918
1452,33557,42.9778027541458
97168,26051,32.214596237148136
58739,16310,3.313063625503223
11795,17850,58.98183154983683
6410,13286,51.71166247968869
75845,26239,11.008029767249013
28841,28522,84.36807172371881
62626,49918,70.54185778420758
81464,29380,53.008459232145164
81259,5163,13.952297707571823
74719,31183,1.279860716901961
15489,47571,32.071723112722125
90894,29909,70.5476349052476
33767,43619,98.27077789791862
50068,8293,65.7510351820857
27660,2662,96.13265830071754
14142,3749,10.652533415590343
99088,13199,20.391972209356123
91518,2926,6.712167407800448
59841,27022,21.64799349531039
13332,14958,63.17069579749993
81670,27269,12.199616570569496
30720,9763,68.01969184281258
19251,2782,75.15657509444351
13591,27175,68.29424806006993
92598,22417,74.4729531729884
34316,43792,60.34772173476148
21614,38661,67.30356990303915
5592,129,74.35011933067368
21863,12104,15.850198876583955
79488,28368,9.725605792517644
59232,9090,33.66458687652752
89531,49882,57.95055047739823
98343,3620,9.414813276649634
74692,43491,61.13352340044106
47595,11353,82.62073395338957
63301,16773,29.7855865791277
52556,4207,38.96928386502723
1338,33904,11.520090216725679
14348,4416,52.049718512330664
8749,41970,29.576168949438394
69228,26870,89.85627097998699
68392,49124,85.77035159792099
41550,33234,80.82190246235615
89374,39488,1.7912615633157465
94054,23981,81.3774200538151
60112,33057,90.51461762241682
30074,26583,47.160297338136566
46151,23564,76.82256906527188
54699,28434,61.10481933489128
7339,43789,4.98599844557291
43274,35235,65.02113140695316
54561,43663,79.18091329295426
25264,42446,92.28274876025559
48574,2451,18.6660416706501
74045,36540,32.362718136729626
87560,6969,83.4587269819571
73091,22183,70.0598596430494
43844,37961,94.71753650886102
34843,37682,33.839388766954414
70514,1028,2.135757579698619
17341,5386,24.828964674023528
93411,11181,40.78998664999941
31223,48661,2.5793480459890183
41397,8056,61.74590961335027
35810,25704,4.84084245175935
89864,35239,65.54042094691835
37165,15482,52.60996025037661
11858,38969,77.16799686045042
56138,43479,86.01890332167541
22147,27563,48.84940306244178
11080,2197,83.53209011881609
65268,4131,75.6338426368104
77970,24840,48.62133613212928
35398,48554,4.533034909479127
65774,25626,44.52335588796584
83897,26410,67.2351990728689
71041,46199,46.70206210712019
26953,12808,27.73835410348379
23999,47157,92.41226779554158
88234,24427,78.05658337243388
23545,45863,78.05274958951064
11171,40440,42.724085191028585
57606,10053,79.39614549676445
42465,34579,20.38971276774628
58241,40365,98.3677402999385
13288,11919,86.38744811388455
6279,48950,81.09810738367109
64722,41367,10.950063218036389
16889,637,71.56493862464063
73372,13549,21.446240813814672
32600,8559,79.20633727350788
51701,19346,36.30701773931301
68275,31049,47.37635206830034
31733,35816,57.67972251928921
45460,38804,75.33596624942652
62937,39592,8.169038940903757
23814,28124,22.744340930279154
50266,40496,65.02177023193664
76499,8062,60.73274282742489
53055,17420,55.810798863782544
49589,40330,51.30412979982276
13318,36990,52.407716143364766
68690,10736,12.171556857316833
79879,13065,34.60476199663062
45692,20090,36.98984151098817
39378,3594,8.588820835934015
82623,29143,12.872329799222019
69894,48691,47.839483800464585
55317,41561,33.06308207493774
47938,40745,40.29983889976501
88961,12482,11.71936994653452
92019,18162,26.693696353755538
3471,20071,21.930771468861895
55311,26460,95.13354252202042
53775,17654,91.60078561175176
81320,30947,93.19732299476533
40831,10108,9.047190911976351
77007,399,18.382313730328665
96067,41953,25.428953477505637
46369,24663,44.87343336253001
14028,7253,28.978707940142932
20332,21176,77.22089696495325
64083,11693,15.447831434496665
45526,46772,67.86108771482897
34648,44487,90.20332278452419
13652,31432,8.854396665853635
66744,16580,91.73165598721943
87495,18409,17.789474341600236
2577,31891,84.31975542891644
50477,10338,23.859756607107172
71894,39392,24.51177165319934
47775,6289,23.77459601149318
36965,2831,55.77009727449671
78901,32668,95.79576172487178
46608,31362,54.09509454239291
63024,28198,15.93964583393919
72651,32021,34.65679581016786
50851,11447,85.8132515477612
90054,45698,20.173353782494775
29770,28467,11.221136587393309
23313,713,27.468615408224284
98707,43347,70.60004436748196
76924,6772,67.99126595966827
99556,16528,67.16609465447237
87744,1951,9.93457067709178
46542,9621,64.7578076139063
56425,44627,60.71362550889155
99011,38592,4.197929247667921
96920,26028,89.97448830293237
68492,18551,18.19792711066796
11404,46495,22.611455307815863
1928,41271,60.008258435513675
27860,21388,19.282387945467512
37407,41893,47.50707790612509
93590,5976,8.362993878661168
19504,5624,89.24782804085403
25746,40108,72.96553094540472
97245,2833,30.27888339460376
1503,8106,96.7781680182676
69646,42241,14.444818425630892
16547,7624,19.893040007093624
57390,290,28.33513610244214
63357,29745,52.591668731930945
4924,11386,4.78893302376961
38164,25840,21.048541573550047
76646,30755,56.338594025450966
90856,1984,50.19170123213845
83517,38963,83.48517511591247
12685,42521,70.04325739775337
57046,15005,77.41840731556857
20932,3974,91.85039750416374
10324,20716,87.22125992117891
3195,19029,33.911346076633755
28365,840,2.482393496607515
92790,40536,77.5237485677604
52535,41786,52.01474576411078
77565,5581,13.522454024087864
91848,40200,46.65740403207069
89475,8138,12.720012494569328
4748,20219,21.236079207855614
20125,3351,5.2831872658293815
99226,48707,21.170049235483617
34347,30025,93.7600249296253
98264,13256,11.546301649313532
58534,36817,20.647371802323214
4012,27517,29.106836505166026
57030,539,62.73675545194972
15436,27641,33.69318345794271
73372,22145,33.92861830511275
54407,11697,9.97277467101414
22594,46131,96.25466920308045
40759,26229,8.747415516493358
24564,44726,3.4497439671044474
49969,36104,20.29341887695893
40742,3314,86.68149559341818
37143,39598,49.27309527372857
63099,31193,64.01059340407633
9005,29812,66.75432674960786
78804,2178,79.57416796341833
87694,29628,9.900205198477554
24021,44943,1.408457198433956
76174,2129,8.252676698374898
90295,21606,28.441094407601156
92940,12324,15.170925500313183
54902,9147,79.03394206698131
54731,48885,28.55092265125264
77682,4069,22.12299399232462
53916,23697,47.8387947747256
46986,10179,70.97470632745001
23483,41716,89.03019900994282
52226,18131,15.048636149266285
2663,35496,49.407044058874376
11784,33114,11.14251207094867
6492,1642,58.57124983521722
8083,15438,27.36805474325667
46674,48615,96.27449568421704
12558,36240,20.731270933895726
47508,34004,30.897424602779438
61451,27292,61.22278405766661
87237,36777,25.256288754452868
56672,8649,31.155818389790277
59725,22096,91.20927946184467
59668,1174,95.11114668088861
27450,28482,74.71108870788078
67134,42135,33.939597309296985
5414,46497,89.5152908765045
19032,27460,6.938615908554146
74208,28286,51.12758142642214
75061,45946,39.277485442417365
66583,41441,97.641218021868
59332,5504,44.55284248524727
12332,30383,18.06827339034743
95493,20667,97.62327969328999
48618,24889,55.69883411862467
15292,48898,8.628271829819438
14758,16792,41.455351379224254
83502,6443,6.621817012738244
47637,41980,20.722687891864716
27456,25452,88.46552349389619
72492,38092,71.58562792762591
2680,1522,12.054175318121041
99480,27263,90.09269067588667
70714,42442,84.35602756256422
61331,8782,59.60740838111718
38361,44305,49.982327531773365
3613,16284,64.46766214372497
71598,38234,9.953555586293392
18832,44823,50.94400486841162
3869,10030,61.253668776956204
10834,44369,98.91773330631504
34161,31775,5.648327436179533
4533,7382,97.33767649593888
67805,38365,38.233681049545325
90004,36982,94.46863251156311
13414,28790,69.13584131480738
83370,25096,96.24847066983546
20129,42437,44.372930484623
26447,45845,94.43203269358162
97062,20204,93.843394237393
93519,21350,67.69099571323102
11499,456,9.398325055870288
71567,42970,91.63121594507992
15609,16237,40.169708091256425
6562,29734,58.56318170637943
25918,30451,85.42949205897229
39064,22427,78.42882626085111
40212,30096,49.54219860963401
14408,33847,12.039310130414663
60887,35037,56.18134131321924
75969,41917,98.79540678025586
22016,8532,85.66316463672578
3102,12975,90.82893396395852
4610,5782,47.03968111288405
23976,48608,66.11863182512707
93082,8209,93.7571453767945
42821,39654,45.5344104970563
61971,6580,92.91941388923904
68166,43309,55.723522622381964
8801,45034,48.16610947894343
40201,48789,60.18403728381616
79679,23229,42.255199189480415
61454,36188,17.248003713842362
66471,28217,5.124164057471507
72719,24508,76.85663528868704
20727,8684,21.222098495391766
70013,39325,35.829731927350835
84815,32666,97.01467836498294
32684,14959,16.259855346703002
30656,32363,36.043095640809405
85847,18499,34.36931333841616
25107,39254,93.60910772069077
28944,48615,42.265330744208626
18298,44988,87.83550968495094
83273,43587,68.93268867912828
49138,11822,34.21292806374595
84886,37943,15.156939208290138
74778,3279,76.13022265953136
43326,32336,50.649914458643536
4260,5023,16.702441359574536
54892,34142,94.65716368352307
63079,16225,69.81104701946862
46826,30611,80.50713910451016
55459,30605,84.12628212467658
89724,3700,84.59591681537215
52415,2809,24.658105112653267
71634,15075,7.126644209374831
99458,25037,41.59714536423179
35405,8068,92.45725256136328
46186,43647,39.216282827962246
11964,35404,74.61496361917145
34703,47061,21.16078203319261
79932,29592,77.98979918479968
95851,27831,3.827026854960408
9589,10522,23.724515451010664
24681,2968,87.49251326196682
37807,7800,86.6701257730228
3251,32404,81.71319811814001
59847,2101,80.56650861151628
35730,41299,32.28123434098876
38009,39543,57.51825426024339
77469,4641,16.48883374950891
37032,7434,22.664792752522093
14995,9505,55.2051882553881
54656,45246,33.517965735332965
33245,15077,69.53691258695872
41086,8460,84.30841637165169
73064,5484,2.645957435453684
2565,4385,94.21655631569573
89234,13862,20.31180249323072
3996,26159,55.688669462483645
53974,17602,42.583882839240445
1430,36369,17.473451562937495
37342,39173,92.56669538116935
36623,40811,55.680661336938805
16030,44534,14.720800273682524
15795,1772,63.83562850857593
72025,44581,76.85455478201725
91342,42322,71.65031750071678
43294,6963,3.1999676415293345
30510,20215,23.051969442972524
44269,137,46.96414716962367
40634,22714,76.99807194578591
15398,46354,16.50762349491295
44161,47846,64.44923462460241
76351,24721,86.23363020899697
67368,256,90.98749983469172
15689,31042,58.42761779697244
41040,12490,43.077277259134696
12868,43175,61.17028823690356
91116,22408,46.22656443997582
17233,49669,60.23645226004429
78974,38163,56.25513522570904
22758,25203,56.16882747595767
66901,38980,31.48177265582589
30752,43436,6.165515556816429
34148,11096,20.763249341182657
18807,37958,42.487401599335186
45400,14404,53.3688951176397
60274,28803,13.02471530805675
9539,1015,64.46743084370746
32312,34468,45.966660887878966
20916,9820,36.428842118421485
58369,30492,68.8193942061991
52693,3152,6.703397965123441
63523,16413,29.18971471054308
74033,42181,4.505807974018419
3376,29859,94.45815236331705
84863,9189,89.90746478223947
89695,30154,69.57503489926977
43118,10363,9.08799058309933
38497,13407,84.61398617844634
95673,36012,83.0926554976373
25960,27620,66.88832181890956
19917,24923,53.914786972823435
56927,9568,52.82697618184036
20510,41343,61.397740116558936
26958,26911,69.0253140249948
93891,22151,77.6312944794714
7161,3788,39.9176044588537
84820,7662,23.667577220942157
61010,16805,28.706005865728564
86354,6848,1.6917504404036239
85260,13480,3.9374136926970733
95634,13602,38.373028763318004
62284,36209,17.67229079692041
85813,25743,2.1684503348993935
51339,26780,58.63260511150641
9661,38962,76.07664686353284
65868,32144,41.987677793804394
47214,43883,66.4636499050591
80622,23292,75.29645588792764
68768,28857,40.23591226526072
69338,31504,13.458486655080645
20972,17249,96.07725412974897
85755,27997,5.369255593683365
93171,41523,57.52587694618299
67855,46832,15.759147699107178
16162,8198,14.358537699336635
96496,38291,6.681597675895983
40660,13563,96.04608369237125
47006,45429,32.705602499337985
71143,24495,93.54977393184257
55769,10585,9.209342396642416
52550,4099,82.46022736786338
41938,47623,83.05644579904896
97624,46674,46.61523565586053
81533,16687,3.652295076675136
92855,14097,76.44479028602005
43902,48299,34.91516326594796
86436,17583,84.47043922029945
38675,28731,45.75696667396362
29131,42996,47.41233570191073
34553,13762,42.84673232357533
84904,45498,2.2477250574147063
94376,39087,6.408552389783446
52641,49100,16.644700252140325
54933,34902,64.8428525253482
67874,47541,60.46535589279589
84028,2452,37.313219515299366
86452,14829,32.32621747906916
90844,6621,9.493002631258895
14130,39969,32.215267724405564
90842,28605,31.897186189336338
1528,36141,88.91773153409738
63481,28494,41.78051070632398
65010,30394,46.37269895013925
33854,8932,68.04075814305892
58172,45960,52.08514763814503
51866,19875,58.34015801656427
50399,3426,59.49961568683658
85834,49009,94.97986120241218
60177,395,72.6377462879516
5804,12694,59.224442923123306
64351,46994,40.27552474156291
87814,18113,64.56480454850487
78533,16527,76.62168186335309
59187,43575,11.272036375009968
58957,15686,61.63071342893114
43173,34779,60.39508790379021
46484,20322,34.46541983257282
5647,37318,27.469718034529674
92795,23796,15.858931458229552
56448,18431,87.47008101494502
6838,84,52.39285691581369
75085,31718,94.1111010123137
44624,23768,40.74500883054396
33089,41117,34.65231085892266
46735,42284,86.88094509937453
31479,3120,62.01860752674215
41209,1828,11.287826693096502
16817,26579,72.05379111566766
99517,28060,3.852104596327189
77118,39720,80.38089455288946
53309,36778,51.68215725504217
51290,44752,61.67601410447425
66435,31287,73.2011009317091
66965,37773,50.43463715484045
21863,19935,29.66866252272059
88485,32571,85.55788405631723
71000,21395,33.147463589985804
39055,39851,30.696625628720824
73472,48620,8.6272164291374
4130,4415,44.34747113338615
67624,19814,46.799210836719375
14982,33924,17.299323185149586
94184,1861,89.32948722376183
88040,16644,69.9082314049767
29553,18381,56.96256180939285
23666,44176,42.15212668638258
11244,11879,42.15552915533435
72079,40411,49.58057395193465
55308,47942,76.83772378615748
91625,40747,52.786173918559975
96115,16600,96.97597577062177
52202,5064,55.81985655472895
16218,44265,50.252211111407895
2222,29945,29.73288916611142
28520,26725,4.87289784779945
3771,2578,26.950995593621727
39808,44653,55.96038926312928
21397,3629,67.1481378316156
67336,6087,16.514076678743358
42434,1203,49.70583974524372
41918,12241,89.08889351572788
98080,29942,61.123412962432695
45675,10831,12.28351498638214
81209,41437,86.85742925507807
16239,3923,53.34510869970825
27681,44747,37.47931885010153
79295,14654,62.3450087705706
7780,45934,78.53137332647866
10163,11797,74.15852410047181
76436,4013,91.34969808539263
73277,8274,15.442027911506093
10725,33129,40.93935205097824
42949,34909,37.38284466822606
46539,22802,44.16377755186608
22580,12821,94.71358396932496
19558,12959,2.2186590271381306
85491,46105,68.69873862994304
9925,25165,75.36257213809705
98186,15491,59.99682565879978
45091,1300,49.878474674266265
27966,18590,9.475728086825578
41959,36270,16.08422008531393
84368,10705,44.540992468837175
51511,34978,90.56663849245196
4616,9012,83.62885249250958
78568,11730,43.45008744874811
98682,36901,65.73547557596434
46704,21192,1.4471121169729457
91369,38461,71.32858156440724
13400,16599,83.51624192178085
11339,46447,96.66617935656967
28223,2422,75.20628910079085
65937,8050,71.73661472990695
92251,35507,6.030110607869124
76613,5950,94.53688493390494
85856,21399,14.079724392712968
36677,2068,70.35844235264061
37961,40237,92.53598666179633
93902,16075,58.062038118087585
70939,33056,22.95937331380636
60250,37307,89.11261013513834
37181,46938,71.15010808708074
13641,36751,78.06012182674291
82489,49359,78.51400579610707
20665,11892,47.47855987150264
54880,20675,67.10249322593293
16700,3233,63.46011747791802
18192,13035,39.07920326831701
15800,7514,30.23133650827876
53442,38078,88.34842631055454
98902,17397,75.3967059037308
50909,37561,74.63411722479249
25308,10830,90.70647534183259
48149,46560,72.43198899546339
42298,5383,24.32615339289816
86395,6907,26.22378046526644
7945,49706,5.361385782303825
49804,35784,38.027316023568666
39692,13725,64.51965135677575
15265,20072,54.8835905793489
65417,14143,88.61017145382293
17823,12280,34.64623147257689
89289,1259,71.77995724191223
55672,7153,96.49676711336926
88253,11231,90.25102454333908
32575,48661,40.335312837749036
64962,42169,13.194770034035754
18922,35491,44.29821024763216
10820,35423,44.643821639474616
11022,11654,28.64711601203446
80661,2875,24.294414235377204
2915,13664,94.04080952723619
97616,9758,72.76079205658034
13891,18736,39.372647402320304
14356,23114,29.15588072347638
83555,28691,64.81326907287536
74634,10507,95.89070671948892
19307,4724,50.42243469932649
27969,33594,84.75287154185149
92053,18739,91.06861223863362
37163,25429,27.48297542443798
13229,49696,90.29207312815369
99585,7110,19.44523504277701
85219,27623,22.634247460654382
75579,30106,7.324744343452071
80634,35545,25.922744325770523
74407,485,59.297857033520614
7343,38393,92.02499898765329
33672,42489,41.6578647442159
1674,31368,30.49464267950089
60347,873,50.588882146461536
50772,19484,85.74075817503379
33047,8069,56.405233352990535
6787,45587,1.7417203983994471
75613,16439,9.678971554414627
98914,33917,43.73055171141613
55997,1599,7.149717517783098
78501,28066,1.2008618110574933
63714,12905,41.08422600415445
72635,6464,61.56900764709394
72881,14115,17.537645490788087
74129,19048,5.056051425671171
32312,33926,36.92581374425871
84368,11553,87.37973762969281
70657,12829,41.69199307828092
92995,14105,10.064206066665117
81621,968,59.82008003639032
50091,4759,41.0649167492954
75343,24635,12.51295396758126
63368,46119,65.43622159003839
82359,25437,87.96091691488839
88813,33647,37.92428532619163
89250,42965,5.488162277616555
42290,46354,45.25446759671468
29599,13171,79.38161941456978
61546,3503,86.48604397898599
6815,42320,97.93204110340349
42964,23568,20.7903668682351
41862,14769,53.32067061914787
69128,29519,55.163884068763025
3600,46520,71.68716003817178
77398,41762,43.13010391925411
85003,34049,55.4442593658739
72439,16153,5.243467013702865
19135,15250,59.88126592029897
92223,18850,81.35814322246335
53348,30805,76.30685196505829
32294,6364,16.154991206787926
47401,31937,84.9690693805299
85527,3926,51.98005153011215
26077,7945,98.39283616345541
13395,38195,26.249328785799833
82769,2151,96.51496823001013
4576,23652,64.5541610815859
62177,15011,78.33054542715551
61966,5324,23.53829510263971
20405,8890,89.3573108120053
74688,48762,70.8711215623251
17307,30000,53.731862760984214
66105,44504,3.7079414653675125
69738,31346,55.96361128848494
78665,31210,47.78341828707415
53491,24269,3.9894226804488717
15055,3980,6.519158915488781
99279,24836,12.010006138918556
38665,5854,21.102949749941207
24426,48819,50.53150925028115
46045,49766,97.84467954889544
97578,978,28.144913197588682
78098,17652,45.56578216536327
73547,17745,16.675141962059413
87414,12885,79.94864681409925
5027,43350,89.75421364562327
90514,21911,16.449996057190894
79200,42782,20.13385289001961
86340,49708,19.569607474587194
8297,38172,50.42562293814784
53913,49998,48.75250420953063
56250,7016,33.69448314165992
84252,31781,44.68587881426407
68869,30742,18.60517102935325
25235,7538,88.22011493565707
27380,25419,4.759607878911641
33505,7736,81.58759998941751
32284,2003,78.92456129822953
19797,38736,25.900535857919245
64651,12910,48.735677182818335
64273,25423,12.542619373261878
79340,42797,9.090906683481656
5166,31093,43.943438749033135
23068,46146,98.82243343513643
8807,36270,83.2079322717388
26960,27281,91.13822883137716
98438,49896,43.33417462456236
23667,13835,62.66182789825411
66948,1411,32.146022858315305
39848,25067,26.263558486250616
27829,28624,85.52276320680096
23717,44526,68.35157765511732
24124,27209,13.597840096713721
17132,41032,33.104355196826816
53477,13496,47.60820379006245
20924,15018,46.93768246311575
36535,10053,7.527095370635299
58762,2842,98.26962741963351
75841,49633,79.02553049575704
12321,7043,87.89579931177828
99138,12498,98.2704565539275
36080,36654,52.94674637500732
20512,1089,39.79972619009921
56217,10661,42.539842389576975
1601,5516,84.66181594074666
33436,39058,43.198798987196604
3513,19072,71.00429936678476
44267,2108,66.34650431439225
32801,36598,29.9087470446363
25534,28933,23.25548408488
95647,25234,77.55338292906012
88414,26197,72.53812079000706
61297,27877,56.41962983967358
40438,29117,37.82716894800572
67381,4399,40.486548163226445
41277,41232,20.60563559106444
55764,44408,6.945831319326371
94936,39972,77.04272740961893
42098,5562,86.71218869498355
69087,40977,88.74369885697547
7364,42668,93.99945758932543
79950,16846,90.14088529912375
22634,20567,72.9956802613073
90536,23161,56.11199597506262
68976,24221,72.256252747807
70949,48127,77.81848488631937
11876,11481,14.382152028548969
37934,21440,35.298611304499865
38619,35529,63.878733817095814
46787,36314,97.87340830246278
54181,26753,2.6899487292137296
95699,1679,39.71040441732058
34300,31194,90.62357535226995
14468,27323,22.320668403838077
85433,44986,12.016191802187544
80867,16483,19.97244715786784
55723,7863,59.81272533474636
28732,7344,38.56936351877601
44262,22276,1.5207476076531596
12706,21056,20.538787874450826
35233,39676,54.99329966507677
24633,8415,68.32243590810253
44551,7551,34.574109772173564
74783,43850,59.93721267423716
11049,49626,11.991695963828787
14194,28438,60.88818534375888
76868,22486,12.876619252314429
82660,9302,29.299073470513317
41856,3747,78.78757383329975
8337,13974,51.3528622970764
34426,9062,50.86729709853167
96252,25578,47.70066305463923
33563,6426,22.334720716416584
42318,45409,8.15062553424718
25600,16923,26.801207511916008
9483,23073,53.53839030888439
13623,34203,95.59887761741581
44937,13612,48.225532624689876
3695,1068,59.564721109702994
66295,15924,49.761027988612064
26188,12939,93.09877313899517
92553,11052,40.83775567817278
26059,15022,86.03173717517629
65173,21578,49.69039889133669
6580,15271,20.377620929309586
45196,1605,5.003933113112853
55964,32945,73.73705989994149
57253,44689,50.471410919925646
86805,13445,50.730905353896695
98125,49432,23.32275578689174
15051,49112,80.08824826486467
62415,22767,59.5611183871443
87364,36554,18.081524813661748
64303,47238,58.79491233576535
13812,6828,73.5533772143998
99590,27332,28.5017676205029
11925,27567,44.962982185615424
81000,35354,25.276699876903784
99784,16054,16.281516161621173
34470,27626,32.368036492754456
65685,13582,55.704056691883174
5088,37869,89.47740083484928
2447,30565,94.83816200984282
23247,36480,9.454237557309265
29114,35427,16.623610178469573
66228,18257,74.41581687180155
96118,28297,98.6230383348591
28005,1818,31.15808344757978
48049,44676,35.647335994674584
10323,21642,67.30642233754875
62464,10877,38.354040630245656
64512,34206,87.6300332764623
57256,7795,25.98024270622298
71242,30368,70.45183068246841
56653,46553,12.818460184282486
94781,20196,81.51160071967814
40864,45409,13.187129210414088
92503,10849,81.61634651317401
19382,23984,45.28920134243646
52642,15627,85.08900542396484
89294,40409,58.12628432751059
76451,33302,85.66104304088552
81705,35951,90.08192493058178
70681,29909,59.91022632768091
68289,16908,87.20856665746611
29618,14334,36.61307418417274
49278,6036,72.15725838206758
99536,23968,41.17131551565188
34262,15541,26.529382861799782
58593,8932,45.16124466577797
62480,14895,97.01430559475396
38605,323,53.110467524868604
54924,30554,73.13542597427033
34228,41009,10.330428458301203
78848,38404,95.9539806492509
37285,679,12.875146476771869
77872,48733,63.08294573923789
88302,48138,79.09358667320946
32325,41712,3.2934080454302106
86249,27129,84.75380555372035
42101,3820,74.61290209189008
9927,2510,60.36041813013395
87741,89,28.134153547019693
31368,26830,79.69495659318466
17043,22399,22.273569831517957
37070,22862,60.58637360341364
48794,11367,58.98315268590225
46453,40310,76.15430028306187
81496,3500,2.5959449405678106
94623,28673,10.566213478264839
92835,49474,17.223336415254217
16140,15911,15.318155310787136
72793,43859,7.993258457765917
80169,31298,2.6610519950905456
86228,18098,95.55396018261919
87587,43494,6.9044693325888336
83133,5071,63.76121610710678
96226,23731,78.90908190013286
22124,24644,55.30594522327927
47749,46725,15.773220470045313
87751,5146,66.10946270761124
66639,17776,4.249602507766665
51025,26322,66.97930286365191
46743,8813,13.764174036314548
86366,44723,34.98109886600532
51427,14345,45.598122700023275
37648,43491,16.978283909638925
44854,45090,85.95428950692417
67991,36553,87.74908440198938
33241,4534,66.33739965873333
54962,11612,33.0896121556999
62572,41318,21.993798127003082
57184,2437,51.92735072830638
29940,35734,33.479463902134
69758,11343,83.79379455755398
38461,2441,94.49982633119873
89188,8252,63.573666251481924
26523,46941,40.27306118375519
70834,49523,38.03690143163082
21836,28314,92.2187298781637
69458,39387,58.19507413581454
19270,5689,68.97060513694996
87580,34095,36.52200618177025
64043,20705,37.197327039721934
81614,24798,70.11916163253079
16947,18802,36.168661428775295
16111,47286,13.61117387541224
78278,4409,2.1913103005362418
76035,45019,36.28700520219682
38294,12380,35.81036085882447
19035,44287,78.44009847612755
18034,29100,45.930375574794844
10959,25951,10.711327431201225
86596,10800,20.208141318370544
45342,48135,59.30826000437432
47096,32916,45.70380398356622
37600,27468,24.776910989054254
42436,27788,41.336574231310564
70735,21360,14.568214931960147
59919,14585,66.65804313339517
21699,8574,49.66159184564699
61256,4359,92.08371527145623
59806,34125,86.56582621942371
85509,12763,65.53112297453445
75903,37567,32.45311843986715
76536,49177,24.798349091881683
1173,38805,36.293541266873746
74268,6962,45.23407015438233
61351,5229,2.955294775639901
36110,5616,60.1399945546895
72270,14419,17.09459366836291
42033,33162,48.23815489689766
64915,11080,94.02383498701028
46648,12646,37.059513203071134
60943,27035,39.52938317083636
74593,37560,1.54488786929395
40242,21935,59.68038977156813
6475,41096,91.64237387133221
3046,11991,73.78864278975232
27069,34786,6.99003336875972
66606,44806,83.61317804864858
30450,180,5.234567819547404
12901,25225,11.978703755358419
76599,42604,19.42997809809814
73022,32508,62.50026135462295
6581,2160,78.5429738855991
64464,14363,52.582601864902365
35429,36032,32.737625709677005
6600,36328,32.191533325900494
49398,44587,8.117454982890916
31284,35947,83.22285477886156
84642,21369,46.762974488985385
98854,32202,50.76326985137348
17391,26631,74.30259681300431
98121,48443,47.64386143033147
29163,3849,45.27153309996274
8073,7855,87.97377829401094
28581,15652,72.45730115346572
10590,12754,13.73181702142328
73289,4679,70.03054493694381
38710,6211,44.716217898862524
41924,25960,75.69308965901394
72921,13288,92.23634984716145
88332,36807,4.093472755780649
48161,42157,78.685391743134
36317,175,44.86540858362778
41184,48864,45.74809451936543
45816,20454,68.50370755639568
79289,27999,61.36620447213466
97037,23054,15.51850016752566
1089,9050,20.132573485380167
70448,22248,7.422997478928208
7708,30802,96.3490349011458
65115,38372,94.037876766088
16629,27692,72.84652679666235
95204,30115,12.643142338348566
95885,22880,79.05869110971435
19127,49263,73.7685898924265
79964,6868,58.80191854594244
31115,37290,33.52774690992189
10453,44185,33.16513984648134
16528,26580,70.45400634713496
43235,35047,10.71870017128937
27277,31148,27.18021706602184
8149,30691,20.0855466724663
30566,6551,93.47057852515951
13050,4394,30.75774616257293
65178,7920,60.900150992194035
90134,4897,46.93898107952484
5507,35139,34.41410218380469
91183,28314,50.25754336051094
57605,30908,76.1474365361485
24509,33991,20.046356063346547
68923,24568,16.047254903871647
16898,12698,70.95952140026266
54974,31382,90.7630613830124
37744,47809,96.39144120438631
7194,28427,84.6451946277915
23822,44423,18.67390771944347
62653,19759,42.985950937258
77367,19737,53.81212970270009
69546,15210,37.298565852130324
12308,28243,33.99282476252691
28712,44885,10.467428148257737
99055,29925,88.71749348178187
78089,48519,10.382049868191736
70372,12580,68.50190027426692
61694,2092,94.50731366777748
84737,2390,8.723351143337798
98040,9461,68.18457353247796
99042,11965,32.30206856991384
99472,43091,83.90405360795606
68597,11800,30.319726607395907
93369,11578,65.96835595320871
33203,35812,22.672928259996365
4212,45678,97.73837479173696
72261,40280,57.29326544154946
59036,24057,9.164095617542689
63009,44057,36.497371365976434
27239,48921,82.8209814145886
80632,29742,52.4385387039558
80827,47826,61.65122782603618
72894,38627,58.00301922347253
27053,48987,1.214652514453649
68879,25774,63.135897448739065
76976,11373,71.93985116883908
97992,41493,40.08846573739241
2862,35923,21.627235062682644
39889,24867,3.047371512973788
60487,5181,20.917003548179366
42218,24889,51.03928957913444
4811,5414,34.39761739061261
56990,29744,56.735254038777974
68704,46124,6.548243662166419
46127,22406,95.72269396055687
39445,31696,50.421322901073125
60546,17214,1.2294127914140758
73670,1873,10.936096387496724
49317,25263,46.68450402856802
56885,28636,58.10383568760833
27284,36646,12.318632277108655
1432,1007,28.300280566414962
48040,26102,74.4764257857273
78251,23467,97.75952271020576
21522,41682,2.2376092327551085
52610,41677,66.16846261601613
8911,21317,56.406566200579284
84564,22019,67.04455621749355
24172,45626,1.0636597203092741
88467,43947,50.66396834048622
55320,6037,23.35352119065151
87579,39516,98.94457738023934
27822,24402,74.60894477123368
57689,38773,20.766781794883205
33968,17124,80.160209013182
89636,40708,11.456559625684319
26395,6922,75.09502437522576
95894,17495,21.51285634391901
13961,35563,53.53297023333621
52661,47373,42.50239331454256
81115,33784,64.39908710782302
71686,15321,87.01605591126243
79004,38546,66.8667059472954
61693,39864,46.04929321145425
85587,47091,24.32059369649057
36147,37147,65.53453561482766
13192,17648,40.6147343459015
2194,33471,94.82009921697487
62723,5839,65.6519651449134
91492,28110,9.458844293358895
79958,20932,25.832923115768928
35242,36870,77.43662760709526
69507,41319,4.106245468986614
28256,36116,4.70330153049376
52565,44943,4.553438376022226
74097,27572,69.37322084983617
74217,8918,42.14300459326766
19569,45920,24.976543314204683
33370,40819,47.806133067469744
33988,45482,76.58805849576542
10807,29085,14.258025892212265
83526,48359,49.60311971019857
53843,17773,83.21320061022053
34288,82,41.273628677491736
11960,24192,39.44954128854397
37838,14517,24.194753823834134
34027,28771,25.946236697092257
44441,2728,34.96617809471334
20034,7562,84.6907489951746
84182,45168,56.91607269604185
35903,48831,98.43153027388404
86634,48777,83.99469939517432
89460,46199,53.52352210918324
24863,48223,22.051432792495213
10999,17076,57.00432428542511
11466,4951,52.110330055066456
66012,13689,73.24383785269976
34844,41234,2.703548949092114
13724,2270,87.94130682134963
31306,27973,45.59896191448046
19389,11289,29.054077536018937
35566,13955,60.96478226473912
78682,13536,49.427116853477344
21233,21330,45.12479689014162
20016,40318,96.02273060467529
18226,38119,84.4763822291045
57275,14298,63.81625771591488
32228,11142,28.63721684494077
2345,23016,67.53184908601918
42819,46984,21.430990144671824
9399,9596,93.77937572198171
68204,10338,56.582366480966456
53579,28180,65.48863846008898
19653,34070,67.44697101095905
69876,45148,70.23566827767232
24374,25860,70.6566704806754
74221,36423,78.03396972769733
16290,21420,29.313890882524284
85968,34543,77.14598007603341
50758,47452,11.876301392681254
42817,7640,50.2177018475536
12382,33566,44.475342822231454
21121,38607,67.87021236512517
53032,42615,16.546378120088278
96731,9007,13.50972761684596
44975,20827,32.18496322040654
78722,12683,21.196653378317315
43810,15952,76.69658286520482
13432,22900,8.148249365228558
59069,34610,70.85344332820007
96204,36429,78.62180041616085
25247,39711,68.62229460407316
58932,23968,43.04134501796413
29249,4143,98.37931440939968
19333,20074,66.60448680865507
27583,23787,48.89233277691494
68976,23246,4.0714595318428195
12097,20287,69.09887956606613
70873,45701,28.43539220011843
90356,30021,93.17214591649662
31990,28456,84.89856063317607
32867,13677,63.27253330447886
88864,17451,95.36723865660036
65354,49466,43.40432461621323
26913,34828,6.974190827711109
48460,4609,34.672848211930145
60414,6691,80.75499722469792
3124,47996,77.60252879621063
54329,46933,16.287641281143728
76363,4306,18.814673858696654
46200,21102,69.24212132195913
62873,3863,75.5277251937753
80723,457,76.55265673938592
66301,4710,56.368355006762265
48380,31632,7.22547940390701
10820,5824,39.29717701550227
17034,12311,94.78287410092018
81427,6293,31.695146628021472
63350,28301,40.3020791905421
6084,6172,1.1846026069022526
25571,588,88.53401139213013
6109,48605,74.77429718316911
59870,21869,54.64847303698852
71662,7673,81.16056864907179
38248,38989,78.25064036525757
9384,9527,5.473951232033951
40922,21372,71.46904097385185
49139,33231,29.06798717844187
20735,14515,65.52045298621044
57356,38201,58.833105765054086
70542,15356,25.011709953731003
50807,41786,95.70357252798486
44961,40838,75.78730238377089
55353,48324,53.86241482230922
82373,15130,91.9232546279634
90645,38113,2.3399526313234285
50047,32092,38.19709717534686
69421,6961,38.86752069680176
17797,26582,23.138821228682502
67365,7444,31.731881366020403
11603,42775,40.627287632191226
34468,12621,54.40174924473513
17359,12866,15.668906299985796
91594,38067,79.6377298223815
63205,24499,46.24128212359949
97379,14759,27.73675165245588
93251,34037,77.38212212108475
37494,42047,15.028348549988573
69174,34200,34.15916579761652
77012,13692,20.547394813685184
20988,15675,45.402623036347805
17967,7651,21.281427821568244
93740,33330,91.94560193088334
32761,18881,73.10450479035569
24150,16262,44.81358313818647
75507,13955,46.01148518050575
27260,33468,18.07682386148371
12986,36574,51.214847823470336
89250,46768,33.663219165540184
79205,9814,73.74395702517661
44123,7999,54.910190740754004
25658,30331,63.65524071016496
2340,48466,64.51575555010703
6197,18658,59.43448368641212
8966,25318,23.491864515353182
23754,44727,60.0136399675151
31872,17315,3.7853226982924335
73702,24104,38.85468009623784
51722,23282,32.70785651061266
13743,43738,17.090114404683835
81297,32389,26.88339472756637
45996,36951,10.694500402587584
30055,39193,18.864152179230043
9277,14618,90.31068427159495
54411,31203,10.930558185297258
56662,36657,39.34610812069441
38888,47768,62.426364613528165
86979,18507,86.835359763045
64285,6889,51.262623835105124
42107,14965,25.439042474512608
81969,9894,5.471760622751514
17998,7646,76.7734508063813
34263,38275,62.12695283102786
2087,27318,18.126077096630773
13612,39040,66.0474547807506
47129,3117,32.78847077834995
9675,19120,26.39362879751319
7024,44813,40.395747607889014
67725,27831,71.83531480139311
30192,24643,56.21564462743355
51043,41943,87.21133771867835
69667,4577,21.919757215677976
47363,12753,45.737775799959344
83755,26378,17.493059634000044
1365,37191,93.16205621203156
80050,3776,67.36825158272589
40814,14407,66.91677504517985
63591,31950,28.799682938520096
25750,29880,62.94802802090628
58517,9698,16.200748186898316
10534,3553,70.41618375738162
55977,20879,62.067073626263465
28828,5883,45.66599670761448
44853,36351,54.42191776872046
57019,12043,19.13434487842733
16092,26284,85.00844341691081
32806,8604,38.20123373305043
15958,36844,96.40571370574922
88116,16736,24.0939902657338
35212,4706,90.16267773289795
88368,39580,94.04641152780148
83012,4821,10.758744692500738
56030,14272,84.5265793880062
73867,13797,41.79275880594684
92296,49630,89.54385969738595
21914,1955,6.867712806470349
91063,31671,10.097289802839738
78377,7491,80.82643597227252
19772,4116,83.4979332766636
54128,24767,50.116901574420744
45129,31911,23.3844177116331
88748,31317,31.58168351129882
92387,6970,41.10193822643547
46572,26431,71.16896862740712
92271,32882,85.51430111208722
47456,9575,38.1212946334261
57883,31494,68.8747983781835
44314,34167,67.16424968089187
60800,47836,59.443725177537075
99232,7945,24.388974228075746
73346,11435,75.74271176339873
64633,24011,89.63770688713919
21117,3470,72.76576923647181
15764,13029,56.97261073561588
86748,2533,80.28395082415118
22532,36885,25.238166953074302
62368,8738,51.92689257969044
39082,13656,52.47145475947228
91291,44181,39.973505340255976
15415,6460,51.766845180791066
43160,39570,78.33128190015402
90179,39417,1.709085949142359
6339,1433,76.85857792173574
2805,20217,42.64277912267027
86602,12966,37.418750678544754
50953,3327,81.19088392135002
77295,45085,66.01022891872518
33832,8212,90.67274910139521
39629,6524,86.0911535670188
53725,12644,25.065443320734072
19880,1604,74.33291255932242
51751,3848,48.727119180337915
87073,47715,46.312399425363004
96693,48501,82.51244268722068
70741,36141,80.99720147004797
76786,33487,15.630510411940435
59078,22139,46.04564349195851
48374,32124,37.443525561418156
27492,12730,34.274864407481836
18141,9947,85.34303032260289
9404,44885,89.4686654805046
1840,35377,45.83138450468399
88509,8255,96.34404237440913
10423,32103,46.251704073468865
87451,9233,65.36866847819432
2307,44741,73.743075876793
67353,191,1.9777359639483623
86955,26226,32.83187183522987
67117,24005,66.24248922557899
33803,32702,14.050505543696586
2074,20863,4.017208224906569
34345,40670,49.022503981168605
66726,25130,27.31731985488063
66342,4153,48.241718851452525
25885,16995,84.00941080152045
17247,24446,83.71447721059006
90726,19117,65.37124410143807
16434,30028,73.14771951657829
9333,21880,95.44684868329499
29942,10118,18.73323127998033
48746,14786,56.88699429220165
80617,43858,19.802745184947515
78990,6482,46.41336726143589
64860,1753,82.2365922367834
30139,20524,54.83405408275974
49144,34234,24.429693572598513
25721,19504,47.660488757657106
23083,47948,35.21949057939898
19975,731,84.91234772536204
91828,8939,48.83931001608365
84405,44707,46.6888971027514
68171,24864,37.84539249291562
81439,10830,25.689646783254354
19696,7002,78.63964193169556
1039,19893,51.87051208399168
54439,2139,56.00832467941603
53453,32955,17.316523186136795
19326,44655,88.29413396766235
59646,15774,91.7805276450851
60948,15604,73.86779873575482
36011,43581,95.13078703364616
78266,5173,17.569075499185995
25177,49930,8.7087485200094
29448,31156,53.3920937784227
63034,34678,56.43004819565423
5029,27290,19.41114367072559
95644,35060,39.95724944945987
72227,29117,14.253209648255044
35297,25008,1.0961856729506305
2859,30627,81.59282821421913
38038,46491,4.782815160563399
13383,22799,82.84601524282681
80898,47817,6.41035800154037
78111,12002,18.169348502412227
72910,32267,20.393117015332525
52749,21308,2.6531078003058015
91779,40891,90.55111580366628
65216,43512,50.64494329380586
84943,44433,12.734367640993272
26440,16107,44.7467059030608
76242,13016,1.5375207677993425
85773,31985,98.88583302290508
83646,5706,65.88780607105876
75714,21153,87.75497208336255
15791,33732,12.722242864107972
41226,19238,2.8909273555087434
90559,25817,29.391432250998992
75689,22800,53.92951541274089
74073,32932,24.497840941176502
88546,21986,23.590819320633997
78894,562,7.431513511235703
71987,4499,60.620435265684854
7013,43757,10.113738590406765
7290,13301,23.162267291079143
72968,30921,90.78078583545363
28580,27754,93.61193647714357
10600,36733,68.07670135693397
75759,45000,90.3431412576262
51277,47457,18.342088653553887
4521,45446,98.38453149947634
21704,8784,49.65623850329915
2292,48160,11.078082788678456
17171,20781,11.387009694993537
49099,13700,1.6315119261864819
39925,30076,87.0721804560899
37497,40416,27.492422312677306
72088,38681,35.130500443894455
69526,26820,61.2099548476713
89771,20220,23.55723723502873
82649,39047,29.35604743854406
88624,49609,75.47573653159752
34170,33479,58.375731928957464
80121,32985,77.98289228307034
56571,20932,83.07039538194016
8282,4552,57.84024206020066
86925,48974,82.59777705239162
69833,14244,9.484684943182874
1264,49308,4.616540565535112
1815,22677,30.573495933094918
54339,45579,29.731102390900965
40557,22986,21.948361988208987
94763,39718,25.226230743726635
87647,19154,85.1416428693014
87994,49374,64.70062721791868
33819,2606,41.72274549244982
49577,213,73.73081524336234
31751,38428,43.82476238943851
13481,22368,71.75039338455257
73022,27599,38.386916208206024
87802,49401,6.838731199374328
94528,25337,55.14214173111636
33396,28874,53.56919449146386
82596,20763,12.603580232724411
36002,37907,19.761917347114256
12423,22369,70.90870129445425
92497,32692,59.26720103466945
96935,6196,68.06259559351716
50883,21049,38.115750674801895
39986,9605,89.80428347062639
83735,21536,68.24156917263149
33754,13689,37.575317087987266
48568,38473,85.62332353194937
23744,24864,53.39188813809599
51844,28023,87.84919272822191
88152,40702,16.61817839151614
1872,6591,34.329303037302736
41032,37616,32.68546809814649
78533,2302,91.41373420437466
25285,45502,42.132048195413354
88421,42008,39.88601948859418
3525,13191,95.94531553619989
8430,3338,46.363276474006206
21145,41459,58.68089574119503
65549,46997,97.3092122959868
38036,40950,94.66337139655279
42019,38647,61.668435946509256
72203,7655,11.623523461129766
97680,29268,89.01848016914406
74973,21206,64.93140367319393
34150,8732,54.477096320812784
71977,22911,98.80682600182882
24470,2828,21.859756552260134
65986,19705,67.27034472933612
31649,27291,5.744993813582754
10657,11450,90.17282053447038
58905,32812,73.45249769279852
13726,4386,33.53988409406469
30780,18531,81.74731422294958
64070,6457,35.48614502019183
91783,49838,80.57116706885253
91497,2250,94.02918387055348
86475,10549,58.64144771417624
10744,13350,33.137357499693536
16224,3920,45.16807787003267
26124,22578,58.36590004018937
56986,74,71.878050095271
11645,1031,38.330244332007474
33413,3230,27.212433795534956
38839,16203,52.78111061717203
87406,38123,7.926660477642175
64754,16640,51.05899211461962
68495,37707,23.469614393525482
77395,20945,65.04334457928294
30020,17638,74.49676344055591
32599,41459,53.29805935437941
66460,5162,71.3113286390735
77371,18211,51.668012122062144
44539,49274,79.83575347773863
97984,41288,37.42997089019964
87949,11369,76.21562600369788
71116,31215,84.52630157482831
93455,12225,26.133425538639536
87107,22780,40.039017663944904
96533,23283,27.40075859426725
7994,36121,22.467349110156924
21853,43041,95.11235166996822
70558,24480,61.12039325292099
93996,1331,14.141527231591141
1691,36221,33.3032720874538
42214,7731,58.01712017666299
60221,5525,1.0462814938490186
59893,13104,28.284488819804782
58980,43471,73.0895827183986
22512,49176,96.92911731340116
83789,13377,8.959219351139357
81795,43826,35.96587797076296
12860,31601,31.867692495276454
99794,7724,64.4412077136985
74626,1150,28.96530214567929
16859,38027,45.26058216205643
54062,14035,50.30541881061023
27123,27384,17.574986661287582
51790,11022,61.35259845161149
10271,3349,61.299514518698786
98066,30957,51.093535017116366
88519,9681,41.11992402782751
13162,10108,92.81892419891676
2179,34709,63.3646562959639
66879,16129,13.364145452556368
85524,15678,95.14928532512698
8956,30676,44.58359247737774
5408,33617,46.79596158186299
33608,20960,7.969446237165834
77411,4240,10.531990300633584
40336,37860,11.53522728188556
51091,40125,1.7530500656219317
64314,18723,13.001425049362766
56128,31220,71.43453529845286
2780,45131,86.20586663090243
44064,11710,26.629692622933504
52184,4033,34.43367884179844
59499,10324,6.016183106483464
23688,42970,56.5694636185603
32937,30058,54.71861480229697
81480,6327,75.64101755052334
34974,37084,29.09060357262689
14616,30009,55.30146010820046
19954,26919,31.428331159348
89733,12903,23.43438113421937
71723,49151,47.64985645745356
91601,28104,63.711674563579386
21758,12729,6.922953996338139
35085,10216,49.21703638169797
32123,12005,37.50226164390191
42065,44880,9.693317603052895
80092,14402,14.259672628641939
88937,5157,41.858819475493206
80170,36062,44.70103872007056
10453,18699,70.03239735898104
99040,9904,35.15705510169724
19442,30052,93.2420231541593
36565,48199,70.47286059465472
87997,46017,71.58921041019038
13699,19443,68.18332137435351
33933,2058,61.50729541550593
22009,35399,57.20198397201833
56130,3646,45.66284565120959
96524,15406,39.01633667965498
41509,13657,48.80993545426615
63330,4219,30.751819618932903
94389,43386,51.62751340496688
37597,27690,70.94164150890037
34781,38911,38.61112209669413
77875,29736,88.7723894898814
17558,16486,70.2839766086255
83695,2386,14.71155185131786
7548,36199,84.21559355186331
7795,12955,91.30370103090614
37659,47596,4.430590440346343
13003,28542,94.76072823214894
31561,33127,6.528586088846932
16610,39265,24.2685014029801
53974,15155,27.857598475110052
40109,14633,32.31282083054484
51336,34395,14.25887365899027
38007,913,56.216232215887636
47664,45056,62.78040459556583
4839,32318,81.16685649707944
90311,29813,39.59796016346954
45581,37806,59.06873231729792
59791,38073,61.06902750443575
91214,45642,21.809213127902172
8985,28613,92.82468088611229
79409,22176,60.47518691548304
96296,27481,43.825365222152776
5590,48050,70.13499605541384
4887,5784,63.71255561486657
4851,32626,81.14062527313921
31509,43911,26.162337708963072
88514,49651,43.972201718855615
81467,26289,28.009646888959097
26485,18450,12.706708144620096
47968,16898,62.6671452589061
35440,17819,73.56932628093101
85563,22391,7.7140618634854246
62441,38963,29.264370534151254
85559,38930,6.813565492156979
30584,29394,17.020431470127264
95536,22873,81.5195044289906
50272,3429,36.6411934275247
69430,48244,54.78952830058367
52637,6295,85.65672476215903
49289,22383,24.90991713198771
44332,47273,39.628511057118466
89868,2823,94.40809471290095
88240,40346,35.73917938902146
57818,32674,38.77021813826591
13993,6547,63.98945758520645
8510,48441,15.76868898393397
49409,41867,91.71658170171025
34240,18410,27.355279515539063
30899,46340,54.61926197255954
10629,11610,25.38938895046555
4853,28486,43.44389319487707
27492,37367,33.14831771858016
20133,12393,93.41092139298364
51209,40660,47.499716999862834
13328,4867,49.83211275204894
57538,22279,41.12460926235102
1142,37069,3.219297319781568
53446,4639,20.773975543538935
65263,30234,56.35156377362873
39399,34582,26.37176243661431
45367,37310,14.115990611531823
55588,5553,88.81548255601209
20066,16813,79.7807034091939
51829,14365,4.9349450312723775
47944,41345,61.680991214899585
78433,40707,76.0558724586723
42940,27836,83.09540365647042
61906,2023,83.1816128201175
42200,10454,20.144554691081748
38436,43570,80.54965719216403
86472,45034,30.452490272042738
74502,19018,4.254985917023167
15831,15393,59.60072502559383
72711,26559,69.60446164497358
27314,15254,16.653361369405648
12942,28828,84.36090216553524
64605,45183,44.05697960217955
45916,43135,25.789350921351385
3770,7985,60.12860140973395
98048,3787,19.59662270283529
32144,22531,5.858903540666308
59173,11356,75.94039779237802
49388,30716,96.91501619231244
23600,11708,30.77024775158158
33196,25417,11.620192749669805
46462,5722,30.429756893009834
92121,58,47.88101048627371
71122,47535,46.073950449402
40243,4894,47.90255836414396
41206,30043,5.976981899894044
23996,31452,75.71479716890943
23730,35812,75.47393070176433
13434,35749,92.8742691129758
38389,7967,86.20844531267728
99346,3820,81.30676114347764
39758,17626,27.939143580607
69948,8888,83.68207124527248
30842,373,9.34728849153404
94752,8925,56.739333535587676
54164,13433,55.773437404366916
80627,27230,44.72553972110629
85078,20819,7.205664999565379
28463,27984,48.71924615145967
72335,38800,82.00779355180703
68449,36864,41.94932810329228
95439,43756,3.441634425230321
38563,14619,60.635677524872
5210,44023,23.33466756246409
54330,18841,90.7789271317124
63503,31664,61.100108475317086
26046,14938,16.821667895081085
22429,17590,46.48887092056086
50615,44954,10.047920062522808
87312,16673,69.18340670068358
5122,23119,22.01778057889481
43068,19842,46.88450816569514
96362,25965,93.98474881812425
88430,39937,23.946467362184777
60597,33335,7.724157976097802
41892,42892,85.7441275462759
83298,48417,81.0065354728838
83648,34863,2.4543124258599374
80082,48500,8.692656592144672
5227,22507,18.427722596089435
6757,34647,52.73231911850157
39547,41591,96.67962072408132
85167,42477,92.81040198721378
30858,46995,18.259652211645854
89508,24610,15.665655601228167
14711,36940,88.23336263698879
85273,32690,25.91740732173535
7745,23687,28.457161036139333
20402,29651,14.896986860436654
38904,25866,46.44006619122663
8089,39578,35.153492299946336
48950,34011,23.015845129116837
88592,35630,11.631982816267888
96953,9841,11.493727548482468
50766,32513,30.730129735041913
3760,1769,31.467566766959116
19560,17664,39.5553442232499
66904,26203,63.18234300701363
51492,33032,15.209279395090768
63623,22893,7.559136921005281
96169,15657,11.21041111863258
27822,44190,98.68010837191026
79038,19869,53.3053324859151
89239,44180,78.72660074741997
94343,35134,31.846635092070876
74337,49330,7.799934293451097
9981,9011,6.369441320841355
27625,36962,78.35317780238604
4105,4962,82.80988330681332
62533,28898,5.08685805431584
19492,33216,84.24376462590543
56249,8253,67.2793242159308
41800,45979,47.3177675201819
45464,18175,91.8470980068258
31469,31135,23.403185867714612
22415,33913,56.25869122921391
73662,36385,29.03750677610298
33434,48158,81.870959905203
37921,22122,42.712341154027655
38894,5173,26.286012271897672
15304,23258,62.50930916002301
77666,14090,22.588283153944783
85146,24239,81.36113844885108
12584,46004,53.3450916279577
94450,16606,81.58774177148236
30976,27364,76.85013124385071
24122,12555,34.68701394319035
68372,39293,11.35714582088098
61598,39073,71.74313433457164
53599,47165,73.87624202157133
6565,29931,45.21950519957177
86046,10518,54.35854911169615
83233,28270,14.217806259610489
44385,33158,53.8942245046763
6485,46432,78.69474238085931
29250,18981,2.4556525336410244
90723,45555,73.97238013514851
27507,21315,65.82580122807252
83495,28299,58.12921903124511
18224,11611,48.986446781463385
99012,35037,90.2376667818035
5805,47292,23.859504038293323
2258,31059,77.18756666021807
46777,44776,79.73199710392
27037,26112,26.12741003431203
36480,7780,46.81330091338463
19607,37661,34.388420760251265
45054,38974,41.7777747605315
81783,6291,80.53823268876465
97591,44687,73.77512780325051
40570,7132,76.32793494469402
76879,10225,33.2465042076143
7365,43023,59.613673772613744
10031,28088,80.08685639972639
96525,38562,49.094383519559926
91558,37696,57.21260458152436
71075,21763,34.6026804918839
14924,15422,98.61795598762532
80988,27539,24.084201126662233
9617,42024,55.60466997227671
93352,5147,29.502278460804856
84466,11368,41.09770114316578
7237,46124,50.135087016653294
93192,17314,26.367594656921117
9851,8609,9.411176838757818
43242,23946,88.65589062220707
89906,26871,66.87189235681225
74233,24135,79.19432245504616
32333,12087,46.72119763973212
72602,42363,56.93417359088855
16556,8468,40.20008183016661
1845,18732,86.03101240971836
88549,17384,71.22409597261016
27314,46126,31.390456209177742
14159,27594,45.967803995349044
28991,22889,28.037446721269355
9031,20766,81.73584900999928
78879,16952,85.04580984231957
67266,18437,83.16437893509928
23144,2791,45.064315511891174
33246,322,77.6939019422178
52979,750,28.398420750264272
54515,46588,48.91692877231412
1670,13070,6.3431964053909144
88868,6315,88.01583933236088
58222,43683,15.37739083638772
90278,44135,83.81312184682297
14901,1200,32.28493097295889
32849,47106,48.40685992496792
86641,37656,13.229857335681702
32238,31532,75.22488553763493
83735,49936,45.22235539381264
92385,14384,78.05933501442667
73388,19708,63.6103100672726
35820,18026,39.597904332658906
61258,31398,19.496474730938044
81911,14418,84.56555642157626
85304,2169,64.50764769266326
24867,5064,64.9111350552255
99248,12172,51.76978933916791
57826,9087,49.970993289254565
70047,15458,94.88405151345869
56181,47940,84.84170724302078
98176,14300,81.55628523152282
66032,3160,4.058151909198723
60268,8146,64.10048561822444
40759,9047,7.277019079590763
39154,3134,23.537834238591437
98153,34225,32.46582501429401
43427,39147,69.35497152865611
59781,48904,35.74723192628285
36279,2885,94.81092852163005
58460,35250,16.076940664433472
88958,16707,25.572992151545204
23077,33415,86.53082608187533
20181,33975,22.398364975246484
87313,49113,13.593065089886442
4006,5794,72.19508775840212
98880,39938,58.758030344298426
58268,19992,53.30141002087374
82362,38941,18.313070474626244
64005,6848,85.33553316194768
78825,46203,75.70988728666853
37034,24997,79.16331086787861
75195,20793,92.18125151299262
81370,25831,95.3497280458434
81731,1610,91.44880641465315
76665,39572,2.6177979483748466
90127,33438,34.30744811280565
84865,3385,11.30280988860654
93657,43072,46.464314134040585
33586,16169,96.81435336883187
21277,25392,65.79265986902651
66858,21499,81.93687123911069
20398,21087,82.14817279336933
45454,48661,71.91708547257902
70808,19346,29.356300498267764
31268,22378,73.24834212978861
51351,28193,4.173456199845821
37591,18235,98.99436571514192
39671,46570,60.96658504740469
80976,22753,10.354425041959113
77824,33146,35.43145156313081
93711,43545,30.6786435471395
41731,48004,68.01852652335563
35710,48532,89.35665937704928
8680,49440,14.106395633887486
80604,44363,78.00697196961391
32692,1888,18.87711987098669
80294,15666,68.44428728222569
89894,15966,91.7240069721374
10157,1953,42.312570881972896
71271,7991,7.477708723914297
61503,26519,61.03289273234083
92682,17632,32.71271207831626
91461,30449,55.935558224966684
96342,36094,55.70132421013256
62033,14971,92.60599829149234
24695,10366,54.073564809186394
99263,3967,26.379420716751003
9968,37535,38.792470515148025
91478,18713,73.81708359564078
10296,46163,44.44628263037459
2647,13412,66.0346442785125
81726,19736,33.006384748671266
16737,1355,17.035433437068633
92386,26359,65.63025199068537
75704,10243,93.47842995404913
90955,3679,83.21032666743982
4421,8924,69.03191765148087
89908,20091,61.136374210500605
43459,13415,59.055345632054085
11537,22096,36.633236420833825
77394,19524,63.99292293147512
29180,48786,97.82036822904375
34572,9058,85.17773324562394
36258,38393,86.14336582303936
64974,6088,69.58593055488588
35067,21317,9.816441171174775
41651,47769,60.288223208808674
93526,11397,98.9154422732053
36196,23351,49.90466482390826
78163,4149,5.891911352076958
78040,14547,79.90450761425775
33931,17199,75.8416792863807
69927,35346,31.3357054020346
67995,41265,44.98877585902032
60608,8026,29.704521719247744
75088,6456,79.94979353209085
86028,30126,29.03762571205728
67317,6827,80.15555296138048
22492,33530,14.820550626362298
27677,14810,90.21951953783291
65914,18604,82.06795501578961
56965,13082,75.34460312276612
19835,14623,78.36980445738912
12970,37029,78.31705013119756
86328,27188,27.52291787053067
24976,31696,79.41802135690021
26437,46907,7.777751614138369
5170,6279,64.45753726266629
39575,4450,8.53171914544397
89962,39072,98.92387254920602
8975,29881,92.81177948801168
20425,22706,71.56758965567906
75914,37893,86.55843615168999
78905,2375,77.49362394551953
83933,25855,94.04870139457542
5680,15118,78.76409187886603
66085,41298,8.053770618410201
13693,43137,29.327075397627382
38783,2681,25.327020818733573
92677,23016,63.287435389989774
61444,17914,83.62713826866292
21814,26561,95.60705565202932
45357,26479,49.9315923508964
84975,36229,81.86417480410333
22827,32565,82.4644348757522
36106,41285,96.76328029589419
18188,25149,43.994273197619485
85597,19182,26.194334000670384
45320,28342,65.11757488132749
90471,24762,80.44582195037614
51207,9183,38.010687750313394
25655,48621,25.102022749043726
17252,3255,9.29692763138371
61081,30445,73.78549167020492
69354,27127,79.40599926083999
23424,39461,19.811667370093932
89680,48251,77.54664400301444
74135,38413,98.2565635551003
15636,26897,40.99951069589776
36636,13622,86.08511679015731
15893,16671,78.72298199181833
5534,6230,1.399832447660468
6729,38828,49.04614882178704
84149,27570,26.1779574218567
78973,6851,76.87303056497085
67805,4516,52.63352234658904
97292,29770,13.717029438238809
13901,45144,31.297908410578344
34713,42132,72.62983978722228
97009,2000,78.912916276181
63541,30250,65.8381566268001
11940,40194,47.85225414128367
62301,14374,2.766752906855178
5144,11070,79.28288446614134
16716,7990,29.250746800875504
51192,33907,66.62093834632046
18770,2185,74.37929428673341
36802,11118,10.417051852409884
15919,49598,83.9687312026509
78747,37068,76.73261094848317
78442,5919,49.657727508780816
53757,13332,63.69185888498808
13372,16565,91.65779587495267
58868,24198,90.79973561617034
50966,22723,14.33355325337368
99285,23039,30.27779055890698
11402,21060,7.007716964896996
19334,19612,42.40724227870374
30520,1866,54.5170129979121
4281,10075,67.53124950908663
83672,23644,85.6000916726145
17910,1740,2.822668402498438
84812,5198,78.65783255522061
23827,4100,47.520057292051035
86910,19043,19.561957738765912
72493,46832,85.67479783373766
16055,25940,61.37015594066002
63013,13993,68.60364717518394
2055,23939,98.51493057513889
58013,19121,68.88914803935403
47666,32183,57.03889067108189
6017,6209,20.82711251685114
43329,14204,43.1472132946295
87472,4196,38.706071448165964
92916,4641,48.679283586516185
37964,4310,96.1833782507958
80186,42483,94.8413023842447
34307,814,42.668314372709546
86074,48869,46.04722459631218
97042,42247,52.598312898028695
99659,45500,30.690369010075436
14911,5615,37.92158937587258
59989,3360,6.80268976059154
3601,30585,57.691591400857156
84139,41643,15.798390079097972
1645,1922,57.61453011309358
90000,20948,12.607801963587844
14192,25109,86.14808352094465
84373,26246,4.737415151341783
36054,20186,54.974633525614635
17786,6386,15.170340317483534
36913,22200,25.78322792862586
4887,43628,95.35431911073161
50392,46606,82.44241901594634
63502,48684,42.50267624945434
94288,23157,45.53994165538432
52692,3630,48.99321182521869
4086,3544,24.070316471957202
1701,9663,13.440650986976365
38599,15428,27.044624110148305
67832,3875,12.184314700449278
21711,48875,48.64575845570106
25385,1553,46.58066490663186
51793,48651,26.879309291104242
28962,43980,65.1869555246797
25606,13681,30.636012262654578
69923,6180,44.267625883853306
42261,17593,30.19486558955791
63870,26314,38.0270977259721
49036,722,76.55407109124361
16137,32705,14.428511428114682
87259,8505,49.26209729624925
18969,40194,93.52758702482528
87407,1188,45.67733475251731
52477,11040,93.08049213528417
18497,9583,83.51726325604307
56960,13839,65.20312113987742
44363,46523,72.83299494300559
77690,36555,9.320682285610605
98674,25957,88.5198076734889
23870,32123,25.620775819478975
90404,6267,26.88029327731789
58206,3354,43.793974634486894
40164,46935,65.11655586334365
98839,12225,34.44087891631018
64990,12475,40.36115262483469
70584,33359,61.92220033878599
43950,20486,37.85461080753204
56547,38220,15.018396443471225
22044,27981,42.200359791839
15415,15398,43.20374588940297
6339,26733,69.38446739464504
79068,19641,17.89733247126261
6083,5748,79.90818465636815
96176,37349,45.035838166563465
28571,40110,33.22494286358669
88265,37823,46.346939755615374
43715,18939,66.35307491302204
94246,20668,61.47743626634357
97387,10393,66.99011022117423
2286,37912,53.83752623174726
57550,45328,59.679593430670884
23830,14247,41.48065575623149
46257,6745,80.23275797367117
59729,739,78.78389777713946
28538,47178,33.90357358450682
9039,2245,28.850492097892463
36128,26929,81.68575827444974
21665,25508,71.67644622235493
34562,5352,24.00100264612724
33574,1442,5.188901856764258
89115,48833,23.520907524604354
21171,855,9.403846438564331
8706,5131,46.40082078778431
95256,21700,67.94077580675307
95981,25450,51.55996509939493
9000,28760,59.150283041987734
47711,39522,20.47518988671411
53704,10842,64.77572332285713
97432,7827,84.6608844078534
95399,27399,27.46178471833272
25008,30722,56.29653448860535
33200,21497,46.52316775551072
17235,20022,63.66943643491368
86551,778,8.616621705617781
69899,8485,87.4569544036628
52199,37682,60.45403155960703
68990,17652,37.69632804983508
80315,8887,18.491606511113222
80523,45570,20.48160068769476
51391,1815,97.0796856563648
1362,20152,96.88252582126842
59330,14160,95.76075813181937
3127,7254,14.77320424985335
58493,16572,30.958557368263474
99374,5516,72.09811380367269
64992,17008,33.41766367191195
60915,22253,47.422544298821094
18728,10878,12.231629841211747
90201,7432,53.60326443072197
52398,31648,50.848264442319774
2866,11387,98.8617176884479
50968,45389,98.48064665659433
11183,18451,35.71217570182903
98592,12291,87.02535997122419
3256,44881,60.27089117178009
38042,7873,96.79815306784612
73117,12964,96.24031927291655
98593,39990,77.88073141707304
79802,42599,36.69451150987027
1098,9552,75.238696635149
33170,14560,25.540759145269085
69834,6262,32.547777132751925
59920,15812,29.67528220677218
94662,34492,94.92898599711823
49631,13811,17.04586608998427
7483,42925,63.15167060794014
55914,37111,65.74300582714827
58399,18403,43.15108191533121
72565,47780,44.00012442944528
37432,36539,85.2316266884632
49717,2187,79.47497092104574
31765,33724,48.49992906874741
42330,233,66.7072481607148
95000,17062,41.548428104467234
7208,4947,93.51865536542437
18663,26209,69.16541351405121
81950,4338,94.39258650484601
31620,8000,22.288405708363687
8193,23500,56.46381093311217
23308,41541,98.38757336705518
21397,46607,24.80649507061405
66868,23781,53.03772018802266
74389,20673,29.50175289130473
16139,36705,30.73524811303064
12936,35721,76.52594579428433
79617,48615,11.386450235631713
77390,2473,1.339745727683038
69738,43516,95.83204769867943
78359,26216,7.703991220003173
10971,48778,3.9959004130270226
20600,16361,90.33736128490584
91730,22360,51.95952327032066
74668,386,37.61297071456763
40161,18338,83.74508761414826
39069,14523,62.20100515990965
85676,42210,68.89177689920808
44494,32473,70.59966239559708
94091,33883,83.63607486713038
62935,49091,16.84167689961132
4884,8080,81.39571825208401
43848,38361,65.18374963265408
38775,38294,84.87924460330034
56745,4653,61.727556493270505
39356,38731,33.08796169502615
84797,24344,85.70604831167843
98405,40728,82.05956887280229
77100,2819,19.886523902400484
9254,44335,77.97026255090215
41329,26707,41.04820939357841
34492,15517,26.950945856123045
31502,30077,30.466741538426053
23300,41105,45.43779669780529
88109,10784,14.927542748671723
62387,20932,63.47453655213343
67641,28110,59.781864216074915
56769,10962,60.784346736355275
59919,14113,1.050558032429192
36593,43302,43.15319448639515
95035,9212,55.05664098491549
67401,30629,19.740995938637937
54237,49507,21.75794623167365
10569,38637,89.55341666060316
40596,31485,43.58461831622862
83446,32905,40.92206964697502
34016,15906,35.714178009009565
29101,4102,50.51452790626485
9496,8127,57.54552480967997
69026,48419,57.587874717251324
35610,19192,17.202344927017048
18112,23788,24.121683605076182
87433,46412,8.464900908781402
20560,45437,7.7523931202120115
21627,24544,66.26188076313342
65520,36650,6.499470506963249
7524,20662,83.89394895528238
79032,8407,4.772524702829461
18636,13535,29.603853889550418
85736,18835,84.28460202439982
6873,11433,16.583659606735814
37795,32151,39.23109389181192
62574,24056,10.473187064340955
43053,41639,55.079332123331746
84531,33419,84.57215556257952
67261,37818,95.49211617325602
11503,38960,20.269004241753393
3341,46483,90.75655948702139
29330,42724,63.471430612045324
55689,36250,48.281227222519654
14390,36558,33.89219418890399
48580,4642,10.78241788109345
57699,2588,85.46945310237007
96661,37343,54.60415307009276
84215,18567,13.231099401947143
5603,22809,31.333612990989746
47034,17593,82.71750353906558
13356,9477,91.03182131909273
78538,33893,70.7940961297716
92349,9186,81.12194936049715
92528,42329,33.7131483882881
32391,6027,24.68741892477187
44934,33544,32.25678968992803
25981,18932,7.9917886378689165
97191,3066,95.23133652590295
21455,4253,65.0008397140865
88784,35829,62.02087738607816
96821,44528,47.084673320869314
73547,47725,4.086402012575808
64104,39888,40.95965583040211
2503,16452,34.01163584407802
41399,47990,40.806782308486376
78861,10603,8.303981958021904
17416,29002,26.184537699728565
58635,44279,17.495854677227488
20576,45445,49.232101506088576
50577,43179,78.15901147432974
13617,20425,85.13833689839575
17718,35662,38.754538073060424
75964,4187,75.74121939045293
12256,23585,77.10901791464929
61264,40144,92.6169303540477
23276,36531,5.961088530925397
94124,2163,81.25699737517475
32581,23276,81.53869674675995
98374,11136,44.33316834268177
17802,22914,67.6504135229966
13796,41834,24.791010419297233
25833,43813,43.35454754363883
7888,39443,96.04758879043543
6109,33156,85.40796035616883
23713,219,77.4246640462012
94343,33182,66.07651483051437
60282,17491,29.70755138526201
89294,40357,51.69295028808544
72517,19289,33.52968057522226
44726,36109,77.53152321495381
28869,39322,32.473293614493386
65059,26738,67.74741932734727
24088,33373,8.876557851311855
48092,9771,73.04106229904401
60440,36234,88.86293573043751
87021,4830,54.03663791914515
72786,47708,19.985075640341535
95131,12795,11.491817268705882
45423,9106,34.74544261035539
77578,30296,11.546624960804728
28491,7945,46.31560984529302
86140,25065,45.98495850789618
40739,31541,36.917949604331085
69479,43774,49.0577150185728
13283,16875,34.70373398247235
37443,46760,76.95041538181695
88168,5359,86.86165191809977
60850,41309,31.482355282982056
59213,48220,61.08849508435665
86372,48717,57.94229996989917
34584,4557,52.52560692779142
45247,11364,68.74325366885016
21609,36956,21.236510407470078
53318,6998,75.67006551718048
95133,41279,11.089822046388297
3469,24365,76.45807381389524
39844,41190,76.1899991226992
83053,20378,67.7757672640603
69425,36577,4.348402366646897
74072,4528,10.012260330672436
94824,30285,37.27538734593399
17174,24515,92.88875848100615
9351,7486,54.64382317091017
65442,16175,94.72837097545417
44821,48829,14.29242680664109
74698,6596,83.51967717878244
53705,5846,65.9105060062115
69776,3645,64.35546990539721
12215,24412,79.81351297285786
69149,14432,81.39963328544421
70172,1092,10.914404682300685
61326,47869,20.899862297191223
65915,17855,60.94213447553056
28138,32034,12.1343628580873
12340,16472,86.49032445615532
86286,10637,80.93192767912583
76629,13787,9.170325202736706
59210,44064,19.102498943572584
26105,45267,13.35260670662889
73604,25089,41.08927022659772
84117,4625,33.774121686117674
73484,3414,25.707420135882664
89311,42862,54.8996195644295
14663,44612,47.246844996442434
63730,37179,69.43518149027787
93833,16723,90.71069629924803
58582,35597,95.68983516907691
32937,27011,20.80575043731257
3475,2718,1.9717993678552852
63971,34755,13.377427775796924
69649,9452,96.59833536762315
17633,37045,29.878518457134945
10353,16910,78.10986161384425
23713,41871,1.3631594139735326
89470,45991,21.688805017968402
41695,38424,26.72263857535904
10309,45580,98.4173080977447
6760,15599,4.615485813795871
93743,42075,66.98551782964459
96102,11867,46.239386160712876
18735,40004,46.55473394982379
8625,21249,45.038127056275364
86624,45414,13.100113371123832
59318,697,79.95572760709341
25763,35542,76.29924020728606
13233,45687,43.777832937380005
35009,37921,25.4597467406328
32194,27665,15.09343014450498
4752,6548,54.81502379553733
10809,20378,35.51421099498763
14932,12466,76.35111971555239
68470,10315,28.82089990406106
31039,47808,34.03883402766391
15775,34275,64.5621558690095
58684,894,86.05601258885375
47482,14328,5.340183138199471
4268,31881,88.8793626382805
94559,35942,3.512009833295151
9179,15210,75.484960848425
56273,14219,84.77008797843615
31179,16638,14.968859887825184
94426,39918,63.4894937518357
93596,33695,34.231905234807584
71166,41812,23.819604510401597
44652,12438,33.2790710678067
83355,31508,17.125881010300215
66185,35181,3.579433699872525
12481,26785,16.376491496360146
20953,35365,50.0066370729688
85252,28202,82.07493931266369
52845,18732,90.83457674214516
88630,25914,83.93979594561947
77852,11300,5.306388702291427
46818,3238,12.228058933084972
56146,8006,83.98853434558545
24642,37307,76.23888337259262
65929,4339,91.3006700155048
92040,40274,10.145315237879974
48124,10311,41.29000170188957
73015,35460,22.042844794774112
4932,9375,25.75090708068454
82267,24324,84.46081100600463
77517,49189,35.8069702479603
18982,8372,68.01692780096919
10129,34263,98.43621137551644
70157,10418,68.22651377297822
82502,19211,90.00096032705513
37656,8160,69.3691864502961
43459,6578,60.47048997426362
18564,29257,97.33571021785734
44840,16468,98.7420455737469
28549,39171,87.36013521127092
3775,41219,66.22564229255079
78853,39501,59.890131360370546
6810,41236,73.87268555390854
26468,18734,71.87700135024994
86934,32080,77.3070112887538
10260,14356,71.73974737099131
22194,7927,74.25997184669531
28855,36192,10.859888830530497
36568,4655,44.222992098572824
79585,33726,52.75737159674575
96781,35773,18.750375350577176
41853,41361,12.258593200775977
5966,16116,70.29468106986172
25893,34778,29.611064500036942
18889,3442,40.22015362229209
14932,34500,13.429467993273445
6651,42152,27.055813294774474
95256,24753,70.60430694361631
13976,24375,98.85083037403918
58414,4406,1.6698974461751246
81209,1399,41.138650487160966
69036,797,32.541681476500415
62333,33567,94.36956951896944
60406,17905,17.427334492829957
99421,20573,14.250676675436058
62694,48907,52.67464001138667
98105,38750,52.00175843516603
81259,19877,51.644819124970546
62372,32238,65.86552460392858
54616,13199,60.223456461368926
73984,1591,22.065225402927624
27216,36507,32.334555600590406
98739,10118,37.361349459303966
34711,13289,26.09760918184942
41756,16563,68.83215443651036
13435,34814,50.80755696452774
43769,25624,98.43263786194528
85039,1847,62.1851782784068
12180,42929,97.386658223062
46944,326,66.37009237986106
43891,12068,98.04361060913764
32175,33251,18.93249451398718
75741,5337,97.53736140391884
81799,7586,61.14922454193288
84638,23267,36.67405422430243
20370,7852,25.88917941085305
56390,5661,63.00724968109137
91841,21745,96.4876187635659
24595,14942,8.998271365835553
76381,45015,85.74900113903203
77754,36369,61.37289306269298
74719,3463,13.695741371128031
86691,59,52.76818428622413
46511,17635,32.5616300366427
55506,29366,81.53497339173651
73322,46990,96.31481083814221
31672,49320,71.7110461140503
14040,16416,78.55708322062713
41286,23373,45.944929682891846
70047,28737,63.06078309980437
36839,40567,79.37354075328015
9522,31244,13.072038740064762
76680,33190,62.18248656503031
84055,18389,56.975535361930056
31208,41811,44.104813954362086
4416,46128,90.31729578546485
41794,21582,18.543078178823556
53076,20191,82.5783824546763
62574,43304,23.827760947933182
78989,11357,46.812632214948756
38699,20175,46.643076210391456
86849,6047,79.0300854496808
37171,15934,61.25404954883745
18575,16751,13.293897395372905
67085,27980,46.355532149286724
15591,1008,26.58651609576965
96518,7074,69.84167284540176
66101,19798,55.15535860691134
15591,25553,49.433626241570124
99619,791,84.19438992634902
14546,40656,79.9554734043419
15982,10819,52.276926259243474
34218,32052,50.0091514627233
72401,33950,7.730729896083225
95202,28171,73.96426836012577
92716,34749,75.1984341536825
49347,7875,61.739913328839926
68835,43648,72.77618406741608
50989,42407,96.44015242768799
63815,40008,6.600803355183096
39999,43704,97.50797594890071
13863,11941,29.50296168684153
71757,36752,35.07297178746348
87294,44353,54.645886229789944
64276,15713,5.004634275994908
64228,37307,86.19539324751725
11467,10002,84.34414578558922
10284,28880,49.40756343223813
2946,1115,70.08921448775352
25065,17305,6.200504967562085
87860,45324,26.671113734525846
3687,11851,50.35547760085185
38129,3588,21.955071309039717
15526,16104,20.206692260014886
89463,18010,92.41892522778654
41410,10342,91.73884085021352
49369,22270,71.11853969361078
74350,22372,77.60594813962496
20251,32862,41.235854074566525
43900,4573,67.04487762684299
20581,35110,80.19616790349407
24937,48381,97.50511208250713
74428,44074,20.791646657384355
86581,15775,78.34599162885938
99203,22877,85.98948348654164
31301,34246,66.64814834842485
27268,21210,25.414303960564403
90791,20618,40.80212651622652
10156,7819,9.683070809633612
36758,2569,45.39247307990684
83876,18753,68.25004357042454
4443,4401,94.44275173820115
49614,4045,22.103815434069094
27654,1904,94.0138546630459
66188,48347,84.22571493078614
30536,2263,31.1674832057874
62782,48456,20.650756618605374
30902,17461,25.079838738823835
24893,30520,31.870848637625684
60569,30641,83.09400722229194
26465,12071,27.078729298246213
72154,39035,87.13562338997792
96393,32732,50.15141458099172
64838,45241,22.42466101462229
15174,33890,56.44491856531546
5812,13530,63.22814753383473
46900,32509,16.881711156162012
1286,18578,58.099132868164176
91880,31368,23.01072333607431
15905,46025,90.60546699853533
50707,41150,68.25675157611927
18462,14870,45.696775721677625
58343,17268,41.56789835100087
58234,46571,46.25225419271477
97657,7904,53.535145486191894
9925,48858,97.88269543295823
83089,12611,12.230047114321739
14560,14455,56.191337742362535
88194,41241,83.46062418141328
35682,49659,75.77703136235418
90583,46591,24.681365341940626
25031,9320,13.868814776206179
18485,20517,66.29529628224246
23317,2926,83.53296524959025
56568,40891,73.33692783447945
10900,13939,33.242176061640535
37996,21546,30.170280827534462
45782,2757,8.020142497624374
59684,45582,98.60575022316353
89671,10784,97.01991889024097
25118,6676,83.32632872977383
33976,383,94.72194118696405
12631,16508,58.49551638577059
59349,8512,89.47159034788022
19412,28627,15.889644209842938
71550,7312,67.07558966210746
43173,49617,9.665852733947832
56863,47909,90.59078330508629
11507,6779,3.953710778043895
46782,5284,9.722722884763122
29882,48978,29.051393639451053
64642,41853,29.60750532106046
42509,44019,90.77286501894667
9052,22763,69.85980331709968
14569,10210,24.563743374950942
2054,17903,6.18211724516257
80694,45980,32.18858740948431
58874,21021,89.01004299941246
66517,6949,87.26671919901602
7929,43384,65.59264191326608
47301,15926,61.23361256269274
84106,12384,15.573500179340703
71133,27046,94.11190301803857
42521,26507,2.0838499512574313
21764,45468,68.18289616643969
36097,34756,28.12468516552066
58682,19233,12.425818867329891
3296,17171,64.57994898848075
39762,21894,56.22562806101636
16074,4069,89.08569904458687
52261,32275,64.91293309175464
10893,33020,19.747553967292756
46518,47209,84.04919396307145
73673,48077,68.58327722804052
72207,5538,82.84286843093506
73093,11872,88.85672049589618
2231,40281,96.54317034412512
19113,27333,19.167995158138872
80251,20096,75.11818538198143
32724,16598,1.2643714856413244
86033,17006,24.88639568211099
27345,12492,20.167374895667862
33795,33172,58.712517518555195
8323,18895,27.30394744959962
45047,25351,40.4908514725463
41198,40898,54.805956742429885
81882,389,15.210453134868029
34108,47706,17.610505536320428
80301,25549,45.22542408067087
75357,23646,1.6658213178798493
84454,7756,4.491580075521401
43087,47397,72.14771513333716
9331,28486,78.2114132959383
30816,29307,31.454967319707595
34844,6098,49.441640845477764
61479,34875,70.32214244385051
7710,35151,66.82132419287541
83202,7492,34.625355042456825
77600,49702,69.81819491387884
98065,13969,86.09867721716705
62094,22396,9.7529459461962
72253,7498,81.84681747480471
14120,5061,17.052426738800662
61040,48607,39.094774607493385
48077,28326,84.83758772316074
47639,18693,76.39535006480082
52566,28672,90.94423956210208
90788,46349,92.51794253698527
99144,33563,53.988217484876344
84368,21611,66.14735168671245
31074,34061,36.12720094396696
13968,47810,2.030919830627332
88261,26059,19.956989008623797
44632,46412,80.60607096930885
50936,46317,14.990646081329864
85812,45609,32.69738937311185
34993,49383,22.505032594125023
93488,39566,75.79667367640658
98102,33611,72.87015561673579
74829,4647,67.19489278610122
19282,27040,96.54483201607945
43511,41439,83.20258264456221
2499,9443,79.69191280039811
29836,16023,47.83623784439838
54421,6417,24.247042279971527
85364,41635,44.842542849262585
76558,43695,97.0311091274855
86283,35050,5.0245327150806816
83021,24307,6.8525490969978256
8907,10533,54.36274170144392
91991,45771,68.77790486955806
89341,1367,21.258509414829646
47485,49242,30.35828308435271
64604,29193,9.587088076586419
26309,27673,76.95589837774457
88894,36034,52.73894265644027
97431,11586,65.46125441197591
44546,13605,17.394409940711064
40950,48609,44.90896036864541
42318,8528,52.08708547934551
63693,36982,83.54806943275946
79207,21854,90.82382658933034
57024,7358,25.375857044940833
15243,49655,44.718286605201484
5644,28585,39.90880944237857
25594,29908,6.878190898818335
56174,8241,95.02634860442949
72288,20148,68.82920646379281
84711,15812,16.929428408692573
20358,12305,47.10574146316232
67832,36006,55.806158356802214
7977,31088,54.31249308795497
58801,7400,36.038025876085804
90434,2086,43.51728872506121
53199,4508,90.59543525244729
62910,37331,28.742648714899772
26807,15187,40.94668712062342
48200,10152,82.71252186699031
63287,47034,82.78164176445836
12195,26234,83.22460784322641
61928,9810,47.470953180722105
5972,22765,49.289422174156385
87485,46420,19.56797691602035
45920,35259,30.680359813309746
56721,40143,71.86763407773705
25905,29798,51.660295082757706
56520,5314,55.836797635138566
7578,38267,97.52453806383026
82339,35478,83.12089376675328
75197,840,89.37067738013423
86262,4278,5.2668756985972305
2680,40962,80.56180459525969
9891,42365,8.969747860710704
54502,47328,78.47059632878418
19786,49138,35.73166965589596
72987,45060,92.3115807682589
23404,42401,90.62457908623297
78008,30514,54.544031470186965
90529,30862,31.023067646260454
1571,32387,70.45801562147241
64324,23609,6.446662254775231
95639,1102,47.84928829001679
72841,20918,94.51885429810632
73665,21130,23.574492266509274
97107,13463,78.52216752929509
88022,24809,36.68364234870031
16985,21440,11.004767355221299
90761,5079,68.01818007905632
56998,38515,38.45751238487089
48759,19625,2.0380028116572477
69258,26871,88.26185081574948
19656,36769,19.401348339553397
20875,42498,86.68718825501907
41329,29038,95.82571266549897
72784,40581,52.95345404792125
2866,47299,52.49535479644237
67815,10281,10.953775064614735
22297,9917,72.97600319289278
53172,28247,91.81324317771141
32240,10111,65.19966658965305
34003,29911,6.7456030625382954
63729,49658,38.335673448388214
30741,1666,64.87100563959308
14033,39736,15.62135403795835
74133,2496,30.046851634999854
77737,47435,36.80335949154138
77712,26990,7.543551641496469
69861,26796,84.63516733867759
21700,42593,50.620087828551654
76909,19709,36.83147942311357
49342,215,59.6065762714856
94168,32403,2.3853358813805228
45751,18797,75.79279498942692
88856,48094,17.94733390811353
22772,1505,68.18057534631649
28313,4272,73.18461533223964
7643,25189,33.10592853443555
24543,24217,39.38588427071241
74302,40277,5.992120905218758
68808,24894,24.980893521479818
13698,32369,52.12843975479021
15585,21885,27.87228603745247
58435,31956,48.591476787916406
30128,9633,81.89211758647588
13815,27103,36.826336056380825
75576,37299,45.254904176641936
49166,32356,83.60460529283196
3971,16144,45.45732750757669
37542,7224,8.627036357817433
68928,28959,65.87689450236158
12424,3708,37.36423336816968
54274,13933,29.72433750065975
29476,11668,74.9039532782773
10443,1877,9.353494129150569
68047,17637,17.861899236076635
18684,18905,10.473066445840823
86926,48111,12.048865626053955
24457,14316,69.91564813355768
11544,27866,21.35533758617328
7882,12700,71.7810830983227
58739,38979,46.585830556212386
74736,7221,90.99503412408939
47133,49214,72.44497209271701
30746,14057,9.574778080695214
66177,33246,71.52828851569186
73099,40688,59.833999770017535
79141,27925,74.50947460305923
48039,30941,16.028891578438213
49429,45857,55.72295782611164
95776,37179,48.09844115423476
38585,49272,57.76349631238737
65035,8173,8.510223270702777
54769,3713,46.35182643904524
46343,26067,67.48696589004298
44932,35984,74.46094418905338
44463,46940,24.762806515355987
50814,25550,8.365401451551184
55514,47856,59.87213255062203
37225,27278,67.11679417750443
10560,35678,79.30303661341334
47240,21061,80.13621012424142
23390,42934,71.18231642887982
25661,4110,95.96918507674374
53456,13813,53.266402124164344
64359,43987,91.16624862143443
1431,35433,61.45340885818583
59466,24101,97.7300780080604
14958,35670,21.353537942008245
25581,48913,98.71519346776535
44027,34174,17.852209026552828
63282,22423,15.714473752899798
12379,43645,87.43620691162673
21687,13771,74.60283581378802
82796,38634,41.2577435511927
40169,43156,17.331655508207433
38656,48806,74.30912566478257
93779,39472,29.01376993288509
2956,15300,28.96240935003671
58489,29509,37.96430343866711
58333,46175,96.9057927646318
28219,471,16.824700595305394
85532,36966,70.19695656928846
50962,9982,79.26754210386223
24551,22756,69.90051886691332
37536,16935,27.919252032984975
50806,43256,24.78915348521083
29127,11207,73.0330166158311
74894,3613,29.83710070926509
13568,40320,73.7448925305831
5370,7386,98.37893784103935
56484,2323,13.903076094147782
56454,20622,79.64746667683397
67398,25359,78.1742053222631
96013,17796,22.055377500457794
26808,22415,16.593065567931554
30067,49900,56.10414428357953
29389,23861,32.80463757824688
68905,13412,49.93598692515081
70004,25846,75.46922508591885
9526,30600,70.75047561725208
47137,1991,90.89706344836837
94456,43775,41.670429735628105
72883,24559,62.44733448723687
42965,40628,88.66385002538335
16943,18786,74.83915092693626
41233,31685,77.88438618291013
51266,38097,41.27977826083435
56833,27722,97.63658047307821
47378,19059,24.95278289169125
24785,4779,14.236110952633041
14514,7555,9.27630651480348
94643,19635,40.26219146327204
84315,35426,2.27814314762298
13403,47126,81.56429496282391
49156,23214,23.518810355029252
38945,3786,35.17017681439992
6694,22999,86.86983261959719
17861,7844,14.068795926054387
46359,3985,14.828198428538549
88253,47189,33.209935574633896
21150,48217,61.45694532460662
69902,23117,47.14793804096469
31628,34314,11.338914582075574
19867,41233,7.511466466242681
3996,17981,50.15778587407406
91078,43122,81.41983224000305
2439,13656,53.05575953985665
2110,2388,11.44971768409325
58324,19071,95.86757516263883
49291,30227,22.21852487681295
54829,25545,85.41471588409044
47492,34525,18.210783244093918
55247,30504,53.57409080305687
68810,44993,33.23776181306347
4813,4594,50.34974366698516
76954,43224,43.78727174007923
42472,49198,84.32220302583923
7658,18580,29.68272957029717
83856,35827,87.6926165135911
54372,15114,87.28276936416327
16711,20377,23.820694861292232
39366,8899,2.0490072238492036
66823,48935,88.99073162030994
35372,18555,36.37155977256527
17390,42316,11.083762970478785
66223,2359,47.67340468748056
50289,32000,5.116242735522537
21129,2948,37.34841910037482
25309,28216,25.238672971931706
11483,28606,48.23331464275984
53520,10544,5.830600543063823
28027,12549,62.7636085439994
93273,42818,35.06682337002025
38820,34073,64.23997550943972
76248,6798,53.162172717902706
99164,33231,62.25254300681873
81564,10649,19.650024238414456
82177,5760,83.08606261829287
13713,5277,20.851733349556014
72162,15839,53.94177995734399
29957,34528,12.750197765535633
28811,2853,26.267064300576223
88501,31831,63.566730976829206
19295,17128,43.96293617942228
1724,42316,92.28025962450964
75766,229,8.995619850005847
83412,11929,68.06186611315572
30000,8230,45.180169449794775
27320,41756,82.87254032781411
15482,8788,90.57747423529385
38256,29959,96.73243024242572
21978,16932,74.58146995061051
70529,20631,39.60693446766821
66136,33143,27.270860438058243
30164,23934,95.22728370506114
86762,1129,29.502161448635693
25553,44943,97.95820448753219
78811,19564,72.20571607086201
9538,29676,57.0740832648447
29962,40549,79.38484577447836
35496,42950,91.62471332362988
68651,17904,96.23821447865735
70147,1413,84.26584535326019
28999,9147,71.07430250415186
67998,25911,19.2083762672972
58171,24201,64.58590123060587
59127,9270,1.487591563802603
73996,47195,12.769769527021348
67972,29619,16.20148070553608
34705,99,54.49698527349091
88784,44780,17.41632815711006
2468,14381,89.57135380184775
38674,34242,55.872308205584964
38182,22018,22.99904379000193
93388,31953,11.410509857208211
26046,30276,72.57759052298525
84370,368,31.39563171270911
42063,45378,6.5501246561828586
25125,12526,59.26906111241602
10119,40271,21.66694885064304
42415,14201,24.90478863829549
57992,21011,60.65788883077691
97711,12933,50.585029762489036
25431,17555,7.97518960895332
44284,31335,72.47906289485196
68994,7265,66.84875186661736
95888,25812,39.66375188029326
6865,13732,32.46097843743472
96344,32794,14.750588912810727
15099,34674,94.80491686313536
1174,11490,27.18561112327695
64201,10673,17.94259702174159
35844,37265,93.09118414076353
1421,15406,42.72933753112443
12257,41967,60.023338048910624
46134,14565,38.66986611079938
41170,32148,62.62518275680571
64393,33139,18.071222895613637
42493,33191,48.74257188990452
50053,26849,90.09350419068349
85193,35226,6.838761291651084
35485,45797,42.44275147324369
88967,21159,6.3349776983439385
3318,34331,17.030505226728547
82765,31045,20.406188275816852
56465,10379,12.703843031146054
16814,26697,88.17923473354709
30978,19203,11.923077997225574
35672,1909,12.393645410844075
94374,21705,56.33680734983902
22204,46249,91.51825396818643
56054,39274,91.64783494369468
74964,6670,90.60112297039437
59269,14466,66.8608455069355
23241,33651,84.51967656605024
69833,13671,24.956392319129414
25481,4415,58.97927828181219
97701,47167,98.30138393316652
61635,20938,83.31873650861492
39226,31664,69.97202205220825
66871,48753,15.356028477695958
36005,26520,46.45147671318216
84166,35750,89.63195808813452
18270,40141,46.83966875828792
96234,30721,73.82765645019064
14538,7582,40.49345313829571
31031,35085,12.075632885618644
94060,41662,10.678931615891095
14013,23738,78.90367798272044
69252,6969,14.677191556212431
80490,26487,94.43367402287333
51010,17366,97.24697421629617
60277,28418,86.77029819783158
4495,16328,4.8159329409888
53146,48379,77.04371449848665
88561,2172,65.81659338067819
25928,21095,22.18067501470417
62057,269,2.33439077700488
68422,516,59.94178829615933
67388,34799,13.09554215699396
83789,32650,46.99018664126061
97706,38779,75.2898610358571
8223,28096,97.21623261872178
97970,44793,9.149075521793561
1874,2443,88.40911792049596
1211,22968,33.39986456933609
64084,41854,75.48402417217548
20888,25119,17.938903080339692
25599,16540,83.23017923663821
40843,6252,6.841995650848537
15382,12654,9.046902106374052
5887,33914,5.559757197251226
76519,20614,80.1512160894234
68123,7739,22.364496631017314
70318,29246,23.397666951641103
7991,33694,88.3361020495105
50820,38914,4.4911785128569655
41438,2168,26.671532307776168
75794,11063,15.698202555771479
58958,42508,58.46656780750805
51447,21982,14.917600481774826
88213,5685,76.05394007669402
31772,30286,7.897952127623526
78043,31442,14.573946975538176
21491,19423,40.8627282805505
57661,44205,27.140278277576844
62647,42205,54.643874457189455
96399,48829,21.90375602378852
95277,22996,14.635199039736014
67523,39564,86.23895164039975
15560,27439,33.50637998366043
78465,20658,27.349804432667447
2798,6896,76.21788881263194
4032,31500,51.00292867543564
48543,29122,88.79319630696824
22662,9094,73.86171137149591
47612,45343,15.07410671890107
92392,19318,68.26417830535398
42972,4432,70.23114746685053
34912,3321,98.12633170125362
32804,44095,19.180433065568877
14045,39078,45.13043265275289
10646,1050,26.85352780790666
34561,1764,54.86031924918497
11583,32737,61.009592427387716
10353,7038,71.86880622915666
89930,44310,17.881292360439218
98772,19958,49.705162979143864
94391,28246,38.112737331386235
47810,42138,93.09514863552822
58217,29958,35.37967487224159
95919,3290,97.10991229999496
43877,20708,97.43646914527046
21756,9661,54.87187358482409
99318,2954,64.09189176352899
62201,23847,7.324388675116815
78625,6950,69.75286569692159
48087,2337,53.44043657285888
86558,9633,78.33085403860129
51768,3827,26.236297497019915
39476,13823,46.402232671868965
91279,5353,7.033939043497909
54587,33209,58.333215723972536
69222,31806,68.08038988034974
79761,43767,18.78341740008625
82726,48756,80.20095631471503
15508,49040,65.6735199451178
2565,36286,88.78981856205587
80779,38992,49.89736540293872
5266,41620,77.97013061297567
88135,19402,73.74479217445806
37103,6396,28.715495150789714
45901,25194,38.61809840370504
60972,14911,47.517534405131876
7857,27707,8.180712759070037
34771,32327,96.25364977904795
94983,4052,28.907603272293134
46380,29124,35.48051603009147
50963,46729,86.95425408441609
55211,7676,12.14237530236711
77047,32889,79.91325418662392
78441,31542,46.02573802932248
34377,8645,72.80788460037209
91989,35145,64.64405074018607
36164,32806,28.033957196340708
60055,25703,52.20742899618495
34527,5826,79.41224954745661
93893,49959,48.76227937369173
65982,34791,8.777266581225593
15817,6353,78.03219913986827
11871,47032,42.39804744361829
44539,1237,57.86590984784716
60582,39012,51.70875651750737
1837,42727,31.068871816443973
20753,19061,10.466422834902442
10262,21924,58.548156599775425
43979,19896,54.58796229645795
38116,27384,37.230488631186475
11863,29611,53.50041937060122
92673,23791,12.826234286676241
92338,17508,29.973143224268973
88825,13662,84.41049184110514
35903,25940,25.161041079739597
83878,26493,97.90307497216865
17952,7471,65.4241318503532
44734,34951,80.16991344863015
92903,27152,37.25596284096344
43851,38404,31.998895868822213
87194,4312,46.809208389920904
79911,48519,67.69552023326276
51153,17460,19.83538932030022
25913,33891,20.170089983379
78651,24655,2.311561864795708
40989,34394,45.94786764155502
85127,47085,81.69697965759039
31972,27013,24.87685198133954
54317,20811,96.89367064530147
80607,30471,83.79995297896986
97698,4859,12.112663530554798
10263,27877,25.965222670575457
16111,22598,83.75805184188803
70519,48123,69.96109982079912
6587,17857,43.72246130365438
10342,8646,57.750506598016365
18432,5885,1.2536075930325634
27173,14652,38.31242810682233
12830,15505,92.40550717115273
79057,14297,84.04428407949487
94694,37870,14.494758858991897
90094,25827,79.73447887071877
9634,1688,81.7748274511769
25560,13621,13.621075612228418
98444,24842,64.60108415555464
81568,1654,32.69791036503436
6059,36944,71.56173306788806
69019,41642,97.96881489923422
23517,43609,5.641384517926137
29231,43763,75.90502194939054
67761,27832,56.65011229657847
45673,8206,68.99659752069385
9439,34884,34.49164636812767
40184,37997,67.58039091681152
79219,17204,38.39088181531515
97675,15247,13.563574279804136
53940,15809,28.857018467305846
16989,46186,95.14040552258487
56080,22805,34.06735608634619
64797,31549,43.20969387477906
60210,37291,22.107262992457226
58477,49030,8.241074459967212
85603,49643,73.49080727874461
17441,28296,35.99715068216849
54343,33426,87.80454327422676
48329,17615,54.58390306969656
73156,30253,76.97999221783694
25866,26833,30.992836528391297
92932,38614,9.771904063445236
42041,47714,46.20984808877055
26749,29242,41.17562751320568
70905,31551,27.392901219273266
90125,42609,52.99694919354335
51058,12499,25.644580253017235
99014,45345,21.175771166708067
58186,15649,94.6120660587313
60281,13794,6.0259319645325125
25782,29451,80.4380713251885
92756,11450,84.6415305772331
13406,47737,90.896080689694
61843,4256,23.919343203948063
29469,40406,73.54924977880356
83962,21716,77.52805738955549
17787,14311,63.93052602322702
56472,27329,58.119536525201624
51716,10136,9.697209097467486
2183,14284,55.69926841029073
82250,3435,69.34488820146542
94403,33327,35.658655298534406
10968,39455,24.33588652692407
11319,26063,46.51214426753243
21322,2745,81.46239532422464
82710,48065,25.228372214958213
39865,9273,51.35366574074587
6809,35344,11.061533688062601
10914,29384,66.54805788713254
22579,40699,43.12365645389463
88901,16532,65.70862859942861
82352,21672,67.53573107879684
18849,44527,72.60676501484622
7531,14801,95.42893225218874
49017,42656,13.06325860748071
68186,13485,72.87688171151483
30284,36536,17.236352585398016
36862,38945,44.607629426235235
23098,20565,72.7589481074171
86705,12788,12.666499181665612
64724,30970,11.035889899900457
90696,33119,62.69376051475404
36421,22467,51.70310092018617
75301,2254,79.95550633264298
25478,26040,54.708101667748345
78207,42537,42.603505307848486
37247,10728,75.13452138124006
30415,33225,60.450631508717215
88350,46185,53.655059157900276
15723,16299,39.20001252304482
78161,33991,51.06504455086303
45705,16160,45.92107508178915
51389,4922,86.94123577430668
31105,24992,27.192286805456575
75173,26704,9.333990555271347
87218,30325,5.109352600206367
27948,43446,55.063124497861935
14353,17640,62.27104986922607
5616,18460,73.87864160692702
34396,40677,20.463761957110602
59411,32770,72.38956832135331
49718,18430,11.90398187172906
27075,24422,50.92181787692548
17381,38887,35.221897510331715
30500,18055,18.40456962094228
60122,48173,55.601888667766275
54015,11784,24.83395523465817
5240,41968,39.514035742151066
58612,18033,90.97770253653076
35728,46331,12.76620694444728
66617,31012,84.2701969646711
9904,35130,17.219460207921376
62248,9148,35.14448521574846
24240,7949,46.45429985008025
84568,26272,57.5247461072114
63769,8522,49.19895653780171
19575,41748,73.59879388287679
25871,6728,78.63079219240245
41908,17881,1.197574300499176
63768,2163,73.60727502215991
14297,24802,77.38436247739656
4800,16677,78.12192770314954
97575,30119,57.049953153472785
63076,34224,59.70688887952493
11357,9588,61.093329304915045
34349,36900,87.99301751983248
36185,32324,90.83750511381646
10092,45968,57.51383126249829
79184,31076,6.316867301432215
5714,13901,63.01101726967575
68659,40598,90.95849506447205
23669,36610,8.594218415082707
7667,1351,74.04897302354246
2913,49487,75.18536281844955
95294,41566,7.25471122667059
95533,31623,26.557333643468663
38907,44001,24.62275869506759
79183,27586,83.36379354443115
31169,49086,31.697235888852454
41867,16419,34.06766829473075
3027,2122,63.52309004010049
25008,35721,68.18865045806771
20309,7546,51.18834550009479
36822,14771,42.332685787806525
62829,3102,42.199267986388804
80861,31286,37.09400901638292
99706,1518,95.62164338564088
29607,35139,51.31244009344586
79264,5393,63.612963480124556
89344,31553,31.075859795297607
49560,25939,86.95025653463905
52303,16220,34.752180323318534
61690,30022,64.54891275122904
82692,45570,72.81007142889159
59712,35887,5.088445898723176
73778,46400,89.4750019136683
75995,49059,32.226604660112926
73213,6937,70.15705805381768
84354,18393,78.61494880382655
13169,42331,43.47389619532515
59341,15265,59.314947007599564
94110,26063,68.74049566510082
65475,29156,18.212726710496852
35271,23596,90.0933427426292
56111,34616,62.833092406964575
90278,24268,93.79494004783476
35871,21592,74.97245170061436
16454,48349,39.165253365851584
4607,15565,94.12532895294402
88118,25918,15.648136323384051
18736,20975,93.33822171761736
98470,13433,48.81595536931639
61705,2818,21.88474794013928
57087,13628,21.929924247827202
37372,15683,62.0275288816793
55858,16898,9.292548933442976
72562,43397,40.161022906779756
71704,6160,10.683511581867313
7629,10814,52.71852375395261
46756,37648,72.42180555479185
38100,11223,58.23577610635884
44004,30656,85.09919344973696
95141,15061,1.5997295385631716
95771,45001,24.94953356218873
4047,35588,98.8708560943099
77354,36824,51.503887259758216
90311,22269,83.30320887320566
71195,45566,60.33564375607221
4962,30108,24.94881066627374
91937,27233,30.346560241146506
9819,20237,64.73188995124794
53941,37507,93.14044334573637
22632,30752,27.239148236934977
40129,34696,61.79516698679239
27084,43130,95.01575651632434
21068,35116,75.1950625110271
45057,40613,66.87144427562609
36554,27543,23.88194884848348
19043,34248,1.6783499917504443
16706,47276,54.70301472857741
18134,5812,8.224655438902552
78490,37524,57.30814724118705
89309,8040,61.520273891876634
80961,20735,62.68100156200651
76335,7548,25.1420792355114
15499,42817,32.577147336016814
6027,11962,50.39549763771984
59939,24806,94.7695540880182
58590,12876,12.077589040895583
18822,39391,29.600957830160898
96930,37237,89.58907122122338
65900,8893,28.558863915867757
8333,31421,77.29371814827994
19804,5588,22.587894300740622
36510,11314,66.25378228563237
14129,35479,13.460221333586485
25851,19760,73.94333762147261
79485,18701,51.388447460072
56876,16496,19.397989905413585
61275,2629,37.14923811994906
79393,1885,57.76688916923197
50068,15870,58.57300178564717
78617,29298,2.999252027526728
56993,43779,83.11366792359605
32769,14304,27.304915835576875
55382,30207,5.189033290629618
21104,42259,77.78995718566026
65470,39202,64.90615077647769
14995,10291,53.68220446091719
95761,34695,37.45799234651805
81003,9441,77.795950895762
61884,40765,7.181866941053834
17067,35074,71.43424255430193
14970,43469,96.44233340448484
86933,48249,96.39602822608083
30852,39908,87.63497437124074
77409,46986,41.313979517531436
22864,15531,76.60052343655411
72320,9074,67.10702412310334
97774,38517,91.17693697316247
69617,47039,7.0084706813087365
7570,366,27.60593480545277
13494,46504,60.328826464090255
5571,19831,53.97577248680474
30791,33094,98.16791880240915
75114,14029,72.59666576223287
39451,21282,56.408266823476026
54850,5028,1.7374513255765052
39834,42830,63.932593936947534
78705,25423,30.582858364556913
77483,24022,42.378709804172104
45024,47528,24.87118406324961
76888,48251,78.92253377211117
58029,3900,95.95618425301849
60568,17095,43.00415346935136
30511,23022,8.35798710584568
44066,32685,64.82901243107212
85235,30064,47.216734032314626
58590,40670,65.91158594805778
40324,26257,66.38496398036726
74975,44660,60.81353458457379
31991,19610,80.91044670371951
75811,46030,74.73353740156269
27251,12943,61.28612297030252
64435,4304,56.52197178386327
28588,5939,69.17579511858192
90992,27543,18.41993008291453
48715,2063,70.79415316039695
48866,11589,62.185598117115845
39310,3148,14.727626207372671
53585,4193,42.874305106349716
51871,47575,90.50103538830193
52032,38724,30.679727005558043
83047,2873,71.17939167314726
63838,39890,28.459484251848153
54305,43576,71.64334289043472
26678,12301,82.76734664375513
75250,49438,41.60969125474085
53280,3566,41.81148227799887
84027,47405,72.47379280556002
65167,16541,49.46126980167767
12603,48142,64.97155190107179
32649,25143,9.751254334375142
39421,24040,24.294469306297852
73682,20672,74.67377089470428
42739,39907,38.52221047866364
47031,12923,69.34562149642439
80605,19439,58.410201301583676
10225,48284,17.26589757333105
5306,4839,41.15524319569585
54861,48464,74.8331214104989
51553,17394,24.34088221465639
11393,9377,70.15307923468085
14965,31367,83.03018282780714
6852,342,66.08043049394112
46123,30378,16.00551396603987
39241,42403,95.77849300373332
13611,26565,41.144943874310435
9938,23603,38.170331591949505
76152,44561,32.953382672644
51987,7803,19.542664635355585
30001,13396,81.15204521382029
51434,17971,52.49347452103994
64792,23290,29.5069031226779
90796,3982,61.130389534836624
93881,44316,66.50471836489376
48429,36628,75.5393818383935
31582,36513,8.477778639281912
93644,6167,7.904683617286908
92461,31384,47.16082578694438
17929,789,82.11334314434026
55390,3100,82.67910614461536
95887,25571,19.808150818427414
6270,34806,89.68966195234607
33128,28114,66.83673419932221
51181,49154,42.80692632874512
6040,29812,40.80137019386831
36029,9685,95.20492372568523
2665,21764,4.965746594452095
54293,32750,91.89416769727065
33577,34712,47.50999692727091
13681,2520,65.05641014878529
58703,45335,96.41685494895843
60879,37115,97.23954712820517
20624,1630,74.2128610638845
35166,4136,25.679073101675655
96389,36865,46.97056286213735
57915,15209,80.59819360054259
94152,36943,64.40150563937567
9312,40749,23.443632326551487
54917,49506,15.68421223124785
11280,34926,98.47982799671189
78206,2913,47.152060031909095
92304,33182,86.01402125211177
59147,40936,31.61464681305756
16148,42208,55.32900755518878
88968,41646,72.9419112668909
33197,7498,7.065750971261064
43436,21647,13.582270875708467
72918,17494,33.505603669675956
81672,49873,19.594555632330586
12310,41642,46.99006275724969
58673,42544,53.20499944127589
9078,30826,15.387966851559831
29255,1410,19.097073013891876
28819,19651,91.70182905719044
58830,13256,42.45727255314228
50744,27044,3.087538230948261
82091,41122,32.294505950583954
10015,39270,18.192580291384385
76174,42582,27.929608723159266
40863,46513,52.38474830028051
82411,18636,7.346234829826696
4768,2041,60.52766171397905
88233,48463,82.75855292892965
57690,15955,66.62905470970833
4219,12233,65.33970191906174
95946,457,85.37883984682048
12011,45296,8.794137270889737
96814,40777,33.519511389333786
96304,26443,76.86005303739896
65324,32835,25.42174962504202
97616,21418,60.68918904008512
37564,45861,83.04007899816332
48216,35977,54.89177134681691
3458,32388,94.22504081134562
96590,12853,65.2987902706316
90629,35551,52.00588045794145
72677,12552,44.105171717082115
15638,20648,49.1157256521394
89215,19831,22.077477478594773
13165,10175,83.50438044645176
85359,6004,34.98762896189921
83487,37147,22.845518451384947
62964,11231,13.040011502916084
4448,24249,5.921765535732699
53713,5736,13.212789711329888
11255,23489,81.43487030399938
83795,10081,87.55770192498352
53240,18503,68.33127213499179
21781,3854,29.118948969898273
29866,15186,4.978400702156246
63786,41271,71.67958727689104
15658,21166,27.22763222392573
68311,21806,50.479183834303385
31495,20585,47.87768100805129
89477,38550,94.81317865345211
54264,39484,10.073170552227342
60028,1949,77.73564397801448
65974,28435,27.090367823598534
24863,32234,23.59967792864186
59398,31578,31.084454991435578
49984,17069,50.10269800896165
74661,17850,61.94516851159032
42224,34787,22.242162101212376
4626,8036,68.75989262020735
59441,5544,47.522381212515036
67885,26257,98.56331798174276
13654,28969,88.50487750987648
7935,8544,33.14518676246366
74449,9321,2.2612071861610614
37620,30320,18.729720376258793
9818,31843,83.41246561694302
88344,44046,68.94291610399269
76201,31358,48.594899030069755
15230,33597,65.65905374891001
82112,38379,85.46079836933013
59310,24273,49.078033590729376
38051,12914,37.26455223488981
1769,13496,90.21819225065825
73740,2421,80.63271516070891
99826,19093,5.014657790578201
28887,17154,63.4345536993661
26705,49979,39.18528067727876
8697,1954,7.2595933526074825
33030,12699,43.48624925922463
82115,37680,8.059697815011024
25535,49961,39.66917950462248
7882,38813,89.77455561186673
86254,40949,38.627057763945984
95425,47740,88.68535394737849
85070,46526,98.54319513538967
55770,27500,10.276412915987505
21517,97,61.42357597239336
67887,22706,56.11272549158062
66400,20638,78.87195136488313
10703,20006,45.71803756314267
67665,47808,23.16773804617407
13448,8875,71.89286731594578
16374,13742,20.27884582012055
63725,30859,9.489089165356205
67447,47945,94.45194066727649
12534,25887,43.80777380659449
19238,49645,1.9444120989263551
98655,21086,48.23078421858672
78511,46856,35.856666667983454
56339,4451,84.75170230115522
19921,20565,98.8015428656434
57337,30458,70.8261996820788
66803,16803,80.10456049571815
95271,3228,17.85050756354705
82728,13051,2.5666370181279365
16915,21576,22.52295187005397
81999,49231,8.47197425669965
18577,37060,76.17584860308098
33410,3091,9.56600254551006
20965,10754,87.7517240326081
69449,47104,94.5879666253833
97184,41490,62.679445242602284
50080,1580,10.379269812060096
60851,20325,92.23654897859154
51379,8151,80.20570696348076
66588,17597,61.49454196609708
72930,25969,70.99577576427689
29153,23343,42.62730332733147
2197,35819,7.483195173804419
15211,49972,56.54909768156526
99350,11567,53.83023964560355
2554,4523,1.9306718842893564
68870,47019,72.67694154235728
50497,48546,25.09303895281485
62744,29045,34.3890027807972
93358,42193,36.78036165315559
73185,3603,61.77021378942463
37037,27285,36.06994580979034
55468,32742,38.366653992322654
28920,27213,2.2296672683868017
57956,13990,84.64794368395599
47082,49772,41.222550464799845
13173,12803,19.093576990712396
11036,32106,37.65718442702196
7857,24599,22.132352078037446
13884,28724,95.2695852544368
66380,6243,28.75419976277458
15880,3630,22.587169231370265
98627,10783,53.52495652016653
25687,45151,59.041269350485365
52830,24081,13.976052001412153
77722,30842,91.07638404982788
70697,21859,97.75523911233476
36415,5701,25.14276377021873
37325,41227,76.6792053401867
2535,36197,95.82882893566237
52349,27616,59.894352055004354
12989,982,19.440086291531138
79319,29816,59.81274613192472
13456,9461,90.21022384203546
79175,828,41.15746621547336
2096,45633,49.84528435385744
62238,16788,78.78616272665194
59132,29363,31.068046865012988
50920,15306,66.47411528257894
63605,15541,30.597300044736063
15917,7223,24.376605719758086
21818,9284,85.14118071057446
33913,37814,29.740088191086674
58140,29681,59.63382428952301
26180,42113,22.806243912949256
52176,21086,31.77539669968378
65537,3761,17.364332763391165
37824,8628,67.1164657447376
50864,46667,26.736165846327637
45439,35307,87.58809338993032
2905,35133,96.12580514968955
73087,8888,73.40686479098738
44825,39087,41.362795521963015
2840,9260,22.401911226544353
58765,45760,81.84407226659292
23490,30274,64.0304872243131
51181,21062,24.12473210397267
14405,200,61.790473061477456
23633,28806,41.6804463704098
17719,9881,17.084935372588237
61665,25665,82.54502548822465
59103,47266,55.79859270761227
66388,16000,37.61615870399336
50935,44651,10.348135728147984
70472,39481,81.14522059542982
44953,2750,9.480244137928059
33273,43571,80.28333714148856
43358,18368,13.541676090963742
56987,29054,48.976396005086954
98172,18517,14.222589747059482
48823,34193,5.288621966799064
59063,32878,10.451053869641974
11738,23060,37.13623604139579
71399,13579,10.550298101618028
58769,24553,70.43090045086872
26037,4116,17.2396425391769
89507,46601,97.64846359458218
86107,25130,9.776098501712013
59084,13892,12.976599815164336
3129,33922,42.3561696466516
16674,21386,66.71247569285232
60072,27850,96.92775757229802
62553,29291,73.73978184260227
30674,28341,96.09897113728294
9870,41356,1.1052469131434732
96246,45509,50.716258757788474
39888,26596,35.96480321826431
18357,11531,25.189364937419718
6450,16230,54.52448572156336
31048,21594,49.44854711155945
75132,1290,80.31469740876085
92590,14802,84.97596996887839
18648,2910,14.041720717705136
60816,9703,23.89117899471627
93297,2398,64.14919820986515
75096,34063,24.49206737928255
39528,6108,23.81219939623152
70992,7337,88.51787124978112
10006,7314,75.41686959855188
7850,794,13.063456170748225
98240,11747,17.366732879981452
34618,28132,89.16555592673664
80955,27579,11.285103929093776
36445,47808,84.21137369955889
32190,15591,72.70729259912328
7677,19639,50.94331043028031
89875,20595,6.10390911876997
7218,27738,83.5911152857706
52520,32822,15.603695038995998
56281,4478,66.74628492875324
38536,31528,24.26141792433358
2595,22827,56.92441340785877
34588,19729,71.92116688020994
52143,33301,94.85463384230052
12282,27685,53.69238852612452
79961,16530,66.12305932892089
99337,5220,38.629163073287884
52044,26798,62.99878295690301
12527,28365,29.227572668541697
73929,8996,88.86886396495437
90265,30628,82.91481416635072
25696,16126,25.65304785625548
15815,41815,12.52233362162487
10433,5563,66.98083877681293
88121,24732,6.795835190248423
88850,4174,94.64650706653482
7178,39766,33.435127148801804
18751,49655,15.902385075041161
74654,9351,83.64558327085915
43289,46129,81.43936333048903
8519,26334,41.77192352077844
63523,36059,47.379183813016255
39327,43514,48.95532972214317
67524,23788,72.04634313731849
96744,43408,87.04708391886491
5643,44734,42.461429339867486
69781,2016,36.40083545662732
50499,37568,51.28275766800223
21927,4659,23.85847832857236
96650,28718,39.436878274277355
71828,49147,74.3154363771892
52751,26873,55.93771035262612
78650,49674,90.33823421274356
17943,26117,45.469490386213046
9828,14106,43.63332235270323
57840,34485,11.163180630536477
70790,8189,44.522696638673935
73410,41490,67.21842256420986
4139,29379,56.52604283598231
96021,45617,78.1659739672
65574,21383,62.61972425081355
71362,30346,91.54233810595143
66358,44506,7.164099412024489
58108,25965,10.63285702002021
24296,16077,30.222298355084966
89630,37057,59.17570678067527
65027,48059,52.44000950428183
49454,39046,90.49209149125214
44258,20132,61.15530357273093
13311,21955,74.02507057771142
55229,25642,13.65933969795611
79623,38717,46.78040721322144
95190,4111,24.818788967854957
16422,24136,26.493742946661612
17054,28821,39.103405335859634
42317,30236,73.41175151216576
87115,23692,43.07263594200124
72938,43512,72.66473844537467
13115,43252,23.718395220975292
59023,27162,82.12794549733293
14137,37284,35.39724503961259
42102,15544,82.57032732043545
50634,3888,60.71915964568283
72198,25512,76.77317923060546
71943,10685,70.4025159085765
78938,40494,97.79035132703663
61196,44533,84.94236011941993
37608,7688,18.32051635136318
60909,25592,29.593926739540986
1215,21768,62.58345006082054
31067,33601,15.165498905991365
68724,24654,6.570804247687047
15157,43416,87.1085181410627
4337,7416,14.513455096849576
64862,32229,75.80605581921328
95500,48207,25.755828912345564
42650,9700,85.53712364818021
25214,2729,4.715015355033021
35116,34533,43.225742119943675
26315,18756,94.9097677450725
56165,42394,74.51258483414263
62075,5173,44.73826671459724
91180,32498,47.93296675951712
39111,32513,96.49411645800897
97934,37310,86.23045682571362
62939,26684,43.593405081999
24067,8510,7.3901319077877785
71048,34811,14.826116574849454
46762,49828,60.116435230958174
89673,47851,81.2337225066978
36844,44519,89.3485660761029
22050,7748,27.494099781672062
27361,27289,28.677587472707174
92653,36286,70.39272750527574
29681,24060,49.70240131139983
62701,30825,11.140737055168097
42242,18862,28.293539797811565
25034,26613,71.12269988127375
14197,49784,7.248901398599415
75200,22166,78.54217367983722
83492,33384,11.002590294231627
37337,5316,48.92354640130877
55562,4367,28.407147796252964
87068,34875,51.63818147727918
77982,44256,83.67900036601368
34813,43423,13.857005666337479
89249,15835,67.30462680200839
34031,5011,79.00987388722218
61309,47692,51.9123786226917
99963,39435,2.120642770729046
48776,32850,26.211380736051947
19509,49785,95.0181639054334
27501,35735,7.0729423473943065
91582,49978,79.47570507875268
3476,29855,31.200621072049678
32566,672,65.52506228425074
73241,5542,68.35480906430415
86611,7308,39.115304601749415
42392,47401,14.270624296073727
51067,396,9.759131783215876
30590,28708,15.500533193781326
92708,10685,88.08161226419216
96794,36204,69.22853871650936
60852,39798,37.97447571872611
82531,46950,14.86480489664451
25076,49653,70.78231048776757
66331,26588,98.85375366802032
81436,10614,21.723649012158614
3711,3866,20.277071217125357
25349,15359,49.785936151093374
46681,4230,73.95920189271949
11017,20630,53.24678356476791
72899,42515,97.6252727596277
67821,20026,39.824298741018225
3171,48347,59.33718670944778
60681,6392,93.37735255681353
11538,13924,41.979015890892434
38369,48844,18.34813875967438
89881,32184,45.277162587019454
25208,48975,2.7410402083497982
52011,21690,7.049514166732556
93924,30211,26.74001684866438
30339,834,37.611648681112555
29993,48793,19.26433469028316
26273,29596,53.772768237075596
41258,19092,62.08724826078518
30176,40358,55.648439244056036
78249,12365,24.963003146836005
50605,10016,59.986288924527756
73752,35152,63.88315784877769
32643,21635,95.5018807481937
94035,20509,19.813510558381683
65907,38386,93.20738993511156
32189,26110,73.8732721309867
3407,28833,92.60427337730226
88330,4536,87.87602222709208
50249,40620,63.654337929388895
30575,41737,9.931739142457339
25279,9141,84.30913960913232
13666,26969,44.81628580372639
13352,46109,86.74306717330161
62919,6434,10.413591865584605
79481,24521,16.594003858157947
2698,2625,96.69317580097432
40977,8763,71.67914519661997
82283,48735,22.922677958535754
37799,3034,43.773172236737835
7016,29981,71.14932949249562
14025,29389,21.25815806774109
42836,28503,22.173980997280726
18468,16798,70.43848334954794
43908,13583,93.47853493155303
26067,45274,61.761836473007264
28501,39699,1.6934601718525977
16633,32955,54.99625098959503
53260,15399,14.033537716076413
79114,14616,55.58917693507102
45529,20221,24.538291053822267
30265,42513,15.763042717848311
35173,20301,40.76719847106033
63012,9502,79.82757014739191
12737,42798,21.413231341206494
31885,15022,14.553468883966943
23604,2816,34.61422373589463
12903,34225,98.64630759360838
46511,40965,94.00625779402537
96087,41437,55.09113206345988
68586,41580,50.928539709325655
56530,39735,66.78426126299524
89212,49847,83.54850006737094
80974,45803,33.153644608282725
57873,3632,29.288598707717533
68484,29634,37.0304434828614
19943,18910,25.948771802002955
76163,20518,30.7042437755564
45860,36042,56.21527415466785
57239,9588,10.457581357415547
98905,24356,15.005868629988445
35504,29286,88.34135613858327
75898,10265,31.40589704463855
63140,24925,95.19115448119578
22013,9230,75.20744228412113
5247,854,52.100726121137804
55654,6341,35.65696031723417
54792,24738,42.01116831197711
87207,19787,10.988359227896577
80993,17700,15.597084567959843
4743,13105,67.11633223848845
42344,47061,55.60720791314957
33243,8886,37.9294502906367
33541,9066,66.93070487713656
35203,16119,59.91501400259592
59575,23927,26.159712960708763
32900,44132,20.23580089975764
6445,20019,61.40988971486124
9327,830,71.88521277385466
91916,30543,73.18353581285834
18619,33133,60.888512522989515
71992,12014,8.762156669446945
86270,15423,72.69214928723449
82501,21402,69.0558625429404
91412,14445,15.667294799464315
93578,5249,51.20698872031009
26254,30923,86.98134765484261
94899,8806,41.79396976859104
86264,23213,52.103754939358744
52486,41792,20.96759999968315
93268,2727,77.37234991119752
67014,33508,25.43522660872459
12353,26537,42.37022178397456
24629,25777,63.345964055089986
65463,22701,62.448827181009065
76581,2366,84.88381396604002
21015,8618,34.688308566069324
95796,31962,43.604401607021074
65501,37931,74.89678896165385
52439,49792,7.031983640897687
96207,32101,51.651163635378445
99039,18299,10.702591119122614
31610,338,37.56376284136934
29347,12665,80.62913405077198
42897,47162,47.053229392784324
32661,31312,77.97326158021502
22963,10229,96.69285668005573
6978,2051,17.14102200513493
1337,14370,66.1537827642885
18185,49181,65.44413672625656
21262,44778,18.29107875851948
7584,38500,93.69183499084048
79416,2622,29.912736470728518
96041,41584,57.985629009737416
67549,31850,30.492591571578306
94935,28098,53.35529615505302
36465,33966,29.4020017871944
82674,43733,40.254860058284905
53683,39979,97.6954154454303
32921,37229,59.43987404098173
2070,39032,91.37423585323437
96037,27508,69.08559896148137
80204,10854,31.838824456217793
9790,26604,7.118360673174939
62932,41914,50.355690216223735
54015,47236,36.19142283633349
24804,23385,39.668381294650544
21946,20099,24.374889227582827
11660,22760,43.7739031017213
71682,43126,92.18391057658894
17531,38377,96.45466070732628
50000,2665,8.97902542079082
34364,38180,1.52147593920698
65917,16226,15.85226768577221
15390,35186,34.557087806722336
23795,24251,17.715412587948983
35357,15572,24.015769853898885
54512,21620,36.43977401189978
3610,10030,48.30483283232314
90713,31549,43.42920814881771
79722,41868,1.0299532194276013
85408,8088,15.993862080300428
19019,41847,60.46059309405017
48248,20041,40.330482318331306
28707,387,53.20074191633155
54524,5874,50.326948651831515
12212,24838,4.97764989600758
90435,6863,13.454591740702329
79874,22155,90.60535334926631
4371,16513,82.88419791274059
53348,1322,51.810138515111994
33599,12476,8.640353842499179
75239,32782,80.09932610631813
18696,36960,1.8120973555948685
10596,30414,27.721703540219888
8556,6129,85.41712878304115
14905,47172,96.40634141121356
33379,47377,23.315615663057073
9614,17667,73.08812106691336
5466,16515,48.56196771786836
27625,23533,78.69406141330451
81741,699,4.099731947633647
15076,846,74.3281405208502
75588,15482,75.75211837800738
31928,29538,81.20204532130184
14036,31133,75.36506520206622
19488,32945,64.61459098336378
10796,37567,36.04296727097351
15599,9187,25.353518297413622
4761,28100,77.26080920801941
79668,33645,80.62152491805665
57167,785,16.361918399975067
56871,8130,60.60039243440022
99207,16424,40.80888153138472
55474,20917,95.60645943393934
92346,6189,68.69263272844712
39606,28222,38.53521630132732
69825,45554,4.37988717350278
87141,30626,16.663495546640224
87833,18117,80.36325388140389
47495,26576,22.584151966049735
84363,21225,15.614040485194586
29194,47681,94.66763003680626
10366,33581,79.21391684613552
4853,33063,63.366904283400125
23002,134,92.67426883020815
71505,29501,88.61633744302046
30471,6163,79.66011419467384
59937,16721,45.696945227430014
82509,35735,63.25656988364116
30045,24279,7.9592412369783165
83375,28720,60.42154582119917
26680,40050,61.61703361139537
42109,23263,11.098655617021253
59774,19702,71.51079477776963
64763,44826,21.133310335967554
35265,37799,15.434830596689778
92311,32350,33.2853530510547
44782,35371,88.77838110092206
23983,29851,29.565202873056098
6513,10679,41.942091180019176
80663,44311,69.53646018370986
37587,22382,4.848678805998019
36230,31303,67.80238312254824
73750,13740,49.116348956563314
12489,26242,17.606808535194713
53555,30773,38.54087878675941
40846,27248,32.238164763290264
2073,12936,10.495187139636064
61258,30886,92.99493011956375
17132,20770,67.3614381340402
78605,23990,39.044194444958
12587,46244,58.097067207602365
29984,42372,43.688651855515445
68658,2473,69.72403646093133
67451,6359,36.002939985054674
88800,19731,34.90709402664791
54335,23127,55.27878576251106
79692,22484,97.35650345331918
87962,32262,91.1748657709104
78528,28960,19.231749812254225
25810,22386,24.133275697841007
27448,38074,65.62164902534347
44809,45988,25.470357437799098
75644,22178,13.997520532344028
49933,34199,95.6199807824442
27206,11677,31.593555461359024
1982,10070,58.48720296052632
42360,38885,38.541655890225854
58602,1602,42.089317416904294
72273,1224,39.166057913390446
55698,33183,59.527507753772134
31053,36454,70.87530695696563
29308,16895,40.441907080335355
30557,42811,25.40379231566003
53130,45839,1.282860077011556
8473,35947,24.685157680136925
46424,40132,68.56091058652153
90085,8282,38.26996095274717
56258,47907,36.75288038609797
77724,33397,8.623839236733607
63034,7320,21.255783274475167
27010,43172,88.6730824496151
57817,30107,17.086627107550417
88408,14380,50.20310904889928
42948,43696,38.57919160694036
62940,10924,63.289732124234824
18183,16738,98.88879437036528
23253,8001,84.72603218390245
47625,918,7.22807444370893
86186,21617,76.5767875411755
46178,25386,34.19194844853759
2270,47200,95.35095045458573
92732,6276,92.73696234173681
37865,14897,35.3072017531872
36339,29697,92.6736418567598
94927,9496,28.05789076828316
26118,31042,76.50678474763507
29958,1499,98.60186837838728
34461,10608,36.3702394131104
11602,34518,97.50911394171304
15208,18270,18.558108309371253
78662,13327,90.89537552535894
42027,39937,27.2986656175687
91885,9584,47.73940290770375
9745,21422,23.372843022713216
2596,49763,42.830819040682925
33096,29881,85.1835070690428
2540,2497,18.31557558810433
56139,34991,85.81575959340849
48040,17537,9.924400668991543
99385,18186,44.11260010505312
18896,19475,73.99693018149466
23022,7661,70.159221762234
56645,14407,83.659111795383
94074,45344,61.018927577732995
62976,15269,29.239743464082412
49087,6192,97.49989162406779
25668,3130,10.130406850806276
61590,40760,18.19089560970364
8922,8257,31.2452135090786
53590,33242,17.269697298671716
16478,3339,14.40962868780859
65414,40080,29.949572781252737
55375,39357,92.65681994118115
79746,23713,58.73591100663081
5870,15092,34.81026839004275
76706,18072,19.41970701006055
67686,31120,58.88432168690162
57192,6386,88.16157604351069
19770,18303,32.82961628881547
82191,13974,86.63329819708731
54108,36072,56.61733160383661
2764,40906,5.7340914890381836
76659,21069,93.63923257682254
33176,38105,16.53485999626324
28665,24759,55.94901242494796
91476,18910,49.60755945199318
53057,13970,41.785333990249654
48600,13512,74.02286146670562
94882,8358,81.21384458702221
88604,32854,64.22167984321186
1663,19739,83.71463231430064
6510,19731,34.062435467605695
96600,28909,21.910798392150493
51695,12662,91.48440040083155
48134,21536,78.91914004236922
24462,19844,31.835436508011206
27123,18102,69.75614022214882
90315,32166,22.811162879073077
74467,29900,25.20136718122151
44503,26167,20.89525709679801
3787,43931,48.40990049450037
12849,26207,10.457513258890053
77593,7967,21.3005677561368
41307,14362,69.56362570976069
7674,13439,29.209244501316032
29821,15526,92.69984840895982
59423,4604,71.19268039973564
7055,15134,20.89863767868966
33390,49919,8.475989776535283
64425,38026,79.96121338964619
8620,32517,5.663709709551134
76786,5126,38.418459217420995
58877,37638,51.881119440696715
34650,317,21.201095863609698
93104,15584,77.83405129768367
16162,32470,37.536927298348104
64494,12962,4.647364433995925
49829,35163,48.20453965562863
77464,25435,38.45532217718137
7290,39866,19.201862140120937
88674,41297,37.70930929059004
74225,23810,39.44289285705431
61828,8601,52.75605587324316
21465,48054,47.716042702695866
47221,22377,11.385302162073526
98289,31201,61.97116772106307
63470,27832,72.94287510181631
88114,12702,73.88482912670474
66167,39868,71.71868585151711
97386,35619,62.796925972102414
59245,42667,33.036357151129636
82392,49965,58.607413459336726
54539,22433,49.42714637520467
46865,30880,25.984710506539304
70508,15793,25.735452713200317
68504,37267,43.53287192391833
73670,39804,76.25522417270336
50475,32800,87.12641746266476
56788,11926,86.42284872634569
53522,35592,4.504838334465865
16474,34576,89.63531435756556
56612,48539,37.24945248809526
75989,33187,77.48035950654686
54221,35669,84.33252926616015
47083,38014,47.84192775588487
22320,16990,51.19461447100917
16527,12634,41.31155133931155
46578,42904,40.47322057986229
52947,884,63.346882435826515
74631,3897,65.812929802059
13351,29961,4.496616383879452
43453,7553,11.436888728676015
59742,5742,13.60283527900621
10670,44311,10.289787961477014
75652,15057,7.435294254598614
47022,6124,54.078707951708935
46562,47874,17.935327894413543
95618,42873,47.570895248083104
48914,38417,36.195599512019655
96422,5507,94.20544318461148
85884,18012,53.54722210413619
19817,21887,72.2943707805249
56680,2609,45.520842000076776
3436,813,59.045093876821724
45504,30215,22.729235186824486
24447,3914,63.54646170772012
33472,31907,11.869690972434983
94043,30104,37.48188440657071
53513,24160,42.544150277146066
54123,30551,9.04972140236892
51774,17267,5.018719743416106
9132,33922,27.65081326068295
52588,25237,17.670181508984545
86828,2892,61.022498428665486
23665,12357,56.47186658548412
74256,28084,9.826374546050477
88810,30590,5.460991299575382
93184,25647,82.80451551685563
92825,22067,6.351114582832853
80704,47016,26.292184663960498
87417,23520,77.50008335627567
92382,45315,62.25591393080078
31310,11703,36.16419663426858
25971,7816,17.80313229209563
70218,41064,11.256821236051922
91697,7092,27.073232127730297
56675,26145,87.11972141380144
61891,9847,70.79039705315452
79943,25037,22.39932861799744
43113,11585,7.88298941030292
93960,7130,62.552096762531065
20714,15888,25.380102604103325
30378,15400,66.24646194773443
55832,43959,22.53049782214775
95311,35913,23.007203294748145
56128,33741,90.32582281334028
49182,32099,66.97515077788061
38972,2321,91.49843252649401
85686,6644,18.145451734983318
53437,33240,8.634150548949437
39325,40925,16.645794880733227
5087,31409,77.97740126094907
36572,47157,14.202773061161984
49447,17464,29.74806897776608
61954,994,13.391515803848488
60341,27802,67.97128633281137
4429,49528,73.47413621400165
5652,17098,81.29558762503727
6515,39507,52.45998104964681
53421,2017,12.566282461306397
59812,24873,53.03366559475199
63261,28911,32.364886594083
82934,10131,28.946313073418043
83399,49482,83.28593997056907
70863,47188,87.44909721711478
85965,29770,24.082210389256336
72594,14098,85.364405490538
78797,1795,41.09811282502993
86508,36710,16.461884013242944
96585,35756,76.50881982254882
13251,33728,13.254530960778007
43791,39911,84.04257394363682
99939,4485,97.44592824797702
17248,35203,70.87384415761203
10258,44419,90.1693130872123
79823,36101,63.51182947247492
94446,16066,31.61489529285713
42272,22789,49.6114895149972
68264,23031,85.85522101157255
65504,19317,73.37990046880826
19230,21176,29.62326221617178
98816,32378,90.83850523036257
69232,9713,47.210023895045204
43194,32038,69.61001721068646
28621,6617,52.56409126273718
8994,46779,29.382146079038073
32639,21464,55.94680278710189
6855,13665,40.517766255475465
84146,7522,85.40520609069759
9822,21245,50.52825647277449
4678,36041,59.03903082357961
9834,1644,40.74488742988368
98685,15001,6.309441292269335
19361,45239,30.27574406710547
20577,28236,72.1230322890718
57262,13313,75.76076603356476
41666,49846,34.77617494386917
36890,37052,49.62596419523229
77930,21171,53.57544149654354
70045,41623,61.4779251391271
92041,11047,25.59523370788988
45173,7987,58.791949221035196
53093,32543,54.07922203034694
9367,41269,38.62627650141889
13713,41613,25.868827702690364
22498,3080,48.782979592116334
26314,11108,73.18379467269253
49204,39153,52.19266607162124
36546,248,39.10363414397444
77776,26294,59.341386641623174
83064,6850,14.144991805765528
61474,2200,67.77850946629367
95306,17398,82.73528752277846
26615,8548,78.98249564749136
70273,47963,85.89321850913292
70987,22656,31.26161019384211
29617,28755,83.30241791028723
28194,14824,76.5043138593825
74973,20889,88.29133957653357
99247,39545,49.69101988674925
4681,40944,98.22554844117883
55929,21052,23.194138879229893
80799,24328,92.92945015203107
45437,1204,60.11350057110288
92435,20910,6.2567633453134786
31799,48889,87.62230707291272
2015,45240,22.227395802317407
34737,31688,54.12805488639797
85004,24613,81.41632543343067
6698,4565,28.916959645904093
13912,17113,89.11970644006263
21037,48830,40.059985361785095
52433,16398,30.246516056605127
93837,11652,7.588756795797059
18295,8514,5.846611031464368
44739,20239,86.23810366253973
58511,20686,34.05441623859444
91927,21648,31.428087985427677
72126,34732,97.3085131947341
29257,11825,9.358365105214203
28802,10705,24.507098506646514
31124,16361,94.23382548523612
79199,32771,97.69228284835589
41767,34154,87.84889612048867
88961,10372,36.48392932937387
78998,40748,26.936444911278734
18217,38096,74.69884882245603
70161,3564,84.36758392950188
88388,11042,40.22202040965138
66776,6519,28.39398743754944
72325,19124,8.892537808264535
91074,13056,39.49208975828277
65841,49180,27.819297381780142
50439,15878,2.9154702647186124
80028,145,87.07425211667207
71781,10581,38.148134123012035
26953,47105,96.43747908937617
56124,20168,58.407171783006866
75256,5757,87.83849748724916
68463,29986,77.40475488914767
34978,7169,93.92069170497555
99084,49223,62.46379810051387
24078,47082,53.18509405549515
98875,33455,51.55792798445137
31382,36559,85.26089071699658
42820,4803,26.778557978528447
19438,31290,37.731178878879035
59871,48924,98.95118633656772
29563,31916,51.235416719546905
3768,9912,35.988508417954016
18282,43592,19.033831428816864
91513,32952,26.564113942925616
86770,32939,32.97987272188854
68801,7554,86.73730730699955
45652,27943,46.312483626590875
2852,26949,50.99302580121554
75251,9231,20.476663523904474
33002,47251,78.31718749105993
14098,36877,98.33792104880422
56400,31714,5.220645774021955
73212,30035,87.05608974358903
81829,19895,10.527977505005207
66975,13351,32.50364910429913
88322,44676,77.76516743828704
25536,41231,21.849865722273407
75068,47420,88.33321207522195
46313,5001,3.529396376760193
21145,45468,3.468585372171102
85796,4751,28.745600617953684
69284,45151,59.76389612109494
64042,7776,16.550223890678886
96662,11512,94.34562887221843
48194,39498,63.691251603519035
7881,642,60.035493615388724
3746,15763,54.24131859816299
14522,9592,8.406400790615868
68130,31124,29.08740417686649
28924,17818,95.12485589496877
15052,20006,46.57192635846541
76217,2944,58.312345947599454
93210,13223,17.946692786275175
88154,46897,67.61495905131888
75013,17888,71.85643955563702
31116,21572,70.72139057498282
86540,23910,70.28324728305844
5049,15494,48.77037929004224
84954,28751,91.20404909132066
87389,33911,66.43243041108653
59919,26158,71.64672665360031
96796,13676,1.24228435994361
60675,3646,53.95541723522342
7084,35739,9.618472305537399
63246,46634,32.455913708920136
89069,14574,68.55313285749067
20210,19958,21.872099696897198
18112,14123,91.64773476748263
76402,39483,69.12836308842441
85160,1304,16.16477946077246
59895,34551,81.24114961892936
48091,33815,26.86370064994953
98924,13541,90.19606738121428
36914,3505,11.020211126326663
19714,20225,57.455537457848386
84244,19281,85.24232626462104
53323,6718,30.588028227115515
4553,45161,51.82820214112824
11271,25519,58.978439364286025
36004,8344,13.071565845093998
70369,12308,38.07452782782185
43823,17683,1.937992742865736
23201,45030,3.206773681746862
62143,15546,44.409780452018936
8945,25049,32.81576610285393
33932,29285,39.869627683685145
77770,49737,27.36379041890539
87769,12923,54.404569898666416
85853,40428,9.403663550423785
79190,526,50.132265561597436
94973,2395,67.88530670117572
87295,41793,18.42041846150171
49259,15444,31.115449839784155
50435,39283,9.913625339011269
67547,18941,56.29302267184508
30815,42649,23.13099279765191
58117,5329,48.41810971659168
66243,47599,14.983248174521282
64486,27262,47.200015660531115
22408,29425,19.058236044825563
19163,39050,80.68743896334914
40140,35589,24.678689701820982
38910,47325,73.2901674389692
48040,1664,6.324917029780643
30902,28449,42.648901322821544
87669,46482,35.06512552677667
80975,41194,62.89281142337921
10735,20739,89.9924917540585
91795,2782,91.09814765032226
4902,46728,12.704768707336294
27985,14625,81.554222222361
75600,30997,57.30463716739901
50279,42800,80.72435097954514
58600,35487,1.2479899480824246
71482,11655,28.154184707443683
77765,23071,66.66642693925144
38185,15028,19.864753990387012
10167,9413,32.54037402044702
37459,7793,97.66923175003183
14469,23822,40.80107471491305
66265,46836,59.58490033280196
67652,29798,48.179983685729184
7481,3974,18.257565279177168
7020,36980,4.794561906488491
78629,43813,75.65443176859704
26257,48116,14.095868236303653
83748,38090,37.07056822700354
31385,24322,90.6037919810786
16635,47283,57.43616947769456
89720,42896,16.36046630420435
68563,29686,23.781653585995414
57305,33122,3.2048853137557054
4001,15326,81.00653961520878
39124,13902,68.14506982262871
32879,42362,25.848477993169016
89804,41666,59.775023017334604
44862,42587,68.08150780692475
90836,45095,57.524427397962
25370,4593,95.9975045231444
94147,14974,68.54802186882085
46314,36765,4.46885597700575
16308,22350,61.41421960803901
16565,46601,85.54626484193433
64450,13347,69.49553674139858
97170,34759,6.066823936082292
66007,49782,26.474585687835226
5047,41506,69.5027793582952
8471,45864,60.03331906757376
37970,49553,85.65712573648322
54603,26205,20.016414260609153
85884,16542,3.906042964255587
66514,33099,85.38066937589036
60215,22021,74.54879708895345
77668,5508,3.6520522515301197
48633,39615,39.4495079593322
1859,30634,31.356719609864548
72154,21049,97.25378816551549
72080,46214,13.305068975881587
6777,4770,22.338692814546235
89089,21902,1.7061528818873606
23892,22154,88.7637274231521
61362,15221,21.325825408033662
55093,45141,11.160883320532369
32872,48836,42.827800984565265
11651,36708,44.41780984970037
70721,7004,18.707616370150443
60948,24899,73.66239156071995
48061,19090,67.36354232863424
53153,7091,30.081087577963572
76862,17159,98.2869769369383
80172,18252,55.28601170701909
50358,18921,88.20796988541463
46603,21207,63.897748393389286
41733,42310,44.37073513425435
66155,24486,44.769508176866616
12814,45874,11.284148729580998
23848,14355,12.325117682024425
39720,23723,58.42384049360067
16102,48200,22.217885329076253
86563,23207,21.811297557765176
58558,13731,73.76521450604685
50064,21737,68.93398481149441
62761,17337,72.78401487983986
28680,43510,59.931926121052335
75744,22654,63.6906530432984
32448,11866,87.14076516847142
50901,28480,1.870627554260086
44181,33131,44.168601295185105
52087,14989,98.58204284773032
11354,4955,9.436368351064962
18991,11925,35.778257379218616
39987,33921,82.10009560290936
60281,7801,68.1038997548869
62301,40616,2.3291605698107785
49804,42717,7.870858882886121
58961,705,20.53955860799654
55584,3023,75.33489165515486
64559,24984,72.84549335593131
37208,13375,29.93605362803745
71378,32845,37.532157149906055
8645,25648,1.3796560344280244
17310,7589,34.65931163374509
29640,7611,80.46902046399805
50984,27155,19.924242749166353
6015,14334,67.63212311403659
32718,46802,20.480524547466967
83956,49381,57.61505684141543
70182,20739,98.37163658294247
60098,25530,18.042370450774257
63289,880,72.36995136530837
97193,13419,74.31290557301695
52453,41588,17.235364793583116
58803,10002,64.0525321029047
97178,8600,62.07836299492421
56479,24663,6.811529087484871
7713,8619,87.49183723768982
43206,15946,8.043339666411688
57888,2904,20.663581811830685
37832,16182,89.61338264930194
98316,286,26.57379379741422
35766,34873,53.589138228837264
64865,37032,30.574841889000243
40408,27293,76.75357016041237
97847,2742,95.02603944893329
6093,25249,15.001954154103887
3668,7317,91.19764643806417
51435,42255,44.96059155222648
18504,26991,7.251856508356047
52087,28531,68.27160316369319
25549,40959,16.10631370750991
47572,25869,67.94821925751124
49522,10944,31.311851329408206
63373,4995,67.30459159513346
83594,21020,52.463372491395035
87614,4191,57.681730274637
15098,45780,81.18793216717472
82293,44824,95.16114379948154
82632,2062,59.92474127307108
78886,286,95.29175222387715
68180,19265,12.525994034991056
65345,40528,62.029539590986786
22629,28649,5.180722874007883
95167,19837,92.77551530978106
27884,16867,26.102165887074232
11972,12996,49.917635296886516
55111,16180,34.21091583787034
48448,35169,69.42416061342428
45589,26665,4.695695350176559
53199,28585,51.01823855852895
26267,16796,95.15789695445889
82017,8445,12.386673010795983
76317,17788,46.63185572919416
57618,27121,71.0438447671284
84041,35215,41.43533326836392
32450,3710,61.47834952671322
16244,31630,52.01554476900702
96737,17671,82.34060730818254
58223,9345,69.65537899582353
4325,44646,2.7179771230640037
34036,21190,82.02504103424423
83653,14146,23.767400196005376
37664,20673,90.53689779371771
81198,13983,22.88912631975898
32865,37576,41.064817321255624
95587,42920,25.242454169172767
34402,6760,33.86015730484284
47134,30991,57.783242693479394
41444,21487,57.33757220470851
73806,41633,64.95402228972046
94061,21377,50.945355670869894
75934,12453,50.20173218181534
8934,17392,77.5432530412012
38079,138,35.51170451464579
20287,37593,16.57801183420138
66068,45658,12.602202482559555
65357,6143,19.545856006787076
61174,1390,52.536298685506004
42714,8434,36.21384798483707
45603,36633,10.541032444101
80354,8871,5.580357788788312
55803,10740,34.58251432452386
89506,3584,55.841928909938574
27671,43497,39.87894104793644
2971,13414,60.67261259006524
58830,14914,93.90282602921584
94128,44651,27.509507501475685
20428,32006,10.103332839850287
80336,25790,36.59353429901907
84522,36203,87.80151813376895
39983,2320,15.78120619827922
76615,34891,61.616835865632446
45077,2723,86.93155384993425
91562,16373,11.215630816722882
10058,48281,19.609229913221547
44425,42228,18.601901776358048
17392,5884,4.2058575318586175
78190,23854,45.49548521595617
10286,6394,48.17096965906132
82973,9112,10.482182251539182
66603,19803,1.4421723843409535
88870,31878,16.425008036320428
95996,19042,48.32128094265024
10196,11973,23.469592260728948
20600,39396,3.580568794132411
72818,24506,68.39872883113532
8788,16496,76.7767747708713
47508,39328,16.29737516477646
99431,18405,5.438618106827985
30488,20630,49.27532573068651
27034,21588,69.13690214537806
30293,10842,28.52361395585211
52823,34409,10.989896930791517
51143,26502,19.430367451888
36711,11687,45.851775577164695
91405,25814,9.154119698376343
74839,43951,87.78793542435639
40271,19122,65.28738708879732
9794,2958,69.69182189085335
63176,37225,72.42779018170036
35436,34686,73.43253846243695
21570,19347,76.61282830524044
39173,46339,6.140847544895437
84011,36344,78.07868222612119
84739,21460,33.489917290966886
21777,2805,40.88394948713491
70874,7136,59.817186336731346
16800,29934,27.75713893304706
64957,2891,47.37476708010118
39447,29194,60.66695945685682
33155,39035,56.797607549706534
62059,49358,34.38089585884611
39224,3060,60.51738197835766
39593,42833,75.44092247474536
78531,33775,71.49209868199564
89547,23409,86.77399526569498
82964,21352,24.694802558790627
87264,26985,72.79126882803473
45422,32153,85.41468538397699
20220,25952,62.245475924898344
80318,6910,15.459230014762923
31415,28045,94.90313719725968
78033,7822,67.91630568349667
56424,43680,83.71484718691119
32610,27885,27.20758499774887
54292,5154,56.19016199869639
10436,35262,45.40695253862392
3485,39793,86.94999156653687
92389,18196,81.20889697191791
89183,41282,1.2597460496878323
48128,15678,91.64556422220323
11979,3320,25.40320844158641
56821,9530,68.69868739093772
82540,8628,61.2949202181208
86314,41699,25.06629832321269
34967,18285,28.9507545977242
98386,11179,49.973449845616095
90911,38733,1.9221788815973888
75931,47138,81.08325168315594
92486,24022,60.593455504957916
17442,47491,97.61076916867603
52646,16066,58.38913197098419
66561,1197,19.81258149978008
38742,477,24.45837611474738
13648,15369,18.88958021654376
34032,33719,74.74668673916327
38441,44129,55.009224050546045
80279,13596,16.965211956224113
5862,25189,64.05346311419031
36039,39442,66.47265888958466
11539,21660,50.87275238534873
66142,46114,32.58603179478882
58211,36351,20.989129615110684
88786,22519,67.34928667747336
60984,46395,18.92112391698039
77335,40319,98.47375997007106
53349,46053,42.32887037832437
61875,4192,98.70344211000015
56747,14178,50.01906385462845
80313,14649,39.99935031171823
83892,30794,89.86870157668224
46477,14575,58.566897364029025
38393,7862,37.205912456574055
15928,17475,38.03640195034036
66518,37809,9.577453775790913
40042,7088,72.25220883146773
91406,43701,60.65406493250463
98364,14359,9.187692881033186
23261,23060,7.061630734676422
2804,22108,98.67664958937425
6055,29329,44.58012315636531
14511,23110,76.75047463516823
80944,31498,48.207175841550196
45429,6977,9.042696452471887
78809,41335,20.843635947635217
92691,21796,13.913803767899358
55901,23523,67.00372648773651
12674,28868,58.63808803828162
40117,9833,24.720565145129978
99827,31946,14.070320919557595
46526,41884,45.027278502106135
26871,36394,34.52329741399958
61801,1219,2.1295771629683653
84908,19501,56.59865900530328
78437,15768,79.26488206395081
36417,13485,66.84257162059995
99311,27677,82.5582307447195
41846,16573,71.88796370731649
19874,23748,88.56426737137399
69435,19968,8.085909894097854
51805,48525,28.72559807898628
56702,33740,83.57489353395584
27104,7486,74.91655395203786
61180,11766,47.039246582640246
90297,43782,68.97262248075171
13789,29787,86.92908264158625
89861,26402,98.05523872353795
74439,25168,93.30671236505528
97866,29164,38.406184824429864
56601,2767,98.61599992230798
53927,43864,6.552377181700394
78108,28472,6.799311691541379
45734,47859,78.49902488417706
20857,19652,56.40315868595459
6983,16056,47.56626212642721
64445,9108,7.010756249277278
13787,20808,48.90784926092108
75580,9572,43.56095041795212
28547,13599,66.15051353899307
55457,40693,88.8356192136693
54956,29853,24.776915778042202
75447,13492,27.394975085321597
57622,26729,55.15636184272207
66707,5168,80.11138897484024
20913,2257,67.79724491403933
41065,10665,38.994766666677634
79808,47968,89.80363989038247
77208,23680,78.06985771175384
27180,37011,3.387689009594565
42210,10052,7.6075590721150785
8094,26043,89.7160858743305
10873,45425,76.93937505361757
50688,16117,11.83542999707005
73945,10335,47.89299571387683
50868,9483,85.03436481060542
47673,5966,97.17613980361736
84676,37331,73.0374340611604
56282,18827,4.8860939087829145
73036,22698,94.96469672496805
39367,4000,39.44767558726906
42106,14027,49.59423708477019
98139,38932,64.63439415563317
22997,42109,45.89885068357023
80641,39256,21.18480820476417
78262,18599,65.72457357756915
27979,25382,85.68469668706165
82605,41619,72.90738537746532
14987,7650,25.61972827001647
41972,31793,17.687959983898196
25810,6201,39.31993264502696
39615,21405,75.94295457788292
72853,32196,95.39021076137054
18448,27116,54.21121991532203
1194,14460,7.945910424917021
5063,28378,30.190497507238167
34292,22624,51.226812580255654
28570,29977,74.3494345281341
94849,35825,87.6625317683479
90657,44867,83.0023055616374
92926,16525,46.82549671258675
48172,32858,12.119475575505795
78181,15603,92.32237733657475
70657,12618,96.92661167067457
70370,20559,88.26243058891711
61820,21751,35.73463773916086
84237,43365,63.120639998626686
55619,49731,6.387106281204575
5391,8937,2.274769412651042
2279,45430,47.042300644811014
52401,5166,34.20153321171916
55016,7155,56.43792445015497
30606,12677,6.715950253234068
31399,1810,52.51355923836623
57370,9641,4.69402057216825
81785,46661,95.68059017474857
92361,12122,68.72769285154878
76884,11710,87.54216503977158
47507,43079,23.308847849640497
74183,34502,67.29126899022351
17871,3490,36.75517272292789
53804,34465,79.60691384230748
78539,3037,24.90535374878875
83354,7110,73.15506289297205
3031,47703,10.970326989283
40628,3336,91.6303216067582
55566,3288,43.47249465271559
61844,16751,82.94881876563286
37586,19174,97.47981160943202
92496,46878,25.8187140778333
97929,30819,85.99102365938933
61607,6449,21.804745520426554
8009,18826,70.97860560699426
5315,17787,86.03704953756444
97521,27535,86.87869392818602
42195,25033,8.438670668235048
21336,7907,3.8443114173596236
66343,33918,16.015626100027255
21362,33384,8.635896964840194
9927,18066,58.03351315740807
53786,28841,74.7491043312687
7919,44620,58.055555316535404
10109,35857,28.5651739541375
67380,2755,59.475480533044134
4875,6620,79.03676347105414
37338,22909,57.73120140055936
13472,3677,73.85867721637489
3795,9949,67.94273725971458
42357,24526,17.453972650045973
69857,42840,68.70905682938157
27958,10642,98.83877898808296
43916,9298,23.14360040848391
5314,36920,95.22211456785989
54038,25461,12.11344660287295
22426,10043,76.77955316295677
78140,47385,88.23547701304025
19923,16438,2.6876021600912594
43915,28522,17.533379991563294
98909,30032,51.74522859090665
70635,4625,30.331852781988424
14446,1007,61.60575071888021
28641,39756,35.46142015902738
23846,48445,53.29470169148671
5709,42592,56.02958316357439
54171,26116,44.341106798237604
31732,36304,28.351174762774473
18896,10818,97.98801712543552
36411,38422,9.620050410291144
24309,18203,6.564740380875134
17542,10376,56.46668253403285
77159,44887,34.03791930270459
50502,38699,17.71466865022076
11160,21387,18.615092752748367
5605,44809,38.70871554218403
77742,28773,88.00157990429572
91454,15070,8.220993939200923
82080,35873,80.19701943034661
3486,49340,29.617489887245696
58071,24297,85.45011339367328
8888,40582,46.591627305155626
66491,21677,82.93224916972633
88674,32343,78.53725579990798
76892,28622,67.06428837058037
48295,19419,63.763609209342356
28982,32159,70.79016323354752
65009,10618,95.32536691573101
60987,34057,86.74235778267682
84038,21686,24.57721155365346
12557,28869,69.70852217205021
29019,1732,6.543926906810069
22054,19875,54.98759445426727
89315,13928,96.63028346533497
75855,34529,14.334796787770916
42832,1668,68.18805862573276
88359,42908,64.88637267839411
8495,26311,31.895289769410617
88856,35870,50.08458327112958
12749,2717,79.16782469253218
79021,16832,59.91493769307337
48336,35392,7.5082681052942455
39913,5093,15.38443102352263
3475,31999,33.872457228715014
97210,40410,66.62517657431054
71796,30371,69.62939397418397
7497,31087,5.025265721803574
34652,14713,70.34212186374134
18514,29695,82.69458699995259
91375,18521,74.50654700707058
97993,34197,13.478268281692422
96503,966,83.9238871778528
7628,19425,29.113040279335205
66535,47497,23.795352103756027
97120,5085,27.885453646719082
49288,28924,86.6918943926042
12837,40201,50.36413833196632
97107,11612,80.67173839708654
15293,29490,1.7898222043388328
70248,35093,8.80978708932631
68781,24020,91.0764324303487
55229,44787,29.277171601001516
88948,33829,56.69979648244396
91023,35460,59.28921737942274
20371,32646,74.52351572356226
47469,17684,52.6459431542841
87975,2437,2.499367466383298
49324,17964,76.11558793303902
97972,31530,35.15853584386467
31061,17906,58.86344795663973
14446,13198,87.49254369109205
40195,38907,30.528018125388236
65102,18701,67.94515589641334
84274,23767,12.270530567420984
38833,48269,5.116974573773409
11543,30668,91.7255266961394
53418,36898,39.62140733695676
19353,21452,40.397681531880075
1962,15743,57.800839343406025
3052,42333,65.61897068905427
90410,12072,35.10554306420581
96051,27817,68.48714109715777
41863,30426,9.431137389257882
42739,18384,68.55740299971444
50695,33654,41.084570864313704
72871,38119,11.210471502952359
56266,37491,6.718746883989312
27321,9094,86.48566351672812
61744,20556,39.73284713652397
6961,13595,77.00250073938608
37780,27111,12.422242744556
74639,8388,62.20426112344187
4855,48769,30.434913492802032
88674,15004,49.06899550565457
8239,29097,88.9283440231495
84447,31928,29.855684010062923
49659,15485,31.21451004573835
9643,20127,97.54441744897866
39546,24092,80.00127686111358
30106,43608,64.75082994923486
27898,22730,95.25197524327147
59715,8976,24.21962796402656
40109,19013,41.44588855615281
98176,45425,33.30544631738622
68854,49512,49.713278608447865
6195,39066,40.70562978010769
67229,9024,58.774187050111415
52161,24773,17.69451963345981
87383,15503,10.624545736682855
90528,42213,9.360607634275041
39745,22833,31.097375351429847
50934,45113,42.93203096650419
23084,32351,9.93031953719325
23034,48115,36.745150718241256
66238,47131,64.97813580575817
29734,30468,59.08331572894174
94131,38736,78.3747851802756
63078,28160,20.39373328928276
50537,27307,31.400358816039425
69153,22766,21.078573209645192
3728,24240,35.66269897458183
36036,25047,44.154849865693485
91160,4790,60.32651208872844
44264,47084,12.135464348451118
77486,27306,88.22416097655667
16724,36844,84.09324027837187
84026,29719,64.5812335067757
95322,20305,30.646192666668092
13099,25010,49.278196579663906
93701,44080,72.94684221823776
16667,20400,55.39661399083301
3130,4638,70.47319235553529
69349,14720,59.93307809362999
17891,9349,1.340078152290896
90231,5156,44.569177151085775
17546,4700,97.35662533291938
7268,23288,52.18007349225206
49435,30258,78.56143782537924
36394,12216,11.71903493411434
94969,20070,10.1815525941237
82837,6917,7.524878810912766
98073,20928,85.36140878886293
68254,21711,60.194110663748106
53982,3341,24.719396264826813
8687,49771,39.324846723504336
79968,31529,24.859221324667132
35782,36057,31.73847413901688
12885,9328,54.24722292793587
38622,7292,17.993946988088773
8601,3139,55.22228865381835
87096,47316,13.075883627700007
57721,9859,27.941921901719383
16540,40812,91.4424458999693
44977,28751,28.78356186136564
10391,9141,5.696222896156382
95806,24523,6.326583500752037
4252,43195,45.2430726238957
18540,8840,38.91476303936439
39926,27997,13.82627369896108
76937,43790,89.37532844853735
44746,5658,63.40054463090366
92751,23132,43.177148973255235
74145,22476,42.085524937739706
27189,34142,64.2954893706773
11628,30045,94.98919171825067
66897,42829,53.58743563736455
56837,18923,55.95155369570805
21130,4344,72.91409544941811
97847,49942,19.85332233317065
56472,5354,90.32289278362504
24470,9253,81.19765062316276
75421,43229,78.95220230076843
24860,48830,69.30710302472127
99449,23471,96.56901635644883
37197,23795,44.933557298623356
4159,38542,32.406819025228714
9497,28141,87.85556954681549
21432,23817,26.279661705261148
96947,9963,65.88746475723443
49023,22010,13.01593263096483
1628,41447,90.89738163779384
47687,19674,54.452934535547726
18830,36209,52.55019278578847
94264,23165,19.92574443558746
41865,9163,47.42890518694731
40306,36701,58.10511364403038
46857,35803,83.69607597131886
21874,30247,31.14516879641063
39776,40265,96.54081389742487
41354,48238,91.55583262121985
18990,45155,82.46258200382846
90883,24986,96.45061334474495
6554,43468,66.52816655614235
21881,18998,15.369765605699689
13376,19621,44.04884120776746
90597,44909,21.857550049163212
20157,43000,7.071064883066111
91534,34152,28.90146251438736
37903,10300,89.07032880890262
43177,34114,27.510040018436907
42328,21587,76.5049178402067
67664,29712,65.75327471837396
72200,18586,34.882894478180404
72808,27884,1.191472460136647
36464,30047,49.235870020547495
40378,36391,82.99420993290725
13416,49158,10.927897480445969
10032,9933,53.26605090066097
25348,35636,24.990115421517825
35551,16992,97.9349810547202
39971,973,28.097546057061987
13338,39581,30.35494637044043
5056,25482,40.49642390971667
27401,32418,12.252587230463778
84314,13268,50.12345213724907
88606,33472,63.478022798242534
26350,46353,31.3570676746868
55474,32288,67.01505512678831
59105,1598,82.41061546654709
46310,40968,21.653548197693908
10516,15620,44.79143825364888
37405,28601,44.22511148691256
35061,47608,64.08426471674306
84486,33053,11.255030518377989
55466,41965,79.72236737414919
4506,44247,2.5386451396974925
13131,5411,73.2656805109973
82865,44577,37.050993683526386
37587,44113,96.08004550045922
61903,9557,29.978725463607407
24383,46292,91.99930250704047
43040,17798,50.0554479627543
31782,40706,30.05821972387897
34182,36368,13.00230403429251
89421,42820,53.83407925320653
94963,26031,19.612972621040306
80751,24265,77.6762390463745
53649,40766,56.84131655650045
74364,34067,25.99028421534298
43860,40960,35.86447580643034
80652,43417,52.842692933145315
96939,10682,49.49504697213096
11947,29753,66.36107628970369
77342,3338,59.03039413568861
43908,42504,14.442340050599453
25492,4400,90.4010917988152
38451,34972,74.74873227067715
89114,25953,73.57270210050534
27971,40910,62.02846656456148
41463,2889,17.49486789583482
56072,21594,95.93370005261008
66438,27845,18.632552800098036
81821,4971,36.135584398056665
86065,455,75.01483289532919
7621,24265,45.24952695729235
65630,46785,38.46248933913057
70080,17235,68.27525580197609
50039,48623,98.08357061403049
29398,48985,50.98974842006588
56789,5434,70.74859897160276
37753,15461,30.170924418365583
50180,2970,80.77187503343605
66516,39850,93.80778416128689
84232,30950,60.91684353654166
91777,31753,67.65067188987621
41180,39728,17.621006954859787
1991,4035,97.09902812239524
29839,27366,14.048830943930447
99595,22576,39.606087588458806
38214,12894,61.76333641844998
63950,47162,34.46445839088962
66775,30325,81.02589892387816
26526,36243,15.463728977224513
54262,19585,83.05458661675762
13682,44033,83.4160033907741
23006,21607,15.530360962946856
92383,37145,41.211502825271225
80515,42758,61.27387966611153
39113,10313,29.431444670038303
73695,24626,50.26992155651256
72715,18644,61.88756178408234
25645,4366,74.90376924177298
8202,15156,20.32735458808044
75801,699,86.38151837574392
88703,15118,27.054000208336117
21414,27200,69.44622750939088
61036,7485,91.75235012899974
88661,13198,84.80330175360879
28270,5618,14.027193311506652
72103,36380,67.285420946895
33182,36718,27.50464483690846
1880,14635,95.1375804245889
51041,17856,32.13116996153764
75462,13239,96.89084683852039
52677,49177,70.35038667595472
98458,16726,32.73168516311427
14376,28543,95.08215534015737
62872,45008,8.402913842486782
57554,2184,75.93111838113956
13979,38577,56.25353966919408
17302,20349,36.847774256434626
67036,34162,51.31218812181643
30392,42214,61.58843227635531
71551,15237,59.0645526155882
67775,12191,42.87976400362605
54452,26164,74.62600971120341
65003,46136,57.18639899168396
45263,27360,82.52758340169193
18508,18271,79.15767256701825
14548,16918,3.712075330187248
45133,21547,37.1494027681822
47327,24412,14.466410014985755
32224,14851,48.39961655679533
31681,26041,56.335011421420376
83230,23161,87.0888540064389
68076,44053,61.056970725881285
52593,32502,42.37700905485618
98520,35078,54.85971333675641
51074,46372,92.54874003886937
80734,16227,79.9765559178618
91982,41260,27.677520566822075
43767,45591,38.67448747381907
9976,43541,53.71964512388575
81717,25757,84.7304053597497
27394,31965,4.4376262783778415
63733,18285,53.80236065601466
95762,4654,38.124273317452655
50913,387,72.37766416315398
41340,23284,36.276997495498314
16811,47703,78.84168284361729
93472,28625,1.816113733144084
11329,49550,91.49508886666226
54900,35220,25.268612928860545
52015,47770,87.92451434397371
50664,44566,35.09555434310297
23803,13256,25.746141979453487
2635,8997,21.88753140552788
21248,20010,40.90342750300718
45100,4445,75.2527946707301
26521,1457,56.6221867226773
95789,48422,55.94756636968528
23833,38801,40.65771511109533
59178,32166,31.987242792573433
53772,6528,79.63471503339885
5439,30534,79.31614938499717
9617,37504,24.366119915675732
67145,3422,71.71072027066192
93395,40115,32.752581403560114
12395,20845,66.4526278483912
30127,43509,83.80379023454778
49452,2431,5.2696793959833155
46808,20664,48.38814392693514
52690,1751,15.011241232142513
5117,27688,48.81876233601989
41044,21399,36.03510254850152
5200,29733,59.6585393391864
18676,8218,93.593170130789
51238,13588,74.59223226262824
5996,40827,57.240004331292674
77245,12312,23.53874253546567
88861,24980,48.851689316755234
43316,49680,65.59137169623118
42286,5777,80.50717119500723
75316,47156,52.81738886057704
51421,30598,68.67055531673934
42067,24796,54.52360288818733
3680,11604,1.663361842889099
43030,34194,82.11907840997016
18602,254,65.21963518749135
97326,192,30.336023177276296
62962,34892,51.04621085217722
47706,33076,96.95608023519881
55357,45276,73.8033149262818
46173,17404,23.15073662048541
74359,18057,30.83964101661794
24479,44117,47.29588450185122
18235,35816,95.24664529555913
5437,18627,84.32047306669962
50865,38632,31.93008379691414
21799,39877,50.15058604195572
4486,4441,81.26336210456584
61223,3365,92.70852063950026
60920,38823,35.07723352085342
50817,43061,91.11594349060141
23888,36157,34.421802531376116
19388,34639,86.1840001403978
18719,26167,48.503786858295875
33139,25655,9.375890618614786
55341,43633,16.789643399046106
26295,36588,3.875797082896513
23321,1433,15.087046028237834
94004,26670,61.16632247050427
6282,46792,21.15570397497908
19276,20384,40.15604689363991
47901,13453,78.72779812974848
77717,2484,44.35070649546497
56590,39847,47.066861288839554
25080,18431,38.202905681522346
7189,19413,67.54136317985486
36597,43756,38.7798756413271
67895,5256,22.239441263194248
1808,17978,93.20429059293114
89765,47476,7.2444951620753475
45413,9807,67.71616784276102
73178,14675,51.64909200283456
44464,48040,62.495579649415205
86542,13198,56.41646787425917
30137,1910,12.2771570883393
34588,38085,28.352181593172702
18309,43885,47.43141936826173
38452,34320,20.390183934456665
24054,7129,15.19354083525405
63458,27375,58.99120724244166
79748,44589,26.611494599026358
47418,33499,12.104531540759949
39613,23737,4.837999950244869
72742,26763,85.8787505779102
97391,28021,65.33928579538393
11410,46747,85.06640145794326
12819,32917,8.415286115701335
27065,6659,34.040419050026586
21061,19984,35.3902468013286
12066,30428,95.95743626987726
28936,7335,87.61476209238364
84634,21996,40.83673390508283
87228,44362,55.446730253741315
47409,40033,32.31067445293304
66365,28256,46.531602444592345
60161,49513,51.74709413465177
95334,30124,42.02471653793533
75786,41378,33.62561862533599
62839,27973,35.152142209073226
55183,36082,29.833300205832586
70472,10026,58.902790098408765
49625,37274,46.074126186361056
94306,23597,12.932819823778406
82898,3208,74.02493088219367
87712,37734,90.50066412617153
84631,40585,79.8023499019143
65121,8540,21.004549011811708
8051,25929,3.200476667638986
49549,42678,84.65032952496007
75722,15651,58.33249804899833
36704,45169,68.6770817042266
36892,32641,87.23158055139541
79457,6803,69.83032016648328
3142,24648,39.141168410323594
36123,9919,19.152741808718552
65000,2990,83.89578417122658
8996,49180,46.97376966181146
32271,26257,37.489120633423084
73513,21742,78.25447913515306
96579,39148,71.00321877382277
87785,36587,10.296368517908636
6078,32929,27.64286094652619
63274,29416,75.57180207519947
42644,6143,53.89254579951589
89545,12761,70.86805070574992
42712,10558,87.54764856385124
12567,48787,35.3087900317085
70236,22943,23.73591193293471
61495,34393,35.408176445150744
37953,4321,78.23275708449293
90679,48943,6.288532779817563
75682,740,84.24010561549646
11569,6677,26.003452642550375
84452,33859,67.06898223878049
73302,41309,81.88033135165834
8596,37136,4.529559322799546
86803,43217,3.6709005917327815
79067,3450,50.4492062635704
21667,42239,53.47728178300527
19422,43154,5.967049821093756
85201,16985,53.991056739511464
11065,49263,20.910720867001825
65335,23493,90.14387117408613
83007,11317,43.254085855600366
60963,47427,75.39472994250583
98286,23869,95.69154219796492
69052,27838,78.3049044560617
55111,860,9.265822929524532
35558,24975,6.057738212274765
7525,19108,60.595725412593154
47682,28595,50.626985752974605
95934,16420,22.559281808787922
80586,11863,18.496036398113727
16215,38521,13.39663240011775
14700,11132,62.4003814897557
14153,28699,18.723070320636737
18589,46327,40.528704475679085
38779,12897,32.110333499346666
87294,22994,58.496492912327554
22498,16498,10.507760432041295
72154,846,81.85293301504572
59876,25280,55.54245557797694
25722,20995,79.26341649778333
1607,40490,98.01825439931483
68506,28550,28.184561654518117
62740,43182,32.93139221717546
90115,2186,60.52573045040759
19182,20412,94.92731065012077
92492,31165,8.79578758030593
29220,21410,5.983461935922934
56877,10038,72.3375307554682
6411,43552,42.691862658112555
11037,17019,87.98756095132246
93750,43949,39.07859644784611
6533,45497,9.127700324152494
14014,43151,96.40877344726368
11734,37432,79.32476625445197
17484,47887,76.4348399777488
92941,41767,97.95797847686214
81710,35691,64.24818919110527
53793,47002,66.32838770923333
11770,17877,88.97296567158851
33469,25713,94.24112410966936
85855,35496,95.92486189669066
5309,14925,78.8165826014532
40441,37946,79.88343241697017
84863,35919,27.69405811760318
54750,44097,20.51441602001571
3862,38082,66.68550422994406
72772,15216,28.630161847225825
95042,17178,47.90651372489454
18292,21239,27.57460525391327
88948,48831,44.94535258414449
64825,34115,30.235107176085478
22121,28122,96.37121675980308
49283,48620,67.01198343707657
43278,35158,65.62043541191784
47537,23890,59.02749317397831
31393,37223,25.381438295229604
8745,17841,81.35678590003626
73747,39091,69.87338759437266
34456,10417,33.373561732586474
49385,24999,46.168872595200995
10339,49505,48.161915334293376
45197,17434,65.906155236638
91456,36760,53.76161041782551
81155,541,73.65848758792353
40916,26894,32.879807138554455
97951,9276,31.17026044351301
58822,12219,42.48569828376475
15503,6690,90.13732735983443
62329,42657,65.79711573834132
68989,11492,76.27202240979841
56065,49837,94.75609189929256
71041,13728,68.0690376051029
8988,39928,65.79105974739157
4023,27726,63.52510821390079
92849,24413,57.24961480074546
21751,7720,89.67843364431477
4239,41597,16.871781802583733
10390,24726,78.82068098115953
27020,42111,43.36752617016875
2778,42580,26.756643317804798
61235,25877,15.024547541032971
70928,1304,46.026128285759924
20948,18783,63.06083260554778
77794,44622,45.8221606462839
63287,1342,80.06704254958687
12964,10843,79.04074793584115
90001,134,71.44072091607303
99055,949,30.65076236257635
30645,14616,10.51159162428808
5325,31828,3.6555439987844895
19671,29234,39.53388942068182
19376,9192,71.25624679542057
97431,32818,71.8069860135356
95164,9706,11.326554368425906
48912,11765,38.887101909710076
65257,32946,13.728316951346772
84931,48899,39.66154918488473
77283,33036,28.429867904780462
95867,278,80.0442680580951
35836,11241,18.793091710762248
22143,7514,45.40468691692762
53147,26146,4.594229640700604
45567,43965,56.598385086309655
89535,23530,17.14580289509574
61044,15919,93.89956914249645
63670,46317,47.209020060607365
76743,15006,22.495624965421783
14233,12419,76.064472699995
28316,6858,19.070439364117586
62431,28244,73.4922956739167
92733,41004,68.10818344082334
62517,1894,77.79161362166064
37743,18567,71.37322183358997
87824,26444,59.69218466096054
22852,49009,69.5458491020871
86240,27084,80.8572317277118
57780,4094,90.46223895385118
44682,31409,46.52374202293077
13241,30531,20.066287003063746
31309,35712,90.46020266797214
88910,36707,41.61173830203525
31660,48465,87.04006270121829
83261,33581,42.9764184508506
7493,24852,44.03611103389892
64224,18489,53.09632163016412
51943,17186,31.131929037981887
3510,2461,31.129993459398605
39592,31258,15.57286344734349
87250,22837,69.95204378589587
11946,31050,34.724412402819745
87292,47716,4.7197204091377465
8285,930,33.50600667952191
81276,2785,41.89355621170001
3184,36662,16.940648844821503
46534,25426,77.92091493986261
35566,35503,55.65118080927714
65361,41909,96.05723135454689
61417,12580,97.87102550423133
24740,30199,83.05962419633445
36864,43204,74.27229658862446
38807,22550,69.03003186865868
77229,44391,34.99111834541409
29911,13762,58.800856012106166
69023,31559,49.07414083036829
21428,46926,18.53205099591773
40864,11280,82.86119903938413
94971,28173,53.82386092738435
2516,10009,16.19221081111546
63682,2319,68.95802150898662
53954,13067,40.88908379472743
30070,45660,21.804316568539132
90832,33493,84.31252195431776
34902,33757,3.757890742920906
30327,32823,24.12391934546423
7921,9455,60.39203887765857
63201,37473,72.31308083826644
44104,16954,92.86357499349045
18027,6082,59.9433204462537
9855,6809,5.667981285384175
63291,23377,55.26631647023628
29539,49010,14.65929892049408
2604,26260,10.578577119757478
99286,5083,97.2676457345093
99622,43985,35.30871121692959
48055,41184,40.63038142553444
49212,46360,82.58003891793497
61751,12955,16.052135886625848
42428,30175,5.142187093248277
32071,29841,60.72711709067246
76842,20815,23.05785152696383
7893,33890,30.353089693168158
44542,11620,81.0993922379615
86433,20898,23.752231025540663
12715,41145,98.75632840215967
40145,46508,66.75739025495332
86439,42749,80.87424429805674
75011,13674,93.81416630992953
31845,47325,94.09785476624764
47981,25879,92.69281824583518
88596,2124,36.13977994065572
99191,20398,29.497828196729873
72277,37628,40.72750648877155
85102,46038,31.30992060043272
35669,35302,17.222831772925762
47492,9499,55.24185169281659
16458,32521,71.93088977222595
37639,38521,64.52545732527348
10760,16689,27.055901914867565
57535,2195,42.26793271157619
96821,44441,3.865824864726281
73308,27862,63.70531933224823
23915,6610,33.826450127316676
71921,904,56.891131639158175
1708,855,64.8416062249022
25440,12144,33.32922487892798
75587,38179,26.5163199770434
39308,6821,66.83544867222021
39024,36083,74.08317921373488
20539,47523,47.24790710200203
47347,5293,61.93461927407371
17690,13492,22.74534322653101
62105,17158,19.629230081486586
76152,6731,78.4938313205188
6720,15022,93.6774576269692
44070,31159,87.01413076517127
97121,6787,67.61004195738596
19534,42391,24.33700523480209
14811,32253,31.424125074693315
50554,45346,47.22078359149826
68112,66,72.36638709956114
74088,11465,58.297513841175714
33803,7955,24.406123844597676
6299,25974,95.6457093937557
31192,4796,81.12980195646121
48228,20812,30.944822205752516
53197,29051,89.85287347758877
21915,28346,11.672337428224322
26468,41504,57.07713774184546
86782,18676,88.73314779691614
97254,7408,71.08054117361772
84385,7935,22.9704244763229
29798,25101,92.82373233265766
71599,239,93.28506629232402
51383,44788,38.40104318647553
48970,26139,33.68481194423178
26424,16643,95.23528353487617
96786,27715,15.67662128661427
52213,25938,47.71321498928853
27863,44166,41.02987118033893
23857,49471,32.84742374317456
59369,38431,58.851953393867916
85476,16603,15.7061611689485
96564,12626,25.290059656096446
3657,14805,81.38606034058412
71963,41930,94.47393821169169
61050,23767,34.6905538848954
18715,14175,14.94052645865014
42930,9681,4.0237528302806735
62812,20933,51.53127773558583
84759,799,77.80586541032582
52407,469,48.920164410667674
49765,38856,96.37426198569733
67703,16946,82.63066511221257
64474,24270,81.86915367068677
14596,31768,77.97452901740735
82793,26117,17.489224363431504
79594,14279,46.50200161354888
98543,17189,49.035335491790875
18183,38784,29.151955452074468
80359,20363,21.57095384213297
24095,11681,1.2448042631565477
28007,12578,27.33483865442365
21354,40901,58.6242548163781
44263,12721,28.30033817935196
33828,47256,45.52709976955965
92247,11202,48.574662172162085
58428,8064,26.691421831917786
34700,46624,58.893776249220885
62505,7792,74.14807622203475
12991,45694,30.836307419180773
5600,24139,27.273990580945636
78311,45487,33.70889050281185
80651,3701,65.527391357995
14880,21036,36.76103717460521
30404,24257,80.61871256336961
56997,48427,59.14768718780982
79024,2563,58.28059107096871
64818,42500,72.17290955319045
97562,39030,31.090826196855925
62615,46120,58.2916548455211
1122,13539,64.5769774026704
8150,38151,98.6051038880418
44237,31689,41.46427529175992
53550,43566,33.31664033741656
38476,9783,6.041300367133918
76449,19703,1.2853887929487076
30879,29391,2.8035754502837387
35318,32632,69.10296348268689
31976,18299,31.622616180257726
76704,9418,38.37622259786473
49618,25733,82.57071133117653
25780,23088,78.63980600454268
18457,1474,65.90139789494694
28948,41296,22.575076208836602
50255,46447,25.259481657830857
61026,15072,31.492064314432454
25816,33288,68.24874937889844
97182,33971,59.47308953421351
71601,15937,8.60215876860962
88334,30237,69.01931375011483
67720,30433,53.9554517617013
27383,37607,50.332352917191216
21282,29983,75.27311410693693
22664,47772,49.360127695256956
57595,31129,75.37837478013084
33424,49311,94.46316768667587
5127,42480,67.55975545339683
60709,45614,65.81575545870383
33280,4785,21.398924429274945
34508,49486,53.86938974588314
24453,10988,63.812393081490754
9708,26672,31.58543203473103
67667,21851,8.23898081556893
97517,30294,57.11091630445391
3514,7648,73.32921018612113
6379,14951,78.40143458588345
95876,41657,93.633218911265
55726,49699,9.797792467197487
28995,44308,50.58496994550242
30593,5287,5.825624373391269
1886,47711,70.5514494988154
33976,8750,46.90882183220726
5657,5899,9.33662924022229
89507,7610,97.19995258792073
78786,45348,51.76056250206316
2102,46628,94.59299406279958
67300,14907,36.427139652778116
19602,17451,16.54243691218293
18893,21609,37.116192206393585
42315,24040,66.1855599179131
99269,11782,26.005703102972628
73547,48086,90.56112047065128
1451,33360,65.98404584751584
75103,46504,72.03675831708517
35961,45188,6.782718673888333
71235,19117,45.21115635848497
76782,24585,68.03728523401124
60732,24051,67.73732426108099
70497,11484,32.05295995914814
29060,8969,30.737813187386358
79805,48708,85.48337753326875
9591,2162,88.18120103061437
69122,24140,54.35206802417897
9909,27684,12.485811255766988
58573,22962,80.48276723904
30983,23229,33.6640528130448
32605,27177,54.17684759127545
15507,8437,5.0738809475636515
3302,46394,21.521712531467834
86189,42479,92.81246735865247
29676,21721,71.68414803916451
2391,31529,40.879083112065395
3466,18520,26.31666874059561
90357,48842,68.73232719432592
7652,9894,36.83026229488106
24669,19750,93.34733592856979
57236,35058,93.65179500058106
44608,42769,48.655677406106555
31910,18891,16.76446893644852
72842,22477,95.63099253149238
55811,16069,82.59002292294633
29753,13952,59.83078460165389
90258,7871,19.759826167398224
48276,48686,76.52257443058474
6170,35584,98.62699132140264
73824,10063,7.381428999910733
11854,45243,20.61842708489776
13118,34417,60.56984287125966
10742,42839,7.146756720882122
68342,33037,54.02834993801019
17446,16232,5.320317241174085
47153,44081,72.92180026103786
63472,40637,88.63973703058579
58093,47042,15.36408171806793
67443,27012,68.71702283831323
73017,2267,26.740643978563153
95545,10014,64.03626039354558
60704,31895,21.11261495759753
63769,44643,49.45620699440209
32230,24654,45.459319249197264
56763,21467,67.9313361845494
67512,33806,8.655566087898368
80101,11673,7.078553755768407
49657,36307,17.234353230640973
44047,20803,79.08569826623611
53356,36061,33.442770301255614
27463,34336,37.07773892619464
20498,41749,56.462774817715214
59294,26562,14.629275559135213
60229,18364,68.56365549380952
43218,22808,60.87945725940877
27245,42066,68.09080934935896
21894,20331,59.75242650121843
7360,29091,69.72129254593368
4391,15916,17.31485269477704
98312,1584,93.97617417403274
74852,16067,7.931687590042352
98974,35077,80.12644788557729
32846,25435,66.24617575577075
65773,48298,33.37889109213244
31153,21771,89.40491291773903
22117,31450,72.16768920423105
43573,47333,22.710002693578556
82774,14806,24.98432979709675
41683,31288,95.49123696546754
6773,20131,38.12098699193725
48045,44180,47.817063120341516
12289,29054,88.00506253873932
26228,12421,1.2521257255212024
37113,39418,24.068817546984395
61414,17884,31.833434035092132
66004,48880,68.57449602058539
27554,10247,73.23039865266027
95727,42226,91.425418313018
39025,30065,38.96195709658087
24801,19369,68.84349658557029
96745,40675,25.838269419783074
66385,13813,65.2694912716888
84555,20677,62.232135427969894
78696,14792,33.79774672964217
87269,48747,87.12629039426288
2814,40424,19.840718049317786
7243,39217,47.313664723342704
78066,34321,91.53001240588499
7138,23210,41.657941285858534
5062,568,56.603708194827576
23135,10706,7.532121221283208
11621,7100,45.08697635789748
83535,25067,64.2655230856285
11005,40899,80.29543001136282
47653,44644,57.24648456850966
85438,9911,36.57672599172746
83519,36445,97.62533123232687
27769,2643,88.26535706416904
9552,27673,71.64466097144204
33587,46635,71.41915873309213
31581,28687,2.91082450239717
45704,40975,33.766570578836955
41346,16129,48.70481250668804
60699,23008,51.96218093497779
28129,22390,2.3741959431594486
43705,17934,69.79734241354329
92565,46648,5.159391043866374
73857,9693,16.16675928656131
54205,32196,85.01990127677567
49049,45938,67.38648849156458
24062,37158,37.81619620553034
59408,39331,18.168375477269
97007,9981,74.09417015686562
26871,9891,77.61489502118432
14704,32669,9.581917469282516
5962,17315,89.8189129168511
76359,29452,34.56641291371304
43562,7172,93.04223940758253
51044,19681,51.09132340549788
60270,6770,8.281672312939278
51456,33285,87.89454449842344
27214,27091,60.01802142979602
61771,31229,44.327285439154615
24156,25318,65.66698329414776
77036,22954,64.29295783319853
86350,11251,2.4723864311577346
45959,18535,89.9044529285774
69989,20695,93.77456533568683
21564,3705,69.31798430047458
57321,39735,66.21241255970273
65272,30188,68.25420970419061
68171,33567,19.98507858988553
18061,3904,80.76249637186889
47294,21668,93.6324611727775
26881,31393,21.14441723778876
46086,41777,74.91779014087108
53145,21952,83.53858565579792
81151,44506,80.16180124731726
29717,2483,66.64973113141563
8254,44814,54.184393099688684
74914,17553,40.70459990558065
46167,1490,16.11022374270582
91225,2527,28.741508528466255
78243,1635,91.87325695069345
42122,5867,8.858747021544566
29090,19310,25.352049177497346
92384,35642,8.77568436876086
1877,35362,42.231235006979766
58596,27201,88.9502762549373
85323,30175,71.74162743804662
16364,33637,7.5347582638550925
22618,27626,42.99365461206239
45239,14004,94.54231380936545
97788,577,40.22921419753179
59713,42490,58.18865307108134
49223,46868,88.74263038456968
87805,12639,27.603583906730805
61235,1565,38.90511120010965
92074,3654,76.52621279170197
18225,16636,48.41680656363565
20113,11880,49.976986404809914
62159,23589,81.31096675221926
43160,39786,41.089200683989404
41387,34482,32.33202440443641
64569,40947,91.48838307172056
68862,2744,92.04876562488315
47219,12732,27.92877112734827
52768,34451,77.08320083098178
66407,975,65.05952176538183
28379,3985,61.02520883209039
98981,39560,12.527691240267874
52422,11410,9.59764159534974
10755,18872,59.29397009684753
83926,18414,55.57440550888366
76590,44341,67.91315257801914
99355,36805,14.614991146534601
34766,22031,47.774544751861235
62876,12170,48.51176575967218
22814,47020,43.427670947956244
74913,18007,93.60770954629423
71028,39112,49.531003049204756
48245,7306,73.13772153815
22611,26276,93.56980453632993
12868,6655,55.60281724700406
56651,18335,55.2007995957611
51490,12679,87.94014775918481
8630,43398,70.22736186133876
91055,9224,97.42755808934132
76007,7835,63.25621566171492
66983,26515,5.967470741200653
44361,16319,10.281924539241864
66791,3375,5.527831354299787
44232,1444,43.38437759184616
87600,10484,33.86049162994827
57949,11321,68.59893567117409
99925,40356,28.98268841293267
39072,46159,28.416393183198647
71266,18971,31.80064136783512
29121,37032,28.228977143397664
44712,45947,94.02693231835475
64137,11826,31.73345827617421
28118,3842,35.50222551601817
97912,38798,49.26971709738085
77181,39708,63.070029107718916
24560,4629,35.155204947212624
51526,40390,62.25897532828158
48182,35344,25.496245680275905
18686,27429,96.31144597387059
83120,41517,26.924286566374857
14662,7480,51.26901596246081
42748,3103,46.07931295164931
44508,11063,86.04977597263603
55192,35831,77.94105861945047
18297,36457,29.959965732833737
75173,24170,31.46320891919874
87224,21672,25.12009220649654
58543,5387,88.76567155494051
31324,36928,77.10350963526515
1355,1318,1.902378276763099
29396,8758,89.21991995433388
75639,21566,93.55239217406543
53651,21471,11.174820561245529
23741,5214,11.262324495530883
21213,31189,49.76160950350944
7154,37823,79.87986150899341
93953,31660,59.27096278561439
44921,17683,78.87951543952668
71073,1219,52.394882707366385
50430,8627,11.988575823464199
35599,18570,71.38567897647206
71323,47355,18.92150335545102
23425,1992,35.80897446830912
87109,11744,25.933072611403468
42660,32552,35.35503923316636
24987,24467,85.88995843183844
63247,13040,20.700198653665083
44055,37001,71.9191800497526
70413,33910,49.04685367535467
98919,15457,93.41520520979998
21306,44386,29.445221960006446
99617,32335,51.9265515447087
57589,36307,97.94902651320565
71001,49955,87.27019816293317
21805,26482,90.4451400377787
92324,42857,41.93301625869928
78227,37665,77.82235207285362
24902,13870,64.25044088698257
41418,13419,22.609429177131005
61862,8102,66.12716156827545
73999,25978,9.51190494804728
56807,47259,83.87797695585667
30379,1557,36.77931031150929
12948,24529,30.95768918942595
91701,591,80.3720624542399
86728,48859,18.3585636878394
19301,34978,77.83342746458686
34122,19643,64.95314174917638
25638,11783,63.07270970500839
88807,37205,32.60641231160726
99415,1290,36.159593017476766
63215,45771,44.17650818533386
41797,6561,43.34981942726259
12068,12730,41.35510180561142
95754,16190,15.56199146018367
73106,21143,25.54459898137475
59466,11907,32.47301118137875
34059,15352,19.683270616838175
17019,31449,53.69959369360643
87793,30724,21.234872812585696
1833,37924,89.99327225819623
1031,25955,40.3627417692408
34064,9845,62.459338415020746
84978,28123,53.163177783226516
97795,29196,73.52638914272757
43535,48114,34.57737251510925
55857,4214,45.22451747199152
71438,29426,50.372408063926535
14330,14021,14.320920632610093
49230,36912,89.71039194228267
44128,40571,82.40516249353297
11622,38833,79.92364007242344
2347,16983,26.942445048123208
6428,5170,12.312266215227766
12652,28209,27.994115468318014
98691,5643,45.47394741705463
98226,41062,97.1111191298748
49808,37019,53.1018722417554
84499,32083,15.809027359043155
77955,42382,24.47489149100688
45719,42710,40.05602491637907
86041,15383,31.95498013196028
85748,32271,61.47273721655204
28423,2423,8.542062554793329
55346,20296,56.27413005843182
23578,31985,89.60041197468954
28984,12761,92.28088255615943
82863,3871,61.94241118515544
11163,43838,35.19638765644883
39515,6455,31.877548717750415
66096,8883,71.32736010463029
41056,40048,12.116388618265646
96463,18054,84.19277818239055
32765,30511,57.37062721109795
79689,9337,64.43854932201586
15121,26528,97.4448962925083
89740,13734,94.92563152932892
74855,31213,7.142492654421593
71112,27859,95.83588720166786
69655,24019,35.7072330660466
73942,47278,25.043449615951992
29399,27662,94.15101073632616
14501,44330,59.62489922913141
99880,37546,87.41938231025297
5197,31470,31.097923913620264
49863,46750,26.27718647077655
88615,37274,83.64043004966125
99663,49935,52.31538028711706
91970,35093,60.89505763160094
2524,17812,50.23926893654396
78062,30215,55.431436007479974
42962,1522,72.07112151243349
98560,12102,53.592498443453565
82236,49277,88.08853271302908
71048,34103,7.36035630135278
14496,43991,95.96164513593233
49500,25567,97.73862938434708
73850,49367,9.965673689945376
11850,10493,6.291720503366065
49188,14389,40.091322587593545
37924,18601,15.296903470814497
97146,11308,60.267411779312596
57466,35797,26.87128252176934
42642,20113,55.33579132941241
79362,45715,93.49217884557123
48519,23062,58.76383726493633
76332,34115,70.075933961272
51454,44409,46.0881062924571
3248,41332,42.107780738532405
71209,11367,6.44630924877503
41070,4570,51.77323461623464
67765,49788,98.77881639783078
1677,34009,51.89652186908755
59398,36769,29.704515784607498
32137,23915,57.86731878488553
19495,48985,2.4695136572077825
30823,36367,66.32418646073351
64144,7602,6.9361394850671605
25348,12738,22.831497352599555
22673,26614,57.62184578263029
33940,6031,40.141970030292555
39926,32300,11.710203409542999
94180,10663,79.92722123244714
78347,40425,64.45520495780536
26248,48807,42.38393581517201
31909,21745,82.49498135517004
29470,4418,94.0041164336084
73323,43874,82.95237764298511
33543,44576,23.7552031737506
59862,24175,45.512469916643745
69794,35728,44.18969374830278
81898,33644,45.08612463448118
91825,11788,27.45976057448236
40129,20024,89.51242298224744
59840,22014,33.897022583039345
88557,16942,76.18065265552372
34576,46832,91.83501951914778
78797,49509,42.316900369637736
8316,1189,76.37944084308819
84135,30996,70.72990033649172
74088,43436,91.9407785386991
22928,20301,43.523772919494085
68795,8996,60.509211999214884
26787,29552,6.574113953355746
75792,21355,85.74692324680971
33020,38276,98.31011569702561
37736,7192,40.39777690139199
47877,26581,16.900674943618025
45666,21634,21.493134605744395
1690,21117,80.30211866658811
17802,5172,10.512460029164682
29568,27781,79.57162976528264
55219,38145,75.32095027016629
49591,37255,70.61608951362678
29573,30063,63.896493574830714
25085,9714,78.55223921439362
21222,47929,50.926088584841466
1062,21987,48.92503575943761
76418,49834,74.62003606171733
55400,38037,37.98728547540905
81723,48584,43.641832609754545
32266,23754,42.41429716958511
34451,45530,94.32657697092944
57874,27424,70.65706818221342
71264,37168,30.406644921831145
96186,18592,35.08080680861554
67832,43713,85.17530315564274
6211,5857,30.554560896330226
76026,9362,74.6910036406017
17007,24121,44.916110929090436
85344,7125,34.13938870623626
79409,28752,44.64836460954934
18659,30019,81.21590458460521
97944,23966,93.47021994069996
19480,29823,65.54256800999826
25061,39746,48.8800779821078
12479,5419,75.26517171725935
21574,25231,81.85638245836263
34518,13199,92.80473456340653
95015,29396,90.38513291530383
18794,42884,75.51084267132799
2230,33994,53.64112529816701
97373,32174,55.987126275719234
36770,41688,94.91228143571811
25459,2438,72.85999893018555
2436,1333,73.43305273718617
71784,22927,91.26298202801472
43775,31362,84.6510046043828
30003,39878,28.760173792910948
15159,33143,71.74438704353861
20131,4687,31.65813489693528
51162,8237,81.64888634749461
91256,6598,11.679558217672755
79329,508,31.366288583903913
30032,31509,96.38695991072005
98757,30924,40.838238793710126
94584,22796,92.50937948646657
20152,31098,72.00199262126768
12113,18602,16.49078357784196
75909,7846,27.4108882940535
59791,47483,54.501401627914966
51099,9393,29.379440026389503
68166,10614,5.8591410912399535
28660,21813,77.0092343695423
88111,46942,5.888220078092216
98679,34234,58.08627792263637
72885,25921,84.89366736474346
59554,30979,32.649685180441345
47566,2205,12.197677899774655
61937,20728,17.231505748576005
67334,5773,56.01132761686927
73425,17804,94.76365854567257
40312,42912,34.49211469846102
30613,7295,55.23082499866881
56416,20242,40.05026699223698
68899,23754,23.600948178452036
76795,36285,96.41592980874044
98304,17445,95.60877894068285
37113,17117,5.558969068960964
10118,35728,1.7779159399601852
92991,11520,62.85357024427099
12440,16160,84.20875600745204
79792,10743,31.541565100302073
7328,34747,4.061407913560176
60166,26797,20.74255407936539
67063,47794,67.77884974177299
56739,8014,38.66114320590382
59573,30189,15.480885134780594
97304,32028,15.116091734074548
40988,47303,49.62507399273784
13991,23148,43.12688921144076
29248,36951,92.71998857598787
15314,22406,16.821159944085572
74373,45573,15.007637982924827
19661,14288,39.820134489155954
95499,17937,55.27486901636608
42071,6753,41.5611129260342
38732,12061,13.26750941134707
91896,37267,31.93513328468004
88952,14748,94.97631883682897
2147,10712,12.318599323916223
28242,22352,74.84257132476006
63436,7124,46.909126199655
40437,10871,50.23911824410614
68506,42813,36.3561759123498
80908,10713,75.4483975836161
24652,27128,58.805556721464804
4518,36272,96.2818465196325
74701,37679,1.4984120617830357
57126,47741,45.591831731599264
72127,30340,61.453146791491136
43103,47127,27.73978676110087
23514,28645,46.90808972399043
40587,13442,25.76349433420121
29229,45787,37.39096277458204
99402,29340,51.771096129951545
96134,35280,26.622740564551826
12631,24463,53.90116086299889
50578,20107,84.51033471906936
19051,387,94.96878526934536
43052,46910,89.92912245996305
4151,14133,36.807577287371416
78345,6916,44.71937785354006
17953,20310,65.7100614412068
61984,5448,62.661312665937245
84698,41547,3.201907612746997
8080,41428,26.857038292615435
34895,20985,83.65181873099814
2754,6755,65.03390206475184
74416,2276,67.2858610107672
73167,16512,44.4400353161676
84916,34112,15.971799033114507
59344,18191,45.18265588198888
68135,33837,76.16860284100242
97175,39347,52.79416103359614
57807,25915,49.74812684760895
6485,27830,51.64286336288513
77417,19909,26.92705885699122
38416,17305,10.333297702209862
23572,10805,5.168729766848315
28244,15032,71.51172104110638
47070,19807,9.675424381320903
17401,22895,39.15205277054234
67163,16166,9.063091773765679
92527,9667,82.45075931712654
94806,13204,41.90780235417744
50079,44779,62.0698336537484
36362,48582,69.09007650011822
67549,14955,74.01074832413721
25015,3926,50.37021227377898
71688,21003,82.40640084365522
23196,4433,84.89082487879284
78513,16317,94.20090151213863
71601,9714,13.471102953649856
14749,32075,17.181335758696942
2982,8454,8.782947458971558
21893,20595,65.62061782249643
85749,47007,9.592183605981935
95053,47561,31.804838190809598
90791,25392,61.59691339649359
86338,8177,67.81656374863994
87824,49022,8.21484619876229
26771,26903,68.09540126171913
14662,12471,43.11979522427771
7788,13537,59.12715145605882
49539,7735,39.80707173918453
47649,13517,23.02543145331215
95116,45348,61.198718801611065
22829,4237,28.65685362692805
73750,37791,76.52813715131964
7515,12880,71.69580317497528
32773,31652,72.5660233553369
94701,16207,37.95304414677413
70804,7071,92.96492303877008
26497,15858,16.335671100698377
89510,11454,28.16169823628807
23018,38028,26.953839496770094
47837,10429,22.937180894009742
55111,20562,38.16068629521931
81158,43609,85.05007055671047
2257,1614,2.0480783234695004
53088,22583,67.76810782473777
34650,44938,50.60243011062757
55253,22805,8.63673155709615
89424,4697,94.6060716641056
90204,49549,50.684512568778324
86652,21040,83.8153155567313
50843,49434,62.767527301441625
55055,37021,82.27546478561493
5659,17521,37.27436857973316
4339,1034,68.28236021689827
61262,40987,75.20924747295109
63249,225,19.617893042860246
9311,26928,91.29955620906252
87595,5464,30.187374337496472
58801,32429,64.99355040059794
61133,36309,1.7388583380268423
3890,3515,2.4445974213890898
47308,48194,77.33490931167675
56150,39259,3.5064019622861142
75264,42819,76.9860299619859
55282,36116,10.26531851498384
93066,39707,89.46601391097515
62745,49782,49.05280933771048
52092,6091,38.795607840589724
8988,12758,48.64682945507521
16050,15023,47.985383244377026
66115,17708,40.837498287009005
52787,31430,2.4505396565549997
50665,4107,34.800357672526175
49293,19869,11.156450715465736
21008,10228,72.92972610255828
42852,7294,91.3461413092737
26411,27037,94.91438579654753
64253,18225,61.6232046465892
14106,45740,27.817450130735526
90252,12200,21.34398502825225
81716,5091,12.575367967423277
86986,5991,56.46709055775105
65019,21703,61.11533260836556
60193,17085,61.691126758711775
11540,45713,98.09914065548256
38813,37941,57.8527536828855
29772,23432,50.108499073833585
89634,5424,43.58703812561276
71234,40899,88.59859671757923
70231,48641,74.62725154320876
36251,15575,68.94768507084855
87919,16323,52.37738039045907
58077,30633,38.666349551597065
89486,20113,72.55913663926117
44422,44520,90.00570122242793
53791,33489,53.885983677113195
68429,7602,52.058104442604424
86973,7586,95.07875568056222
31613,35318,20.04674281471469
25041,34230,67.42733695543593
56335,5488,84.48216306714338
65306,4293,48.68175269737088
56642,34086,55.42122609565188
85021,24701,18.289294693606703
44732,43532,18.146043294714588
39090,24827,77.24407352180837
43997,7910,70.8154016844019
65879,4082,35.860442663964
25052,5660,6.350587646839108
22589,40074,41.0721508746002
44034,17079,44.027825028249296
33294,1076,59.123612859534376
46269,32682,29.3818862533528
71331,8126,27.809118688476385
92576,13162,28.951678474977527
62307,17332,9.92996007555653
38647,32410,10.840969546337073
47271,26764,78.96108294906114
53229,27604,4.236924896274623
6357,27261,66.46441010925751
97396,27613,76.10860786239584
43653,24616,85.6310648236997
48532,32694,46.677734582498374
65737,41262,14.06852667675315
29711,28001,86.20975809783411
21677,22620,22.074059738760578
5263,49912,61.249299479557294
50918,36947,1.9365252335234637
3371,17797,94.90127913624069
55647,8171,38.08328935920139
43737,34056,8.297483265188852
16209,48513,54.86298113798054
39810,24548,81.83349635784158
27351,41559,44.81972552350673
74979,32883,78.95793198949634
4189,30004,54.431153555438975
79415,6801,76.13904100271638
43490,38937,21.0187000193158
21988,11476,24.536864674776762
12244,24987,40.38260174114087
23563,33006,35.00140671758331
11838,28558,53.29426834112694
57201,36738,41.63833579416873
62424,35015,17.18005507363261
87094,17479,18.099574222494194
36256,19105,88.36114953809631
91244,44185,16.246016154200326
42605,19920,22.136173180841812
91027,26481,79.2684386162574
3330,28580,47.47965525006467
21517,23089,65.14544029200484
17143,10747,14.327867803873175
54277,40671,71.4515987342452
21199,1931,2.66623142308383
87274,41691,73.61915413644769
59465,32205,85.30645284689223
57772,25070,50.70091661825987
47758,24210,61.45961850596933
62458,10431,63.18258958155581
39952,36536,53.28029041947652
82776,247,44.66584665668704
80462,1372,76.88412433379
4880,43665,23.16713651384535
49799,33938,95.49965327409194
65478,47044,57.9256308559372
28221,33773,78.0481876771955
53001,4583,8.817363357980557
55595,45054,12.228703500004736
82756,4111,25.025617183138294
98487,45190,85.88905479919035
44063,33637,34.082061486526655
23207,38462,16.175524601260967
24039,18634,65.07538142395671
72234,41773,7.487516316378275
38507,39856,22.76510451692535
62958,10848,67.01053216824076
26030,29760,2.3174404441602565
29947,21110,79.72883525990706
74717,44617,33.34596860710778
50142,12071,56.38664926005741
85504,25872,12.260205230428554
39041,1849,62.32741402654598
12579,28673,73.70910489268265
51910,12415,28.832291311204106
25804,44491,34.47419674711755
70123,5619,87.04137328727369
61683,26582,33.09874307263045
16558,35514,52.80275878590003
75208,13317,19.39949099585168
72218,22077,75.28995214315094
49836,28108,17.43074355270648
7137,11985,7.7499005154478
60137,5713,51.43056167224445
17454,21459,42.002432259126444
23663,8759,78.68012148498049
77871,3844,79.52093407654948
30993,49584,42.122667707904235
69199,17987,95.11849885799307
50199,17046,3.4260343010120726
88986,41360,42.54462148188147
79814,38842,72.68795509110322
55056,37499,61.19665249104414
33440,18713,6.315384026595716
36365,27727,5.96587945260994
42306,40066,50.54535716092211
33368,12780,70.21984955118629
92566,36403,59.46593623072143
33125,37186,33.39761831251222
10332,41370,10.143310484492407
63309,40582,16.499031444693806
58688,26504,13.021876551997781
50997,44847,96.96376904472847
12706,30577,6.178297086479763
43734,35902,13.133082124145213
59964,35434,62.64679878260564
56903,34014,2.6740747854256
77718,48366,96.33516524139998
67326,3944,70.48620436082012
1974,6050,91.22431286720887
40337,1466,28.73628888024611
94787,8880,46.947240177061396
26794,46098,84.45783713322231
50011,27750,95.0571073935331
92759,6758,33.344093817944355
52493,22663,30.207815039739756
56752,45010,79.31080001911873
2534,43752,21.140222770840158
30224,48483,8.03653183182042
32733,2341,19.52515225367547
89210,13298,55.770660099226944
76068,36859,83.27360092477547
88968,33120,30.06996493697249
19129,38453,98.28734810525026
11834,15799,16.851352762807586
3348,6753,23.15929850474214
96835,8467,4.5699305437000435
8538,8148,61.689462485982524
98933,31372,87.56751844434164
27873,16108,44.02215518407647
60319,11365,20.333808933239823
52703,14185,1.9539783919639238
46409,473,46.75440109279236
82498,39478,63.28833269715609
92839,23445,48.21722279194374
45485,11623,12.516427672180935
88910,10983,39.291386984104484
17276,2003,65.57819349886367
79038,18775,39.631900563959604
39037,1722,58.107104517557566
91709,8413,3.3437457929124648
94735,48367,27.859021007953825
56420,11553,91.81238493878377
16779,7912,97.57136821206865
76575,36539,20.024256611206603
5513,13220,11.20364490950364
79141,28159,12.511954707616628
87166,46635,6.320760556514036
45434,6416,46.9784786276954
34816,15818,91.70195429743642
75627,17811,56.05756371809289
91520,44047,14.607856843275218
46108,9081,28.989966217301784
32740,21864,66.56626084219563
77713,18152,81.37210734823792
92890,47405,98.59578579787559
74764,10956,53.9149616381417
36662,45740,62.06618105491127
50246,49913,44.342495725200756
37270,34870,96.26346986784019
91025,20320,92.76397011385595
94040,10304,49.99334444388611
94414,24399,85.70995426719361
8747,28771,71.17266962328095
31575,39780,85.9039166164258
70884,15272,42.79725744269947
35341,38476,38.10339455454655
3681,22798,96.8499686434163
14108,4741,69.62421997306168
16117,44722,25.011702586070353
46053,37520,30.26142849339403
64309,40433,77.66212992719362
29875,41841,11.226555749003511
98047,48200,84.12941511352948
89252,2633,53.17672992546121
63031,40517,44.166306400145366
19914,15292,50.8898232460154
60582,48637,53.348641412248995
11262,601,22.11697643140648
97879,36924,22.21921130735358
17803,27591,77.20209682757869
89986,47869,60.81903824645125
2727,44052,66.70826424287033
86907,20295,92.87608863618105
62995,27319,77.97523806365253
6825,27534,64.4562689233257
65987,30213,14.864490400605016
90648,46080,37.278545850425054
81002,6295,82.44241505519715
53566,18768,30.348596710080873
43955,9906,9.961087504862956
76958,26153,14.821337314668542
46079,37970,71.64987708480648
13613,31886,64.98576128588405
71305,9146,65.39723317612959
59998,35411,82.4352700631899
14709,39695,52.46585297729076
18804,33394,43.3401916123186
86280,1210,31.411579015264323
97501,46322,28.533878233841282
11675,17926,83.49879645931098
40138,967,52.241767135883215
15374,37993,76.48313062684525
5536,32005,83.76801865523487
16587,3616,68.433712768985
66742,14741,50.0599058677943
42766,18281,48.8061661857539
31601,27677,90.85704193133499
59955,31842,23.2643461646268
41297,17624,92.74520155173188
51872,46255,16.571015983571357
31691,2570,3.366732080708649
33213,5880,36.332692367457476
25704,21803,17.59893470639877
32883,24208,76.9647896227062
1568,43016,69.12399096944878
24927,6618,86.31866133517678
29722,20534,22.03281433329293
17546,4254,16.41956482588722
62958,35639,85.75328437630033
10382,13597,64.25170818685552
34920,724,1.2745027301094671
65844,18844,87.16194091868887
64487,41220,78.58308349505016
71470,13989,78.18024070886584
69490,32677,84.19145395375594
60688,11410,4.4237542413134685
87364,38511,13.55037932585631
64682,18534,44.9581458238314
85410,7760,37.09526174418122
39746,26326,81.15061523353056
32614,17034,34.976190533368275
12190,10965,40.420588242890005
88257,38083,8.824368049679844
32270,33272,49.608649915345005
52967,36135,97.72252760579845
29061,14322,24.383269384799185
15038,44608,39.39249142741187
8208,25966,44.70672723609721
70473,11839,54.28689965082281
45970,18456,90.16855173957332
9708,43268,34.716600431713886
37600,44646,78.55215582109413
81104,16431,92.13271339026721
47038,20826,40.38391094068986
52849,22572,27.91117478454262
54964,12037,21.65989305299849
89781,39899,50.07890012864586
39095,4844,26.59464451462674
99232,22395,12.692098133521004
5293,34215,53.589280148595265
86421,22522,55.15775676339257
28554,41204,12.373831808007486
22993,4370,86.53687338652152
7309,4279,79.77321187462604
78937,12338,16.307811346376067
3245,21891,89.22766671300226
53556,39789,57.91668271691774
28918,49321,79.65839076400673
17800,4195,94.12963709087008
22697,3576,7.927831414510752
87808,2082,74.11895077700174
54055,13617,10.41297461257565
93695,33071,15.911870176268039
22205,48751,33.03057965851409
49206,25584,62.35815866179007
72082,7885,85.00455508116876
48896,30145,43.792419883405174
75033,35323,26.476878939985742
83576,10587,57.90310264337419
96025,30031,66.44014500557547
19849,33730,65.39615317603857
46388,27559,44.07163250432318
66879,14030,48.59375355911466
9304,10986,40.14711018801226
89202,1932,20.40690705127883
83569,38977,52.416569533175426
75098,29258,69.04285887773884
19590,20227,10.608530125032233
28485,5427,8.51420385379626
17680,48514,31.98873810933954
3708,24437,5.197334601025721
96717,45291,15.95736418297876
79179,16687,44.6558738619927
27956,26501,2.29302406473413
67583,19641,17.43483924395811
46510,42949,3.1697121238644317
54684,31416,75.02051413893746
77567,31723,29.410730215172933
9690,23621,15.082674891635415
19658,15608,40.899582247040655
64210,41480,70.460095300826
22967,38993,8.164827429932034
44593,44795,47.933471364642955
80651,23660,63.63270573029384
53774,45285,15.705074976609284
97496,26835,5.440252714966514
14409,43449,21.41029172850062
71967,40292,94.38420790372967
32085,44353,56.38868733898578
83272,8287,56.828464293382524
22678,29255,43.33639790452288
6688,17415,65.72556288470085
3644,21311,46.83367859893635
33955,42226,93.29439253140218
39192,15695,97.52344527552366
20501,39674,31.457272096586344
57574,39359,88.71570473118429
78518,44230,57.537086092686074
36580,45781,86.45535884637351
61260,41549,77.67204353352962
13710,1903,87.2201946994748
6115,13925,14.686771174455483
75398,29037,67.63095646396637
3710,45479,20.756136959638354
56074,35141,24.53586459933364
73976,44711,73.7034666306839
88262,41121,18.168973396987948
65436,11960,76.09629106983455
68863,7503,13.038450450052782
16999,47089,41.61088854791715
91922,3425,4.139351661174302
28409,36494,73.10564838479327
90003,17030,4.597023575401739
54666,49301,84.81872617076995
67504,10799,20.289123340593637
6425,25825,35.68183468411035
54305,35192,75.33075314415554
4306,14078,90.37879610795575
49836,31534,30.29966293623329
50967,7703,66.41090743531304
46495,11116,16.876652673529616
11986,15485,88.6548034628309
26248,45502,12.378280008081267
16693,13111,28.070009678871557
66683,49024,70.62986059620546
98068,45291,17.945020928006528
33017,39125,89.82693663406825
50598,44392,11.586126441293104
75665,20161,82.43247897712988
60428,36771,31.153804370788286
50410,29969,35.29337595770179
77550,16674,44.38218381659006
53547,32634,80.39276775824314
52357,17037,3.268994809678574
49593,35559,3.0005975893673664
61522,41443,48.03045625203454
26862,18295,67.55320893193662
22496,14879,73.50670293590787
12209,31365,9.099696915685431
34846,49828,49.1587311584324
32839,31932,9.733675881954957
39063,39695,54.851322347259774
14857,47614,52.81915841050062
58594,5593,63.76149476349994
86004,46045,23.844390124108216
98597,39438,81.15835581463568
13937,49535,59.44242632603281
2692,18348,11.644184622156391
27077,36356,22.314987651763413
8556,19174,54.865002850400444
44372,29024,3.2347383708414785
96044,8819,10.751385113088254
21035,35962,67.91031543683779
43893,15390,72.77209424286094
79212,26506,44.59117490714003
54878,1421,70.41181197924739
56360,38101,27.33899055278292
31470,26840,25.76864523153466
68511,14430,8.899111375031456
80291,39380,35.286214207554956
85336,5727,26.67891276207512
84235,801,67.5807665908765
41805,43621,52.512860762486426
29035,41572,53.204605277781965
33217,46007,75.9466135350598
39286,47393,31.37727439739473
61157,8292,59.38323922038206
32102,2727,58.68603151259652
79847,3925,97.22217357408434
28703,39017,54.520192362618246
9431,41382,80.50500403583122
23174,26031,38.89495392576066
32066,6424,53.35620271084545
87595,33457,44.04134653993978
72677,13047,47.127027672873794
95657,25279,54.11328670384504
41402,27934,94.93537691218435
3857,44219,39.95521598969307
99502,27073,27.586267153172248
71673,18086,47.435696511689954
58923,49466,89.06368437703327
84498,35525,97.28003214975422
97125,20083,59.00825988508125
9554,14710,69.26019367212439
16155,37909,80.33408032673704
20198,3068,72.59144475082846
35484,22132,56.35642355724575
49086,47407,81.63909094123645
35850,43133,34.837260011618625
60777,36963,7.129375645289191
58168,32682,80.49067615765102
19760,17633,19.307744198821418
21829,4910,31.890122078380504
77042,21517,14.648410788124199
98195,24098,53.81940959759259
3611,13435,30.004817967381367
34454,24731,69.58806464637105
50667,15285,50.44501386152371
48052,11723,36.853225288958974
41309,23615,33.09984798688489
47680,16611,5.934438589090866
22267,7933,68.27989402190757
8242,19219,11.00100759406625
47496,11936,26.490270283577665
82454,37190,87.10482008458305
93739,36857,50.15764617066237
64680,9493,6.486438286231142
69043,19772,28.074098011227207
52995,27904,7.7803589713881935
11487,41251,53.20939162768681
10298,13891,64.96257711800476
89586,13536,25.792929780876186
27367,11470,17.201249457553327
2494,20481,27.623894562873307
86461,17484,76.10110374495869
73936,39108,16.51736577018574
73261,30497,67.15682572974839
55927,30990,79.82843477031876
4028,37052,66.72501252170663
91279,10225,43.480365113604684
15879,48706,36.527956306803276
28684,16510,98.15152835995356
61459,15239,54.303377934673
11138,26700,3.952508409667143
5724,32893,43.85468589537281
94081,17556,67.24654408548163
88436,30633,23.70501198635016
63261,49107,81.22133340647217
65545,5799,51.86038079930233
5075,48995,36.2909742200191
88944,3687,63.25398445510944
45755,11721,26.82514567935625
11932,34099,64.27081004347684
74800,26946,84.55662764064988
89948,30397,60.06863073939677
12578,19591,75.27542162944418
57676,45498,14.949547568076992
63667,23329,10.417563924876944
41971,43179,81.05183808095194
52475,5211,47.709244759618535
14378,5214,98.91784128270129
8259,35063,1.995058270455076
36078,3198,5.563750364713653
51617,23028,12.545698956672071
85263,37032,5.751883864514131
45896,8025,6.085599801412487
36051,12442,83.64228900423915
88658,33540,3.7120638355620645
37379,37949,17.372701361243404
43592,3930,39.12157473474144
95243,4602,86.98640627684856
14596,39273,44.25861483159797
91285,19618,49.33489346058359
81966,11334,49.439692566399565
26056,49208,96.23501066996134
86176,27585,46.21660633580872
11240,4208,38.3930448132038
19986,48074,27.725716394843626
41326,6451,28.109000087414493
89030,15632,41.04126365315812
43828,16147,7.168320050119777
53374,14953,25.837921685693388
88250,3119,23.179379169768374
88329,1221,86.1274978864695
68644,15622,5.9434629830123935
87266,36777,62.54288093298263
9644,19918,31.989826317524866
92004,2281,78.0274821185057
39031,26163,34.25656867907384
57276,16464,51.48719422872216
75505,3053,73.02834185143831
29958,432,83.58422434996808
94165,36134,96.29415926759738
93235,11583,2.813677908920772
87261,43641,50.195306106231236
38930,16324,28.306650596234807
94257,16159,72.55310759609166
80901,32514,97.47410163026393
87663,957,7.541095733130159
38016,18420,17.80305950253079
72588,28014,53.532401293066684
32779,20709,6.061748866519831
64738,43994,14.229922966428653
23702,5146,77.46240900652664
73006,1742,11.757719307800405
13347,2092,33.48213972283278
60015,37577,88.13388899062119
47049,19988,27.804703846221535
85998,2207,5.799884728694826
12820,48525,8.880852991994184
71079,12738,64.76918979953223
3185,48002,47.613099210475184
70763,28741,18.18085005932475
92646,747,36.85200435761365
12571,22188,84.8427993879431
9174,31193,23.30629510801907
88270,11173,93.56497302320469
64968,43492,53.17514479481367
22354,40685,87.8609145647766
36397,48509,6.116516089282763
47976,41736,54.68261414536847
95377,17721,20.23699518666106
39739,23189,68.07169530533699
1872,34628,3.5248204563303256
49693,18998,77.53759197461517
70274,35486,40.05502544004028
79732,42083,95.05244894463449
51833,36052,50.33094011382149
12906,33815,98.40987440677361
35879,47519,68.2137723219053
77385,1818,52.3844095502915
96439,34448,73.73801230291895
98856,1350,68.22746482557835
60493,22664,51.34341317130864
68086,36804,76.80721183483105
24154,8649,95.93433020886413
28707,9749,90.02030113832227
62084,7456,16.59844487160867
43935,923,79.48560083399451
73099,36536,86.25393234128303
5794,37828,82.31953802166353
28084,37530,45.164185891217066
31443,20551,70.48455357377114
34228,7353,63.26218089833869
33449,37369,95.16081258951577
21199,26249,16.58588276187617
63002,7612,89.39586242204884
66592,4822,90.50049319352541
97219,11457,14.860293819836421
19399,45581,48.44845439142222
33958,39215,18.53741093451681
75659,48027,89.69345925783892
3529,24937,25.563811077527834
14975,34171,33.74930650329127
98368,38578,47.45462158680458
37554,19253,96.50680234547198
62392,16590,63.96144101761886
43891,5369,95.54192238522324
18923,47633,23.215915544643487
51845,47055,93.9816495621646
54532,29618,24.21062591917497
70820,33146,70.0189075803779
39251,34853,2.2934248854772266
85474,8549,5.216754671703425
67791,48509,13.217430141500211
57493,49583,56.78265326952696
46725,3744,57.32416128074112
91786,36445,53.793172507347016
27434,8159,60.06559817604079
29795,45480,42.3814809124583
65238,22321,48.6444596750037
76962,27822,62.829605223729956
55871,22793,4.7393410574423145
1816,2302,73.1865620780049
14383,3309,95.87108096461982
71120,10336,80.1143474690837
69971,49963,84.4951802024893
22711,38462,29.16399209566613
38849,22894,93.79281256882285
50442,49722,15.325950189505644
4347,31079,42.13279748306603
11655,12244,92.72067673974966
47045,30394,98.60837521198451
6583,7513,70.91671438689878
9294,35523,71.45619322922289
16256,14039,51.306907222836465
41234,23987,77.95594023843907
42154,41914,53.593594675577855
44482,8088,24.586864186954102
80867,49790,72.66055789705307
35739,41791,63.661327520971035
79981,42965,83.0671949428431
34258,7802,11.738855674918327
15403,49191,69.83343046582192
55427,25712,23.06554469455146
66776,20922,38.18667271931258
67113,35113,18.68892371338757
39868,7071,64.47419028223707
45261,20562,58.8021016830784
33189,12845,31.362459344407963
87332,33827,9.05721942756846
55100,3982,54.745880869209216
3719,32259,66.7842325909065
19655,34655,7.107254407901782
24307,3930,26.119999205303305
20589,6949,70.73747272873503
85864,13253,2.0552958006845925
23076,27112,42.37492400839469
23067,40221,25.37685590840256
35623,5377,42.59153255698982
55777,22241,69.83447340307085
75599,31135,48.67890182189726
68933,47885,61.41474808629509
17066,27177,88.52590500711837
30215,15681,27.011409066053435
7202,27920,35.37056954202924
7877,19787,42.72041399279174
64849,4177,56.51616529275226
71013,17853,46.44070668343648
33041,1673,24.974511579408265
79014,14672,31.253820930812623
26177,11845,17.37524249165963
99794,6190,59.6203401816304
62404,28960,48.50982288803955
18358,3074,57.94116301400641
82639,19662,95.24642623739418
56824,17412,53.912494363173714
3214,19819,19.201213102283337
53378,32064,23.54992781205766
94470,36796,79.33637628051206
85764,13757,72.44193324159292
71183,43029,12.895241325682395
54599,47199,17.600994402980994
26577,44150,7.368609681446536
77237,36781,96.68575651116701
72905,31345,41.58940044069276
40682,13020,16.136638480433085
17564,16704,37.09285707401329
4260,10883,17.97790040269069
89011,186,37.62943769285305
14161,46386,81.34475607995074
94093,36755,36.484486801460605
34359,28478,83.1254841619066
48022,30707,43.18853327179581
53881,4854,96.48877350189314
13164,4475,63.46855148074434
86478,1831,86.68145753821202
13151,8383,82.00753258677744
90250,26757,31.673902857958193
93506,23747,46.73666198153346
80048,16730,66.61236650042997
89217,15460,94.96341102575572
40520,15021,33.75800304593498
16337,4210,8.29612899746356
92858,15170,90.07538740572308
35572,3233,80.48779225569491
91981,11127,44.79195197505494
52279,8199,8.310456326560079
70823,35602,14.45102378070878
49617,49192,91.76914997724164
22403,5215,72.8400802429996
34560,14036,42.15786484933532
43596,945,46.00014897597986
24106,16689,83.17632518501426
80572,14764,68.50545518108663
27413,21342,61.648561507398085
21188,13853,51.700474663335584
43898,43819,16.625144905635914
83670,36524,20.641182640598238
65455,8610,92.27407653044897
44160,41418,30.089174055653146
26443,35425,20.783437270166157
35784,25026,96.41508394164691
13880,38495,47.203583657896786
58697,41328,77.99378454784411
90756,48382,9.478262527238403
41157,9941,64.89039680638692
62323,36054,90.56400142461632
84624,13353,57.25719495233132
20695,22250,54.3990717559616
34568,11894,34.33546860073493
42577,33114,84.8636875234135
43844,27133,70.4885416437553
42811,14485,24.96838174312198
21067,29101,88.82357114235963
9870,1983,72.85778532959023
14464,30755,3.011001002531583
87616,12172,44.43047730419942
55150,39774,58.22518075642833
22569,42472,98.39248320662709
34650,20843,15.628454693344128
56428,14653,70.35737144469144
28868,32699,94.5836221879307
11649,34072,63.41092460960753
41045,42175,51.497649311925066
20050,20879,79.7597167294273
78831,2790,65.66659371404405
76014,28722,73.53528686721899
40308,4965,95.44791294913774
73904,3169,21.092673247454087
61429,1720,61.34314094467922
67999,5214,41.02327814629111
93046,17197,85.56114434246119
28219,29065,58.293891255599235
70001,29600,5.735518693524749
33043,36748,63.65155006832582
87974,15086,89.44623993210246
78730,48110,40.50178880023949
43203,22127,10.088065163986684
33369,46793,49.93855940023505
97040,10738,10.896470409911098
84818,29092,42.28171741285375
15968,28936,65.38660639102223
32380,39837,53.47774387260244
10487,3771,25.306180431655253
72776,18207,31.502950192555126
23548,47295,37.27903753674617
80191,47295,49.39959967186037
90660,35659,11.914216818074845
8640,46182,27.043905615291973
86584,32583,34.56389127658692
24784,3090,82.39714148666226
40604,20241,75.84247273096612
74389,36549,37.68476635700206
72124,28516,67.29598219691599
28502,4919,64.76450211128194
28160,10040,3.945015612673637
54372,6901,88.63429564957377
16578,18441,18.896865110475076
16107,3198,14.700184538652634
19294,16753,52.858551762594566
17528,5149,79.90302871739276
93190,43288,21.209453006291813
48292,19301,7.0799328750407815
49659,30641,54.46307189603386
11609,49515,50.17391889290637
58569,34386,67.23657043825627
12807,34751,31.186603015922486
90678,24508,11.873376549605922
92938,39190,82.39799417589812
49571,31512,89.20799538498282
97795,2180,90.12551765656244
83208,40469,62.91210980835078
31080,23139,31.5434650662764
11004,22220,74.08633359375943
94962,11197,15.582863894602848
49609,42602,34.423766396888624
86502,1999,53.393300074426655
78431,47490,59.75392593069135
36372,24751,80.66300390572765
14432,46920,37.38816523501566
73402,36559,82.05579446683564
74362,2714,12.855579857349268
41261,9246,74.32901202623191
53477,30610,23.27036878309327
77150,30903,67.91977755397103
25294,9236,85.23368413808313
22790,2261,20.015439438205465
99048,15694,65.89448167730582
38479,40396,86.07689456138313
67767,8602,87.44696677718824
90990,14962,16.57121904095782
15902,29310,50.9132045711824
86206,21786,56.0357517863999
37883,24302,94.206847621778
8174,13093,62.58661958390961
51772,9974,43.32285245727323
29652,21430,75.52452309051074
23011,47969,98.88869931327866
50821,23225,61.73301430887106
11601,20413,57.4011750047859
39904,41200,77.21922891540972
61105,42304,69.38867963425325
78864,17456,92.66881147714679
74628,4046,11.519028249683018
41049,16932,91.19510742290963
37049,45473,96.70846859360212
92170,23626,35.087572377710174
86347,13581,51.18467553424161
23078,2927,86.48756680674842
47543,41227,96.66006523111498
41699,29205,66.38584782933926
99697,34964,35.30198413293389
97004,30787,9.624672311204069
64881,26654,13.332222350070118
18522,25688,24.188738308931796
73232,30166,33.82887971825683
33014,34394,7.571653648046643
81424,41347,36.78770005756177
6506,49435,60.235864568318
34928,14924,8.8526191749862
9050,47744,59.31857740950049
63873,20092,41.90728412166912
30639,13140,28.670801589644913
35667,14851,59.73288728025511
35082,28387,81.40004659099725
84473,25810,93.02123883436246
46688,49567,74.2297057028205
1504,41607,40.28491462090764
5388,26315,1.8241493397559818
67091,39306,21.94676889118233
93052,34840,40.53836847853203
10662,32438,84.50962615176309
96188,31225,92.81986561087261
39284,46748,37.2589181407466
34066,28455,81.22296968974307
68095,27995,82.93932941994674
71881,70,69.4664974001854
4348,47793,46.85813770297451
92855,14296,7.142116539344855
78406,2073,90.72596602903101
90857,7675,51.15120419408639
30177,5428,12.604636614188
25796,27990,88.97852580909135
45548,36683,68.61684722578121
65182,5521,81.19413020591382
28035,19926,14.89505805192073
24059,33516,43.95671767894846
62054,20665,71.6495114362891
36534,11890,18.043776130625243
17751,38718,11.09173515838345
77148,28975,75.72598955122324
25876,16925,56.011807580821525
64460,10944,71.33680434921544
25217,45413,60.388089590734474
19845,5921,88.62819008793092
27379,42439,43.64774466909494
31129,22402,46.9623261387505
13313,701,50.50615367371688
37853,23515,54.6124372626302
84781,36336,48.312351449312175
90919,16576,37.37728030572688
78676,28382,16.35708154231535
98874,6530,92.142809489266
79508,14677,65.63392960797711
16227,16789,76.1668850905883
1683,22639,31.462658868892884
97840,11972,67.91905121179644
82882,10762,38.23886696380652
53545,10366,96.38741216349746
41495,2652,60.336874463875205
57761,10095,37.314398542819454
54208,12401,76.57744243074501
19175,23333,80.1344348893265
7501,18126,74.25184493729523
66697,45467,83.65121997092992
90556,43779,14.098243814065057
18455,45779,18.396917054324348
79791,38287,10.494595274635909
39185,26396,24.04143932776111
7986,2034,50.280572213949704
89986,40098,72.35695520844537
25169,4806,17.110409132153
35958,13366,8.820656491261346
70151,48506,2.212029301623641
22655,19418,18.477029633297562
91645,4788,74.63057192736306
77917,15859,18.636687911742197
58500,49485,40.20871934438195
32572,12090,21.887351442649376
3150,35876,12.919359987798007
13416,20513,53.910290035337056
1652,28963,2.9424817431660406
83386,9318,13.265151344335383
14325,32922,31.774114507511584
75469,33268,89.63212133365327
26457,8723,47.1658236555339
4144,4415,85.94645663805326
67333,23030,14.85362785906366
65605,27974,57.40652455456674
29831,14282,13.027535264673675
16198,2142,3.2239441829725863
12075,16702,58.4658952293699
98633,15304,9.99685958304481
30421,3798,48.18915891815267
18809,16417,53.44900940757565
52673,46302,27.224050221094416
78752,32594,56.9785990656417
38026,27098,56.328974299907955
68590,48200,34.66629367737224
17243,26653,63.45161843680964
84590,8765,87.60936266470716
95953,46372,53.46876419836679
61460,3694,30.466384957489442
94179,34833,2.0020367809990924
27066,7809,74.80032046329458
71277,37972,3.3205050710576947
86749,13572,66.79451013300027
93633,4098,52.31547385830142
4350,24326,25.335458335915984
56454,36707,44.03797653313617
57913,37415,50.00957774625738
77338,27859,12.456794804970553
4168,17050,43.347246606473085
18169,15666,41.573933756703475
7916,9036,96.91063799974557
25745,49989,7.7305611951500275
60714,15335,55.80816862484738
8590,24018,23.708137980142972
65711,2442,87.4511288847922
50905,10742,79.46918457355082
69342,19648,65.62203414708185
97024,14869,94.68296681268389
90867,9750,17.509064068153474
34085,23047,54.94187631801777
83220,30940,52.78155333490514
41617,20971,13.81101923366802
23346,20145,12.529322921823114
37708,33211,77.43285114028954
61808,13255,58.79309995691522
25249,15291,63.50966991445752
59676,1503,40.38274954230375
37611,14682,75.4144655156273
84983,16740,55.98086643802342
39248,31956,79.27201760511096
26966,10798,16.53050576131701
75339,407,88.1254231008665
82139,42549,55.25450457449736
53913,45001,75.0833078974254
18902,29259,69.50267474566644
51005,9748,85.59895822625415
59577,25888,87.40042607336079
21123,34818,44.330322056844004
38356,33826,11.524610431973148
32771,539,96.59928620333471
15692,16535,21.91368701730695
20144,46170,17.637848581542983
26047,39937,37.752257654204534
60644,2159,18.562930336346643
66440,14957,41.09529313659302
92963,3388,52.28888063390932
83061,2906,61.605405091577595
76010,28918,14.416966605858718
28860,18276,91.97169761343703
2262,42767,2.501595911415394
65511,46946,93.12525110377649
14660,30503,60.69454237123588
54988,22641,26.113422823315855
54149,38564,23.14052037060029
51948,27184,61.44955694018045
15425,25306,57.67416454412951
94520,217,68.44639086193983
7864,10853,88.64998326879778
26069,6848,91.34246416133723
88858,29831,66.49105507800975
16659,7923,72.18047532216158
73039,49100,94.1597364275646
90397,13789,73.9282156144816
71621,10632,75.163950123732
7552,9614,41.932838952181996
74673,10765,66.86782793305058
61595,44337,32.27838792616393
50851,49356,56.33316709527844
98790,16547,31.796112890763393
45582,12363,88.79738498896833
14779,23447,38.07873864902239
11616,1674,34.122659347088664
51274,18035,29.364365236670437
6618,47985,32.73745220915513
11212,30505,64.18057082161252
96609,25703,29.229635487335862
1850,45942,47.37085019935034
56863,49994,50.769236676245534
37867,17566,48.077341449328145
56526,48924,74.0723474368086
56039,32991,33.61709046876398
62649,9274,47.54682551485603
89822,6183,87.54342583614894
20340,9687,50.16889826934004
60783,43356,87.23298576676257
55195,22290,37.823845160685856
79503,39677,65.84954429523502
99714,49588,66.28112105898566
18127,47063,94.41116787877715
54292,15251,64.8664254534703
87975,16361,10.22355561162616
31253,21364,46.63408646504493
44385,36369,89.38003423606287
46718,2432,32.844914684505014
5696,48487,91.82279384575786
91488,2142,55.20697061685399
57866,13348,11.358542961857957
51835,41001,59.74528263784444
6642,36164,13.379983233279729
61250,42712,96.45402454842996
69591,2160,20.56613237799794
55466,49426,42.40998469724788
45129,39513,89.10986817985084
77004,10461,1.0911150516231602
54054,26979,31.91633559520121
55503,36030,44.49482418855977
54777,28223,34.11449809610957
76046,22313,41.65167554490182
5943,37887,62.219250012335394
2783,17399,49.18596208745597
56883,22095,34.149836967320674
56775,32518,85.54300466317953
95544,15230,39.49242103211784
77265,38219,68.6714243153332
52060,29447,88.24089407806152
69025,37259,57.32148801907107
13995,10185,8.56122399674127
12306,39026,9.950688610657243
46324,22413,41.770881571464955
30197,39313,78.79772036765755
65249,37829,41.92396412413636
17635,24231,56.52210485831367
88311,2236,94.73219449212932
21759,36429,94.87482516901115
61628,17982,39.04393075955744
48252,25178,61.808562148893984
72760,11255,90.02838493885429
34951,5388,6.452011825960865
80439,37570,82.8887756560253
85276,35475,83.66837476921916
44099,14733,58.23803853297958
37738,28036,30.668914122769557
56608,44267,93.5275094625699
18132,44452,38.569318678098604
45606,5780,73.75429127202888
8015,27613,81.69300605882025
33242,44923,27.79476061786277
31693,41851,66.66771892357986
18421,47571,16.94263830129503
64651,22388,54.68097301730784
74083,20336,71.44244934365597
14067,42878,63.15416590288877
95275,26956,26.820032863440055
30562,20329,12.341681587152937
69386,30676,78.3447671915485
94556,12184,63.021504958645956
1517,34865,85.01782638657575
88028,20192,70.53206711416775
71011,11723,42.855934990477714
42338,7113,64.32106920243098
16940,39512,21.964061944486527
87993,56,27.494375992809314
45797,27686,69.07001571695073
79305,43295,25.55583563293272
26230,12542,84.02446199998207
68022,27564,47.14587120884808
60057,27881,37.21516238343328
60909,44635,16.330670752566846
96373,31327,22.017917636129557
99529,47701,64.50701284665465
20255,43329,89.22230506127157
74988,12734,65.11386199090674
63684,20886,59.814955517262774
87846,34905,8.936191716523584
71179,35928,36.439799095899716
67444,5614,64.86985608024236
79818,19132,26.061688860413856
13530,13817,76.19387149945985
11952,34547,76.239480150545
35249,48753,38.10174840498727
16100,26735,32.83972733543239
75315,47551,11.876231465635929
78377,24145,40.7180366066358
62140,32627,25.85608445538841
31295,30413,15.768336707650771
53347,33002,98.51857780438668
21091,17180,15.441823876781582
32136,31040,64.61810835382684
26715,25115,29.214862757160144
71099,48673,63.989841955829085
69806,911,16.913278216295488
88467,11962,68.73854135973279
6642,37949,59.61505518953225
27308,44735,69.26700105861931
5291,36510,95.06113472007398
72536,41180,61.14766291427851
24945,20112,8.180194428748418
60670,8517,25.24851534564515
1865,43495,5.446586930830158
2365,40775,3.823899632942304
27357,9322,25.498943153478425
70887,3964,64.26381127815068
54428,35655,87.9816516721279
87914,20754,96.42718288286599
23285,17205,31.255992356063103
74527,47049,19.727243219944608
93021,6602,14.894184160177563
59912,14172,61.421977814981716
39689,49912,66.92572218026595
98570,30241,43.38119117284851
73202,32485,23.95719944787833
26574,23666,83.3446289438381
97242,18588,69.41303367445563
99147,2378,34.518396463200915
86198,45911,62.477000537170134
70017,37041,1.7757392207192664
59678,49387,86.32373204353516
19882,44421,87.49664529092493
43278,42135,33.23286601997162
17653,33264,15.37453360822201
10275,38232,5.019389100066262
87008,31097,40.09712531928064
69149,43624,51.534127883158824
9918,27336,80.12211624888235
73080,48013,46.75331945762373
32068,46530,7.851176475183579
89430,10170,56.2675623622782
4032,14286,23.376797053072178
36825,31081,45.32268710227471
35082,39861,28.304181172432436
20901,39810,54.88719932858162
57812,13283,83.84903580909453
41329,19016,67.53945917608844
31753,24993,12.032598300130797
46217,42289,49.67841263538925
52135,20578,77.05248238375877
65780,8879,25.360482764132485
56637,21838,73.28334828402906
57412,38622,42.00953662000855
51993,39200,64.94263342501472
57953,44563,75.48620676670129
23695,36104,60.3327846089881
74302,46003,4.431557570905228
35857,19390,54.248098194326964
37733,40919,73.86253327009243
90214,440,68.45736869964792
21298,44050,4.67363208921771
96509,5172,40.991622025598616
52414,39440,62.385358781159674
78020,9946,8.39660905581612
75448,8435,26.86708444787629
54419,5486,10.185118921504266
30870,2815,33.067980128210934
25639,47758,69.84909527889792
76429,10026,93.88081396294206
27997,8132,49.20507296572972
77170,1555,55.85080759893058
87250,27187,92.77649274303471
18189,3661,14.691986160318832
74199,38394,69.97924830849485
81338,4045,76.55587807871859
63318,14425,67.08608250740936
6018,40334,50.21421320630478
11280,49366,77.50571462026079
56628,49640,9.222981793268952
78505,32218,74.80099573121178
83243,40010,8.700676045307846
98661,33017,83.7702334747937
28335,33510,52.37389096390594
84405,21853,35.65832976412854
14404,15735,48.23199793332451
33519,37874,45.19986204573694
33993,48526,78.74918595813551
47045,41192,68.39738797532024
88808,15788,73.19046820020556
43832,20292,50.97053000355509
96218,31806,87.60724793162969
22075,33662,30.10705130519033
19431,3373,75.4253207291268
75876,7369,74.67185920563887
85550,47999,35.778595320326176
33769,17322,62.65321266180416
67607,933,27.3170513376676
32948,22838,76.44331089439495
73088,28299,68.80479032534305
10976,27507,63.17061733745577
92330,34649,7.659794872736645
80215,19952,10.329180393705489
18137,19876,82.99531235454778
75212,46446,77.15289755072871
80954,14855,43.65820269675073
42109,22197,54.963865819958144
71282,49073,30.29816169783294
75756,738,1.8574666201158057
7996,30338,58.42421453218195
59362,41726,69.02323044450114
28095,4463,26.58039664661516
17361,29555,14.948940257185267
50741,5214,60.43100575272627
43973,39606,37.20508626113426
72759,16491,88.31151451367961
98506,46309,61.444370344333294
64008,8126,24.565111435237043
5436,27938,68.47921826391726
43980,2451,12.981595620517872
68068,44647,36.54012689180846
26283,36736,82.36118094747302
88472,23352,53.13783053522474
5878,35746,90.01738097022222
67338,18962,6.189875482721336
10853,45659,57.28521607268837
83035,24405,14.319286158261518
40711,23535,82.59156537625199
77680,4520,88.03838640769483
8843,24987,26.56082812139513
20936,9216,7.009401732038037
26695,23041,70.14216749948365
97087,55,93.66246882141107
43745,21537,60.1679981995867
70487,36280,92.85650818763544
62608,21749,71.58382120289552
97043,38995,45.77406759968567
66042,35532,74.25349380796249
73853,23908,12.198645160145862
99780,48895,7.210520323891064
8837,44310,35.58881657507227
60912,2873,65.92388738118645
46061,13879,15.397116728724495
51758,22453,10.642756838715933
8890,35692,48.61010055629034
25158,39807,37.143059427024525
27946,5176,48.07186916259369
2347,32803,16.99477043838938
40725,44578,37.47707140355714
88331,9590,86.54042616956586
40033,3838,75.25193736518696
14235,36090,96.46833997797769
4192,49426,7.129073362919858
14425,26534,57.81487866428072
34778,1488,89.54145696502962
27789,37472,8.359742177575207
86560,48163,94.59038312078206
32951,27898,32.72568229533956
92226,2094,65.21446608827928
90306,7899,37.57236373960038
2210,23007,8.571936842162017
86482,37718,66.78641572701655
66851,16794,65.55515587430929
65137,36078,7.909143278376033
47468,49344,93.41104913315091
26044,38924,51.90350552395112
89390,41646,48.885414866899175
35464,25069,31.872777603685087
76104,10359,65.41262798215121
46550,29148,61.571749232224825
1686,48553,86.49897957374796
30257,40124,76.82596777557589
99252,40677,55.81994840502085
63646,44924,66.43482231118432
84339,22572,31.72852071613415
22443,18827,40.66668003356754
89013,20647,95.74462424961706
29114,4162,73.34325045091467
87706,7154,15.034427235711503
15181,16193,15.534647441398448
14742,32777,14.610789400481433
17173,2569,15.905691549093408
52649,22310,96.467588832108
65957,24819,55.41229763621744
53631,29780,45.805286208759505
96172,16226,57.008880840192454
48754,19571,67.69356901201479
88718,16950,71.51941384016305
57480,46695,60.718161812941794
61048,38662,38.51037712995233
13235,32949,74.95066606620966
2924,16369,22.081981221498562
15024,32979,52.33779935768128
36621,34447,67.2091157715927
23683,34623,85.66301328442984
8563,22309,5.151408234637955
16922,29827,76.78056104773202
99105,24630,9.169695733182657
48848,28298,98.09394444161373
54582,2691,13.10755688662023
29231,14083,49.117600455801245
49889,9795,35.46492430063269
50189,12207,66.06596546105648
49817,12833,40.22208865046191
40496,32803,47.75930036679505
97287,25979,65.39802295795756
89663,9601,92.432236374416
82034,23326,14.790140317819883
92386,45814,24.985210437395164
86492,48383,60.55014929710733
53560,43034,34.60717145288073
62837,3477,63.08507426026536
13018,14140,90.51078751180559
64107,32261,6.305312782855135
45630,15200,34.401290322774585
28594,47379,97.42394658696375
51579,14248,89.59586070189741
61158,14046,16.500369245148384
3920,27575,59.07335135046855
84366,16681,5.118484013990413
8152,2955,20.000595427453643
23656,23746,4.506907201584735
7525,1046,41.540395858061075
99490,29571,26.1822496029391
97086,26794,76.73714526402904
94125,4601,69.26342839230259
23747,13154,67.1464425725795
84925,2851,57.44394465450089
96883,42235,50.956170108634474
14508,27471,58.28382271388816
78464,1218,73.78328263369716
37923,19997,13.663706495498303
32502,8582,71.63253929494535
80505,10582,94.3045313012395
44605,756,33.37484229274209
44193,8726,93.32072380005923
44965,29676,83.49954596897389
49338,39734,70.07265471876985
88702,10108,17.78935447439868
56543,40039,13.484241692683929
89626,36713,38.25756568091158
84204,32738,1.354653746167425
15633,23611,42.37615237685276
64487,43188,75.99100911293623
48462,46295,61.00938589445141
87476,16543,80.1446007298761
61790,7032,88.90721727244032
54628,34357,94.64214832492463
46824,2482,9.25838422717304
54611,16530,38.00472532972871
21753,23659,28.407237309527567
82995,1260,63.64507795734422
40202,22053,98.09912059657361
35014,7147,41.705183197377096
63274,11609,50.26178938785501
14891,25902,68.996658713833
91877,12459,52.97926572426914
89403,46671,38.296028252841786
27564,8963,3.564212780440089
37866,28342,79.84541206408697
54508,9278,36.35483224237829
85233,28471,81.03247380049466
70872,14277,47.77320756196087
60986,1248,27.57963212029182
38766,17946,98.2520411292119
6955,4626,6.188428411233633
25563,45540,92.56454348838393
62374,49421,76.89564705577389
59258,23532,38.764813199303205
72658,24963,89.41102611072793
52271,18467,38.26675983615809
4694,4836,8.39476932152276
33575,503,50.86327287807839
60739,35591,45.400856521269596
19347,43003,69.08159878271444
32593,6916,18.2808158347903
45022,470,19.01462429972213
80725,39624,90.39818591943305
68942,39211,63.18762291678876
27028,46063,84.47815372638578
34904,7654,24.424004456305433
76373,47098,37.94690567050812
88293,31877,92.734156504139
71076,13329,42.006969842233616
41342,43022,11.511011635693787
62122,2801,53.724433534984925
36818,26884,33.26655672066765
86957,43545,31.821146964702915
15286,43379,6.175870318681861
98956,8954,30.176071456432243
70362,37031,82.15823343749204
85062,3880,16.821441079565005
69824,22283,44.93232255384851
65835,21072,77.20508900956035
76430,14187,82.59859649997094
26594,22293,93.93781240660435
71113,46761,34.55710828451266
9442,23422,30.63101419566587
99143,44890,63.87158948669612
70590,33637,7.828363302826094
33889,17398,52.885425846963535
34620,15823,51.79786542411966
55269,8511,39.27539853618205
83977,13490,47.79708672497665
26407,44106,17.627153458962688
97594,3020,87.33532546415027
75974,21429,84.81065190047909
73866,41013,9.94394342822532
67494,49751,8.184370397158325
72945,30661,91.33926352618236
9796,30343,24.37285526688305
80674,14536,2.894262243026766
51275,9495,8.016932199950297
99702,36099,95.21834201978884
53711,30239,43.14459586116221
39905,25642,75.95909208520924
69377,15608,54.6000882808286
91190,34769,20.56172956364623
67992,2957,76.29350353415586
84427,34202,20.852470928873483
63939,6926,53.452969175117516
50201,36749,20.48319435237504
49254,4990,80.97258551200075
3649,17102,86.43359959261068
75145,18623,23.038140972306596
80239,49617,64.30226370616057
74010,49264,40.142216669688636
66211,32343,89.36467261897326
37688,1688,14.626806181058159
39441,46042,90.05284952112137
52284,21188,64.0986959987739
54498,137,97.01366842725682
26210,37867,27.58652531951043
98469,36955,45.98080435372788
65787,14973,81.99328321814541
13918,44676,86.68409273071927
8829,33444,33.34339882752246
71120,26815,80.5901036754634
83218,29759,25.29631694005498
39476,15514,31.51066318478842
72447,33023,43.758021798311624
70391,35908,57.619204909352526
62394,19926,90.57979441800956
41274,42985,3.219246292227403
51513,43166,74.05450987028696
96956,21079,56.37603264213393
62175,30600,76.97306816478171
54129,34443,52.61932395583497
8774,34862,32.4667063053452
15503,49659,63.2161141924746
59981,1374,57.50259503609062
21828,18944,98.82774168794373
76843,19496,4.329220909991898
15808,13833,75.04235411234605
10828,25491,56.22476080010764
22445,37554,28.03985357145827
99989,40099,92.63243687863084
82508,35005,70.29114151378376
93049,33897,64.40124845061445
58681,38768,33.27977883047323
43902,30572,41.55542066329895
81928,34048,56.92761891812894
55670,4349,64.54175892649371
61922,37281,17.118658922941318
51729,4231,1.6574572522590365
11823,37215,38.46217267245532
22440,17171,35.109172732770496
18262,35030,61.55790554555491
21411,2767,3.449471895943863
77046,34369,34.84372547853795
12463,7331,57.41358281268509
69729,10533,14.91502839559889
97317,43196,85.07813939714896
54530,49090,78.19218965341673
67953,46655,67.09838143268287
84778,32657,7.310284505312912
22666,8519,48.33750484490354
56161,21182,61.0005432502267
3280,17243,13.99762106383741
52868,42487,31.94528098055162
51694,24331,65.29631274631649
65665,17536,45.544916128587055
58979,11454,66.30303569157446
2652,43384,15.810374640526685
7593,20298,80.4647822723467
97874,4718,18.428614802501087
24346,28759,73.6857175231176
39655,22894,16.627096508708824
83945,360,18.007183750972498
